set,scenario_file,seed,cause_signature,result,error,err_true_g,safety_tags,reproduce
nominal,nominal,1001,SUCCESS (true err < -0.03),SUCCESS,,-0.0311,,sim/out/host/grindsim --seed 1001 --scenario sim/mc/scenarios/nominal.json
nominal,nominal,1004,SUCCESS (true err < -0.03),SUCCESS,,-0.0319,,sim/out/host/grindsim --seed 1004 --scenario sim/mc/scenarios/nominal.json
nominal,nominal,1005,SUCCESS (true err < -0.03),SUCCESS,,-0.0313,,sim/out/host/grindsim --seed 1005 --scenario sim/mc/scenarios/nominal.json
nominal,nominal,1006,SUCCESS (true err < -0.03),SUCCESS,,-0.0344,,sim/out/host/grindsim --seed 1006 --scenario sim/mc/scenarios/nominal.json
nominal,nominal,1008,SUCCESS (true err < -0.03),SUCCESS,,-0.0406,,sim/out/host/grindsim --seed 1008 --scenario sim/mc/scenarios/nominal.json
nominal,nominal,1009,SUCCESS (true err < -0.03),SUCCESS,,-0.0343,,sim/out/host/grindsim --seed 1009 --scenario sim/mc/scenarios/nominal.json
nominal,nominal,1010,SUCCESS (true err < -0.03),SUCCESS,,-0.0337,,sim/out/host/grindsim --seed 1010 --scenario sim/mc/scenarios/nominal.json
nominal,nominal,1012,SUCCESS (true err < -0.03),SUCCESS,,-0.0359,,sim/out/host/grindsim --seed 1012 --scenario sim/mc/scenarios/nominal.json
nominal,nominal,1014,SUCCESS (true err < -0.03),SUCCESS,,-0.0337,,sim/out/host/grindsim --seed 1014 --scenario sim/mc/scenarios/nominal.json
nominal,nominal,1016,SUCCESS (true err < -0.03),SUCCESS,,-0.0364,,sim/out/host/grindsim --seed 1016 --scenario sim/mc/scenarios/nominal.json
nominal,nominal,1019,SUCCESS (true err < -0.03),SUCCESS,,-0.0380,,sim/out/host/grindsim --seed 1019 --scenario sim/mc/scenarios/nominal.json
nominal,nominal,1021,SUCCESS (true err < -0.03),SUCCESS,,-0.0338,,sim/out/host/grindsim --seed 1021 --scenario sim/mc/scenarios/nominal.json
nominal,nominal,1023,SUCCESS (true err < -0.03),SUCCESS,,-0.0347,,sim/out/host/grindsim --seed 1023 --scenario sim/mc/scenarios/nominal.json
nominal,nominal,1024,SUCCESS (true err < -0.03),SUCCESS,,-0.0301,,sim/out/host/grindsim --seed 1024 --scenario sim/mc/scenarios/nominal.json
nominal,nominal,1026,SUCCESS (true err < -0.03),SUCCESS,,-0.0350,,sim/out/host/grindsim --seed 1026 --scenario sim/mc/scenarios/nominal.json
nominal,nominal,1030,SUCCESS (true err < -0.03),SUCCESS,,-0.0340,,sim/out/host/grindsim --seed 1030 --scenario sim/mc/scenarios/nominal.json
nominal,nominal,1031,SUCCESS (true err < -0.03),SUCCESS,,-0.0362,,sim/out/host/grindsim --seed 1031 --scenario sim/mc/scenarios/nominal.json
nominal,nominal,1032,SUCCESS (true err < -0.03),SUCCESS,,-0.0322,,sim/out/host/grindsim --seed 1032 --scenario sim/mc/scenarios/nominal.json
nominal,nominal,1033,SUCCESS (true err < -0.03),SUCCESS,,-0.0396,,sim/out/host/grindsim --seed 1033 --scenario sim/mc/scenarios/nominal.json
nominal,nominal,1034,SUCCESS (true err < -0.03),SUCCESS,,-0.0357,,sim/out/host/grindsim --seed 1034 --scenario sim/mc/scenarios/nominal.json
nominal,nominal,1035,SUCCESS (true err < -0.03),SUCCESS,,-0.0336,,sim/out/host/grindsim --seed 1035 --scenario sim/mc/scenarios/nominal.json
nominal,nominal,1036,SUCCESS (true err < -0.03),SUCCESS,,-0.0348,,sim/out/host/grindsim --seed 1036 --scenario sim/mc/scenarios/nominal.json
nominal,nominal,1039,SUCCESS (true err < -0.03),SUCCESS,,-0.0329,,sim/out/host/grindsim --seed 1039 --scenario sim/mc/scenarios/nominal.json
nominal,nominal,1040,SUCCESS (true err < -0.03),SUCCESS,,-0.0308,,sim/out/host/grindsim --seed 1040 --scenario sim/mc/scenarios/nominal.json
nominal,nominal,1042,SUCCESS (true err < -0.03),SUCCESS,,-0.0325,,sim/out/host/grindsim --seed 1042 --scenario sim/mc/scenarios/nominal.json
nominal,nominal,1043,SUCCESS (true err < -0.03),SUCCESS,,-0.0309,,sim/out/host/grindsim --seed 1043 --scenario sim/mc/scenarios/nominal.json
nominal,nominal,1046,SUCCESS (true err < -0.03),SUCCESS,,-0.0370,,sim/out/host/grindsim --seed 1046 --scenario sim/mc/scenarios/nominal.json
nominal,nominal,1047,SUCCESS (true err < -0.03),SUCCESS,,-0.0417,,sim/out/host/grindsim --seed 1047 --scenario sim/mc/scenarios/nominal.json
nominal,nominal,1050,SUCCESS (true err < -0.03),SUCCESS,,-0.0333,,sim/out/host/grindsim --seed 1050 --scenario sim/mc/scenarios/nominal.json
nominal,nominal,1052,SUCCESS (true err < -0.03),SUCCESS,,-0.0323,,sim/out/host/grindsim --seed 1052 --scenario sim/mc/scenarios/nominal.json
nominal,nominal,1053,SUCCESS (true err < -0.03),SUCCESS,,-0.0340,,sim/out/host/grindsim --seed 1053 --scenario sim/mc/scenarios/nominal.json
nominal,nominal,1054,SUCCESS (true err < -0.03),SUCCESS,,-0.0309,,sim/out/host/grindsim --seed 1054 --scenario sim/mc/scenarios/nominal.json
nominal,nominal,1055,SUCCESS (true err < -0.03),SUCCESS,,-0.0313,,sim/out/host/grindsim --seed 1055 --scenario sim/mc/scenarios/nominal.json
nominal,nominal,1056,SUCCESS (true err < -0.03),SUCCESS,,-0.0324,,sim/out/host/grindsim --seed 1056 --scenario sim/mc/scenarios/nominal.json
nominal,nominal,1060,SUCCESS (true err < -0.03),SUCCESS,,-0.0354,,sim/out/host/grindsim --seed 1060 --scenario sim/mc/scenarios/nominal.json
nominal,nominal,1061,SUCCESS (true err < -0.03),SUCCESS,,-0.0412,,sim/out/host/grindsim --seed 1061 --scenario sim/mc/scenarios/nominal.json
nominal,nominal,1062,SUCCESS (true err < -0.03),SUCCESS,,-0.0316,,sim/out/host/grindsim --seed 1062 --scenario sim/mc/scenarios/nominal.json
nominal,nominal,1063,SUCCESS (true err < -0.03),SUCCESS,,-0.0331,,sim/out/host/grindsim --seed 1063 --scenario sim/mc/scenarios/nominal.json
nominal,nominal,1067,SUCCESS (true err < -0.03),SUCCESS,,-0.0396,,sim/out/host/grindsim --seed 1067 --scenario sim/mc/scenarios/nominal.json
nominal,nominal,1068,SUCCESS (true err < -0.03),SUCCESS,,-0.0347,,sim/out/host/grindsim --seed 1068 --scenario sim/mc/scenarios/nominal.json
nominal,nominal,1070,SUCCESS (true err < -0.03),SUCCESS,,-0.0401,,sim/out/host/grindsim --seed 1070 --scenario sim/mc/scenarios/nominal.json
nominal,nominal,1071,SUCCESS (true err < -0.03),SUCCESS,,-0.0323,,sim/out/host/grindsim --seed 1071 --scenario sim/mc/scenarios/nominal.json
nominal,nominal,1072,SUCCESS (true err < -0.03),SUCCESS,,-0.0314,,sim/out/host/grindsim --seed 1072 --scenario sim/mc/scenarios/nominal.json
nominal,nominal,1073,SUCCESS (true err < -0.03),SUCCESS,,-0.0358,,sim/out/host/grindsim --seed 1073 --scenario sim/mc/scenarios/nominal.json
nominal,nominal,1074,SUCCESS (true err < -0.03),SUCCESS,,-0.0314,,sim/out/host/grindsim --seed 1074 --scenario sim/mc/scenarios/nominal.json
nominal,nominal,1075,SUCCESS (true err < -0.03),SUCCESS,,-0.0330,,sim/out/host/grindsim --seed 1075 --scenario sim/mc/scenarios/nominal.json
nominal,nominal,1076,SUCCESS (true err < -0.03),SUCCESS,,-0.0336,,sim/out/host/grindsim --seed 1076 --scenario sim/mc/scenarios/nominal.json
nominal,nominal,1078,SUCCESS (true err < -0.03),SUCCESS,,-0.0328,,sim/out/host/grindsim --seed 1078 --scenario sim/mc/scenarios/nominal.json
nominal,nominal,1082,SUCCESS (true err < -0.03),SUCCESS,,-0.0416,,sim/out/host/grindsim --seed 1082 --scenario sim/mc/scenarios/nominal.json
nominal,nominal,1083,SUCCESS (true err < -0.03),SUCCESS,,-0.0305,,sim/out/host/grindsim --seed 1083 --scenario sim/mc/scenarios/nominal.json
nominal,nominal,1084,SUCCESS (true err < -0.03),SUCCESS,,-0.0305,,sim/out/host/grindsim --seed 1084 --scenario sim/mc/scenarios/nominal.json
nominal,nominal,1085,SUCCESS (true err < -0.03),SUCCESS,,-0.0312,,sim/out/host/grindsim --seed 1085 --scenario sim/mc/scenarios/nominal.json
nominal,nominal,1087,SUCCESS (true err < -0.03),SUCCESS,,-0.0306,,sim/out/host/grindsim --seed 1087 --scenario sim/mc/scenarios/nominal.json
nominal,nominal,1088,SUCCESS (true err < -0.03),SUCCESS,,-0.0334,,sim/out/host/grindsim --seed 1088 --scenario sim/mc/scenarios/nominal.json
nominal,nominal,1089,SUCCESS (true err < -0.03),SUCCESS,,-0.0327,,sim/out/host/grindsim --seed 1089 --scenario sim/mc/scenarios/nominal.json
nominal,nominal,1091,SUCCESS (true err < -0.03),SUCCESS,,-0.0308,,sim/out/host/grindsim --seed 1091 --scenario sim/mc/scenarios/nominal.json
nominal,nominal,1093,SUCCESS (true err < -0.03),SUCCESS,,-0.0305,,sim/out/host/grindsim --seed 1093 --scenario sim/mc/scenarios/nominal.json
nominal,nominal,1095,SUCCESS (true err < -0.03),SUCCESS,,-0.0349,,sim/out/host/grindsim --seed 1095 --scenario sim/mc/scenarios/nominal.json
nominal,nominal,1096,SUCCESS (true err < -0.03),SUCCESS,,-0.0318,,sim/out/host/grindsim --seed 1096 --scenario sim/mc/scenarios/nominal.json
nominal,nominal,1097,SUCCESS (true err < -0.03),SUCCESS,,-0.0312,,sim/out/host/grindsim --seed 1097 --scenario sim/mc/scenarios/nominal.json
nominal,nominal,1098,SUCCESS (true err < -0.03),SUCCESS,,-0.0337,,sim/out/host/grindsim --seed 1098 --scenario sim/mc/scenarios/nominal.json
nominal,nominal,1101,SUCCESS (true err < -0.03),SUCCESS,,-0.0387,,sim/out/host/grindsim --seed 1101 --scenario sim/mc/scenarios/nominal.json
nominal,nominal,1103,SUCCESS (true err < -0.03),SUCCESS,,-0.0334,,sim/out/host/grindsim --seed 1103 --scenario sim/mc/scenarios/nominal.json
nominal,nominal,1104,SUCCESS (true err < -0.03),SUCCESS,,-0.0305,,sim/out/host/grindsim --seed 1104 --scenario sim/mc/scenarios/nominal.json
nominal,nominal,1105,SUCCESS (true err < -0.03),SUCCESS,,-0.0364,,sim/out/host/grindsim --seed 1105 --scenario sim/mc/scenarios/nominal.json
nominal,nominal,1108,SUCCESS (true err < -0.03),SUCCESS,,-0.0320,,sim/out/host/grindsim --seed 1108 --scenario sim/mc/scenarios/nominal.json
nominal,nominal,1109,SUCCESS (true err < -0.03),SUCCESS,,-0.0367,,sim/out/host/grindsim --seed 1109 --scenario sim/mc/scenarios/nominal.json
nominal,nominal,1110,SUCCESS (true err < -0.03),SUCCESS,,-0.0370,,sim/out/host/grindsim --seed 1110 --scenario sim/mc/scenarios/nominal.json
nominal,nominal,1111,SUCCESS (true err < -0.03),SUCCESS,,-0.0321,,sim/out/host/grindsim --seed 1111 --scenario sim/mc/scenarios/nominal.json
nominal,nominal,1112,SUCCESS (true err < -0.03),SUCCESS,,-0.0344,,sim/out/host/grindsim --seed 1112 --scenario sim/mc/scenarios/nominal.json
nominal,nominal,1113,SUCCESS (true err < -0.03),SUCCESS,,-0.0388,,sim/out/host/grindsim --seed 1113 --scenario sim/mc/scenarios/nominal.json
nominal,nominal,1115,SUCCESS (true err < -0.03),SUCCESS,,-0.0329,,sim/out/host/grindsim --seed 1115 --scenario sim/mc/scenarios/nominal.json
nominal,nominal,1117,SUCCESS (true err < -0.03),SUCCESS,,-0.0381,,sim/out/host/grindsim --seed 1117 --scenario sim/mc/scenarios/nominal.json
nominal,nominal,1118,OVERSHOOT,OVERSHOOT,,0.0460,,sim/out/host/grindsim --seed 1118 --scenario sim/mc/scenarios/nominal.json
nominal,nominal,1119,SUCCESS (true err < -0.03),SUCCESS,,-0.0307,,sim/out/host/grindsim --seed 1119 --scenario sim/mc/scenarios/nominal.json
nominal,nominal,1120,SUCCESS (true err < -0.03),SUCCESS,,-0.0316,,sim/out/host/grindsim --seed 1120 --scenario sim/mc/scenarios/nominal.json
nominal,nominal,1121,SUCCESS (true err < -0.03),SUCCESS,,-0.0367,,sim/out/host/grindsim --seed 1121 --scenario sim/mc/scenarios/nominal.json
nominal,nominal,1123,SUCCESS (true err < -0.03),SUCCESS,,-0.0309,,sim/out/host/grindsim --seed 1123 --scenario sim/mc/scenarios/nominal.json
nominal,nominal,1126,SUCCESS (true err < -0.03),SUCCESS,,-0.0421,,sim/out/host/grindsim --seed 1126 --scenario sim/mc/scenarios/nominal.json
nominal,nominal,1127,SUCCESS (true err < -0.03),SUCCESS,,-0.0363,,sim/out/host/grindsim --seed 1127 --scenario sim/mc/scenarios/nominal.json
nominal,nominal,1128,SUCCESS (true err < -0.03),SUCCESS,,-0.0302,,sim/out/host/grindsim --seed 1128 --scenario sim/mc/scenarios/nominal.json
nominal,nominal,1129,SUCCESS (true err < -0.03),SUCCESS,,-0.0302,,sim/out/host/grindsim --seed 1129 --scenario sim/mc/scenarios/nominal.json
nominal,nominal,1130,SUCCESS (true err < -0.03),SUCCESS,,-0.0336,,sim/out/host/grindsim --seed 1130 --scenario sim/mc/scenarios/nominal.json
nominal,nominal,1131,SUCCESS (true err < -0.03),SUCCESS,,-0.0333,,sim/out/host/grindsim --seed 1131 --scenario sim/mc/scenarios/nominal.json
nominal,nominal,1133,SUCCESS (true err < -0.03),SUCCESS,,-0.0337,,sim/out/host/grindsim --seed 1133 --scenario sim/mc/scenarios/nominal.json
nominal,nominal,1134,OVERSHOOT,OVERSHOOT,,0.0847,,sim/out/host/grindsim --seed 1134 --scenario sim/mc/scenarios/nominal.json
nominal,nominal,1135,OVERSHOOT,OVERSHOOT,,0.0979,,sim/out/host/grindsim --seed 1135 --scenario sim/mc/scenarios/nominal.json
nominal,nominal,1136,SUCCESS (true err < -0.03),SUCCESS,,-0.0373,,sim/out/host/grindsim --seed 1136 --scenario sim/mc/scenarios/nominal.json
nominal,nominal,1137,SUCCESS (true err < -0.03),SUCCESS,,-0.0393,,sim/out/host/grindsim --seed 1137 --scenario sim/mc/scenarios/nominal.json
nominal,nominal,1138,OVERSHOOT,OVERSHOOT,,0.0357,,sim/out/host/grindsim --seed 1138 --scenario sim/mc/scenarios/nominal.json
nominal,nominal,1142,SUCCESS (true err < -0.03),SUCCESS,,-0.0365,,sim/out/host/grindsim --seed 1142 --scenario sim/mc/scenarios/nominal.json
nominal,nominal,1143,SUCCESS (true err < -0.03),SUCCESS,,-0.0318,,sim/out/host/grindsim --seed 1143 --scenario sim/mc/scenarios/nominal.json
nominal,nominal,1144,SUCCESS (true err < -0.03),SUCCESS,,-0.0359,,sim/out/host/grindsim --seed 1144 --scenario sim/mc/scenarios/nominal.json
nominal,nominal,1146,SUCCESS (true err < -0.03),SUCCESS,,-0.0343,,sim/out/host/grindsim --seed 1146 --scenario sim/mc/scenarios/nominal.json
nominal,nominal,1147,SUCCESS (true err < -0.03),SUCCESS,,-0.0326,,sim/out/host/grindsim --seed 1147 --scenario sim/mc/scenarios/nominal.json
nominal,nominal,1148,SUCCESS (true err < -0.03),SUCCESS,,-0.0328,,sim/out/host/grindsim --seed 1148 --scenario sim/mc/scenarios/nominal.json
nominal,nominal,1149,SUCCESS (true err < -0.03),SUCCESS,,-0.0387,,sim/out/host/grindsim --seed 1149 --scenario sim/mc/scenarios/nominal.json
nominal,nominal,1154,SUCCESS (true err < -0.03),SUCCESS,,-0.0414,,sim/out/host/grindsim --seed 1154 --scenario sim/mc/scenarios/nominal.json
nominal,nominal,1155,SUCCESS (true err < -0.03),SUCCESS,,-0.0395,,sim/out/host/grindsim --seed 1155 --scenario sim/mc/scenarios/nominal.json
nominal,nominal,1161,SUCCESS (true err < -0.03),SUCCESS,,-0.0365,,sim/out/host/grindsim --seed 1161 --scenario sim/mc/scenarios/nominal.json
nominal,nominal,1162,SUCCESS (true err < -0.03),SUCCESS,,-0.0321,,sim/out/host/grindsim --seed 1162 --scenario sim/mc/scenarios/nominal.json
nominal,nominal,1163,SUCCESS (true err < -0.03),SUCCESS,,-0.0412,,sim/out/host/grindsim --seed 1163 --scenario sim/mc/scenarios/nominal.json
nominal,nominal,1164,SUCCESS (true err < -0.03),SUCCESS,,-0.0355,,sim/out/host/grindsim --seed 1164 --scenario sim/mc/scenarios/nominal.json
nominal,nominal,1169,SUCCESS (true err < -0.03),SUCCESS,,-0.0327,,sim/out/host/grindsim --seed 1169 --scenario sim/mc/scenarios/nominal.json
nominal,nominal,1170,SUCCESS (true err < -0.03),SUCCESS,,-0.0365,,sim/out/host/grindsim --seed 1170 --scenario sim/mc/scenarios/nominal.json
nominal,nominal,1172,SUCCESS (true err < -0.03),SUCCESS,,-0.0324,,sim/out/host/grindsim --seed 1172 --scenario sim/mc/scenarios/nominal.json
nominal,nominal,1174,SUCCESS (true err < -0.03),SUCCESS,,-0.0374,,sim/out/host/grindsim --seed 1174 --scenario sim/mc/scenarios/nominal.json
nominal,nominal,1175,SUCCESS (true err < -0.03),SUCCESS,,-0.0308,,sim/out/host/grindsim --seed 1175 --scenario sim/mc/scenarios/nominal.json
nominal,nominal,1176,SUCCESS (true err < -0.03),SUCCESS,,-0.0342,,sim/out/host/grindsim --seed 1176 --scenario sim/mc/scenarios/nominal.json
nominal,nominal,1178,SUCCESS (true err < -0.03),SUCCESS,,-0.0358,,sim/out/host/grindsim --seed 1178 --scenario sim/mc/scenarios/nominal.json
nominal,nominal,1182,SUCCESS (true err < -0.03),SUCCESS,,-0.0315,,sim/out/host/grindsim --seed 1182 --scenario sim/mc/scenarios/nominal.json
nominal,nominal,1183,SUCCESS (true err < -0.03),SUCCESS,,-0.0335,,sim/out/host/grindsim --seed 1183 --scenario sim/mc/scenarios/nominal.json
nominal,nominal,1185,SUCCESS (true err < -0.03),SUCCESS,,-0.0308,,sim/out/host/grindsim --seed 1185 --scenario sim/mc/scenarios/nominal.json
nominal,nominal,1186,OVERSHOOT,OVERSHOOT,,0.0573,,sim/out/host/grindsim --seed 1186 --scenario sim/mc/scenarios/nominal.json
nominal,nominal,1187,SUCCESS (true err < -0.03),SUCCESS,,-0.0307,,sim/out/host/grindsim --seed 1187 --scenario sim/mc/scenarios/nominal.json
nominal,nominal,1188,SUCCESS (true err < -0.03),SUCCESS,,-0.0334,,sim/out/host/grindsim --seed 1188 --scenario sim/mc/scenarios/nominal.json
nominal,nominal,1189,SUCCESS (true err < -0.03),SUCCESS,,-0.0359,,sim/out/host/grindsim --seed 1189 --scenario sim/mc/scenarios/nominal.json
nominal,nominal,1191,SUCCESS (true err < -0.03),SUCCESS,,-0.0328,,sim/out/host/grindsim --seed 1191 --scenario sim/mc/scenarios/nominal.json
nominal,nominal,1192,SUCCESS (true err < -0.03),SUCCESS,,-0.0333,,sim/out/host/grindsim --seed 1192 --scenario sim/mc/scenarios/nominal.json
nominal,nominal,1193,SUCCESS (true err < -0.03),SUCCESS,,-0.0425,,sim/out/host/grindsim --seed 1193 --scenario sim/mc/scenarios/nominal.json
nominal,nominal,1195,SUCCESS (true err < -0.03),SUCCESS,,-0.0327,,sim/out/host/grindsim --seed 1195 --scenario sim/mc/scenarios/nominal.json
nominal,nominal,1196,SUCCESS (true err < -0.03),SUCCESS,,-0.0307,,sim/out/host/grindsim --seed 1196 --scenario sim/mc/scenarios/nominal.json
nominal,nominal,1197,SUCCESS (true err < -0.03),SUCCESS,,-0.0334,,sim/out/host/grindsim --seed 1197 --scenario sim/mc/scenarios/nominal.json
nominal,nominal,1200,SUCCESS (true err < -0.03),SUCCESS,,-0.0347,,sim/out/host/grindsim --seed 1200 --scenario sim/mc/scenarios/nominal.json
nominal,nominal,1201,SUCCESS (true err < -0.03),SUCCESS,,-0.0396,,sim/out/host/grindsim --seed 1201 --scenario sim/mc/scenarios/nominal.json
nominal,nominal,1202,SUCCESS (true err < -0.03),SUCCESS,,-0.0351,,sim/out/host/grindsim --seed 1202 --scenario sim/mc/scenarios/nominal.json
nominal,nominal,1205,SUCCESS (true err < -0.03),SUCCESS,,-0.0336,,sim/out/host/grindsim --seed 1205 --scenario sim/mc/scenarios/nominal.json
nominal,nominal,1208,SUCCESS (true err < -0.03),SUCCESS,,-0.0332,,sim/out/host/grindsim --seed 1208 --scenario sim/mc/scenarios/nominal.json
nominal,nominal,1209,SUCCESS (true err < -0.03),SUCCESS,,-0.0346,,sim/out/host/grindsim --seed 1209 --scenario sim/mc/scenarios/nominal.json
nominal,nominal,1211,SUCCESS (true err < -0.03),SUCCESS,,-0.0374,,sim/out/host/grindsim --seed 1211 --scenario sim/mc/scenarios/nominal.json
nominal,nominal,1214,SUCCESS (true err < -0.03),SUCCESS,,-0.0351,,sim/out/host/grindsim --seed 1214 --scenario sim/mc/scenarios/nominal.json
nominal,nominal,1215,SUCCESS (true err < -0.03),SUCCESS,,-0.0360,,sim/out/host/grindsim --seed 1215 --scenario sim/mc/scenarios/nominal.json
nominal,nominal,1216,SUCCESS (true err < -0.03),SUCCESS,,-0.0307,,sim/out/host/grindsim --seed 1216 --scenario sim/mc/scenarios/nominal.json
nominal,nominal,1217,SUCCESS (true err < -0.03),SUCCESS,,-0.0338,,sim/out/host/grindsim --seed 1217 --scenario sim/mc/scenarios/nominal.json
nominal,nominal,1219,SUCCESS (true err < -0.03),SUCCESS,,-0.0357,,sim/out/host/grindsim --seed 1219 --scenario sim/mc/scenarios/nominal.json
nominal,nominal,1221,SUCCESS (true err < -0.03),SUCCESS,,-0.0316,,sim/out/host/grindsim --seed 1221 --scenario sim/mc/scenarios/nominal.json
nominal,nominal,1223,SUCCESS (true err < -0.03),SUCCESS,,-0.0422,,sim/out/host/grindsim --seed 1223 --scenario sim/mc/scenarios/nominal.json
nominal,nominal,1224,SUCCESS (true err < -0.03),SUCCESS,,-0.0332,,sim/out/host/grindsim --seed 1224 --scenario sim/mc/scenarios/nominal.json
nominal,nominal,1225,SUCCESS (true err < -0.03),SUCCESS,,-0.0444,,sim/out/host/grindsim --seed 1225 --scenario sim/mc/scenarios/nominal.json
nominal,nominal,1226,SUCCESS (true err < -0.03),SUCCESS,,-0.0415,,sim/out/host/grindsim --seed 1226 --scenario sim/mc/scenarios/nominal.json
nominal,nominal,1228,SUCCESS (true err < -0.03),SUCCESS,,-0.0383,,sim/out/host/grindsim --seed 1228 --scenario sim/mc/scenarios/nominal.json
nominal,nominal,1229,SUCCESS (true err < -0.03),SUCCESS,,-0.0301,,sim/out/host/grindsim --seed 1229 --scenario sim/mc/scenarios/nominal.json
nominal,nominal,1231,SUCCESS (true err < -0.03),SUCCESS,,-0.0344,,sim/out/host/grindsim --seed 1231 --scenario sim/mc/scenarios/nominal.json
nominal,nominal,1235,SUCCESS (true err < -0.03),SUCCESS,,-0.0336,,sim/out/host/grindsim --seed 1235 --scenario sim/mc/scenarios/nominal.json
nominal,nominal,1236,SUCCESS (true err < -0.03),SUCCESS,,-0.0339,,sim/out/host/grindsim --seed 1236 --scenario sim/mc/scenarios/nominal.json
nominal,nominal,1242,SUCCESS (true err < -0.03),SUCCESS,,-0.0359,,sim/out/host/grindsim --seed 1242 --scenario sim/mc/scenarios/nominal.json
nominal,nominal,1244,SUCCESS (true err < -0.03),SUCCESS,,-0.0314,,sim/out/host/grindsim --seed 1244 --scenario sim/mc/scenarios/nominal.json
nominal,nominal,1246,SUCCESS (true err < -0.03),SUCCESS,,-0.0338,,sim/out/host/grindsim --seed 1246 --scenario sim/mc/scenarios/nominal.json
nominal,nominal,1247,SUCCESS (true err < -0.03),SUCCESS,,-0.0373,,sim/out/host/grindsim --seed 1247 --scenario sim/mc/scenarios/nominal.json
nominal,nominal,1248,SUCCESS (true err < -0.03),SUCCESS,,-0.0309,,sim/out/host/grindsim --seed 1248 --scenario sim/mc/scenarios/nominal.json
nominal,nominal,1250,SUCCESS (true err < -0.03),SUCCESS,,-0.0311,,sim/out/host/grindsim --seed 1250 --scenario sim/mc/scenarios/nominal.json
nominal,nominal,1252,SUCCESS (true err < -0.03),SUCCESS,,-0.0305,,sim/out/host/grindsim --seed 1252 --scenario sim/mc/scenarios/nominal.json
nominal,nominal,1253,SUCCESS (true err < -0.03),SUCCESS,,-0.0334,,sim/out/host/grindsim --seed 1253 --scenario sim/mc/scenarios/nominal.json
nominal,nominal,1254,SUCCESS (true err < -0.03),SUCCESS,,-0.0409,,sim/out/host/grindsim --seed 1254 --scenario sim/mc/scenarios/nominal.json
nominal,nominal,1256,SUCCESS (true err < -0.03),SUCCESS,,-0.0359,,sim/out/host/grindsim --seed 1256 --scenario sim/mc/scenarios/nominal.json
nominal,nominal,1258,SUCCESS (true err < -0.03),SUCCESS,,-0.0446,,sim/out/host/grindsim --seed 1258 --scenario sim/mc/scenarios/nominal.json
nominal,nominal,1259,SUCCESS (true err < -0.03),SUCCESS,,-0.0307,,sim/out/host/grindsim --seed 1259 --scenario sim/mc/scenarios/nominal.json
nominal,nominal,1260,SUCCESS (true err < -0.03),SUCCESS,,-0.0343,,sim/out/host/grindsim --seed 1260 --scenario sim/mc/scenarios/nominal.json
nominal,nominal,1263,SUCCESS (true err < -0.03),SUCCESS,,-0.0322,,sim/out/host/grindsim --seed 1263 --scenario sim/mc/scenarios/nominal.json
nominal,nominal,1264,SUCCESS (true err < -0.03),SUCCESS,,-0.0328,,sim/out/host/grindsim --seed 1264 --scenario sim/mc/scenarios/nominal.json
nominal,nominal,1265,SUCCESS (true err < -0.03),SUCCESS,,-0.0338,,sim/out/host/grindsim --seed 1265 --scenario sim/mc/scenarios/nominal.json
nominal,nominal,1267,SUCCESS (true err < -0.03),SUCCESS,,-0.0322,,sim/out/host/grindsim --seed 1267 --scenario sim/mc/scenarios/nominal.json
nominal,nominal,1272,SUCCESS (true err < -0.03),SUCCESS,,-0.0330,,sim/out/host/grindsim --seed 1272 --scenario sim/mc/scenarios/nominal.json
nominal,nominal,1273,SUCCESS (true err < -0.03),SUCCESS,,-0.0363,,sim/out/host/grindsim --seed 1273 --scenario sim/mc/scenarios/nominal.json
nominal,nominal,1274,SUCCESS (true err < -0.03),SUCCESS,,-0.0303,,sim/out/host/grindsim --seed 1274 --scenario sim/mc/scenarios/nominal.json
nominal,nominal,1276,SUCCESS (true err < -0.03),SUCCESS,,-0.0323,,sim/out/host/grindsim --seed 1276 --scenario sim/mc/scenarios/nominal.json
nominal,nominal,1277,SUCCESS (true err < -0.03),SUCCESS,,-0.0338,,sim/out/host/grindsim --seed 1277 --scenario sim/mc/scenarios/nominal.json
nominal,nominal,1278,SUCCESS (true err < -0.03),SUCCESS,,-0.0339,,sim/out/host/grindsim --seed 1278 --scenario sim/mc/scenarios/nominal.json
nominal,nominal,1280,SUCCESS (true err < -0.03),SUCCESS,,-0.0365,,sim/out/host/grindsim --seed 1280 --scenario sim/mc/scenarios/nominal.json
nominal,nominal,1283,SUCCESS (true err < -0.03),SUCCESS,,-0.0358,,sim/out/host/grindsim --seed 1283 --scenario sim/mc/scenarios/nominal.json
nominal,nominal,1285,OVERSHOOT,OVERSHOOT,,0.0429,,sim/out/host/grindsim --seed 1285 --scenario sim/mc/scenarios/nominal.json
nominal,nominal,1287,SUCCESS (true err < -0.03),SUCCESS,,-0.0336,,sim/out/host/grindsim --seed 1287 --scenario sim/mc/scenarios/nominal.json
nominal,nominal,1289,SUCCESS (true err < -0.03),SUCCESS,,-0.0318,,sim/out/host/grindsim --seed 1289 --scenario sim/mc/scenarios/nominal.json
nominal,nominal,1290,SUCCESS (true err < -0.03),SUCCESS,,-0.0393,,sim/out/host/grindsim --seed 1290 --scenario sim/mc/scenarios/nominal.json
nominal,nominal,1291,SUCCESS (true err < -0.03),SUCCESS,,-0.0335,,sim/out/host/grindsim --seed 1291 --scenario sim/mc/scenarios/nominal.json
nominal,nominal,1293,SUCCESS (true err < -0.03),SUCCESS,,-0.0389,,sim/out/host/grindsim --seed 1293 --scenario sim/mc/scenarios/nominal.json
nominal,nominal,1294,SUCCESS (true err < -0.03),SUCCESS,,-0.0314,,sim/out/host/grindsim --seed 1294 --scenario sim/mc/scenarios/nominal.json
nominal,nominal,1295,SUCCESS (true err < -0.03),SUCCESS,,-0.0310,,sim/out/host/grindsim --seed 1295 --scenario sim/mc/scenarios/nominal.json
nominal,nominal,1297,SUCCESS (true err < -0.03),SUCCESS,,-0.0387,,sim/out/host/grindsim --seed 1297 --scenario sim/mc/scenarios/nominal.json
nominal,nominal,1298,SUCCESS (true err < -0.03),SUCCESS,,-0.0328,,sim/out/host/grindsim --seed 1298 --scenario sim/mc/scenarios/nominal.json
nominal,nominal,1300,SUCCESS (true err < -0.03),SUCCESS,,-0.0302,,sim/out/host/grindsim --seed 1300 --scenario sim/mc/scenarios/nominal.json
nominal,nominal,1301,SUCCESS (true err < -0.03),SUCCESS,,-0.0335,,sim/out/host/grindsim --seed 1301 --scenario sim/mc/scenarios/nominal.json
nominal,nominal,1302,SUCCESS (true err < -0.03),SUCCESS,,-0.0378,,sim/out/host/grindsim --seed 1302 --scenario sim/mc/scenarios/nominal.json
nominal,nominal,1304,SUCCESS (true err < -0.03),SUCCESS,,-0.0351,,sim/out/host/grindsim --seed 1304 --scenario sim/mc/scenarios/nominal.json
nominal,nominal,1306,SUCCESS (true err < -0.03),SUCCESS,,-0.0428,,sim/out/host/grindsim --seed 1306 --scenario sim/mc/scenarios/nominal.json
nominal,nominal,1307,SUCCESS (true err < -0.03),SUCCESS,,-0.0401,,sim/out/host/grindsim --seed 1307 --scenario sim/mc/scenarios/nominal.json
nominal,nominal,1309,SUCCESS (true err < -0.03),SUCCESS,,-0.0307,,sim/out/host/grindsim --seed 1309 --scenario sim/mc/scenarios/nominal.json
nominal,nominal,1310,SUCCESS (true err < -0.03),SUCCESS,,-0.0413,,sim/out/host/grindsim --seed 1310 --scenario sim/mc/scenarios/nominal.json
nominal,nominal,1311,SUCCESS (true err < -0.03),SUCCESS,,-0.0334,,sim/out/host/grindsim --seed 1311 --scenario sim/mc/scenarios/nominal.json
nominal,nominal,1312,SUCCESS (true err < -0.03),SUCCESS,,-0.0404,,sim/out/host/grindsim --seed 1312 --scenario sim/mc/scenarios/nominal.json
nominal,nominal,1313,SUCCESS (true err < -0.03),SUCCESS,,-0.0320,,sim/out/host/grindsim --seed 1313 --scenario sim/mc/scenarios/nominal.json
nominal,nominal,1314,SUCCESS (true err < -0.03),SUCCESS,,-0.0329,,sim/out/host/grindsim --seed 1314 --scenario sim/mc/scenarios/nominal.json
nominal,nominal,1315,SUCCESS (true err < -0.03),SUCCESS,,-0.0371,,sim/out/host/grindsim --seed 1315 --scenario sim/mc/scenarios/nominal.json
nominal,nominal,1318,SUCCESS (true err < -0.03),SUCCESS,,-0.0337,,sim/out/host/grindsim --seed 1318 --scenario sim/mc/scenarios/nominal.json
nominal,nominal,1320,SUCCESS (true err < -0.03),SUCCESS,,-0.0337,,sim/out/host/grindsim --seed 1320 --scenario sim/mc/scenarios/nominal.json
nominal,nominal,1321,SUCCESS (true err < -0.03),SUCCESS,,-0.0347,,sim/out/host/grindsim --seed 1321 --scenario sim/mc/scenarios/nominal.json
nominal,nominal,1322,SUCCESS (true err < -0.03),SUCCESS,,-0.0315,,sim/out/host/grindsim --seed 1322 --scenario sim/mc/scenarios/nominal.json
nominal,nominal,1323,SUCCESS (true err < -0.03),SUCCESS,,-0.0330,,sim/out/host/grindsim --seed 1323 --scenario sim/mc/scenarios/nominal.json
nominal,nominal,1325,SUCCESS (true err < -0.03),SUCCESS,,-0.0363,,sim/out/host/grindsim --seed 1325 --scenario sim/mc/scenarios/nominal.json
nominal,nominal,1326,SUCCESS (true err < -0.03),SUCCESS,,-0.0373,,sim/out/host/grindsim --seed 1326 --scenario sim/mc/scenarios/nominal.json
nominal,nominal,1327,SUCCESS (true err < -0.03),SUCCESS,,-0.0350,,sim/out/host/grindsim --seed 1327 --scenario sim/mc/scenarios/nominal.json
nominal,nominal,1328,SUCCESS (true err < -0.03),SUCCESS,,-0.0350,,sim/out/host/grindsim --seed 1328 --scenario sim/mc/scenarios/nominal.json
nominal,nominal,1330,SUCCESS (true err < -0.03),SUCCESS,,-0.0317,,sim/out/host/grindsim --seed 1330 --scenario sim/mc/scenarios/nominal.json
nominal,nominal,1331,SUCCESS (true err < -0.03),SUCCESS,,-0.0326,,sim/out/host/grindsim --seed 1331 --scenario sim/mc/scenarios/nominal.json
nominal,nominal,1332,SUCCESS (true err < -0.03),SUCCESS,,-0.0335,,sim/out/host/grindsim --seed 1332 --scenario sim/mc/scenarios/nominal.json
nominal,nominal,1336,SUCCESS (true err < -0.03),SUCCESS,,-0.0342,,sim/out/host/grindsim --seed 1336 --scenario sim/mc/scenarios/nominal.json
nominal,nominal,1338,OVERSHOOT,OVERSHOOT,,0.0343,,sim/out/host/grindsim --seed 1338 --scenario sim/mc/scenarios/nominal.json
nominal,nominal,1340,SUCCESS (true err < -0.03),SUCCESS,,-0.0369,,sim/out/host/grindsim --seed 1340 --scenario sim/mc/scenarios/nominal.json
nominal,nominal,1341,SUCCESS (true err < -0.03),SUCCESS,,-0.0310,,sim/out/host/grindsim --seed 1341 --scenario sim/mc/scenarios/nominal.json
nominal,nominal,1343,SUCCESS (true err < -0.03),SUCCESS,,-0.0325,,sim/out/host/grindsim --seed 1343 --scenario sim/mc/scenarios/nominal.json
nominal,nominal,1345,SUCCESS (true err < -0.03),SUCCESS,,-0.0362,,sim/out/host/grindsim --seed 1345 --scenario sim/mc/scenarios/nominal.json
nominal,nominal,1346,SUCCESS (true err < -0.03),SUCCESS,,-0.0311,,sim/out/host/grindsim --seed 1346 --scenario sim/mc/scenarios/nominal.json
nominal,nominal,1347,SUCCESS (true err < -0.03),SUCCESS,,-0.0322,,sim/out/host/grindsim --seed 1347 --scenario sim/mc/scenarios/nominal.json
nominal,nominal,1348,SUCCESS (true err < -0.03),SUCCESS,,-0.0333,,sim/out/host/grindsim --seed 1348 --scenario sim/mc/scenarios/nominal.json
nominal,nominal,1349,SUCCESS (true err < -0.03),SUCCESS,,-0.0372,,sim/out/host/grindsim --seed 1349 --scenario sim/mc/scenarios/nominal.json
nominal,nominal,1351,SUCCESS (true err < -0.03),SUCCESS,,-0.0305,,sim/out/host/grindsim --seed 1351 --scenario sim/mc/scenarios/nominal.json
nominal,nominal,1352,SUCCESS (true err < -0.03),SUCCESS,,-0.0367,,sim/out/host/grindsim --seed 1352 --scenario sim/mc/scenarios/nominal.json
nominal,nominal,1353,SUCCESS (true err < -0.03),SUCCESS,,-0.0305,,sim/out/host/grindsim --seed 1353 --scenario sim/mc/scenarios/nominal.json
nominal,nominal,1354,SUCCESS (true err < -0.03),SUCCESS,,-0.0306,,sim/out/host/grindsim --seed 1354 --scenario sim/mc/scenarios/nominal.json
nominal,nominal,1355,SUCCESS (true err < -0.03),SUCCESS,,-0.0306,,sim/out/host/grindsim --seed 1355 --scenario sim/mc/scenarios/nominal.json
nominal,nominal,1356,SUCCESS (true err < -0.03),SUCCESS,,-0.0431,,sim/out/host/grindsim --seed 1356 --scenario sim/mc/scenarios/nominal.json
nominal,nominal,1357,OVERSHOOT,OVERSHOOT,,0.0395,,sim/out/host/grindsim --seed 1357 --scenario sim/mc/scenarios/nominal.json
nominal,nominal,1358,SUCCESS (true err < -0.03),SUCCESS,,-0.0304,,sim/out/host/grindsim --seed 1358 --scenario sim/mc/scenarios/nominal.json
nominal,nominal,1360,SUCCESS (true err < -0.03),SUCCESS,,-0.0366,,sim/out/host/grindsim --seed 1360 --scenario sim/mc/scenarios/nominal.json
nominal,nominal,1361,SUCCESS (true err < -0.03),SUCCESS,,-0.0340,,sim/out/host/grindsim --seed 1361 --scenario sim/mc/scenarios/nominal.json
nominal,nominal,1362,SUCCESS (true err < -0.03),SUCCESS,,-0.0354,,sim/out/host/grindsim --seed 1362 --scenario sim/mc/scenarios/nominal.json
nominal,nominal,1364,SUCCESS (true err < -0.03),SUCCESS,,-0.0346,,sim/out/host/grindsim --seed 1364 --scenario sim/mc/scenarios/nominal.json
nominal,nominal,1366,SUCCESS (true err < -0.03),SUCCESS,,-0.0350,,sim/out/host/grindsim --seed 1366 --scenario sim/mc/scenarios/nominal.json
nominal,nominal,1369,SUCCESS (true err < -0.03),SUCCESS,,-0.0369,,sim/out/host/grindsim --seed 1369 --scenario sim/mc/scenarios/nominal.json
nominal,nominal,1370,OVERSHOOT,OVERSHOOT,,0.0325,,sim/out/host/grindsim --seed 1370 --scenario sim/mc/scenarios/nominal.json
nominal,nominal,1372,SUCCESS (true err < -0.03),SUCCESS,,-0.0354,,sim/out/host/grindsim --seed 1372 --scenario sim/mc/scenarios/nominal.json
nominal,nominal,1373,SUCCESS (true err < -0.03),SUCCESS,,-0.0348,,sim/out/host/grindsim --seed 1373 --scenario sim/mc/scenarios/nominal.json
nominal,nominal,1374,SUCCESS (true err < -0.03),SUCCESS,,-0.0330,,sim/out/host/grindsim --seed 1374 --scenario sim/mc/scenarios/nominal.json
nominal,nominal,1376,SUCCESS (true err < -0.03),SUCCESS,,-0.0307,,sim/out/host/grindsim --seed 1376 --scenario sim/mc/scenarios/nominal.json
nominal,nominal,1378,SUCCESS (true err < -0.03),SUCCESS,,-0.0306,,sim/out/host/grindsim --seed 1378 --scenario sim/mc/scenarios/nominal.json
nominal,nominal,1380,SUCCESS (true err < -0.03),SUCCESS,,-0.0305,,sim/out/host/grindsim --seed 1380 --scenario sim/mc/scenarios/nominal.json
nominal,nominal,1383,SUCCESS (true err < -0.03),SUCCESS,,-0.0407,,sim/out/host/grindsim --seed 1383 --scenario sim/mc/scenarios/nominal.json
nominal,nominal,1384,SUCCESS (true err < -0.03),SUCCESS,,-0.0331,,sim/out/host/grindsim --seed 1384 --scenario sim/mc/scenarios/nominal.json
nominal,nominal,1387,SUCCESS (true err < -0.03),SUCCESS,,-0.0320,,sim/out/host/grindsim --seed 1387 --scenario sim/mc/scenarios/nominal.json
nominal,nominal,1388,SUCCESS (true err < -0.03),SUCCESS,,-0.0303,,sim/out/host/grindsim --seed 1388 --scenario sim/mc/scenarios/nominal.json
nominal,nominal,1390,SUCCESS (true err < -0.03),SUCCESS,,-0.0373,,sim/out/host/grindsim --seed 1390 --scenario sim/mc/scenarios/nominal.json
nominal,nominal,1391,SUCCESS (true err < -0.03),SUCCESS,,-0.0312,,sim/out/host/grindsim --seed 1391 --scenario sim/mc/scenarios/nominal.json
nominal,nominal,1392,SUCCESS (true err < -0.03),SUCCESS,,-0.0369,,sim/out/host/grindsim --seed 1392 --scenario sim/mc/scenarios/nominal.json
nominal,nominal,1394,SUCCESS (true err < -0.03),SUCCESS,,-0.0326,,sim/out/host/grindsim --seed 1394 --scenario sim/mc/scenarios/nominal.json
nominal,nominal,1395,OVERSHOOT,OVERSHOOT,,0.0369,,sim/out/host/grindsim --seed 1395 --scenario sim/mc/scenarios/nominal.json
nominal,nominal,1396,SUCCESS (true err < -0.03),SUCCESS,,-0.0316,,sim/out/host/grindsim --seed 1396 --scenario sim/mc/scenarios/nominal.json
nominal,nominal,1397,SUCCESS (true err < -0.03),SUCCESS,,-0.0331,,sim/out/host/grindsim --seed 1397 --scenario sim/mc/scenarios/nominal.json
nominal,nominal,1398,SUCCESS (true err < -0.03),SUCCESS,,-0.0410,,sim/out/host/grindsim --seed 1398 --scenario sim/mc/scenarios/nominal.json
nominal,nominal,1399,SUCCESS (true err < -0.03),SUCCESS,,-0.0384,,sim/out/host/grindsim --seed 1399 --scenario sim/mc/scenarios/nominal.json
nominal,nominal,1402,SUCCESS (true err < -0.03),SUCCESS,,-0.0325,,sim/out/host/grindsim --seed 1402 --scenario sim/mc/scenarios/nominal.json
nominal,nominal,1403,SUCCESS (true err < -0.03),SUCCESS,,-0.0313,,sim/out/host/grindsim --seed 1403 --scenario sim/mc/scenarios/nominal.json
nominal,nominal,1404,SUCCESS (true err < -0.03),SUCCESS,,-0.0352,,sim/out/host/grindsim --seed 1404 --scenario sim/mc/scenarios/nominal.json
nominal,nominal,1406,SUCCESS (true err < -0.03),SUCCESS,,-0.0357,,sim/out/host/grindsim --seed 1406 --scenario sim/mc/scenarios/nominal.json
nominal,nominal,1408,SUCCESS (true err < -0.03),SUCCESS,,-0.0303,,sim/out/host/grindsim --seed 1408 --scenario sim/mc/scenarios/nominal.json
nominal,nominal,1409,SUCCESS (true err < -0.03),SUCCESS,,-0.0359,,sim/out/host/grindsim --seed 1409 --scenario sim/mc/scenarios/nominal.json
nominal,nominal,1411,OVERSHOOT,OVERSHOOT,,0.0450,,sim/out/host/grindsim --seed 1411 --scenario sim/mc/scenarios/nominal.json
nominal,nominal,1413,SUCCESS (true err < -0.03),SUCCESS,,-0.0332,,sim/out/host/grindsim --seed 1413 --scenario sim/mc/scenarios/nominal.json
nominal,nominal,1414,SUCCESS (true err < -0.03),SUCCESS,,-0.0335,,sim/out/host/grindsim --seed 1414 --scenario sim/mc/scenarios/nominal.json
nominal,nominal,1415,SUCCESS (true err < -0.03),SUCCESS,,-0.0382,,sim/out/host/grindsim --seed 1415 --scenario sim/mc/scenarios/nominal.json
nominal,nominal,1416,SUCCESS (true err < -0.03),SUCCESS,,-0.0317,,sim/out/host/grindsim --seed 1416 --scenario sim/mc/scenarios/nominal.json
nominal,nominal,1417,SUCCESS (true err < -0.03),SUCCESS,,-0.0397,,sim/out/host/grindsim --seed 1417 --scenario sim/mc/scenarios/nominal.json
nominal,nominal,1418,SUCCESS (true err < -0.03),SUCCESS,,-0.0315,,sim/out/host/grindsim --seed 1418 --scenario sim/mc/scenarios/nominal.json
nominal,nominal,1420,SUCCESS (true err < -0.03),SUCCESS,,-0.0362,,sim/out/host/grindsim --seed 1420 --scenario sim/mc/scenarios/nominal.json
nominal,nominal,1422,SUCCESS (true err < -0.03),SUCCESS,,-0.0362,,sim/out/host/grindsim --seed 1422 --scenario sim/mc/scenarios/nominal.json
nominal,nominal,1426,SUCCESS (true err < -0.03),SUCCESS,,-0.0354,,sim/out/host/grindsim --seed 1426 --scenario sim/mc/scenarios/nominal.json
nominal,nominal,1431,SUCCESS (true err < -0.03),SUCCESS,,-0.0336,,sim/out/host/grindsim --seed 1431 --scenario sim/mc/scenarios/nominal.json
nominal,nominal,1434,SUCCESS (true err < -0.03),SUCCESS,,-0.0367,,sim/out/host/grindsim --seed 1434 --scenario sim/mc/scenarios/nominal.json
nominal,nominal,1435,SUCCESS (true err < -0.03),SUCCESS,,-0.0349,,sim/out/host/grindsim --seed 1435 --scenario sim/mc/scenarios/nominal.json
nominal,nominal,1437,SUCCESS (true err < -0.03),SUCCESS,,-0.0344,,sim/out/host/grindsim --seed 1437 --scenario sim/mc/scenarios/nominal.json
nominal,nominal,1438,SUCCESS (true err < -0.03),SUCCESS,,-0.0411,,sim/out/host/grindsim --seed 1438 --scenario sim/mc/scenarios/nominal.json
nominal,nominal,1439,SUCCESS (true err < -0.03),SUCCESS,,-0.0331,,sim/out/host/grindsim --seed 1439 --scenario sim/mc/scenarios/nominal.json
nominal,nominal,1440,SUCCESS (true err < -0.03),SUCCESS,,-0.0346,,sim/out/host/grindsim --seed 1440 --scenario sim/mc/scenarios/nominal.json
nominal,nominal,1441,SUCCESS (true err < -0.03),SUCCESS,,-0.0349,,sim/out/host/grindsim --seed 1441 --scenario sim/mc/scenarios/nominal.json
nominal,nominal,1442,SUCCESS (true err < -0.03),SUCCESS,,-0.0315,,sim/out/host/grindsim --seed 1442 --scenario sim/mc/scenarios/nominal.json
nominal,nominal,1445,SUCCESS (true err < -0.03),SUCCESS,,-0.0402,,sim/out/host/grindsim --seed 1445 --scenario sim/mc/scenarios/nominal.json
nominal,nominal,1446,SUCCESS (true err < -0.03),SUCCESS,,-0.0332,,sim/out/host/grindsim --seed 1446 --scenario sim/mc/scenarios/nominal.json
nominal,nominal,1449,SUCCESS (true err < -0.03),SUCCESS,,-0.0401,,sim/out/host/grindsim --seed 1449 --scenario sim/mc/scenarios/nominal.json
nominal,nominal,1451,SUCCESS (true err < -0.03),SUCCESS,,-0.0399,,sim/out/host/grindsim --seed 1451 --scenario sim/mc/scenarios/nominal.json
nominal,nominal,1454,SUCCESS (true err < -0.03),SUCCESS,,-0.0328,,sim/out/host/grindsim --seed 1454 --scenario sim/mc/scenarios/nominal.json
nominal,nominal,1455,SUCCESS (true err < -0.03),SUCCESS,,-0.0374,,sim/out/host/grindsim --seed 1455 --scenario sim/mc/scenarios/nominal.json
nominal,nominal,1456,SUCCESS (true err < -0.03),SUCCESS,,-0.0316,,sim/out/host/grindsim --seed 1456 --scenario sim/mc/scenarios/nominal.json
nominal,nominal,1457,SUCCESS (true err < -0.03),SUCCESS,,-0.0304,,sim/out/host/grindsim --seed 1457 --scenario sim/mc/scenarios/nominal.json
nominal,nominal,1458,SUCCESS (true err < -0.03),SUCCESS,,-0.0305,,sim/out/host/grindsim --seed 1458 --scenario sim/mc/scenarios/nominal.json
nominal,nominal,1459,SUCCESS (true err < -0.03),SUCCESS,,-0.0344,,sim/out/host/grindsim --seed 1459 --scenario sim/mc/scenarios/nominal.json
nominal,nominal,1460,SUCCESS (true err < -0.03),SUCCESS,,-0.0337,,sim/out/host/grindsim --seed 1460 --scenario sim/mc/scenarios/nominal.json
nominal,nominal,1461,SUCCESS (true err < -0.03),SUCCESS,,-0.0347,,sim/out/host/grindsim --seed 1461 --scenario sim/mc/scenarios/nominal.json
nominal,nominal,1463,SUCCESS (true err < -0.03),SUCCESS,,-0.0366,,sim/out/host/grindsim --seed 1463 --scenario sim/mc/scenarios/nominal.json
nominal,nominal,1467,SUCCESS (true err < -0.03),SUCCESS,,-0.0303,,sim/out/host/grindsim --seed 1467 --scenario sim/mc/scenarios/nominal.json
nominal,nominal,1468,SUCCESS (true err < -0.03),SUCCESS,,-0.0325,,sim/out/host/grindsim --seed 1468 --scenario sim/mc/scenarios/nominal.json
nominal,nominal,1469,SUCCESS (true err < -0.03),SUCCESS,,-0.0306,,sim/out/host/grindsim --seed 1469 --scenario sim/mc/scenarios/nominal.json
nominal,nominal,1472,SUCCESS (true err < -0.03),SUCCESS,,-0.0342,,sim/out/host/grindsim --seed 1472 --scenario sim/mc/scenarios/nominal.json
nominal,nominal,1475,SUCCESS (true err < -0.03),SUCCESS,,-0.0330,,sim/out/host/grindsim --seed 1475 --scenario sim/mc/scenarios/nominal.json
nominal,nominal,1478,SUCCESS (true err < -0.03),SUCCESS,,-0.0325,,sim/out/host/grindsim --seed 1478 --scenario sim/mc/scenarios/nominal.json
nominal,nominal,1482,SUCCESS (true err < -0.03),SUCCESS,,-0.0367,,sim/out/host/grindsim --seed 1482 --scenario sim/mc/scenarios/nominal.json
nominal,nominal,1483,SUCCESS (true err < -0.03),SUCCESS,,-0.0360,,sim/out/host/grindsim --seed 1483 --scenario sim/mc/scenarios/nominal.json
nominal,nominal,1484,SUCCESS (true err < -0.03),SUCCESS,,-0.0330,,sim/out/host/grindsim --seed 1484 --scenario sim/mc/scenarios/nominal.json
nominal,nominal,1485,SUCCESS (true err < -0.03),SUCCESS,,-0.0347,,sim/out/host/grindsim --seed 1485 --scenario sim/mc/scenarios/nominal.json
nominal,nominal,1486,SUCCESS (true err < -0.03),SUCCESS,,-0.0381,,sim/out/host/grindsim --seed 1486 --scenario sim/mc/scenarios/nominal.json
nominal,nominal,1489,SUCCESS (true err < -0.03),SUCCESS,,-0.0321,,sim/out/host/grindsim --seed 1489 --scenario sim/mc/scenarios/nominal.json
nominal,nominal,1491,SUCCESS (true err < -0.03),SUCCESS,,-0.0329,,sim/out/host/grindsim --seed 1491 --scenario sim/mc/scenarios/nominal.json
nominal,nominal,1492,SUCCESS (true err < -0.03),SUCCESS,,-0.0327,,sim/out/host/grindsim --seed 1492 --scenario sim/mc/scenarios/nominal.json
nominal,nominal,1493,SUCCESS (true err < -0.03),SUCCESS,,-0.0342,,sim/out/host/grindsim --seed 1493 --scenario sim/mc/scenarios/nominal.json
nominal,nominal,1496,SUCCESS (true err < -0.03),SUCCESS,,-0.0342,,sim/out/host/grindsim --seed 1496 --scenario sim/mc/scenarios/nominal.json
nominal,nominal,1498,SUCCESS (true err < -0.03),SUCCESS,,-0.0361,,sim/out/host/grindsim --seed 1498 --scenario sim/mc/scenarios/nominal.json
sweep,sweep,100000,TIMEOUT 'Timeout:PULS',TIMEOUT,Timeout:PULS,-3.9477,,sim/out/host/grindsim --seed 100000 --scenario sim/mc/scenarios/sweep.json --params sim/mc/out/full/params/sweep/100000.json
sweep,sweep,100001,MAX_PULSES,MAX_PULSES,,-0.2326,,sim/out/host/grindsim --seed 100001 --scenario sim/mc/scenarios/sweep.json --params sim/mc/out/full/params/sweep/100001.json
sweep,sweep,100002,ERROR 'No beans?',ERROR,No beans?,-1.9290,,sim/out/host/grindsim --seed 100002 --scenario sim/mc/scenarios/sweep.json --params sim/mc/out/full/params/sweep/100002.json
sweep,sweep,100003,OVERSHOOT,OVERSHOOT,,0.3341,,sim/out/host/grindsim --seed 100003 --scenario sim/mc/scenarios/sweep.json --params sim/mc/out/full/params/sweep/100003.json
sweep,sweep,100004,MAX_PULSES,MAX_PULSES,,-0.0504,,sim/out/host/grindsim --seed 100004 --scenario sim/mc/scenarios/sweep.json --params sim/mc/out/full/params/sweep/100004.json
sweep,sweep,100005,OVERSHOOT,OVERSHOOT,,0.1792,,sim/out/host/grindsim --seed 100005 --scenario sim/mc/scenarios/sweep.json --params sim/mc/out/full/params/sweep/100005.json
sweep,sweep,100006,MAX_PULSES,MAX_PULSES,,-0.0651,,sim/out/host/grindsim --seed 100006 --scenario sim/mc/scenarios/sweep.json --params sim/mc/out/full/params/sweep/100006.json
sweep,sweep,100007,ERROR 'No beans?',ERROR,No beans?,-2.5763,,sim/out/host/grindsim --seed 100007 --scenario sim/mc/scenarios/sweep.json --params sim/mc/out/full/params/sweep/100007.json
sweep,sweep,100008,TIMEOUT 'Timeout:PULS',TIMEOUT,Timeout:PULS,-0.6279,,sim/out/host/grindsim --seed 100008 --scenario sim/mc/scenarios/sweep.json --params sim/mc/out/full/params/sweep/100008.json
sweep,sweep,100009,MAX_PULSES,MAX_PULSES,,-0.2615,,sim/out/host/grindsim --seed 100009 --scenario sim/mc/scenarios/sweep.json --params sim/mc/out/full/params/sweep/100009.json
sweep,sweep,100011,SUCCESS (true err < -0.03),SUCCESS,,-0.1131,,sim/out/host/grindsim --seed 100011 --scenario sim/mc/scenarios/sweep.json --params sim/mc/out/full/params/sweep/100011.json
sweep,sweep,100012,MAX_PULSES,MAX_PULSES,,-0.0794,,sim/out/host/grindsim --seed 100012 --scenario sim/mc/scenarios/sweep.json --params sim/mc/out/full/params/sweep/100012.json
sweep,sweep,100013,MAX_PULSES,MAX_PULSES,,-0.3189,,sim/out/host/grindsim --seed 100013 --scenario sim/mc/scenarios/sweep.json --params sim/mc/out/full/params/sweep/100013.json
sweep,sweep,100014,OVERSHOOT,OVERSHOOT,,0.1396,,sim/out/host/grindsim --seed 100014 --scenario sim/mc/scenarios/sweep.json --params sim/mc/out/full/params/sweep/100014.json
sweep,sweep,100015,MAX_PULSES,MAX_PULSES,,-0.2822,,sim/out/host/grindsim --seed 100015 --scenario sim/mc/scenarios/sweep.json --params sim/mc/out/full/params/sweep/100015.json
sweep,sweep,100016,SUCCESS (true err < -0.03),SUCCESS,,-0.1457,,sim/out/host/grindsim --seed 100016 --scenario sim/mc/scenarios/sweep.json --params sim/mc/out/full/params/sweep/100016.json
sweep,sweep,100017,SUCCESS (true err < -0.03),SUCCESS,,-0.0923,,sim/out/host/grindsim --seed 100017 --scenario sim/mc/scenarios/sweep.json --params sim/mc/out/full/params/sweep/100017.json
sweep,sweep,100018,MAX_PULSES,MAX_PULSES,,-0.2153,,sim/out/host/grindsim --seed 100018 --scenario sim/mc/scenarios/sweep.json --params sim/mc/out/full/params/sweep/100018.json
sweep,sweep,100019,MAX_PULSES,MAX_PULSES,,-0.1442,,sim/out/host/grindsim --seed 100019 --scenario sim/mc/scenarios/sweep.json --params sim/mc/out/full/params/sweep/100019.json
sweep,sweep,100020,ERROR 'No beans?',ERROR,No beans?,-3.4134,,sim/out/host/grindsim --seed 100020 --scenario sim/mc/scenarios/sweep.json --params sim/mc/out/full/params/sweep/100020.json
sweep,sweep,100021,MAX_PULSES,MAX_PULSES,,-0.2960,,sim/out/host/grindsim --seed 100021 --scenario sim/mc/scenarios/sweep.json --params sim/mc/out/full/params/sweep/100021.json
sweep,sweep,100022,MAX_PULSES,MAX_PULSES,,-0.1999,,sim/out/host/grindsim --seed 100022 --scenario sim/mc/scenarios/sweep.json --params sim/mc/out/full/params/sweep/100022.json
sweep,sweep,100024,MAX_PULSES,MAX_PULSES,,-0.4624,,sim/out/host/grindsim --seed 100024 --scenario sim/mc/scenarios/sweep.json --params sim/mc/out/full/params/sweep/100024.json
sweep,sweep,100025,SUCCESS (true err < -0.03),SUCCESS,,-0.0884,,sim/out/host/grindsim --seed 100025 --scenario sim/mc/scenarios/sweep.json --params sim/mc/out/full/params/sweep/100025.json
sweep,sweep,100026,MAX_PULSES,MAX_PULSES,,-0.2535,,sim/out/host/grindsim --seed 100026 --scenario sim/mc/scenarios/sweep.json --params sim/mc/out/full/params/sweep/100026.json
sweep,sweep,100027,ERROR 'No beans?',ERROR,No beans?,-1.3910,,sim/out/host/grindsim --seed 100027 --scenario sim/mc/scenarios/sweep.json --params sim/mc/out/full/params/sweep/100027.json
sweep,sweep,100028,OVERSHOOT,OVERSHOOT,,0.6007,,sim/out/host/grindsim --seed 100028 --scenario sim/mc/scenarios/sweep.json --params sim/mc/out/full/params/sweep/100028.json
sweep,sweep,100029,MAX_PULSES,MAX_PULSES,,-0.3111,,sim/out/host/grindsim --seed 100029 --scenario sim/mc/scenarios/sweep.json --params sim/mc/out/full/params/sweep/100029.json
sweep,sweep,100030,MAX_PULSES,MAX_PULSES,,-0.0891,,sim/out/host/grindsim --seed 100030 --scenario sim/mc/scenarios/sweep.json --params sim/mc/out/full/params/sweep/100030.json
sweep,sweep,100031,ERROR 'No beans?',ERROR,No beans?,-1.1302,,sim/out/host/grindsim --seed 100031 --scenario sim/mc/scenarios/sweep.json --params sim/mc/out/full/params/sweep/100031.json
sweep,sweep,100032,OVERSHOOT,OVERSHOOT,,0.2857,,sim/out/host/grindsim --seed 100032 --scenario sim/mc/scenarios/sweep.json --params sim/mc/out/full/params/sweep/100032.json
sweep,sweep,100033,MAX_PULSES,MAX_PULSES,,-0.2046,,sim/out/host/grindsim --seed 100033 --scenario sim/mc/scenarios/sweep.json --params sim/mc/out/full/params/sweep/100033.json
sweep,sweep,100034,MAX_PULSES,MAX_PULSES,,-0.2802,,sim/out/host/grindsim --seed 100034 --scenario sim/mc/scenarios/sweep.json --params sim/mc/out/full/params/sweep/100034.json
sweep,sweep,100035,OVERSHOOT,OVERSHOOT,,0.0956,,sim/out/host/grindsim --seed 100035 --scenario sim/mc/scenarios/sweep.json --params sim/mc/out/full/params/sweep/100035.json
sweep,sweep,100036,MAX_PULSES,MAX_PULSES,,-1.0020,,sim/out/host/grindsim --seed 100036 --scenario sim/mc/scenarios/sweep.json --params sim/mc/out/full/params/sweep/100036.json
sweep,sweep,100037,OVERSHOOT,OVERSHOOT,,0.9308,,sim/out/host/grindsim --seed 100037 --scenario sim/mc/scenarios/sweep.json --params sim/mc/out/full/params/sweep/100037.json
sweep,sweep,100038,ERROR 'No beans?',ERROR,No beans?,-1.3740,,sim/out/host/grindsim --seed 100038 --scenario sim/mc/scenarios/sweep.json --params sim/mc/out/full/params/sweep/100038.json
sweep,sweep,100039,ERROR 'No beans?',ERROR,No beans?,-0.6775,,sim/out/host/grindsim --seed 100039 --scenario sim/mc/scenarios/sweep.json --params sim/mc/out/full/params/sweep/100039.json
sweep,sweep,100040,ERROR 'No beans?',ERROR,No beans?,-2.1442,,sim/out/host/grindsim --seed 100040 --scenario sim/mc/scenarios/sweep.json --params sim/mc/out/full/params/sweep/100040.json
sweep,sweep,100041,OVERSHOOT,OVERSHOOT,,0.5676,,sim/out/host/grindsim --seed 100041 --scenario sim/mc/scenarios/sweep.json --params sim/mc/out/full/params/sweep/100041.json
sweep,sweep,100042,MAX_PULSES,MAX_PULSES,,-0.2335,,sim/out/host/grindsim --seed 100042 --scenario sim/mc/scenarios/sweep.json --params sim/mc/out/full/params/sweep/100042.json
sweep,sweep,100043,MAX_PULSES,MAX_PULSES,,-0.1197,,sim/out/host/grindsim --seed 100043 --scenario sim/mc/scenarios/sweep.json --params sim/mc/out/full/params/sweep/100043.json
sweep,sweep,100044,SUCCESS (true err > +0.03),SUCCESS,,0.0352,,sim/out/host/grindsim --seed 100044 --scenario sim/mc/scenarios/sweep.json --params sim/mc/out/full/params/sweep/100044.json
sweep,sweep,100045,MAX_PULSES,MAX_PULSES,,-0.0615,,sim/out/host/grindsim --seed 100045 --scenario sim/mc/scenarios/sweep.json --params sim/mc/out/full/params/sweep/100045.json
sweep,sweep,100047,MAX_PULSES,MAX_PULSES,,-1.8276,,sim/out/host/grindsim --seed 100047 --scenario sim/mc/scenarios/sweep.json --params sim/mc/out/full/params/sweep/100047.json
sweep,sweep,100048,OVERSHOOT,OVERSHOOT,,0.2814,,sim/out/host/grindsim --seed 100048 --scenario sim/mc/scenarios/sweep.json --params sim/mc/out/full/params/sweep/100048.json
sweep,sweep,100049,MAX_PULSES,MAX_PULSES,,-0.1431,,sim/out/host/grindsim --seed 100049 --scenario sim/mc/scenarios/sweep.json --params sim/mc/out/full/params/sweep/100049.json
sweep,sweep,100050,ERROR 'No beans?',ERROR,No beans?,-1.3433,,sim/out/host/grindsim --seed 100050 --scenario sim/mc/scenarios/sweep.json --params sim/mc/out/full/params/sweep/100050.json
sweep,sweep,100051,MAX_PULSES,MAX_PULSES,,-0.2799,,sim/out/host/grindsim --seed 100051 --scenario sim/mc/scenarios/sweep.json --params sim/mc/out/full/params/sweep/100051.json
sweep,sweep,100052,MAX_PULSES,MAX_PULSES,,-0.1682,,sim/out/host/grindsim --seed 100052 --scenario sim/mc/scenarios/sweep.json --params sim/mc/out/full/params/sweep/100052.json
sweep,sweep,100053,ERROR 'No beans?',ERROR,No beans?,-0.6932,,sim/out/host/grindsim --seed 100053 --scenario sim/mc/scenarios/sweep.json --params sim/mc/out/full/params/sweep/100053.json
sweep,sweep,100054,OVERSHOOT,OVERSHOOT,,0.2927,,sim/out/host/grindsim --seed 100054 --scenario sim/mc/scenarios/sweep.json --params sim/mc/out/full/params/sweep/100054.json
sweep,sweep,100055,MAX_PULSES,MAX_PULSES,,-0.1276,,sim/out/host/grindsim --seed 100055 --scenario sim/mc/scenarios/sweep.json --params sim/mc/out/full/params/sweep/100055.json
sweep,sweep,100056,MAX_PULSES,MAX_PULSES,,-0.1723,,sim/out/host/grindsim --seed 100056 --scenario sim/mc/scenarios/sweep.json --params sim/mc/out/full/params/sweep/100056.json
sweep,sweep,100057,MAX_PULSES,MAX_PULSES,,-0.0646,,sim/out/host/grindsim --seed 100057 --scenario sim/mc/scenarios/sweep.json --params sim/mc/out/full/params/sweep/100057.json
sweep,sweep,100058,MAX_PULSES,MAX_PULSES,,-0.3048,,sim/out/host/grindsim --seed 100058 --scenario sim/mc/scenarios/sweep.json --params sim/mc/out/full/params/sweep/100058.json
sweep,sweep,100059,ERROR 'No beans?',ERROR,No beans?,-2.2041,,sim/out/host/grindsim --seed 100059 --scenario sim/mc/scenarios/sweep.json --params sim/mc/out/full/params/sweep/100059.json
sweep,sweep,100061,ERROR 'No beans?',ERROR,No beans?,-1.7541,,sim/out/host/grindsim --seed 100061 --scenario sim/mc/scenarios/sweep.json --params sim/mc/out/full/params/sweep/100061.json
sweep,sweep,100063,MAX_PULSES,MAX_PULSES,,-0.0801,,sim/out/host/grindsim --seed 100063 --scenario sim/mc/scenarios/sweep.json --params sim/mc/out/full/params/sweep/100063.json
sweep,sweep,100064,MAX_PULSES,MAX_PULSES,,-0.1292,,sim/out/host/grindsim --seed 100064 --scenario sim/mc/scenarios/sweep.json --params sim/mc/out/full/params/sweep/100064.json
sweep,sweep,100065,MAX_PULSES,MAX_PULSES,,-0.1435,,sim/out/host/grindsim --seed 100065 --scenario sim/mc/scenarios/sweep.json --params sim/mc/out/full/params/sweep/100065.json
sweep,sweep,100066,MAX_PULSES,MAX_PULSES,,-0.3046,,sim/out/host/grindsim --seed 100066 --scenario sim/mc/scenarios/sweep.json --params sim/mc/out/full/params/sweep/100066.json
sweep,sweep,100067,MAX_PULSES,MAX_PULSES,,-0.0704,,sim/out/host/grindsim --seed 100067 --scenario sim/mc/scenarios/sweep.json --params sim/mc/out/full/params/sweep/100067.json
sweep,sweep,100068,MAX_PULSES,MAX_PULSES,,-0.5273,,sim/out/host/grindsim --seed 100068 --scenario sim/mc/scenarios/sweep.json --params sim/mc/out/full/params/sweep/100068.json
sweep,sweep,100069,MAX_PULSES,MAX_PULSES,,-0.0371,,sim/out/host/grindsim --seed 100069 --scenario sim/mc/scenarios/sweep.json --params sim/mc/out/full/params/sweep/100069.json
sweep,sweep,100070,ERROR 'No beans?',ERROR,No beans?,-1.0305,,sim/out/host/grindsim --seed 100070 --scenario sim/mc/scenarios/sweep.json --params sim/mc/out/full/params/sweep/100070.json
sweep,sweep,100071,OVERSHOOT,OVERSHOOT,,0.3844,,sim/out/host/grindsim --seed 100071 --scenario sim/mc/scenarios/sweep.json --params sim/mc/out/full/params/sweep/100071.json
sweep,sweep,100072,OVERSHOOT,OVERSHOOT,,0.2276,,sim/out/host/grindsim --seed 100072 --scenario sim/mc/scenarios/sweep.json --params sim/mc/out/full/params/sweep/100072.json
sweep,sweep,100073,SUCCESS (true err < -0.03),SUCCESS,,-0.0722,,sim/out/host/grindsim --seed 100073 --scenario sim/mc/scenarios/sweep.json --params sim/mc/out/full/params/sweep/100073.json
sweep,sweep,100074,MAX_PULSES,MAX_PULSES,,-0.3343,,sim/out/host/grindsim --seed 100074 --scenario sim/mc/scenarios/sweep.json --params sim/mc/out/full/params/sweep/100074.json
sweep,sweep,100075,OVERSHOOT,OVERSHOOT,,0.2433,,sim/out/host/grindsim --seed 100075 --scenario sim/mc/scenarios/sweep.json --params sim/mc/out/full/params/sweep/100075.json
sweep,sweep,100076,MAX_PULSES,MAX_PULSES,,-0.2602,,sim/out/host/grindsim --seed 100076 --scenario sim/mc/scenarios/sweep.json --params sim/mc/out/full/params/sweep/100076.json
sweep,sweep,100077,MAX_PULSES,MAX_PULSES,,-0.4279,,sim/out/host/grindsim --seed 100077 --scenario sim/mc/scenarios/sweep.json --params sim/mc/out/full/params/sweep/100077.json
sweep,sweep,100078,ERROR 'No beans?',ERROR,No beans?,-0.4741,,sim/out/host/grindsim --seed 100078 --scenario sim/mc/scenarios/sweep.json --params sim/mc/out/full/params/sweep/100078.json
sweep,sweep,100079,MAX_PULSES,MAX_PULSES,,-0.7897,,sim/out/host/grindsim --seed 100079 --scenario sim/mc/scenarios/sweep.json --params sim/mc/out/full/params/sweep/100079.json
sweep,sweep,100080,OVERSHOOT,OVERSHOOT,,0.2620,,sim/out/host/grindsim --seed 100080 --scenario sim/mc/scenarios/sweep.json --params sim/mc/out/full/params/sweep/100080.json
sweep,sweep,100081,MAX_PULSES,MAX_PULSES,,-0.5252,,sim/out/host/grindsim --seed 100081 --scenario sim/mc/scenarios/sweep.json --params sim/mc/out/full/params/sweep/100081.json
sweep,sweep,100082,MAX_PULSES,MAX_PULSES,,-0.0807,,sim/out/host/grindsim --seed 100082 --scenario sim/mc/scenarios/sweep.json --params sim/mc/out/full/params/sweep/100082.json
sweep,sweep,100084,ERROR 'No beans?',ERROR,No beans?,-1.1682,,sim/out/host/grindsim --seed 100084 --scenario sim/mc/scenarios/sweep.json --params sim/mc/out/full/params/sweep/100084.json
sweep,sweep,100085,ERROR 'No beans?',ERROR,No beans?,-0.8588,,sim/out/host/grindsim --seed 100085 --scenario sim/mc/scenarios/sweep.json --params sim/mc/out/full/params/sweep/100085.json
sweep,sweep,100086,MAX_PULSES,MAX_PULSES,,-0.1619,,sim/out/host/grindsim --seed 100086 --scenario sim/mc/scenarios/sweep.json --params sim/mc/out/full/params/sweep/100086.json
sweep,sweep,100087,SUCCESS (true err < -0.03),SUCCESS,,-0.0303,,sim/out/host/grindsim --seed 100087 --scenario sim/mc/scenarios/sweep.json --params sim/mc/out/full/params/sweep/100087.json
sweep,sweep,100088,MAX_PULSES,MAX_PULSES,,-0.0775,,sim/out/host/grindsim --seed 100088 --scenario sim/mc/scenarios/sweep.json --params sim/mc/out/full/params/sweep/100088.json
sweep,sweep,100089,TIMEOUT 'Timeout:FINA',TIMEOUT,Timeout:FINA,-0.2245,,sim/out/host/grindsim --seed 100089 --scenario sim/mc/scenarios/sweep.json --params sim/mc/out/full/params/sweep/100089.json
sweep,sweep,100090,MAX_PULSES,MAX_PULSES,,-0.5872,,sim/out/host/grindsim --seed 100090 --scenario sim/mc/scenarios/sweep.json --params sim/mc/out/full/params/sweep/100090.json
sweep,sweep,100091,OVERSHOOT,OVERSHOOT,,0.4354,,sim/out/host/grindsim --seed 100091 --scenario sim/mc/scenarios/sweep.json --params sim/mc/out/full/params/sweep/100091.json
sweep,sweep,100092,MAX_PULSES,MAX_PULSES,,-0.2298,,sim/out/host/grindsim --seed 100092 --scenario sim/mc/scenarios/sweep.json --params sim/mc/out/full/params/sweep/100092.json
sweep,sweep,100093,OVERSHOOT,OVERSHOOT,,0.7758,,sim/out/host/grindsim --seed 100093 --scenario sim/mc/scenarios/sweep.json --params sim/mc/out/full/params/sweep/100093.json
sweep,sweep,100094,MAX_PULSES,MAX_PULSES,,-0.4044,,sim/out/host/grindsim --seed 100094 --scenario sim/mc/scenarios/sweep.json --params sim/mc/out/full/params/sweep/100094.json
sweep,sweep,100095,MAX_PULSES,MAX_PULSES,,-0.3774,,sim/out/host/grindsim --seed 100095 --scenario sim/mc/scenarios/sweep.json --params sim/mc/out/full/params/sweep/100095.json
sweep,sweep,100096,SUCCESS (true err < -0.03),SUCCESS,,-0.2433,,sim/out/host/grindsim --seed 100096 --scenario sim/mc/scenarios/sweep.json --params sim/mc/out/full/params/sweep/100096.json
sweep,sweep,100097,ERROR 'No beans?',ERROR,No beans?,-1.1311,,sim/out/host/grindsim --seed 100097 --scenario sim/mc/scenarios/sweep.json --params sim/mc/out/full/params/sweep/100097.json
sweep,sweep,100098,MAX_PULSES,MAX_PULSES,,-0.0532,,sim/out/host/grindsim --seed 100098 --scenario sim/mc/scenarios/sweep.json --params sim/mc/out/full/params/sweep/100098.json
sweep,sweep,100099,MAX_PULSES,MAX_PULSES,,-0.1191,,sim/out/host/grindsim --seed 100099 --scenario sim/mc/scenarios/sweep.json --params sim/mc/out/full/params/sweep/100099.json
sweep,sweep,100100,MAX_PULSES,MAX_PULSES,,-0.8181,,sim/out/host/grindsim --seed 100100 --scenario sim/mc/scenarios/sweep.json --params sim/mc/out/full/params/sweep/100100.json
sweep,sweep,100101,MAX_PULSES,MAX_PULSES,,-0.2243,,sim/out/host/grindsim --seed 100101 --scenario sim/mc/scenarios/sweep.json --params sim/mc/out/full/params/sweep/100101.json
sweep,sweep,100102,MAX_PULSES,MAX_PULSES,,-0.1007,,sim/out/host/grindsim --seed 100102 --scenario sim/mc/scenarios/sweep.json --params sim/mc/out/full/params/sweep/100102.json
sweep,sweep,100103,SUCCESS (true err < -0.03),SUCCESS,,-0.0417,,sim/out/host/grindsim --seed 100103 --scenario sim/mc/scenarios/sweep.json --params sim/mc/out/full/params/sweep/100103.json
sweep,sweep,100104,ERROR 'No beans?',ERROR,No beans?,-0.9591,,sim/out/host/grindsim --seed 100104 --scenario sim/mc/scenarios/sweep.json --params sim/mc/out/full/params/sweep/100104.json
sweep,sweep,100105,MAX_PULSES,MAX_PULSES,,-0.3638,,sim/out/host/grindsim --seed 100105 --scenario sim/mc/scenarios/sweep.json --params sim/mc/out/full/params/sweep/100105.json
sweep,sweep,100106,SUCCESS (true err < -0.03),SUCCESS,,-0.0540,,sim/out/host/grindsim --seed 100106 --scenario sim/mc/scenarios/sweep.json --params sim/mc/out/full/params/sweep/100106.json
sweep,sweep,100108,MAX_PULSES,MAX_PULSES,,-0.4988,,sim/out/host/grindsim --seed 100108 --scenario sim/mc/scenarios/sweep.json --params sim/mc/out/full/params/sweep/100108.json
sweep,sweep,100109,MAX_PULSES,MAX_PULSES,,-0.4356,,sim/out/host/grindsim --seed 100109 --scenario sim/mc/scenarios/sweep.json --params sim/mc/out/full/params/sweep/100109.json
sweep,sweep,100110,ERROR 'No beans?',ERROR,No beans?,-1.2612,,sim/out/host/grindsim --seed 100110 --scenario sim/mc/scenarios/sweep.json --params sim/mc/out/full/params/sweep/100110.json
sweep,sweep,100111,MAX_PULSES,MAX_PULSES,,-2.6095,,sim/out/host/grindsim --seed 100111 --scenario sim/mc/scenarios/sweep.json --params sim/mc/out/full/params/sweep/100111.json
sweep,sweep,100112,MAX_PULSES,MAX_PULSES,,-0.2399,,sim/out/host/grindsim --seed 100112 --scenario sim/mc/scenarios/sweep.json --params sim/mc/out/full/params/sweep/100112.json
sweep,sweep,100113,ERROR 'No beans?',ERROR,No beans?,-1.3154,,sim/out/host/grindsim --seed 100113 --scenario sim/mc/scenarios/sweep.json --params sim/mc/out/full/params/sweep/100113.json
sweep,sweep,100115,MAX_PULSES,MAX_PULSES,,-0.3828,,sim/out/host/grindsim --seed 100115 --scenario sim/mc/scenarios/sweep.json --params sim/mc/out/full/params/sweep/100115.json
sweep,sweep,100117,MAX_PULSES,MAX_PULSES,,-0.1209,,sim/out/host/grindsim --seed 100117 --scenario sim/mc/scenarios/sweep.json --params sim/mc/out/full/params/sweep/100117.json
sweep,sweep,100118,MAX_PULSES,MAX_PULSES,,-0.3791,,sim/out/host/grindsim --seed 100118 --scenario sim/mc/scenarios/sweep.json --params sim/mc/out/full/params/sweep/100118.json
sweep,sweep,100119,ERROR 'No beans?',ERROR,No beans?,-1.5242,,sim/out/host/grindsim --seed 100119 --scenario sim/mc/scenarios/sweep.json --params sim/mc/out/full/params/sweep/100119.json
sweep,sweep,100120,MAX_PULSES,MAX_PULSES,,-1.2680,,sim/out/host/grindsim --seed 100120 --scenario sim/mc/scenarios/sweep.json --params sim/mc/out/full/params/sweep/100120.json
sweep,sweep,100121,MAX_PULSES,MAX_PULSES,,-0.0844,,sim/out/host/grindsim --seed 100121 --scenario sim/mc/scenarios/sweep.json --params sim/mc/out/full/params/sweep/100121.json
sweep,sweep,100122,MAX_PULSES,MAX_PULSES,,-0.1720,,sim/out/host/grindsim --seed 100122 --scenario sim/mc/scenarios/sweep.json --params sim/mc/out/full/params/sweep/100122.json
sweep,sweep,100123,MAX_PULSES,MAX_PULSES,,-0.3872,,sim/out/host/grindsim --seed 100123 --scenario sim/mc/scenarios/sweep.json --params sim/mc/out/full/params/sweep/100123.json
sweep,sweep,100124,SUCCESS (true err < -0.03),SUCCESS,,-0.1196,,sim/out/host/grindsim --seed 100124 --scenario sim/mc/scenarios/sweep.json --params sim/mc/out/full/params/sweep/100124.json
sweep,sweep,100125,MAX_PULSES,MAX_PULSES,,-0.0708,,sim/out/host/grindsim --seed 100125 --scenario sim/mc/scenarios/sweep.json --params sim/mc/out/full/params/sweep/100125.json
sweep,sweep,100127,MAX_PULSES,MAX_PULSES,,-1.1847,,sim/out/host/grindsim --seed 100127 --scenario sim/mc/scenarios/sweep.json --params sim/mc/out/full/params/sweep/100127.json
sweep,sweep,100128,MAX_PULSES,MAX_PULSES,,-0.7362,,sim/out/host/grindsim --seed 100128 --scenario sim/mc/scenarios/sweep.json --params sim/mc/out/full/params/sweep/100128.json
sweep,sweep,100129,MAX_PULSES,MAX_PULSES,,-0.1294,,sim/out/host/grindsim --seed 100129 --scenario sim/mc/scenarios/sweep.json --params sim/mc/out/full/params/sweep/100129.json
sweep,sweep,100130,SUCCESS (true err < -0.03),SUCCESS,,-0.1183,,sim/out/host/grindsim --seed 100130 --scenario sim/mc/scenarios/sweep.json --params sim/mc/out/full/params/sweep/100130.json
sweep,sweep,100131,MAX_PULSES,MAX_PULSES,,-0.4832,,sim/out/host/grindsim --seed 100131 --scenario sim/mc/scenarios/sweep.json --params sim/mc/out/full/params/sweep/100131.json
sweep,sweep,100132,MAX_PULSES,MAX_PULSES,,-0.1970,,sim/out/host/grindsim --seed 100132 --scenario sim/mc/scenarios/sweep.json --params sim/mc/out/full/params/sweep/100132.json
sweep,sweep,100133,SUCCESS (true err < -0.03),SUCCESS,,-0.0693,,sim/out/host/grindsim --seed 100133 --scenario sim/mc/scenarios/sweep.json --params sim/mc/out/full/params/sweep/100133.json
sweep,sweep,100134,MAX_PULSES,MAX_PULSES,,-0.1378,,sim/out/host/grindsim --seed 100134 --scenario sim/mc/scenarios/sweep.json --params sim/mc/out/full/params/sweep/100134.json
sweep,sweep,100135,MAX_PULSES,MAX_PULSES,,-0.1920,,sim/out/host/grindsim --seed 100135 --scenario sim/mc/scenarios/sweep.json --params sim/mc/out/full/params/sweep/100135.json
sweep,sweep,100136,SUCCESS (true err < -0.03),SUCCESS,,-0.0561,,sim/out/host/grindsim --seed 100136 --scenario sim/mc/scenarios/sweep.json --params sim/mc/out/full/params/sweep/100136.json
sweep,sweep,100137,MAX_PULSES,MAX_PULSES,,-0.2360,,sim/out/host/grindsim --seed 100137 --scenario sim/mc/scenarios/sweep.json --params sim/mc/out/full/params/sweep/100137.json
sweep,sweep,100138,MAX_PULSES,MAX_PULSES,,-0.5375,,sim/out/host/grindsim --seed 100138 --scenario sim/mc/scenarios/sweep.json --params sim/mc/out/full/params/sweep/100138.json
sweep,sweep,100139,OVERSHOOT,OVERSHOOT,,0.0100,,sim/out/host/grindsim --seed 100139 --scenario sim/mc/scenarios/sweep.json --params sim/mc/out/full/params/sweep/100139.json
sweep,sweep,100140,OVERSHOOT,OVERSHOOT,,0.1249,,sim/out/host/grindsim --seed 100140 --scenario sim/mc/scenarios/sweep.json --params sim/mc/out/full/params/sweep/100140.json
sweep,sweep,100141,MAX_PULSES,MAX_PULSES,,-0.1962,,sim/out/host/grindsim --seed 100141 --scenario sim/mc/scenarios/sweep.json --params sim/mc/out/full/params/sweep/100141.json
sweep,sweep,100143,MAX_PULSES,MAX_PULSES,,-0.1428,,sim/out/host/grindsim --seed 100143 --scenario sim/mc/scenarios/sweep.json --params sim/mc/out/full/params/sweep/100143.json
sweep,sweep,100145,MAX_PULSES,MAX_PULSES,,-0.0762,,sim/out/host/grindsim --seed 100145 --scenario sim/mc/scenarios/sweep.json --params sim/mc/out/full/params/sweep/100145.json
sweep,sweep,100146,MAX_PULSES,MAX_PULSES,,-0.0780,,sim/out/host/grindsim --seed 100146 --scenario sim/mc/scenarios/sweep.json --params sim/mc/out/full/params/sweep/100146.json
sweep,sweep,100147,OVERSHOOT,OVERSHOOT,,0.5061,,sim/out/host/grindsim --seed 100147 --scenario sim/mc/scenarios/sweep.json --params sim/mc/out/full/params/sweep/100147.json
sweep,sweep,100148,SUCCESS (true err < -0.03),SUCCESS,,-0.0413,,sim/out/host/grindsim --seed 100148 --scenario sim/mc/scenarios/sweep.json --params sim/mc/out/full/params/sweep/100148.json
sweep,sweep,100149,MAX_PULSES,MAX_PULSES,,-0.3110,,sim/out/host/grindsim --seed 100149 --scenario sim/mc/scenarios/sweep.json --params sim/mc/out/full/params/sweep/100149.json
sweep,sweep,100150,MAX_PULSES,MAX_PULSES,,-0.3388,,sim/out/host/grindsim --seed 100150 --scenario sim/mc/scenarios/sweep.json --params sim/mc/out/full/params/sweep/100150.json
sweep,sweep,100151,MAX_PULSES,MAX_PULSES,,-0.2359,,sim/out/host/grindsim --seed 100151 --scenario sim/mc/scenarios/sweep.json --params sim/mc/out/full/params/sweep/100151.json
sweep,sweep,100152,MAX_PULSES,MAX_PULSES,,-0.1483,,sim/out/host/grindsim --seed 100152 --scenario sim/mc/scenarios/sweep.json --params sim/mc/out/full/params/sweep/100152.json
sweep,sweep,100153,MAX_PULSES,MAX_PULSES,,-1.6089,,sim/out/host/grindsim --seed 100153 --scenario sim/mc/scenarios/sweep.json --params sim/mc/out/full/params/sweep/100153.json
sweep,sweep,100154,OVERSHOOT,OVERSHOOT,,0.1276,,sim/out/host/grindsim --seed 100154 --scenario sim/mc/scenarios/sweep.json --params sim/mc/out/full/params/sweep/100154.json
sweep,sweep,100156,MAX_PULSES,MAX_PULSES,,-0.2133,,sim/out/host/grindsim --seed 100156 --scenario sim/mc/scenarios/sweep.json --params sim/mc/out/full/params/sweep/100156.json
sweep,sweep,100158,OVERSHOOT,OVERSHOOT,,0.1094,,sim/out/host/grindsim --seed 100158 --scenario sim/mc/scenarios/sweep.json --params sim/mc/out/full/params/sweep/100158.json
sweep,sweep,100160,ERROR 'No beans?',ERROR,No beans?,-1.8386,,sim/out/host/grindsim --seed 100160 --scenario sim/mc/scenarios/sweep.json --params sim/mc/out/full/params/sweep/100160.json
sweep,sweep,100161,MAX_PULSES,MAX_PULSES,,-0.1216,,sim/out/host/grindsim --seed 100161 --scenario sim/mc/scenarios/sweep.json --params sim/mc/out/full/params/sweep/100161.json
sweep,sweep,100162,MAX_PULSES,MAX_PULSES,,-0.9628,,sim/out/host/grindsim --seed 100162 --scenario sim/mc/scenarios/sweep.json --params sim/mc/out/full/params/sweep/100162.json
sweep,sweep,100166,TIMEOUT 'Timeout:PULS',TIMEOUT,Timeout:PULS,-0.7609,,sim/out/host/grindsim --seed 100166 --scenario sim/mc/scenarios/sweep.json --params sim/mc/out/full/params/sweep/100166.json
sweep,sweep,100167,MAX_PULSES,MAX_PULSES,,-0.0934,,sim/out/host/grindsim --seed 100167 --scenario sim/mc/scenarios/sweep.json --params sim/mc/out/full/params/sweep/100167.json
sweep,sweep,100168,MAX_PULSES,MAX_PULSES,,-0.2405,,sim/out/host/grindsim --seed 100168 --scenario sim/mc/scenarios/sweep.json --params sim/mc/out/full/params/sweep/100168.json
sweep,sweep,100169,ERROR 'No beans?',ERROR,No beans?,-1.2771,,sim/out/host/grindsim --seed 100169 --scenario sim/mc/scenarios/sweep.json --params sim/mc/out/full/params/sweep/100169.json
sweep,sweep,100170,MAX_PULSES,MAX_PULSES,,-0.7772,,sim/out/host/grindsim --seed 100170 --scenario sim/mc/scenarios/sweep.json --params sim/mc/out/full/params/sweep/100170.json
sweep,sweep,100171,MAX_PULSES,MAX_PULSES,,-0.0798,,sim/out/host/grindsim --seed 100171 --scenario sim/mc/scenarios/sweep.json --params sim/mc/out/full/params/sweep/100171.json
sweep,sweep,100172,ERROR 'No beans?',ERROR,No beans?,-2.0855,,sim/out/host/grindsim --seed 100172 --scenario sim/mc/scenarios/sweep.json --params sim/mc/out/full/params/sweep/100172.json
sweep,sweep,100173,OVERSHOOT,OVERSHOOT,,0.4800,,sim/out/host/grindsim --seed 100173 --scenario sim/mc/scenarios/sweep.json --params sim/mc/out/full/params/sweep/100173.json
sweep,sweep,100174,MAX_PULSES,MAX_PULSES,,-0.2202,,sim/out/host/grindsim --seed 100174 --scenario sim/mc/scenarios/sweep.json --params sim/mc/out/full/params/sweep/100174.json
sweep,sweep,100175,MAX_PULSES,MAX_PULSES,,-0.6393,,sim/out/host/grindsim --seed 100175 --scenario sim/mc/scenarios/sweep.json --params sim/mc/out/full/params/sweep/100175.json
sweep,sweep,100176,OVERSHOOT,OVERSHOOT,,0.2166,,sim/out/host/grindsim --seed 100176 --scenario sim/mc/scenarios/sweep.json --params sim/mc/out/full/params/sweep/100176.json
sweep,sweep,100177,OVERSHOOT,OVERSHOOT,,0.1366,,sim/out/host/grindsim --seed 100177 --scenario sim/mc/scenarios/sweep.json --params sim/mc/out/full/params/sweep/100177.json
sweep,sweep,100178,MAX_PULSES,MAX_PULSES,,-0.2469,,sim/out/host/grindsim --seed 100178 --scenario sim/mc/scenarios/sweep.json --params sim/mc/out/full/params/sweep/100178.json
sweep,sweep,100179,OVERSHOOT,OVERSHOOT,,0.6770,,sim/out/host/grindsim --seed 100179 --scenario sim/mc/scenarios/sweep.json --params sim/mc/out/full/params/sweep/100179.json
sweep,sweep,100180,MAX_PULSES,MAX_PULSES,,-1.0925,,sim/out/host/grindsim --seed 100180 --scenario sim/mc/scenarios/sweep.json --params sim/mc/out/full/params/sweep/100180.json
sweep,sweep,100181,OVERSHOOT,OVERSHOOT,,0.2005,,sim/out/host/grindsim --seed 100181 --scenario sim/mc/scenarios/sweep.json --params sim/mc/out/full/params/sweep/100181.json
sweep,sweep,100182,SUCCESS (true err < -0.03),SUCCESS,,-0.0839,,sim/out/host/grindsim --seed 100182 --scenario sim/mc/scenarios/sweep.json --params sim/mc/out/full/params/sweep/100182.json
sweep,sweep,100183,OVERSHOOT,OVERSHOOT,,0.0533,,sim/out/host/grindsim --seed 100183 --scenario sim/mc/scenarios/sweep.json --params sim/mc/out/full/params/sweep/100183.json
sweep,sweep,100184,OVERSHOOT,OVERSHOOT,,0.0438,,sim/out/host/grindsim --seed 100184 --scenario sim/mc/scenarios/sweep.json --params sim/mc/out/full/params/sweep/100184.json
sweep,sweep,100185,ERROR 'No beans?',ERROR,No beans?,-0.7801,,sim/out/host/grindsim --seed 100185 --scenario sim/mc/scenarios/sweep.json --params sim/mc/out/full/params/sweep/100185.json
sweep,sweep,100186,ERROR 'No beans?',ERROR,No beans?,-0.5136,,sim/out/host/grindsim --seed 100186 --scenario sim/mc/scenarios/sweep.json --params sim/mc/out/full/params/sweep/100186.json
sweep,sweep,100187,ERROR 'No beans?',ERROR,No beans?,-1.2872,,sim/out/host/grindsim --seed 100187 --scenario sim/mc/scenarios/sweep.json --params sim/mc/out/full/params/sweep/100187.json
sweep,sweep,100188,MAX_PULSES,MAX_PULSES,,-0.2869,,sim/out/host/grindsim --seed 100188 --scenario sim/mc/scenarios/sweep.json --params sim/mc/out/full/params/sweep/100188.json
sweep,sweep,100189,MAX_PULSES,MAX_PULSES,,-0.3447,,sim/out/host/grindsim --seed 100189 --scenario sim/mc/scenarios/sweep.json --params sim/mc/out/full/params/sweep/100189.json
sweep,sweep,100190,MAX_PULSES,MAX_PULSES,,-0.0692,,sim/out/host/grindsim --seed 100190 --scenario sim/mc/scenarios/sweep.json --params sim/mc/out/full/params/sweep/100190.json
sweep,sweep,100191,MAX_PULSES,MAX_PULSES,,-0.0709,,sim/out/host/grindsim --seed 100191 --scenario sim/mc/scenarios/sweep.json --params sim/mc/out/full/params/sweep/100191.json
sweep,sweep,100192,OVERSHOOT,OVERSHOOT,,0.1770,,sim/out/host/grindsim --seed 100192 --scenario sim/mc/scenarios/sweep.json --params sim/mc/out/full/params/sweep/100192.json
sweep,sweep,100193,ERROR 'No beans?',ERROR,No beans?,-0.6917,,sim/out/host/grindsim --seed 100193 --scenario sim/mc/scenarios/sweep.json --params sim/mc/out/full/params/sweep/100193.json
sweep,sweep,100194,MAX_PULSES,MAX_PULSES,,-0.2200,,sim/out/host/grindsim --seed 100194 --scenario sim/mc/scenarios/sweep.json --params sim/mc/out/full/params/sweep/100194.json
sweep,sweep,100195,OVERSHOOT,OVERSHOOT,,0.0255,,sim/out/host/grindsim --seed 100195 --scenario sim/mc/scenarios/sweep.json --params sim/mc/out/full/params/sweep/100195.json
sweep,sweep,100196,MAX_PULSES,MAX_PULSES,,-0.5377,,sim/out/host/grindsim --seed 100196 --scenario sim/mc/scenarios/sweep.json --params sim/mc/out/full/params/sweep/100196.json
sweep,sweep,100197,ERROR 'No beans?',ERROR,No beans?,-0.6379,,sim/out/host/grindsim --seed 100197 --scenario sim/mc/scenarios/sweep.json --params sim/mc/out/full/params/sweep/100197.json
sweep,sweep,100198,MAX_PULSES,MAX_PULSES,,-0.1562,,sim/out/host/grindsim --seed 100198 --scenario sim/mc/scenarios/sweep.json --params sim/mc/out/full/params/sweep/100198.json
sweep,sweep,100199,MAX_PULSES,MAX_PULSES,,-0.5278,,sim/out/host/grindsim --seed 100199 --scenario sim/mc/scenarios/sweep.json --params sim/mc/out/full/params/sweep/100199.json
sweep,sweep,100200,OVERSHOOT,OVERSHOOT,,0.1054,,sim/out/host/grindsim --seed 100200 --scenario sim/mc/scenarios/sweep.json --params sim/mc/out/full/params/sweep/100200.json
sweep,sweep,100201,MAX_PULSES,MAX_PULSES,,-0.2960,,sim/out/host/grindsim --seed 100201 --scenario sim/mc/scenarios/sweep.json --params sim/mc/out/full/params/sweep/100201.json
sweep,sweep,100202,ERROR 'No beans?',ERROR,No beans?,-0.7417,,sim/out/host/grindsim --seed 100202 --scenario sim/mc/scenarios/sweep.json --params sim/mc/out/full/params/sweep/100202.json
sweep,sweep,100203,MAX_PULSES,MAX_PULSES,,-0.0388,,sim/out/host/grindsim --seed 100203 --scenario sim/mc/scenarios/sweep.json --params sim/mc/out/full/params/sweep/100203.json
sweep,sweep,100204,ERROR 'No beans?',ERROR,No beans?,-1.6282,,sim/out/host/grindsim --seed 100204 --scenario sim/mc/scenarios/sweep.json --params sim/mc/out/full/params/sweep/100204.json
sweep,sweep,100205,ERROR 'No beans?',ERROR,No beans?,-1.1247,,sim/out/host/grindsim --seed 100205 --scenario sim/mc/scenarios/sweep.json --params sim/mc/out/full/params/sweep/100205.json
sweep,sweep,100206,ERROR 'No beans?',ERROR,No beans?,-0.5503,,sim/out/host/grindsim --seed 100206 --scenario sim/mc/scenarios/sweep.json --params sim/mc/out/full/params/sweep/100206.json
sweep,sweep,100207,MAX_PULSES,MAX_PULSES,,-0.3699,,sim/out/host/grindsim --seed 100207 --scenario sim/mc/scenarios/sweep.json --params sim/mc/out/full/params/sweep/100207.json
sweep,sweep,100209,ERROR 'No beans?',ERROR,No beans?,-0.8434,,sim/out/host/grindsim --seed 100209 --scenario sim/mc/scenarios/sweep.json --params sim/mc/out/full/params/sweep/100209.json
sweep,sweep,100210,MAX_PULSES,MAX_PULSES,,-0.2225,,sim/out/host/grindsim --seed 100210 --scenario sim/mc/scenarios/sweep.json --params sim/mc/out/full/params/sweep/100210.json
sweep,sweep,100211,MAX_PULSES,MAX_PULSES,,-0.1100,,sim/out/host/grindsim --seed 100211 --scenario sim/mc/scenarios/sweep.json --params sim/mc/out/full/params/sweep/100211.json
sweep,sweep,100212,ERROR 'No beans?',ERROR,No beans?,-0.6221,,sim/out/host/grindsim --seed 100212 --scenario sim/mc/scenarios/sweep.json --params sim/mc/out/full/params/sweep/100212.json
sweep,sweep,100213,MAX_PULSES,MAX_PULSES,,-0.1510,,sim/out/host/grindsim --seed 100213 --scenario sim/mc/scenarios/sweep.json --params sim/mc/out/full/params/sweep/100213.json
sweep,sweep,100215,SUCCESS (true err < -0.03),SUCCESS,,-0.1077,,sim/out/host/grindsim --seed 100215 --scenario sim/mc/scenarios/sweep.json --params sim/mc/out/full/params/sweep/100215.json
sweep,sweep,100216,SUCCESS (true err < -0.03),SUCCESS,,-0.0531,,sim/out/host/grindsim --seed 100216 --scenario sim/mc/scenarios/sweep.json --params sim/mc/out/full/params/sweep/100216.json
sweep,sweep,100217,MAX_PULSES,MAX_PULSES,,-0.9575,,sim/out/host/grindsim --seed 100217 --scenario sim/mc/scenarios/sweep.json --params sim/mc/out/full/params/sweep/100217.json
sweep,sweep,100218,OVERSHOOT,OVERSHOOT,,0.0692,,sim/out/host/grindsim --seed 100218 --scenario sim/mc/scenarios/sweep.json --params sim/mc/out/full/params/sweep/100218.json
sweep,sweep,100219,MAX_PULSES,MAX_PULSES,,-0.1747,,sim/out/host/grindsim --seed 100219 --scenario sim/mc/scenarios/sweep.json --params sim/mc/out/full/params/sweep/100219.json
sweep,sweep,100220,ERROR 'No beans?',ERROR,No beans?,-1.4209,,sim/out/host/grindsim --seed 100220 --scenario sim/mc/scenarios/sweep.json --params sim/mc/out/full/params/sweep/100220.json
sweep,sweep,100221,ERROR 'No beans?',ERROR,No beans?,-1.4021,,sim/out/host/grindsim --seed 100221 --scenario sim/mc/scenarios/sweep.json --params sim/mc/out/full/params/sweep/100221.json
sweep,sweep,100223,MAX_PULSES,MAX_PULSES,,-0.1397,,sim/out/host/grindsim --seed 100223 --scenario sim/mc/scenarios/sweep.json --params sim/mc/out/full/params/sweep/100223.json
sweep,sweep,100224,ERROR 'No beans?',ERROR,No beans?,-1.2803,,sim/out/host/grindsim --seed 100224 --scenario sim/mc/scenarios/sweep.json --params sim/mc/out/full/params/sweep/100224.json
sweep,sweep,100225,ERROR 'No beans?',ERROR,No beans?,-3.7088,,sim/out/host/grindsim --seed 100225 --scenario sim/mc/scenarios/sweep.json --params sim/mc/out/full/params/sweep/100225.json
sweep,sweep,100226,MAX_PULSES,MAX_PULSES,,-0.3702,,sim/out/host/grindsim --seed 100226 --scenario sim/mc/scenarios/sweep.json --params sim/mc/out/full/params/sweep/100226.json
sweep,sweep,100227,MAX_PULSES,MAX_PULSES,,-0.1283,,sim/out/host/grindsim --seed 100227 --scenario sim/mc/scenarios/sweep.json --params sim/mc/out/full/params/sweep/100227.json
sweep,sweep,100228,MAX_PULSES,MAX_PULSES,,-0.4631,,sim/out/host/grindsim --seed 100228 --scenario sim/mc/scenarios/sweep.json --params sim/mc/out/full/params/sweep/100228.json
sweep,sweep,100229,MAX_PULSES,MAX_PULSES,,-0.6530,,sim/out/host/grindsim --seed 100229 --scenario sim/mc/scenarios/sweep.json --params sim/mc/out/full/params/sweep/100229.json
sweep,sweep,100230,MAX_PULSES,MAX_PULSES,,-0.8903,,sim/out/host/grindsim --seed 100230 --scenario sim/mc/scenarios/sweep.json --params sim/mc/out/full/params/sweep/100230.json
sweep,sweep,100231,OVERSHOOT,OVERSHOOT,,0.0588,,sim/out/host/grindsim --seed 100231 --scenario sim/mc/scenarios/sweep.json --params sim/mc/out/full/params/sweep/100231.json
sweep,sweep,100232,MAX_PULSES,MAX_PULSES,,-0.3661,,sim/out/host/grindsim --seed 100232 --scenario sim/mc/scenarios/sweep.json --params sim/mc/out/full/params/sweep/100232.json
sweep,sweep,100233,MAX_PULSES,MAX_PULSES,,-0.0813,,sim/out/host/grindsim --seed 100233 --scenario sim/mc/scenarios/sweep.json --params sim/mc/out/full/params/sweep/100233.json
sweep,sweep,100234,ERROR 'No beans?',ERROR,No beans?,-0.6030,,sim/out/host/grindsim --seed 100234 --scenario sim/mc/scenarios/sweep.json --params sim/mc/out/full/params/sweep/100234.json
sweep,sweep,100235,MAX_PULSES,MAX_PULSES,,-0.7205,,sim/out/host/grindsim --seed 100235 --scenario sim/mc/scenarios/sweep.json --params sim/mc/out/full/params/sweep/100235.json
sweep,sweep,100236,OVERSHOOT,OVERSHOOT,,0.3058,,sim/out/host/grindsim --seed 100236 --scenario sim/mc/scenarios/sweep.json --params sim/mc/out/full/params/sweep/100236.json
sweep,sweep,100237,SUCCESS (true err < -0.03),SUCCESS,,-0.4101,,sim/out/host/grindsim --seed 100237 --scenario sim/mc/scenarios/sweep.json --params sim/mc/out/full/params/sweep/100237.json
sweep,sweep,100238,MAX_PULSES,MAX_PULSES,,-0.1091,,sim/out/host/grindsim --seed 100238 --scenario sim/mc/scenarios/sweep.json --params sim/mc/out/full/params/sweep/100238.json
sweep,sweep,100239,MAX_PULSES,MAX_PULSES,,-0.2759,,sim/out/host/grindsim --seed 100239 --scenario sim/mc/scenarios/sweep.json --params sim/mc/out/full/params/sweep/100239.json
sweep,sweep,100240,MAX_PULSES,MAX_PULSES,,-0.1345,,sim/out/host/grindsim --seed 100240 --scenario sim/mc/scenarios/sweep.json --params sim/mc/out/full/params/sweep/100240.json
sweep,sweep,100241,MAX_PULSES,MAX_PULSES,,-0.2544,,sim/out/host/grindsim --seed 100241 --scenario sim/mc/scenarios/sweep.json --params sim/mc/out/full/params/sweep/100241.json
sweep,sweep,100242,MAX_PULSES,MAX_PULSES,,-0.0340,,sim/out/host/grindsim --seed 100242 --scenario sim/mc/scenarios/sweep.json --params sim/mc/out/full/params/sweep/100242.json
sweep,sweep,100243,SUCCESS (true err < -0.03),SUCCESS,,-0.2456,,sim/out/host/grindsim --seed 100243 --scenario sim/mc/scenarios/sweep.json --params sim/mc/out/full/params/sweep/100243.json
sweep,sweep,100244,MAX_PULSES,MAX_PULSES,,-0.0552,,sim/out/host/grindsim --seed 100244 --scenario sim/mc/scenarios/sweep.json --params sim/mc/out/full/params/sweep/100244.json
sweep,sweep,100245,ERROR 'No beans?',ERROR,No beans?,-2.3488,,sim/out/host/grindsim --seed 100245 --scenario sim/mc/scenarios/sweep.json --params sim/mc/out/full/params/sweep/100245.json
sweep,sweep,100246,SUCCESS (true err < -0.03),SUCCESS,,-0.1304,,sim/out/host/grindsim --seed 100246 --scenario sim/mc/scenarios/sweep.json --params sim/mc/out/full/params/sweep/100246.json
sweep,sweep,100247,ERROR 'No beans?',ERROR,No beans?,-1.5682,,sim/out/host/grindsim --seed 100247 --scenario sim/mc/scenarios/sweep.json --params sim/mc/out/full/params/sweep/100247.json
sweep,sweep,100248,MAX_PULSES,MAX_PULSES,,-0.2195,,sim/out/host/grindsim --seed 100248 --scenario sim/mc/scenarios/sweep.json --params sim/mc/out/full/params/sweep/100248.json
sweep,sweep,100249,ERROR 'No beans?',ERROR,No beans?,-1.1032,,sim/out/host/grindsim --seed 100249 --scenario sim/mc/scenarios/sweep.json --params sim/mc/out/full/params/sweep/100249.json
sweep,sweep,100250,MAX_PULSES,MAX_PULSES,,-0.2323,,sim/out/host/grindsim --seed 100250 --scenario sim/mc/scenarios/sweep.json --params sim/mc/out/full/params/sweep/100250.json
sweep,sweep,100251,MAX_PULSES,MAX_PULSES,,-0.2232,,sim/out/host/grindsim --seed 100251 --scenario sim/mc/scenarios/sweep.json --params sim/mc/out/full/params/sweep/100251.json
sweep,sweep,100252,SUCCESS (true err < -0.03),SUCCESS,,-0.3264,,sim/out/host/grindsim --seed 100252 --scenario sim/mc/scenarios/sweep.json --params sim/mc/out/full/params/sweep/100252.json
sweep,sweep,100253,MAX_PULSES,MAX_PULSES,,-0.3582,,sim/out/host/grindsim --seed 100253 --scenario sim/mc/scenarios/sweep.json --params sim/mc/out/full/params/sweep/100253.json
sweep,sweep,100254,OVERSHOOT,OVERSHOOT,,0.2158,,sim/out/host/grindsim --seed 100254 --scenario sim/mc/scenarios/sweep.json --params sim/mc/out/full/params/sweep/100254.json
sweep,sweep,100255,MAX_PULSES,MAX_PULSES,,-0.2560,,sim/out/host/grindsim --seed 100255 --scenario sim/mc/scenarios/sweep.json --params sim/mc/out/full/params/sweep/100255.json
sweep,sweep,100256,ERROR 'No beans?',ERROR,No beans?,-2.0533,,sim/out/host/grindsim --seed 100256 --scenario sim/mc/scenarios/sweep.json --params sim/mc/out/full/params/sweep/100256.json
sweep,sweep,100257,SUCCESS (true err < -0.03),SUCCESS,,-0.1271,,sim/out/host/grindsim --seed 100257 --scenario sim/mc/scenarios/sweep.json --params sim/mc/out/full/params/sweep/100257.json
sweep,sweep,100258,SUCCESS (true err < -0.03),SUCCESS,,-0.1787,,sim/out/host/grindsim --seed 100258 --scenario sim/mc/scenarios/sweep.json --params sim/mc/out/full/params/sweep/100258.json
sweep,sweep,100259,MAX_PULSES,MAX_PULSES,,-0.1553,,sim/out/host/grindsim --seed 100259 --scenario sim/mc/scenarios/sweep.json --params sim/mc/out/full/params/sweep/100259.json
sweep,sweep,100260,OVERSHOOT,OVERSHOOT,,0.0510,,sim/out/host/grindsim --seed 100260 --scenario sim/mc/scenarios/sweep.json --params sim/mc/out/full/params/sweep/100260.json
sweep,sweep,100261,ERROR 'No beans?',ERROR,No beans?,-1.4442,,sim/out/host/grindsim --seed 100261 --scenario sim/mc/scenarios/sweep.json --params sim/mc/out/full/params/sweep/100261.json
sweep,sweep,100262,TIMEOUT 'Timeout:PULS',TIMEOUT,Timeout:PULS,-0.1971,,sim/out/host/grindsim --seed 100262 --scenario sim/mc/scenarios/sweep.json --params sim/mc/out/full/params/sweep/100262.json
sweep,sweep,100264,MAX_PULSES,MAX_PULSES,,-0.2062,,sim/out/host/grindsim --seed 100264 --scenario sim/mc/scenarios/sweep.json --params sim/mc/out/full/params/sweep/100264.json
sweep,sweep,100266,ERROR 'No beans?',ERROR,No beans?,-0.7999,,sim/out/host/grindsim --seed 100266 --scenario sim/mc/scenarios/sweep.json --params sim/mc/out/full/params/sweep/100266.json
sweep,sweep,100267,SUCCESS (true err > +0.03),SUCCESS,,0.0361,,sim/out/host/grindsim --seed 100267 --scenario sim/mc/scenarios/sweep.json --params sim/mc/out/full/params/sweep/100267.json
sweep,sweep,100268,OVERSHOOT,OVERSHOOT,,0.0814,,sim/out/host/grindsim --seed 100268 --scenario sim/mc/scenarios/sweep.json --params sim/mc/out/full/params/sweep/100268.json
sweep,sweep,100270,OVERSHOOT,OVERSHOOT,,0.1360,,sim/out/host/grindsim --seed 100270 --scenario sim/mc/scenarios/sweep.json --params sim/mc/out/full/params/sweep/100270.json
sweep,sweep,100271,SUCCESS (true err < -0.03),SUCCESS,,-0.0882,,sim/out/host/grindsim --seed 100271 --scenario sim/mc/scenarios/sweep.json --params sim/mc/out/full/params/sweep/100271.json
sweep,sweep,100273,ERROR 'No beans?',ERROR,No beans?,-1.0311,,sim/out/host/grindsim --seed 100273 --scenario sim/mc/scenarios/sweep.json --params sim/mc/out/full/params/sweep/100273.json
sweep,sweep,100274,MAX_PULSES,MAX_PULSES,,-0.5176,,sim/out/host/grindsim --seed 100274 --scenario sim/mc/scenarios/sweep.json --params sim/mc/out/full/params/sweep/100274.json
sweep,sweep,100276,MAX_PULSES,MAX_PULSES,,-0.3868,,sim/out/host/grindsim --seed 100276 --scenario sim/mc/scenarios/sweep.json --params sim/mc/out/full/params/sweep/100276.json
sweep,sweep,100277,OVERSHOOT,OVERSHOOT,,0.0703,,sim/out/host/grindsim --seed 100277 --scenario sim/mc/scenarios/sweep.json --params sim/mc/out/full/params/sweep/100277.json
sweep,sweep,100278,MAX_PULSES,MAX_PULSES,,-0.3521,,sim/out/host/grindsim --seed 100278 --scenario sim/mc/scenarios/sweep.json --params sim/mc/out/full/params/sweep/100278.json
sweep,sweep,100279,ERROR 'No beans?',ERROR,No beans?,-0.6869,,sim/out/host/grindsim --seed 100279 --scenario sim/mc/scenarios/sweep.json --params sim/mc/out/full/params/sweep/100279.json
sweep,sweep,100280,MAX_PULSES,MAX_PULSES,,-0.8619,,sim/out/host/grindsim --seed 100280 --scenario sim/mc/scenarios/sweep.json --params sim/mc/out/full/params/sweep/100280.json
sweep,sweep,100281,TIMEOUT 'Timeout:PULS',TIMEOUT,Timeout:PULS,-0.1072,,sim/out/host/grindsim --seed 100281 --scenario sim/mc/scenarios/sweep.json --params sim/mc/out/full/params/sweep/100281.json
sweep,sweep,100282,MAX_PULSES,MAX_PULSES,,-0.3061,,sim/out/host/grindsim --seed 100282 --scenario sim/mc/scenarios/sweep.json --params sim/mc/out/full/params/sweep/100282.json
sweep,sweep,100283,MAX_PULSES,MAX_PULSES,,-0.1003,,sim/out/host/grindsim --seed 100283 --scenario sim/mc/scenarios/sweep.json --params sim/mc/out/full/params/sweep/100283.json
sweep,sweep,100284,MAX_PULSES,MAX_PULSES,,-0.1235,,sim/out/host/grindsim --seed 100284 --scenario sim/mc/scenarios/sweep.json --params sim/mc/out/full/params/sweep/100284.json
sweep,sweep,100285,OVERSHOOT,OVERSHOOT,,0.2741,,sim/out/host/grindsim --seed 100285 --scenario sim/mc/scenarios/sweep.json --params sim/mc/out/full/params/sweep/100285.json
sweep,sweep,100286,MAX_PULSES,MAX_PULSES,,-0.2482,,sim/out/host/grindsim --seed 100286 --scenario sim/mc/scenarios/sweep.json --params sim/mc/out/full/params/sweep/100286.json
sweep,sweep,100287,MAX_PULSES,MAX_PULSES,,-0.1704,,sim/out/host/grindsim --seed 100287 --scenario sim/mc/scenarios/sweep.json --params sim/mc/out/full/params/sweep/100287.json
sweep,sweep,100288,MAX_PULSES,MAX_PULSES,,-0.2682,,sim/out/host/grindsim --seed 100288 --scenario sim/mc/scenarios/sweep.json --params sim/mc/out/full/params/sweep/100288.json
sweep,sweep,100289,MAX_PULSES,MAX_PULSES,,-0.4876,,sim/out/host/grindsim --seed 100289 --scenario sim/mc/scenarios/sweep.json --params sim/mc/out/full/params/sweep/100289.json
sweep,sweep,100290,SUCCESS (true err > +0.03),SUCCESS,,0.0406,,sim/out/host/grindsim --seed 100290 --scenario sim/mc/scenarios/sweep.json --params sim/mc/out/full/params/sweep/100290.json
sweep,sweep,100291,MAX_PULSES,MAX_PULSES,,-0.2892,,sim/out/host/grindsim --seed 100291 --scenario sim/mc/scenarios/sweep.json --params sim/mc/out/full/params/sweep/100291.json
sweep,sweep,100292,MAX_PULSES,MAX_PULSES,,-0.1159,,sim/out/host/grindsim --seed 100292 --scenario sim/mc/scenarios/sweep.json --params sim/mc/out/full/params/sweep/100292.json
sweep,sweep,100293,MAX_PULSES,MAX_PULSES,,-0.2002,,sim/out/host/grindsim --seed 100293 --scenario sim/mc/scenarios/sweep.json --params sim/mc/out/full/params/sweep/100293.json
sweep,sweep,100294,MAX_PULSES,MAX_PULSES,,-0.1313,,sim/out/host/grindsim --seed 100294 --scenario sim/mc/scenarios/sweep.json --params sim/mc/out/full/params/sweep/100294.json
sweep,sweep,100295,MAX_PULSES,MAX_PULSES,,-0.4248,,sim/out/host/grindsim --seed 100295 --scenario sim/mc/scenarios/sweep.json --params sim/mc/out/full/params/sweep/100295.json
sweep,sweep,100296,MAX_PULSES,MAX_PULSES,,-0.2118,,sim/out/host/grindsim --seed 100296 --scenario sim/mc/scenarios/sweep.json --params sim/mc/out/full/params/sweep/100296.json
sweep,sweep,100297,SUCCESS (true err > +0.03),SUCCESS,,0.0305,,sim/out/host/grindsim --seed 100297 --scenario sim/mc/scenarios/sweep.json --params sim/mc/out/full/params/sweep/100297.json
sweep,sweep,100298,MAX_PULSES,MAX_PULSES,,-1.2794,,sim/out/host/grindsim --seed 100298 --scenario sim/mc/scenarios/sweep.json --params sim/mc/out/full/params/sweep/100298.json
sweep,sweep,100299,ERROR 'No beans?',ERROR,No beans?,-1.9516,,sim/out/host/grindsim --seed 100299 --scenario sim/mc/scenarios/sweep.json --params sim/mc/out/full/params/sweep/100299.json
sweep,sweep,100300,ERROR 'No beans?',ERROR,No beans?,-0.9149,,sim/out/host/grindsim --seed 100300 --scenario sim/mc/scenarios/sweep.json --params sim/mc/out/full/params/sweep/100300.json
sweep,sweep,100302,MAX_PULSES,MAX_PULSES,,-0.0676,,sim/out/host/grindsim --seed 100302 --scenario sim/mc/scenarios/sweep.json --params sim/mc/out/full/params/sweep/100302.json
sweep,sweep,100303,OVERSHOOT,OVERSHOOT,,0.1016,,sim/out/host/grindsim --seed 100303 --scenario sim/mc/scenarios/sweep.json --params sim/mc/out/full/params/sweep/100303.json
sweep,sweep,100304,MAX_PULSES,MAX_PULSES,,-0.3535,,sim/out/host/grindsim --seed 100304 --scenario sim/mc/scenarios/sweep.json --params sim/mc/out/full/params/sweep/100304.json
sweep,sweep,100305,OVERSHOOT,OVERSHOOT,,0.2139,,sim/out/host/grindsim --seed 100305 --scenario sim/mc/scenarios/sweep.json --params sim/mc/out/full/params/sweep/100305.json
sweep,sweep,100306,MAX_PULSES,MAX_PULSES,,-0.2306,,sim/out/host/grindsim --seed 100306 --scenario sim/mc/scenarios/sweep.json --params sim/mc/out/full/params/sweep/100306.json
sweep,sweep,100307,MAX_PULSES,MAX_PULSES,,-0.4385,,sim/out/host/grindsim --seed 100307 --scenario sim/mc/scenarios/sweep.json --params sim/mc/out/full/params/sweep/100307.json
sweep,sweep,100308,OVERSHOOT,OVERSHOOT,,0.1386,,sim/out/host/grindsim --seed 100308 --scenario sim/mc/scenarios/sweep.json --params sim/mc/out/full/params/sweep/100308.json
sweep,sweep,100309,ERROR 'No beans?',ERROR,No beans?,-0.6400,,sim/out/host/grindsim --seed 100309 --scenario sim/mc/scenarios/sweep.json --params sim/mc/out/full/params/sweep/100309.json
sweep,sweep,100310,MAX_PULSES,MAX_PULSES,,-0.1591,,sim/out/host/grindsim --seed 100310 --scenario sim/mc/scenarios/sweep.json --params sim/mc/out/full/params/sweep/100310.json
sweep,sweep,100311,MAX_PULSES,MAX_PULSES,,-0.2437,,sim/out/host/grindsim --seed 100311 --scenario sim/mc/scenarios/sweep.json --params sim/mc/out/full/params/sweep/100311.json
sweep,sweep,100312,ERROR 'No beans?',ERROR,No beans?,-0.9161,,sim/out/host/grindsim --seed 100312 --scenario sim/mc/scenarios/sweep.json --params sim/mc/out/full/params/sweep/100312.json
sweep,sweep,100313,OVERSHOOT,OVERSHOOT,,0.2794,,sim/out/host/grindsim --seed 100313 --scenario sim/mc/scenarios/sweep.json --params sim/mc/out/full/params/sweep/100313.json
sweep,sweep,100314,MAX_PULSES,MAX_PULSES,,-0.2095,,sim/out/host/grindsim --seed 100314 --scenario sim/mc/scenarios/sweep.json --params sim/mc/out/full/params/sweep/100314.json
sweep,sweep,100315,OVERSHOOT,OVERSHOOT,,0.3233,,sim/out/host/grindsim --seed 100315 --scenario sim/mc/scenarios/sweep.json --params sim/mc/out/full/params/sweep/100315.json
sweep,sweep,100317,ERROR 'No beans?',ERROR,No beans?,-0.9459,,sim/out/host/grindsim --seed 100317 --scenario sim/mc/scenarios/sweep.json --params sim/mc/out/full/params/sweep/100317.json
sweep,sweep,100318,OVERSHOOT,OVERSHOOT,,0.0444,,sim/out/host/grindsim --seed 100318 --scenario sim/mc/scenarios/sweep.json --params sim/mc/out/full/params/sweep/100318.json
sweep,sweep,100319,MAX_PULSES,MAX_PULSES,,-0.9138,,sim/out/host/grindsim --seed 100319 --scenario sim/mc/scenarios/sweep.json --params sim/mc/out/full/params/sweep/100319.json
sweep,sweep,100320,MAX_PULSES,MAX_PULSES,,-0.0326,,sim/out/host/grindsim --seed 100320 --scenario sim/mc/scenarios/sweep.json --params sim/mc/out/full/params/sweep/100320.json
sweep,sweep,100321,MAX_PULSES,MAX_PULSES,,-0.2031,,sim/out/host/grindsim --seed 100321 --scenario sim/mc/scenarios/sweep.json --params sim/mc/out/full/params/sweep/100321.json
sweep,sweep,100322,MAX_PULSES,MAX_PULSES,,-0.2834,,sim/out/host/grindsim --seed 100322 --scenario sim/mc/scenarios/sweep.json --params sim/mc/out/full/params/sweep/100322.json
sweep,sweep,100323,OVERSHOOT,OVERSHOOT,,0.0652,,sim/out/host/grindsim --seed 100323 --scenario sim/mc/scenarios/sweep.json --params sim/mc/out/full/params/sweep/100323.json
sweep,sweep,100324,MAX_PULSES,MAX_PULSES,,-0.1959,,sim/out/host/grindsim --seed 100324 --scenario sim/mc/scenarios/sweep.json --params sim/mc/out/full/params/sweep/100324.json
sweep,sweep,100325,MAX_PULSES,MAX_PULSES,,-0.0946,,sim/out/host/grindsim --seed 100325 --scenario sim/mc/scenarios/sweep.json --params sim/mc/out/full/params/sweep/100325.json
sweep,sweep,100326,MAX_PULSES,MAX_PULSES,,-0.1468,,sim/out/host/grindsim --seed 100326 --scenario sim/mc/scenarios/sweep.json --params sim/mc/out/full/params/sweep/100326.json
sweep,sweep,100327,MAX_PULSES,MAX_PULSES,,-0.0477,,sim/out/host/grindsim --seed 100327 --scenario sim/mc/scenarios/sweep.json --params sim/mc/out/full/params/sweep/100327.json
sweep,sweep,100328,MAX_PULSES,MAX_PULSES,,-0.3329,,sim/out/host/grindsim --seed 100328 --scenario sim/mc/scenarios/sweep.json --params sim/mc/out/full/params/sweep/100328.json
sweep,sweep,100329,ERROR 'No beans?',ERROR,No beans?,-2.3089,,sim/out/host/grindsim --seed 100329 --scenario sim/mc/scenarios/sweep.json --params sim/mc/out/full/params/sweep/100329.json
sweep,sweep,100330,MAX_PULSES,MAX_PULSES,,-1.0557,,sim/out/host/grindsim --seed 100330 --scenario sim/mc/scenarios/sweep.json --params sim/mc/out/full/params/sweep/100330.json
sweep,sweep,100331,OVERSHOOT,OVERSHOOT,,0.9215,,sim/out/host/grindsim --seed 100331 --scenario sim/mc/scenarios/sweep.json --params sim/mc/out/full/params/sweep/100331.json
sweep,sweep,100332,SUCCESS (true err < -0.03),SUCCESS,,-0.1391,,sim/out/host/grindsim --seed 100332 --scenario sim/mc/scenarios/sweep.json --params sim/mc/out/full/params/sweep/100332.json
sweep,sweep,100333,MAX_PULSES,MAX_PULSES,,-0.1527,,sim/out/host/grindsim --seed 100333 --scenario sim/mc/scenarios/sweep.json --params sim/mc/out/full/params/sweep/100333.json
sweep,sweep,100334,MAX_PULSES,MAX_PULSES,,-0.4894,,sim/out/host/grindsim --seed 100334 --scenario sim/mc/scenarios/sweep.json --params sim/mc/out/full/params/sweep/100334.json
sweep,sweep,100335,MAX_PULSES,MAX_PULSES,,-0.2155,,sim/out/host/grindsim --seed 100335 --scenario sim/mc/scenarios/sweep.json --params sim/mc/out/full/params/sweep/100335.json
sweep,sweep,100336,MAX_PULSES,MAX_PULSES,,0.0106,,sim/out/host/grindsim --seed 100336 --scenario sim/mc/scenarios/sweep.json --params sim/mc/out/full/params/sweep/100336.json
sweep,sweep,100337,ERROR 'No beans?',ERROR,No beans?,-0.7310,,sim/out/host/grindsim --seed 100337 --scenario sim/mc/scenarios/sweep.json --params sim/mc/out/full/params/sweep/100337.json
sweep,sweep,100338,MAX_PULSES,MAX_PULSES,,-0.2073,,sim/out/host/grindsim --seed 100338 --scenario sim/mc/scenarios/sweep.json --params sim/mc/out/full/params/sweep/100338.json
sweep,sweep,100339,OVERSHOOT,OVERSHOOT,,0.7906,,sim/out/host/grindsim --seed 100339 --scenario sim/mc/scenarios/sweep.json --params sim/mc/out/full/params/sweep/100339.json
sweep,sweep,100340,ERROR 'No beans?',ERROR,No beans?,-1.3666,,sim/out/host/grindsim --seed 100340 --scenario sim/mc/scenarios/sweep.json --params sim/mc/out/full/params/sweep/100340.json
sweep,sweep,100341,ERROR 'No beans?',ERROR,No beans?,-0.8288,,sim/out/host/grindsim --seed 100341 --scenario sim/mc/scenarios/sweep.json --params sim/mc/out/full/params/sweep/100341.json
sweep,sweep,100342,SUCCESS (true err < -0.03),SUCCESS,,-0.1256,,sim/out/host/grindsim --seed 100342 --scenario sim/mc/scenarios/sweep.json --params sim/mc/out/full/params/sweep/100342.json
sweep,sweep,100343,MAX_PULSES,MAX_PULSES,,-0.3582,,sim/out/host/grindsim --seed 100343 --scenario sim/mc/scenarios/sweep.json --params sim/mc/out/full/params/sweep/100343.json
sweep,sweep,100344,ERROR 'No beans?',ERROR,No beans?,-1.5840,,sim/out/host/grindsim --seed 100344 --scenario sim/mc/scenarios/sweep.json --params sim/mc/out/full/params/sweep/100344.json
sweep,sweep,100345,MAX_PULSES,MAX_PULSES,,-0.2575,,sim/out/host/grindsim --seed 100345 --scenario sim/mc/scenarios/sweep.json --params sim/mc/out/full/params/sweep/100345.json
sweep,sweep,100346,MAX_PULSES,MAX_PULSES,,-0.8805,,sim/out/host/grindsim --seed 100346 --scenario sim/mc/scenarios/sweep.json --params sim/mc/out/full/params/sweep/100346.json
sweep,sweep,100347,MAX_PULSES,MAX_PULSES,,-0.1066,,sim/out/host/grindsim --seed 100347 --scenario sim/mc/scenarios/sweep.json --params sim/mc/out/full/params/sweep/100347.json
sweep,sweep,100348,MAX_PULSES,MAX_PULSES,,-0.1114,,sim/out/host/grindsim --seed 100348 --scenario sim/mc/scenarios/sweep.json --params sim/mc/out/full/params/sweep/100348.json
sweep,sweep,100349,MAX_PULSES,MAX_PULSES,,-0.6561,,sim/out/host/grindsim --seed 100349 --scenario sim/mc/scenarios/sweep.json --params sim/mc/out/full/params/sweep/100349.json
sweep,sweep,100350,ERROR 'No beans?',ERROR,No beans?,-2.0975,,sim/out/host/grindsim --seed 100350 --scenario sim/mc/scenarios/sweep.json --params sim/mc/out/full/params/sweep/100350.json
sweep,sweep,100352,OVERSHOOT,OVERSHOOT,,0.2609,,sim/out/host/grindsim --seed 100352 --scenario sim/mc/scenarios/sweep.json --params sim/mc/out/full/params/sweep/100352.json
sweep,sweep,100353,ERROR 'No beans?',ERROR,No beans?,-0.8982,,sim/out/host/grindsim --seed 100353 --scenario sim/mc/scenarios/sweep.json --params sim/mc/out/full/params/sweep/100353.json
sweep,sweep,100354,OVERSHOOT,OVERSHOOT,,0.4037,,sim/out/host/grindsim --seed 100354 --scenario sim/mc/scenarios/sweep.json --params sim/mc/out/full/params/sweep/100354.json
sweep,sweep,100355,MAX_PULSES,MAX_PULSES,,-0.2234,,sim/out/host/grindsim --seed 100355 --scenario sim/mc/scenarios/sweep.json --params sim/mc/out/full/params/sweep/100355.json
sweep,sweep,100356,MAX_PULSES,MAX_PULSES,,-0.4163,,sim/out/host/grindsim --seed 100356 --scenario sim/mc/scenarios/sweep.json --params sim/mc/out/full/params/sweep/100356.json
sweep,sweep,100357,SUCCESS (true err < -0.03),SUCCESS,,-0.0365,,sim/out/host/grindsim --seed 100357 --scenario sim/mc/scenarios/sweep.json --params sim/mc/out/full/params/sweep/100357.json
sweep,sweep,100358,MAX_PULSES,MAX_PULSES,,-0.3645,,sim/out/host/grindsim --seed 100358 --scenario sim/mc/scenarios/sweep.json --params sim/mc/out/full/params/sweep/100358.json
sweep,sweep,100359,ERROR 'No beans?',ERROR,No beans?,-2.5852,,sim/out/host/grindsim --seed 100359 --scenario sim/mc/scenarios/sweep.json --params sim/mc/out/full/params/sweep/100359.json
sweep,sweep,100361,MAX_PULSES,MAX_PULSES,,-0.1051,,sim/out/host/grindsim --seed 100361 --scenario sim/mc/scenarios/sweep.json --params sim/mc/out/full/params/sweep/100361.json
sweep,sweep,100363,MAX_PULSES,MAX_PULSES,,-0.1240,,sim/out/host/grindsim --seed 100363 --scenario sim/mc/scenarios/sweep.json --params sim/mc/out/full/params/sweep/100363.json
sweep,sweep,100365,MAX_PULSES,MAX_PULSES,,-0.2367,,sim/out/host/grindsim --seed 100365 --scenario sim/mc/scenarios/sweep.json --params sim/mc/out/full/params/sweep/100365.json
sweep,sweep,100366,MAX_PULSES,MAX_PULSES,,-0.1850,,sim/out/host/grindsim --seed 100366 --scenario sim/mc/scenarios/sweep.json --params sim/mc/out/full/params/sweep/100366.json
sweep,sweep,100367,MAX_PULSES,MAX_PULSES,,-0.1072,,sim/out/host/grindsim --seed 100367 --scenario sim/mc/scenarios/sweep.json --params sim/mc/out/full/params/sweep/100367.json
sweep,sweep,100368,ERROR 'No beans?',ERROR,No beans?,-2.4699,,sim/out/host/grindsim --seed 100368 --scenario sim/mc/scenarios/sweep.json --params sim/mc/out/full/params/sweep/100368.json
sweep,sweep,100369,MAX_PULSES,MAX_PULSES,,-0.3905,,sim/out/host/grindsim --seed 100369 --scenario sim/mc/scenarios/sweep.json --params sim/mc/out/full/params/sweep/100369.json
sweep,sweep,100370,MAX_PULSES,MAX_PULSES,,-0.1683,,sim/out/host/grindsim --seed 100370 --scenario sim/mc/scenarios/sweep.json --params sim/mc/out/full/params/sweep/100370.json
sweep,sweep,100371,MAX_PULSES,MAX_PULSES,,-0.2174,,sim/out/host/grindsim --seed 100371 --scenario sim/mc/scenarios/sweep.json --params sim/mc/out/full/params/sweep/100371.json
sweep,sweep,100372,MAX_PULSES,MAX_PULSES,,-0.5570,,sim/out/host/grindsim --seed 100372 --scenario sim/mc/scenarios/sweep.json --params sim/mc/out/full/params/sweep/100372.json
sweep,sweep,100373,SUCCESS (true err < -0.03),SUCCESS,,-0.2051,,sim/out/host/grindsim --seed 100373 --scenario sim/mc/scenarios/sweep.json --params sim/mc/out/full/params/sweep/100373.json
sweep,sweep,100374,MAX_PULSES,MAX_PULSES,,-0.1949,,sim/out/host/grindsim --seed 100374 --scenario sim/mc/scenarios/sweep.json --params sim/mc/out/full/params/sweep/100374.json
sweep,sweep,100375,MAX_PULSES,MAX_PULSES,,-0.2639,,sim/out/host/grindsim --seed 100375 --scenario sim/mc/scenarios/sweep.json --params sim/mc/out/full/params/sweep/100375.json
sweep,sweep,100376,MAX_PULSES,MAX_PULSES,,-0.4838,,sim/out/host/grindsim --seed 100376 --scenario sim/mc/scenarios/sweep.json --params sim/mc/out/full/params/sweep/100376.json
sweep,sweep,100377,MAX_PULSES,MAX_PULSES,,-0.3376,,sim/out/host/grindsim --seed 100377 --scenario sim/mc/scenarios/sweep.json --params sim/mc/out/full/params/sweep/100377.json
sweep,sweep,100378,MAX_PULSES,MAX_PULSES,,-0.1247,,sim/out/host/grindsim --seed 100378 --scenario sim/mc/scenarios/sweep.json --params sim/mc/out/full/params/sweep/100378.json
sweep,sweep,100379,ERROR 'No beans?',ERROR,No beans?,-1.3786,,sim/out/host/grindsim --seed 100379 --scenario sim/mc/scenarios/sweep.json --params sim/mc/out/full/params/sweep/100379.json
sweep,sweep,100380,MAX_PULSES,MAX_PULSES,,-0.1805,,sim/out/host/grindsim --seed 100380 --scenario sim/mc/scenarios/sweep.json --params sim/mc/out/full/params/sweep/100380.json
sweep,sweep,100381,MAX_PULSES,MAX_PULSES,,-0.1916,,sim/out/host/grindsim --seed 100381 --scenario sim/mc/scenarios/sweep.json --params sim/mc/out/full/params/sweep/100381.json
sweep,sweep,100382,OVERSHOOT,OVERSHOOT,,0.2508,,sim/out/host/grindsim --seed 100382 --scenario sim/mc/scenarios/sweep.json --params sim/mc/out/full/params/sweep/100382.json
sweep,sweep,100384,SUCCESS (true err < -0.03),SUCCESS,,-0.0728,,sim/out/host/grindsim --seed 100384 --scenario sim/mc/scenarios/sweep.json --params sim/mc/out/full/params/sweep/100384.json
sweep,sweep,100385,MAX_PULSES,MAX_PULSES,,-0.1265,,sim/out/host/grindsim --seed 100385 --scenario sim/mc/scenarios/sweep.json --params sim/mc/out/full/params/sweep/100385.json
sweep,sweep,100386,OVERSHOOT,OVERSHOOT,,0.0635,,sim/out/host/grindsim --seed 100386 --scenario sim/mc/scenarios/sweep.json --params sim/mc/out/full/params/sweep/100386.json
sweep,sweep,100387,TIMEOUT 'Timeout:PULS',TIMEOUT,Timeout:PULS,-0.0705,,sim/out/host/grindsim --seed 100387 --scenario sim/mc/scenarios/sweep.json --params sim/mc/out/full/params/sweep/100387.json
sweep,sweep,100388,ERROR 'No beans?',ERROR,No beans?,-0.7084,,sim/out/host/grindsim --seed 100388 --scenario sim/mc/scenarios/sweep.json --params sim/mc/out/full/params/sweep/100388.json
sweep,sweep,100389,MAX_PULSES,MAX_PULSES,,-0.3090,,sim/out/host/grindsim --seed 100389 --scenario sim/mc/scenarios/sweep.json --params sim/mc/out/full/params/sweep/100389.json
sweep,sweep,100390,OVERSHOOT,OVERSHOOT,,0.3807,,sim/out/host/grindsim --seed 100390 --scenario sim/mc/scenarios/sweep.json --params sim/mc/out/full/params/sweep/100390.json
sweep,sweep,100392,MAX_PULSES,MAX_PULSES,,-0.6976,,sim/out/host/grindsim --seed 100392 --scenario sim/mc/scenarios/sweep.json --params sim/mc/out/full/params/sweep/100392.json
sweep,sweep,100393,SUCCESS (true err < -0.03),SUCCESS,,-0.1656,,sim/out/host/grindsim --seed 100393 --scenario sim/mc/scenarios/sweep.json --params sim/mc/out/full/params/sweep/100393.json
sweep,sweep,100394,MAX_PULSES,MAX_PULSES,,-0.1430,,sim/out/host/grindsim --seed 100394 --scenario sim/mc/scenarios/sweep.json --params sim/mc/out/full/params/sweep/100394.json
sweep,sweep,100395,MAX_PULSES,MAX_PULSES,,-0.2565,,sim/out/host/grindsim --seed 100395 --scenario sim/mc/scenarios/sweep.json --params sim/mc/out/full/params/sweep/100395.json
sweep,sweep,100396,MAX_PULSES,MAX_PULSES,,-0.4681,,sim/out/host/grindsim --seed 100396 --scenario sim/mc/scenarios/sweep.json --params sim/mc/out/full/params/sweep/100396.json
sweep,sweep,100397,ERROR 'No beans?',ERROR,No beans?,-1.6617,,sim/out/host/grindsim --seed 100397 --scenario sim/mc/scenarios/sweep.json --params sim/mc/out/full/params/sweep/100397.json
sweep,sweep,100398,MAX_PULSES,MAX_PULSES,,-0.1686,,sim/out/host/grindsim --seed 100398 --scenario sim/mc/scenarios/sweep.json --params sim/mc/out/full/params/sweep/100398.json
sweep,sweep,100399,MAX_PULSES,MAX_PULSES,,-0.0419,,sim/out/host/grindsim --seed 100399 --scenario sim/mc/scenarios/sweep.json --params sim/mc/out/full/params/sweep/100399.json
sweep,sweep,100400,MAX_PULSES,MAX_PULSES,,-0.3711,,sim/out/host/grindsim --seed 100400 --scenario sim/mc/scenarios/sweep.json --params sim/mc/out/full/params/sweep/100400.json
sweep,sweep,100401,MAX_PULSES,MAX_PULSES,,-0.2778,,sim/out/host/grindsim --seed 100401 --scenario sim/mc/scenarios/sweep.json --params sim/mc/out/full/params/sweep/100401.json
sweep,sweep,100402,OVERSHOOT,OVERSHOOT,,0.1358,,sim/out/host/grindsim --seed 100402 --scenario sim/mc/scenarios/sweep.json --params sim/mc/out/full/params/sweep/100402.json
sweep,sweep,100403,MAX_PULSES,MAX_PULSES,,-0.2064,,sim/out/host/grindsim --seed 100403 --scenario sim/mc/scenarios/sweep.json --params sim/mc/out/full/params/sweep/100403.json
sweep,sweep,100404,ERROR 'No beans?',ERROR,No beans?,-1.0830,,sim/out/host/grindsim --seed 100404 --scenario sim/mc/scenarios/sweep.json --params sim/mc/out/full/params/sweep/100404.json
sweep,sweep,100405,SUCCESS (true err < -0.03),SUCCESS,,-0.0314,,sim/out/host/grindsim --seed 100405 --scenario sim/mc/scenarios/sweep.json --params sim/mc/out/full/params/sweep/100405.json
sweep,sweep,100406,MAX_PULSES,MAX_PULSES,,-0.1247,,sim/out/host/grindsim --seed 100406 --scenario sim/mc/scenarios/sweep.json --params sim/mc/out/full/params/sweep/100406.json
sweep,sweep,100407,MAX_PULSES,MAX_PULSES,,-0.1405,,sim/out/host/grindsim --seed 100407 --scenario sim/mc/scenarios/sweep.json --params sim/mc/out/full/params/sweep/100407.json
sweep,sweep,100408,ERROR 'No beans?',ERROR,No beans?,-0.5805,,sim/out/host/grindsim --seed 100408 --scenario sim/mc/scenarios/sweep.json --params sim/mc/out/full/params/sweep/100408.json
sweep,sweep,100409,ERROR 'No beans?',ERROR,No beans?,-2.7168,,sim/out/host/grindsim --seed 100409 --scenario sim/mc/scenarios/sweep.json --params sim/mc/out/full/params/sweep/100409.json
sweep,sweep,100410,MAX_PULSES,MAX_PULSES,,-0.3607,,sim/out/host/grindsim --seed 100410 --scenario sim/mc/scenarios/sweep.json --params sim/mc/out/full/params/sweep/100410.json
sweep,sweep,100411,MAX_PULSES,MAX_PULSES,,-0.1222,,sim/out/host/grindsim --seed 100411 --scenario sim/mc/scenarios/sweep.json --params sim/mc/out/full/params/sweep/100411.json
sweep,sweep,100412,MAX_PULSES,MAX_PULSES,,-0.1092,,sim/out/host/grindsim --seed 100412 --scenario sim/mc/scenarios/sweep.json --params sim/mc/out/full/params/sweep/100412.json
sweep,sweep,100413,ERROR 'No beans?',ERROR,No beans?,-2.1373,,sim/out/host/grindsim --seed 100413 --scenario sim/mc/scenarios/sweep.json --params sim/mc/out/full/params/sweep/100413.json
sweep,sweep,100414,MAX_PULSES,MAX_PULSES,,0.0138,,sim/out/host/grindsim --seed 100414 --scenario sim/mc/scenarios/sweep.json --params sim/mc/out/full/params/sweep/100414.json
sweep,sweep,100415,MAX_PULSES,MAX_PULSES,,-1.4184,,sim/out/host/grindsim --seed 100415 --scenario sim/mc/scenarios/sweep.json --params sim/mc/out/full/params/sweep/100415.json
sweep,sweep,100416,MAX_PULSES,MAX_PULSES,,-0.0363,,sim/out/host/grindsim --seed 100416 --scenario sim/mc/scenarios/sweep.json --params sim/mc/out/full/params/sweep/100416.json
sweep,sweep,100417,OVERSHOOT,OVERSHOOT,,0.1711,,sim/out/host/grindsim --seed 100417 --scenario sim/mc/scenarios/sweep.json --params sim/mc/out/full/params/sweep/100417.json
sweep,sweep,100418,OVERSHOOT,OVERSHOOT,,0.4865,,sim/out/host/grindsim --seed 100418 --scenario sim/mc/scenarios/sweep.json --params sim/mc/out/full/params/sweep/100418.json
sweep,sweep,100419,MAX_PULSES,MAX_PULSES,,-0.2680,,sim/out/host/grindsim --seed 100419 --scenario sim/mc/scenarios/sweep.json --params sim/mc/out/full/params/sweep/100419.json
sweep,sweep,100420,MAX_PULSES,MAX_PULSES,,-0.1991,,sim/out/host/grindsim --seed 100420 --scenario sim/mc/scenarios/sweep.json --params sim/mc/out/full/params/sweep/100420.json
sweep,sweep,100421,SUCCESS (true err > +0.03),SUCCESS,,0.0452,,sim/out/host/grindsim --seed 100421 --scenario sim/mc/scenarios/sweep.json --params sim/mc/out/full/params/sweep/100421.json
sweep,sweep,100422,OVERSHOOT,OVERSHOOT,,1.3095,,sim/out/host/grindsim --seed 100422 --scenario sim/mc/scenarios/sweep.json --params sim/mc/out/full/params/sweep/100422.json
sweep,sweep,100424,MAX_PULSES,MAX_PULSES,,-0.1254,,sim/out/host/grindsim --seed 100424 --scenario sim/mc/scenarios/sweep.json --params sim/mc/out/full/params/sweep/100424.json
sweep,sweep,100425,MAX_PULSES,MAX_PULSES,,-0.4065,,sim/out/host/grindsim --seed 100425 --scenario sim/mc/scenarios/sweep.json --params sim/mc/out/full/params/sweep/100425.json
sweep,sweep,100426,ERROR 'No beans?',ERROR,No beans?,-1.6864,,sim/out/host/grindsim --seed 100426 --scenario sim/mc/scenarios/sweep.json --params sim/mc/out/full/params/sweep/100426.json
sweep,sweep,100427,OVERSHOOT,OVERSHOOT,,0.0417,,sim/out/host/grindsim --seed 100427 --scenario sim/mc/scenarios/sweep.json --params sim/mc/out/full/params/sweep/100427.json
sweep,sweep,100428,SUCCESS (true err < -0.03),SUCCESS,,-0.0322,,sim/out/host/grindsim --seed 100428 --scenario sim/mc/scenarios/sweep.json --params sim/mc/out/full/params/sweep/100428.json
sweep,sweep,100429,MAX_PULSES,MAX_PULSES,,-0.1082,,sim/out/host/grindsim --seed 100429 --scenario sim/mc/scenarios/sweep.json --params sim/mc/out/full/params/sweep/100429.json
sweep,sweep,100430,ERROR 'No beans?',ERROR,No beans?,-1.5395,,sim/out/host/grindsim --seed 100430 --scenario sim/mc/scenarios/sweep.json --params sim/mc/out/full/params/sweep/100430.json
sweep,sweep,100431,MAX_PULSES,MAX_PULSES,,-0.1080,,sim/out/host/grindsim --seed 100431 --scenario sim/mc/scenarios/sweep.json --params sim/mc/out/full/params/sweep/100431.json
sweep,sweep,100432,SUCCESS (true err > +0.03),SUCCESS,,0.0313,,sim/out/host/grindsim --seed 100432 --scenario sim/mc/scenarios/sweep.json --params sim/mc/out/full/params/sweep/100432.json
sweep,sweep,100433,MAX_PULSES,MAX_PULSES,,-0.0582,,sim/out/host/grindsim --seed 100433 --scenario sim/mc/scenarios/sweep.json --params sim/mc/out/full/params/sweep/100433.json
sweep,sweep,100434,MAX_PULSES,MAX_PULSES,,-0.1768,,sim/out/host/grindsim --seed 100434 --scenario sim/mc/scenarios/sweep.json --params sim/mc/out/full/params/sweep/100434.json
sweep,sweep,100435,MAX_PULSES,MAX_PULSES,,-0.1304,,sim/out/host/grindsim --seed 100435 --scenario sim/mc/scenarios/sweep.json --params sim/mc/out/full/params/sweep/100435.json
sweep,sweep,100436,MAX_PULSES,MAX_PULSES,,-0.1531,,sim/out/host/grindsim --seed 100436 --scenario sim/mc/scenarios/sweep.json --params sim/mc/out/full/params/sweep/100436.json
sweep,sweep,100437,MAX_PULSES,MAX_PULSES,,-0.2180,,sim/out/host/grindsim --seed 100437 --scenario sim/mc/scenarios/sweep.json --params sim/mc/out/full/params/sweep/100437.json
sweep,sweep,100439,MAX_PULSES,MAX_PULSES,,-0.1288,,sim/out/host/grindsim --seed 100439 --scenario sim/mc/scenarios/sweep.json --params sim/mc/out/full/params/sweep/100439.json
sweep,sweep,100440,OVERSHOOT,OVERSHOOT,,0.1056,,sim/out/host/grindsim --seed 100440 --scenario sim/mc/scenarios/sweep.json --params sim/mc/out/full/params/sweep/100440.json
sweep,sweep,100441,MAX_PULSES,MAX_PULSES,,-0.1544,,sim/out/host/grindsim --seed 100441 --scenario sim/mc/scenarios/sweep.json --params sim/mc/out/full/params/sweep/100441.json
sweep,sweep,100442,MAX_PULSES,MAX_PULSES,,-0.0910,,sim/out/host/grindsim --seed 100442 --scenario sim/mc/scenarios/sweep.json --params sim/mc/out/full/params/sweep/100442.json
sweep,sweep,100443,MAX_PULSES,MAX_PULSES,,-0.6362,,sim/out/host/grindsim --seed 100443 --scenario sim/mc/scenarios/sweep.json --params sim/mc/out/full/params/sweep/100443.json
sweep,sweep,100444,ERROR 'No beans?',ERROR,No beans?,-0.9979,,sim/out/host/grindsim --seed 100444 --scenario sim/mc/scenarios/sweep.json --params sim/mc/out/full/params/sweep/100444.json
sweep,sweep,100445,SUCCESS (true err < -0.03),SUCCESS,,-0.0890,,sim/out/host/grindsim --seed 100445 --scenario sim/mc/scenarios/sweep.json --params sim/mc/out/full/params/sweep/100445.json
sweep,sweep,100446,MAX_PULSES,MAX_PULSES,,-0.2361,,sim/out/host/grindsim --seed 100446 --scenario sim/mc/scenarios/sweep.json --params sim/mc/out/full/params/sweep/100446.json
sweep,sweep,100447,MAX_PULSES,MAX_PULSES,,-0.1296,,sim/out/host/grindsim --seed 100447 --scenario sim/mc/scenarios/sweep.json --params sim/mc/out/full/params/sweep/100447.json
sweep,sweep,100448,ERROR 'No beans?',ERROR,No beans?,-1.7154,,sim/out/host/grindsim --seed 100448 --scenario sim/mc/scenarios/sweep.json --params sim/mc/out/full/params/sweep/100448.json
sweep,sweep,100449,ERROR 'No beans?',ERROR,No beans?,-1.4701,,sim/out/host/grindsim --seed 100449 --scenario sim/mc/scenarios/sweep.json --params sim/mc/out/full/params/sweep/100449.json
sweep,sweep,100450,MAX_PULSES,MAX_PULSES,,-0.6505,,sim/out/host/grindsim --seed 100450 --scenario sim/mc/scenarios/sweep.json --params sim/mc/out/full/params/sweep/100450.json
sweep,sweep,100451,SUCCESS (true err < -0.03),SUCCESS,,-0.1190,,sim/out/host/grindsim --seed 100451 --scenario sim/mc/scenarios/sweep.json --params sim/mc/out/full/params/sweep/100451.json
sweep,sweep,100452,MAX_PULSES,MAX_PULSES,,-0.1455,,sim/out/host/grindsim --seed 100452 --scenario sim/mc/scenarios/sweep.json --params sim/mc/out/full/params/sweep/100452.json
sweep,sweep,100453,ERROR 'No beans?',ERROR,No beans?,-1.1124,,sim/out/host/grindsim --seed 100453 --scenario sim/mc/scenarios/sweep.json --params sim/mc/out/full/params/sweep/100453.json
sweep,sweep,100454,MAX_PULSES,MAX_PULSES,,-0.2052,,sim/out/host/grindsim --seed 100454 --scenario sim/mc/scenarios/sweep.json --params sim/mc/out/full/params/sweep/100454.json
sweep,sweep,100455,MAX_PULSES,MAX_PULSES,,-0.0363,,sim/out/host/grindsim --seed 100455 --scenario sim/mc/scenarios/sweep.json --params sim/mc/out/full/params/sweep/100455.json
sweep,sweep,100457,OVERSHOOT,OVERSHOOT,,0.0509,,sim/out/host/grindsim --seed 100457 --scenario sim/mc/scenarios/sweep.json --params sim/mc/out/full/params/sweep/100457.json
sweep,sweep,100458,OVERSHOOT,OVERSHOOT,,0.0612,,sim/out/host/grindsim --seed 100458 --scenario sim/mc/scenarios/sweep.json --params sim/mc/out/full/params/sweep/100458.json
sweep,sweep,100459,MAX_PULSES,MAX_PULSES,,-0.2066,,sim/out/host/grindsim --seed 100459 --scenario sim/mc/scenarios/sweep.json --params sim/mc/out/full/params/sweep/100459.json
sweep,sweep,100460,MAX_PULSES,MAX_PULSES,,-1.0944,,sim/out/host/grindsim --seed 100460 --scenario sim/mc/scenarios/sweep.json --params sim/mc/out/full/params/sweep/100460.json
sweep,sweep,100461,MAX_PULSES,MAX_PULSES,,-2.1753,,sim/out/host/grindsim --seed 100461 --scenario sim/mc/scenarios/sweep.json --params sim/mc/out/full/params/sweep/100461.json
sweep,sweep,100462,MAX_PULSES,MAX_PULSES,,-0.1173,,sim/out/host/grindsim --seed 100462 --scenario sim/mc/scenarios/sweep.json --params sim/mc/out/full/params/sweep/100462.json
sweep,sweep,100463,ERROR 'No beans?',ERROR,No beans?,-0.6383,,sim/out/host/grindsim --seed 100463 --scenario sim/mc/scenarios/sweep.json --params sim/mc/out/full/params/sweep/100463.json
sweep,sweep,100464,MAX_PULSES,MAX_PULSES,,-0.3276,,sim/out/host/grindsim --seed 100464 --scenario sim/mc/scenarios/sweep.json --params sim/mc/out/full/params/sweep/100464.json
sweep,sweep,100465,SUCCESS (true err < -0.03),SUCCESS,,-0.0986,,sim/out/host/grindsim --seed 100465 --scenario sim/mc/scenarios/sweep.json --params sim/mc/out/full/params/sweep/100465.json
sweep,sweep,100466,MAX_PULSES,MAX_PULSES,,-0.8533,,sim/out/host/grindsim --seed 100466 --scenario sim/mc/scenarios/sweep.json --params sim/mc/out/full/params/sweep/100466.json
sweep,sweep,100467,OVERSHOOT,OVERSHOOT,,0.1400,,sim/out/host/grindsim --seed 100467 --scenario sim/mc/scenarios/sweep.json --params sim/mc/out/full/params/sweep/100467.json
sweep,sweep,100468,ERROR 'No beans?',ERROR,No beans?,-1.2619,,sim/out/host/grindsim --seed 100468 --scenario sim/mc/scenarios/sweep.json --params sim/mc/out/full/params/sweep/100468.json
sweep,sweep,100469,MAX_PULSES,MAX_PULSES,,0.0020,,sim/out/host/grindsim --seed 100469 --scenario sim/mc/scenarios/sweep.json --params sim/mc/out/full/params/sweep/100469.json
sweep,sweep,100470,MAX_PULSES,MAX_PULSES,,-0.8946,,sim/out/host/grindsim --seed 100470 --scenario sim/mc/scenarios/sweep.json --params sim/mc/out/full/params/sweep/100470.json
sweep,sweep,100471,MAX_PULSES,MAX_PULSES,,-0.2623,,sim/out/host/grindsim --seed 100471 --scenario sim/mc/scenarios/sweep.json --params sim/mc/out/full/params/sweep/100471.json
sweep,sweep,100472,SUCCESS (true err < -0.03),SUCCESS,,-0.0409,,sim/out/host/grindsim --seed 100472 --scenario sim/mc/scenarios/sweep.json --params sim/mc/out/full/params/sweep/100472.json
sweep,sweep,100473,SUCCESS (true err < -0.03),SUCCESS,,-0.0590,,sim/out/host/grindsim --seed 100473 --scenario sim/mc/scenarios/sweep.json --params sim/mc/out/full/params/sweep/100473.json
sweep,sweep,100474,ERROR 'No beans?',ERROR,No beans?,-2.1081,,sim/out/host/grindsim --seed 100474 --scenario sim/mc/scenarios/sweep.json --params sim/mc/out/full/params/sweep/100474.json
sweep,sweep,100475,MAX_PULSES,MAX_PULSES,,-0.6599,,sim/out/host/grindsim --seed 100475 --scenario sim/mc/scenarios/sweep.json --params sim/mc/out/full/params/sweep/100475.json
sweep,sweep,100477,MAX_PULSES,MAX_PULSES,,-0.1938,,sim/out/host/grindsim --seed 100477 --scenario sim/mc/scenarios/sweep.json --params sim/mc/out/full/params/sweep/100477.json
sweep,sweep,100478,SUCCESS (true err < -0.03),SUCCESS,,-0.0414,,sim/out/host/grindsim --seed 100478 --scenario sim/mc/scenarios/sweep.json --params sim/mc/out/full/params/sweep/100478.json
sweep,sweep,100479,MAX_PULSES,MAX_PULSES,,-0.5082,,sim/out/host/grindsim --seed 100479 --scenario sim/mc/scenarios/sweep.json --params sim/mc/out/full/params/sweep/100479.json
sweep,sweep,100480,MAX_PULSES,MAX_PULSES,,-0.0558,,sim/out/host/grindsim --seed 100480 --scenario sim/mc/scenarios/sweep.json --params sim/mc/out/full/params/sweep/100480.json
sweep,sweep,100481,ERROR 'No beans?',ERROR,No beans?,-1.1423,,sim/out/host/grindsim --seed 100481 --scenario sim/mc/scenarios/sweep.json --params sim/mc/out/full/params/sweep/100481.json
sweep,sweep,100482,MAX_PULSES,MAX_PULSES,,-0.4585,,sim/out/host/grindsim --seed 100482 --scenario sim/mc/scenarios/sweep.json --params sim/mc/out/full/params/sweep/100482.json
sweep,sweep,100483,ERROR 'No beans?',ERROR,No beans?,-0.4880,,sim/out/host/grindsim --seed 100483 --scenario sim/mc/scenarios/sweep.json --params sim/mc/out/full/params/sweep/100483.json
sweep,sweep,100484,OVERSHOOT,OVERSHOOT,,-0.0409,,sim/out/host/grindsim --seed 100484 --scenario sim/mc/scenarios/sweep.json --params sim/mc/out/full/params/sweep/100484.json
sweep,sweep,100485,ERROR 'No beans?',ERROR,No beans?,-0.8801,,sim/out/host/grindsim --seed 100485 --scenario sim/mc/scenarios/sweep.json --params sim/mc/out/full/params/sweep/100485.json
sweep,sweep,100486,MAX_PULSES,MAX_PULSES,,-0.4531,,sim/out/host/grindsim --seed 100486 --scenario sim/mc/scenarios/sweep.json --params sim/mc/out/full/params/sweep/100486.json
sweep,sweep,100487,MAX_PULSES,MAX_PULSES,,-0.1691,,sim/out/host/grindsim --seed 100487 --scenario sim/mc/scenarios/sweep.json --params sim/mc/out/full/params/sweep/100487.json
sweep,sweep,100488,MAX_PULSES,MAX_PULSES,,-0.3991,,sim/out/host/grindsim --seed 100488 --scenario sim/mc/scenarios/sweep.json --params sim/mc/out/full/params/sweep/100488.json
sweep,sweep,100489,OVERSHOOT,OVERSHOOT,,0.0644,,sim/out/host/grindsim --seed 100489 --scenario sim/mc/scenarios/sweep.json --params sim/mc/out/full/params/sweep/100489.json
sweep,sweep,100490,ERROR 'No beans?',ERROR,No beans?,-1.2750,,sim/out/host/grindsim --seed 100490 --scenario sim/mc/scenarios/sweep.json --params sim/mc/out/full/params/sweep/100490.json
sweep,sweep,100491,TIMEOUT 'Timeout:PULS',TIMEOUT,Timeout:PULS,-0.9417,,sim/out/host/grindsim --seed 100491 --scenario sim/mc/scenarios/sweep.json --params sim/mc/out/full/params/sweep/100491.json
sweep,sweep,100492,MAX_PULSES,MAX_PULSES,,-0.0093,,sim/out/host/grindsim --seed 100492 --scenario sim/mc/scenarios/sweep.json --params sim/mc/out/full/params/sweep/100492.json
sweep,sweep,100493,ERROR 'No beans?',ERROR,No beans?,-1.4355,,sim/out/host/grindsim --seed 100493 --scenario sim/mc/scenarios/sweep.json --params sim/mc/out/full/params/sweep/100493.json
sweep,sweep,100494,MAX_PULSES,MAX_PULSES,,-0.4794,,sim/out/host/grindsim --seed 100494 --scenario sim/mc/scenarios/sweep.json --params sim/mc/out/full/params/sweep/100494.json
sweep,sweep,100495,MAX_PULSES,MAX_PULSES,,-0.4021,,sim/out/host/grindsim --seed 100495 --scenario sim/mc/scenarios/sweep.json --params sim/mc/out/full/params/sweep/100495.json
sweep,sweep,100496,MAX_PULSES,MAX_PULSES,,-0.2392,,sim/out/host/grindsim --seed 100496 --scenario sim/mc/scenarios/sweep.json --params sim/mc/out/full/params/sweep/100496.json
sweep,sweep,100497,SUCCESS (true err < -0.03),SUCCESS,,-0.0378,,sim/out/host/grindsim --seed 100497 --scenario sim/mc/scenarios/sweep.json --params sim/mc/out/full/params/sweep/100497.json
sweep,sweep,100498,ERROR 'No beans?',ERROR,No beans?,-2.6359,,sim/out/host/grindsim --seed 100498 --scenario sim/mc/scenarios/sweep.json --params sim/mc/out/full/params/sweep/100498.json
sweep,sweep,100500,ERROR 'No beans?',ERROR,No beans?,-2.0320,,sim/out/host/grindsim --seed 100500 --scenario sim/mc/scenarios/sweep.json --params sim/mc/out/full/params/sweep/100500.json
sweep,sweep,100502,MAX_PULSES,MAX_PULSES,,-0.1155,,sim/out/host/grindsim --seed 100502 --scenario sim/mc/scenarios/sweep.json --params sim/mc/out/full/params/sweep/100502.json
sweep,sweep,100503,ERROR 'No beans?',ERROR,No beans?,-2.0432,,sim/out/host/grindsim --seed 100503 --scenario sim/mc/scenarios/sweep.json --params sim/mc/out/full/params/sweep/100503.json
sweep,sweep,100504,MAX_PULSES,MAX_PULSES,,-0.0878,,sim/out/host/grindsim --seed 100504 --scenario sim/mc/scenarios/sweep.json --params sim/mc/out/full/params/sweep/100504.json
sweep,sweep,100505,ERROR 'No beans?',ERROR,No beans?,-1.5503,,sim/out/host/grindsim --seed 100505 --scenario sim/mc/scenarios/sweep.json --params sim/mc/out/full/params/sweep/100505.json
sweep,sweep,100506,MAX_PULSES,MAX_PULSES,,-0.0655,,sim/out/host/grindsim --seed 100506 --scenario sim/mc/scenarios/sweep.json --params sim/mc/out/full/params/sweep/100506.json
sweep,sweep,100507,OVERSHOOT,OVERSHOOT,,0.2580,,sim/out/host/grindsim --seed 100507 --scenario sim/mc/scenarios/sweep.json --params sim/mc/out/full/params/sweep/100507.json
sweep,sweep,100508,ERROR 'No beans?',ERROR,No beans?,-0.8386,,sim/out/host/grindsim --seed 100508 --scenario sim/mc/scenarios/sweep.json --params sim/mc/out/full/params/sweep/100508.json
sweep,sweep,100509,SUCCESS (true err < -0.03),SUCCESS,,-0.1050,,sim/out/host/grindsim --seed 100509 --scenario sim/mc/scenarios/sweep.json --params sim/mc/out/full/params/sweep/100509.json
sweep,sweep,100511,MAX_PULSES,MAX_PULSES,,-0.4039,,sim/out/host/grindsim --seed 100511 --scenario sim/mc/scenarios/sweep.json --params sim/mc/out/full/params/sweep/100511.json
sweep,sweep,100512,MAX_PULSES,MAX_PULSES,,-0.1841,,sim/out/host/grindsim --seed 100512 --scenario sim/mc/scenarios/sweep.json --params sim/mc/out/full/params/sweep/100512.json
sweep,sweep,100513,MAX_PULSES,MAX_PULSES,,-0.2260,,sim/out/host/grindsim --seed 100513 --scenario sim/mc/scenarios/sweep.json --params sim/mc/out/full/params/sweep/100513.json
sweep,sweep,100514,MAX_PULSES,MAX_PULSES,,-0.1627,,sim/out/host/grindsim --seed 100514 --scenario sim/mc/scenarios/sweep.json --params sim/mc/out/full/params/sweep/100514.json
sweep,sweep,100515,MAX_PULSES,MAX_PULSES,,-0.2193,,sim/out/host/grindsim --seed 100515 --scenario sim/mc/scenarios/sweep.json --params sim/mc/out/full/params/sweep/100515.json
sweep,sweep,100516,SUCCESS (true err < -0.03),SUCCESS,,-0.0904,,sim/out/host/grindsim --seed 100516 --scenario sim/mc/scenarios/sweep.json --params sim/mc/out/full/params/sweep/100516.json
sweep,sweep,100517,OVERSHOOT,OVERSHOOT,,0.3305,,sim/out/host/grindsim --seed 100517 --scenario sim/mc/scenarios/sweep.json --params sim/mc/out/full/params/sweep/100517.json
sweep,sweep,100518,MAX_PULSES,MAX_PULSES,,-0.3680,,sim/out/host/grindsim --seed 100518 --scenario sim/mc/scenarios/sweep.json --params sim/mc/out/full/params/sweep/100518.json
sweep,sweep,100519,ERROR 'No beans?',ERROR,No beans?,-2.7465,,sim/out/host/grindsim --seed 100519 --scenario sim/mc/scenarios/sweep.json --params sim/mc/out/full/params/sweep/100519.json
sweep,sweep,100520,MAX_PULSES,MAX_PULSES,,-0.5768,,sim/out/host/grindsim --seed 100520 --scenario sim/mc/scenarios/sweep.json --params sim/mc/out/full/params/sweep/100520.json
sweep,sweep,100521,MAX_PULSES,MAX_PULSES,,-0.4129,,sim/out/host/grindsim --seed 100521 --scenario sim/mc/scenarios/sweep.json --params sim/mc/out/full/params/sweep/100521.json
sweep,sweep,100522,ERROR 'No beans?',ERROR,No beans?,-0.8743,,sim/out/host/grindsim --seed 100522 --scenario sim/mc/scenarios/sweep.json --params sim/mc/out/full/params/sweep/100522.json
sweep,sweep,100523,ERROR 'No beans?',ERROR,No beans?,-1.2340,,sim/out/host/grindsim --seed 100523 --scenario sim/mc/scenarios/sweep.json --params sim/mc/out/full/params/sweep/100523.json
sweep,sweep,100524,OVERSHOOT,OVERSHOOT,,0.2265,,sim/out/host/grindsim --seed 100524 --scenario sim/mc/scenarios/sweep.json --params sim/mc/out/full/params/sweep/100524.json
sweep,sweep,100525,ERROR 'No beans?',ERROR,No beans?,-0.5164,,sim/out/host/grindsim --seed 100525 --scenario sim/mc/scenarios/sweep.json --params sim/mc/out/full/params/sweep/100525.json
sweep,sweep,100526,MAX_PULSES,MAX_PULSES,,-0.2792,,sim/out/host/grindsim --seed 100526 --scenario sim/mc/scenarios/sweep.json --params sim/mc/out/full/params/sweep/100526.json
sweep,sweep,100527,OVERSHOOT,OVERSHOOT,,0.3148,,sim/out/host/grindsim --seed 100527 --scenario sim/mc/scenarios/sweep.json --params sim/mc/out/full/params/sweep/100527.json
sweep,sweep,100528,MAX_PULSES,MAX_PULSES,,-0.2552,,sim/out/host/grindsim --seed 100528 --scenario sim/mc/scenarios/sweep.json --params sim/mc/out/full/params/sweep/100528.json
sweep,sweep,100529,MAX_PULSES,MAX_PULSES,,-0.0687,,sim/out/host/grindsim --seed 100529 --scenario sim/mc/scenarios/sweep.json --params sim/mc/out/full/params/sweep/100529.json
sweep,sweep,100530,MAX_PULSES,MAX_PULSES,,-1.3774,,sim/out/host/grindsim --seed 100530 --scenario sim/mc/scenarios/sweep.json --params sim/mc/out/full/params/sweep/100530.json
sweep,sweep,100531,SUCCESS (true err < -0.03),SUCCESS,,-0.0448,,sim/out/host/grindsim --seed 100531 --scenario sim/mc/scenarios/sweep.json --params sim/mc/out/full/params/sweep/100531.json
sweep,sweep,100532,MAX_PULSES,MAX_PULSES,,-0.3434,,sim/out/host/grindsim --seed 100532 --scenario sim/mc/scenarios/sweep.json --params sim/mc/out/full/params/sweep/100532.json
sweep,sweep,100533,MAX_PULSES,MAX_PULSES,,-0.1642,,sim/out/host/grindsim --seed 100533 --scenario sim/mc/scenarios/sweep.json --params sim/mc/out/full/params/sweep/100533.json
sweep,sweep,100534,MAX_PULSES,MAX_PULSES,,-0.3943,,sim/out/host/grindsim --seed 100534 --scenario sim/mc/scenarios/sweep.json --params sim/mc/out/full/params/sweep/100534.json
sweep,sweep,100535,ERROR 'No beans?',ERROR,No beans?,-5.1404,,sim/out/host/grindsim --seed 100535 --scenario sim/mc/scenarios/sweep.json --params sim/mc/out/full/params/sweep/100535.json
sweep,sweep,100536,ERROR 'No beans?',ERROR,No beans?,-1.0858,,sim/out/host/grindsim --seed 100536 --scenario sim/mc/scenarios/sweep.json --params sim/mc/out/full/params/sweep/100536.json
sweep,sweep,100537,OVERSHOOT,OVERSHOOT,,0.1070,,sim/out/host/grindsim --seed 100537 --scenario sim/mc/scenarios/sweep.json --params sim/mc/out/full/params/sweep/100537.json
sweep,sweep,100538,MAX_PULSES,MAX_PULSES,,-0.1427,,sim/out/host/grindsim --seed 100538 --scenario sim/mc/scenarios/sweep.json --params sim/mc/out/full/params/sweep/100538.json
sweep,sweep,100539,ERROR 'No beans?',ERROR,No beans?,-1.8046,,sim/out/host/grindsim --seed 100539 --scenario sim/mc/scenarios/sweep.json --params sim/mc/out/full/params/sweep/100539.json
sweep,sweep,100540,MAX_PULSES,MAX_PULSES,,-0.0424,,sim/out/host/grindsim --seed 100540 --scenario sim/mc/scenarios/sweep.json --params sim/mc/out/full/params/sweep/100540.json
sweep,sweep,100541,SUCCESS (true err > +0.03),SUCCESS,,0.0464,,sim/out/host/grindsim --seed 100541 --scenario sim/mc/scenarios/sweep.json --params sim/mc/out/full/params/sweep/100541.json
sweep,sweep,100542,OVERSHOOT,OVERSHOOT,,0.3350,,sim/out/host/grindsim --seed 100542 --scenario sim/mc/scenarios/sweep.json --params sim/mc/out/full/params/sweep/100542.json
sweep,sweep,100543,SUCCESS (true err > +0.03),SUCCESS,,0.0644,,sim/out/host/grindsim --seed 100543 --scenario sim/mc/scenarios/sweep.json --params sim/mc/out/full/params/sweep/100543.json
sweep,sweep,100544,ERROR 'No beans?',ERROR,No beans?,-2.1766,,sim/out/host/grindsim --seed 100544 --scenario sim/mc/scenarios/sweep.json --params sim/mc/out/full/params/sweep/100544.json
sweep,sweep,100545,OVERSHOOT,OVERSHOOT,,0.2507,,sim/out/host/grindsim --seed 100545 --scenario sim/mc/scenarios/sweep.json --params sim/mc/out/full/params/sweep/100545.json
sweep,sweep,100546,MAX_PULSES,MAX_PULSES,,-0.5926,,sim/out/host/grindsim --seed 100546 --scenario sim/mc/scenarios/sweep.json --params sim/mc/out/full/params/sweep/100546.json
sweep,sweep,100547,MAX_PULSES,MAX_PULSES,,-0.4773,,sim/out/host/grindsim --seed 100547 --scenario sim/mc/scenarios/sweep.json --params sim/mc/out/full/params/sweep/100547.json
sweep,sweep,100548,MAX_PULSES,MAX_PULSES,,-0.0297,,sim/out/host/grindsim --seed 100548 --scenario sim/mc/scenarios/sweep.json --params sim/mc/out/full/params/sweep/100548.json
sweep,sweep,100549,MAX_PULSES,MAX_PULSES,,-0.5358,,sim/out/host/grindsim --seed 100549 --scenario sim/mc/scenarios/sweep.json --params sim/mc/out/full/params/sweep/100549.json
sweep,sweep,100550,MAX_PULSES,MAX_PULSES,,-0.2052,,sim/out/host/grindsim --seed 100550 --scenario sim/mc/scenarios/sweep.json --params sim/mc/out/full/params/sweep/100550.json
sweep,sweep,100551,MAX_PULSES,MAX_PULSES,,-0.0805,,sim/out/host/grindsim --seed 100551 --scenario sim/mc/scenarios/sweep.json --params sim/mc/out/full/params/sweep/100551.json
sweep,sweep,100552,ERROR 'No beans?',ERROR,No beans?,-0.6678,,sim/out/host/grindsim --seed 100552 --scenario sim/mc/scenarios/sweep.json --params sim/mc/out/full/params/sweep/100552.json
sweep,sweep,100553,OVERSHOOT,OVERSHOOT,,0.1074,,sim/out/host/grindsim --seed 100553 --scenario sim/mc/scenarios/sweep.json --params sim/mc/out/full/params/sweep/100553.json
sweep,sweep,100555,MAX_PULSES,MAX_PULSES,,-0.1051,,sim/out/host/grindsim --seed 100555 --scenario sim/mc/scenarios/sweep.json --params sim/mc/out/full/params/sweep/100555.json
sweep,sweep,100556,OVERSHOOT,OVERSHOOT,,0.0244,,sim/out/host/grindsim --seed 100556 --scenario sim/mc/scenarios/sweep.json --params sim/mc/out/full/params/sweep/100556.json
sweep,sweep,100557,MAX_PULSES,MAX_PULSES,,-0.8558,,sim/out/host/grindsim --seed 100557 --scenario sim/mc/scenarios/sweep.json --params sim/mc/out/full/params/sweep/100557.json
sweep,sweep,100558,SUCCESS (true err > +0.03),SUCCESS,,0.0424,,sim/out/host/grindsim --seed 100558 --scenario sim/mc/scenarios/sweep.json --params sim/mc/out/full/params/sweep/100558.json
sweep,sweep,100559,MAX_PULSES,MAX_PULSES,,-0.8971,,sim/out/host/grindsim --seed 100559 --scenario sim/mc/scenarios/sweep.json --params sim/mc/out/full/params/sweep/100559.json
sweep,sweep,100560,OVERSHOOT,OVERSHOOT,,0.0392,,sim/out/host/grindsim --seed 100560 --scenario sim/mc/scenarios/sweep.json --params sim/mc/out/full/params/sweep/100560.json
sweep,sweep,100561,MAX_PULSES,MAX_PULSES,,-0.3152,,sim/out/host/grindsim --seed 100561 --scenario sim/mc/scenarios/sweep.json --params sim/mc/out/full/params/sweep/100561.json
sweep,sweep,100562,ERROR 'No beans?',ERROR,No beans?,-3.8869,,sim/out/host/grindsim --seed 100562 --scenario sim/mc/scenarios/sweep.json --params sim/mc/out/full/params/sweep/100562.json
sweep,sweep,100563,MAX_PULSES,MAX_PULSES,,-0.0558,,sim/out/host/grindsim --seed 100563 --scenario sim/mc/scenarios/sweep.json --params sim/mc/out/full/params/sweep/100563.json
sweep,sweep,100564,OVERSHOOT,OVERSHOOT,,0.2306,,sim/out/host/grindsim --seed 100564 --scenario sim/mc/scenarios/sweep.json --params sim/mc/out/full/params/sweep/100564.json
sweep,sweep,100565,SUCCESS (true err > +0.03),SUCCESS,,0.0315,,sim/out/host/grindsim --seed 100565 --scenario sim/mc/scenarios/sweep.json --params sim/mc/out/full/params/sweep/100565.json
sweep,sweep,100566,MAX_PULSES,MAX_PULSES,,-0.1732,,sim/out/host/grindsim --seed 100566 --scenario sim/mc/scenarios/sweep.json --params sim/mc/out/full/params/sweep/100566.json
sweep,sweep,100567,ERROR 'No beans?',ERROR,No beans?,-3.3560,,sim/out/host/grindsim --seed 100567 --scenario sim/mc/scenarios/sweep.json --params sim/mc/out/full/params/sweep/100567.json
sweep,sweep,100568,MAX_PULSES,MAX_PULSES,,-0.1087,,sim/out/host/grindsim --seed 100568 --scenario sim/mc/scenarios/sweep.json --params sim/mc/out/full/params/sweep/100568.json
sweep,sweep,100569,SUCCESS (true err > +0.03),SUCCESS,,0.0328,,sim/out/host/grindsim --seed 100569 --scenario sim/mc/scenarios/sweep.json --params sim/mc/out/full/params/sweep/100569.json
sweep,sweep,100571,SUCCESS (true err < -0.03),SUCCESS,,-0.2291,,sim/out/host/grindsim --seed 100571 --scenario sim/mc/scenarios/sweep.json --params sim/mc/out/full/params/sweep/100571.json
sweep,sweep,100572,MAX_PULSES,MAX_PULSES,,-0.1146,,sim/out/host/grindsim --seed 100572 --scenario sim/mc/scenarios/sweep.json --params sim/mc/out/full/params/sweep/100572.json
sweep,sweep,100573,MAX_PULSES,MAX_PULSES,,-0.2601,,sim/out/host/grindsim --seed 100573 --scenario sim/mc/scenarios/sweep.json --params sim/mc/out/full/params/sweep/100573.json
sweep,sweep,100574,ERROR 'No beans?',ERROR,No beans?,-1.4252,,sim/out/host/grindsim --seed 100574 --scenario sim/mc/scenarios/sweep.json --params sim/mc/out/full/params/sweep/100574.json
sweep,sweep,100575,ERROR 'No beans?',ERROR,No beans?,-2.1536,,sim/out/host/grindsim --seed 100575 --scenario sim/mc/scenarios/sweep.json --params sim/mc/out/full/params/sweep/100575.json
sweep,sweep,100576,MAX_PULSES,MAX_PULSES,,-0.0087,,sim/out/host/grindsim --seed 100576 --scenario sim/mc/scenarios/sweep.json --params sim/mc/out/full/params/sweep/100576.json
sweep,sweep,100578,SUCCESS (true err < -0.03),SUCCESS,,-0.1386,,sim/out/host/grindsim --seed 100578 --scenario sim/mc/scenarios/sweep.json --params sim/mc/out/full/params/sweep/100578.json
sweep,sweep,100579,SUCCESS (true err < -0.03),SUCCESS,,-0.0368,,sim/out/host/grindsim --seed 100579 --scenario sim/mc/scenarios/sweep.json --params sim/mc/out/full/params/sweep/100579.json
sweep,sweep,100580,MAX_PULSES,MAX_PULSES,,-0.5489,,sim/out/host/grindsim --seed 100580 --scenario sim/mc/scenarios/sweep.json --params sim/mc/out/full/params/sweep/100580.json
sweep,sweep,100581,SUCCESS (true err > +0.03),SUCCESS,,0.0385,,sim/out/host/grindsim --seed 100581 --scenario sim/mc/scenarios/sweep.json --params sim/mc/out/full/params/sweep/100581.json
sweep,sweep,100583,MAX_PULSES,MAX_PULSES,,-0.6156,,sim/out/host/grindsim --seed 100583 --scenario sim/mc/scenarios/sweep.json --params sim/mc/out/full/params/sweep/100583.json
sweep,sweep,100584,OVERSHOOT,OVERSHOOT,,0.0709,,sim/out/host/grindsim --seed 100584 --scenario sim/mc/scenarios/sweep.json --params sim/mc/out/full/params/sweep/100584.json
sweep,sweep,100585,SUCCESS (true err < -0.03),SUCCESS,,-0.0386,,sim/out/host/grindsim --seed 100585 --scenario sim/mc/scenarios/sweep.json --params sim/mc/out/full/params/sweep/100585.json
sweep,sweep,100587,SUCCESS (true err > +0.03),SUCCESS,,0.0427,,sim/out/host/grindsim --seed 100587 --scenario sim/mc/scenarios/sweep.json --params sim/mc/out/full/params/sweep/100587.json
sweep,sweep,100588,MAX_PULSES,MAX_PULSES,,-0.0834,,sim/out/host/grindsim --seed 100588 --scenario sim/mc/scenarios/sweep.json --params sim/mc/out/full/params/sweep/100588.json
sweep,sweep,100589,ERROR 'No beans?',ERROR,No beans?,-0.9052,,sim/out/host/grindsim --seed 100589 --scenario sim/mc/scenarios/sweep.json --params sim/mc/out/full/params/sweep/100589.json
sweep,sweep,100590,MAX_PULSES,MAX_PULSES,,-0.9033,,sim/out/host/grindsim --seed 100590 --scenario sim/mc/scenarios/sweep.json --params sim/mc/out/full/params/sweep/100590.json
sweep,sweep,100592,ERROR 'No beans?',ERROR,No beans?,-1.3234,,sim/out/host/grindsim --seed 100592 --scenario sim/mc/scenarios/sweep.json --params sim/mc/out/full/params/sweep/100592.json
sweep,sweep,100593,OVERSHOOT,OVERSHOOT,,0.4688,,sim/out/host/grindsim --seed 100593 --scenario sim/mc/scenarios/sweep.json --params sim/mc/out/full/params/sweep/100593.json
sweep,sweep,100594,MAX_PULSES,MAX_PULSES,,-0.8487,,sim/out/host/grindsim --seed 100594 --scenario sim/mc/scenarios/sweep.json --params sim/mc/out/full/params/sweep/100594.json
sweep,sweep,100595,SUCCESS (true err < -0.03),SUCCESS,,-0.0600,,sim/out/host/grindsim --seed 100595 --scenario sim/mc/scenarios/sweep.json --params sim/mc/out/full/params/sweep/100595.json
sweep,sweep,100596,SUCCESS (true err < -0.03),SUCCESS,,-0.0410,,sim/out/host/grindsim --seed 100596 --scenario sim/mc/scenarios/sweep.json --params sim/mc/out/full/params/sweep/100596.json
sweep,sweep,100597,MAX_PULSES,MAX_PULSES,,-0.1174,,sim/out/host/grindsim --seed 100597 --scenario sim/mc/scenarios/sweep.json --params sim/mc/out/full/params/sweep/100597.json
sweep,sweep,100598,OVERSHOOT,OVERSHOOT,,0.0405,,sim/out/host/grindsim --seed 100598 --scenario sim/mc/scenarios/sweep.json --params sim/mc/out/full/params/sweep/100598.json
sweep,sweep,100599,MAX_PULSES,MAX_PULSES,,-0.4178,,sim/out/host/grindsim --seed 100599 --scenario sim/mc/scenarios/sweep.json --params sim/mc/out/full/params/sweep/100599.json
sweep,sweep,100600,MAX_PULSES,MAX_PULSES,,-0.1968,,sim/out/host/grindsim --seed 100600 --scenario sim/mc/scenarios/sweep.json --params sim/mc/out/full/params/sweep/100600.json
sweep,sweep,100601,OVERSHOOT,OVERSHOOT,,0.9087,,sim/out/host/grindsim --seed 100601 --scenario sim/mc/scenarios/sweep.json --params sim/mc/out/full/params/sweep/100601.json
sweep,sweep,100602,ERROR 'No beans?',ERROR,No beans?,-1.5650,,sim/out/host/grindsim --seed 100602 --scenario sim/mc/scenarios/sweep.json --params sim/mc/out/full/params/sweep/100602.json
sweep,sweep,100603,SUCCESS (true err < -0.03),SUCCESS,,-0.1090,,sim/out/host/grindsim --seed 100603 --scenario sim/mc/scenarios/sweep.json --params sim/mc/out/full/params/sweep/100603.json
sweep,sweep,100604,MAX_PULSES,MAX_PULSES,,-0.0684,,sim/out/host/grindsim --seed 100604 --scenario sim/mc/scenarios/sweep.json --params sim/mc/out/full/params/sweep/100604.json
sweep,sweep,100605,ERROR 'No beans?',ERROR,No beans?,-1.9032,,sim/out/host/grindsim --seed 100605 --scenario sim/mc/scenarios/sweep.json --params sim/mc/out/full/params/sweep/100605.json
sweep,sweep,100607,OVERSHOOT,OVERSHOOT,,-0.0906,,sim/out/host/grindsim --seed 100607 --scenario sim/mc/scenarios/sweep.json --params sim/mc/out/full/params/sweep/100607.json
sweep,sweep,100608,MAX_PULSES,MAX_PULSES,,-1.3893,,sim/out/host/grindsim --seed 100608 --scenario sim/mc/scenarios/sweep.json --params sim/mc/out/full/params/sweep/100608.json
sweep,sweep,100609,SUCCESS (true err < -0.03),SUCCESS,,-0.1194,,sim/out/host/grindsim --seed 100609 --scenario sim/mc/scenarios/sweep.json --params sim/mc/out/full/params/sweep/100609.json
sweep,sweep,100610,MAX_PULSES,MAX_PULSES,,-0.5467,,sim/out/host/grindsim --seed 100610 --scenario sim/mc/scenarios/sweep.json --params sim/mc/out/full/params/sweep/100610.json
sweep,sweep,100611,MAX_PULSES,MAX_PULSES,,-0.1579,,sim/out/host/grindsim --seed 100611 --scenario sim/mc/scenarios/sweep.json --params sim/mc/out/full/params/sweep/100611.json
sweep,sweep,100612,MAX_PULSES,MAX_PULSES,,-0.5382,,sim/out/host/grindsim --seed 100612 --scenario sim/mc/scenarios/sweep.json --params sim/mc/out/full/params/sweep/100612.json
sweep,sweep,100613,MAX_PULSES,MAX_PULSES,,-0.0231,,sim/out/host/grindsim --seed 100613 --scenario sim/mc/scenarios/sweep.json --params sim/mc/out/full/params/sweep/100613.json
sweep,sweep,100615,SUCCESS (true err < -0.03),SUCCESS,,-0.3568,,sim/out/host/grindsim --seed 100615 --scenario sim/mc/scenarios/sweep.json --params sim/mc/out/full/params/sweep/100615.json
sweep,sweep,100616,MAX_PULSES,MAX_PULSES,,-0.1205,,sim/out/host/grindsim --seed 100616 --scenario sim/mc/scenarios/sweep.json --params sim/mc/out/full/params/sweep/100616.json
sweep,sweep,100617,MAX_PULSES,MAX_PULSES,,-0.6526,,sim/out/host/grindsim --seed 100617 --scenario sim/mc/scenarios/sweep.json --params sim/mc/out/full/params/sweep/100617.json
sweep,sweep,100618,MAX_PULSES,MAX_PULSES,,-0.0345,,sim/out/host/grindsim --seed 100618 --scenario sim/mc/scenarios/sweep.json --params sim/mc/out/full/params/sweep/100618.json
sweep,sweep,100619,SUCCESS (true err < -0.03),SUCCESS,,-0.0560,,sim/out/host/grindsim --seed 100619 --scenario sim/mc/scenarios/sweep.json --params sim/mc/out/full/params/sweep/100619.json
sweep,sweep,100620,MAX_PULSES,MAX_PULSES,,-0.1734,,sim/out/host/grindsim --seed 100620 --scenario sim/mc/scenarios/sweep.json --params sim/mc/out/full/params/sweep/100620.json
sweep,sweep,100621,MAX_PULSES,MAX_PULSES,,-0.9995,,sim/out/host/grindsim --seed 100621 --scenario sim/mc/scenarios/sweep.json --params sim/mc/out/full/params/sweep/100621.json
sweep,sweep,100622,MAX_PULSES,MAX_PULSES,,-0.0647,,sim/out/host/grindsim --seed 100622 --scenario sim/mc/scenarios/sweep.json --params sim/mc/out/full/params/sweep/100622.json
sweep,sweep,100623,OVERSHOOT,OVERSHOOT,,0.3222,,sim/out/host/grindsim --seed 100623 --scenario sim/mc/scenarios/sweep.json --params sim/mc/out/full/params/sweep/100623.json
sweep,sweep,100624,OVERSHOOT,OVERSHOOT,,1.2952,,sim/out/host/grindsim --seed 100624 --scenario sim/mc/scenarios/sweep.json --params sim/mc/out/full/params/sweep/100624.json
sweep,sweep,100625,MAX_PULSES,MAX_PULSES,,-1.3882,,sim/out/host/grindsim --seed 100625 --scenario sim/mc/scenarios/sweep.json --params sim/mc/out/full/params/sweep/100625.json
sweep,sweep,100626,OVERSHOOT,OVERSHOOT,,0.0005,,sim/out/host/grindsim --seed 100626 --scenario sim/mc/scenarios/sweep.json --params sim/mc/out/full/params/sweep/100626.json
sweep,sweep,100627,SUCCESS (true err > +0.03),SUCCESS,,0.0440,,sim/out/host/grindsim --seed 100627 --scenario sim/mc/scenarios/sweep.json --params sim/mc/out/full/params/sweep/100627.json
sweep,sweep,100628,SUCCESS (true err < -0.03),SUCCESS,,-0.0398,,sim/out/host/grindsim --seed 100628 --scenario sim/mc/scenarios/sweep.json --params sim/mc/out/full/params/sweep/100628.json
sweep,sweep,100629,OVERSHOOT,OVERSHOOT,,0.1172,,sim/out/host/grindsim --seed 100629 --scenario sim/mc/scenarios/sweep.json --params sim/mc/out/full/params/sweep/100629.json
sweep,sweep,100630,MAX_PULSES,MAX_PULSES,,-0.3724,,sim/out/host/grindsim --seed 100630 --scenario sim/mc/scenarios/sweep.json --params sim/mc/out/full/params/sweep/100630.json
sweep,sweep,100631,OVERSHOOT,OVERSHOOT,,0.0552,,sim/out/host/grindsim --seed 100631 --scenario sim/mc/scenarios/sweep.json --params sim/mc/out/full/params/sweep/100631.json
sweep,sweep,100632,MAX_PULSES,MAX_PULSES,,-0.5386,,sim/out/host/grindsim --seed 100632 --scenario sim/mc/scenarios/sweep.json --params sim/mc/out/full/params/sweep/100632.json
sweep,sweep,100633,MAX_PULSES,MAX_PULSES,,-0.8344,,sim/out/host/grindsim --seed 100633 --scenario sim/mc/scenarios/sweep.json --params sim/mc/out/full/params/sweep/100633.json
sweep,sweep,100636,ERROR 'No beans?',ERROR,No beans?,-0.7201,,sim/out/host/grindsim --seed 100636 --scenario sim/mc/scenarios/sweep.json --params sim/mc/out/full/params/sweep/100636.json
sweep,sweep,100637,MAX_PULSES,MAX_PULSES,,-0.0581,,sim/out/host/grindsim --seed 100637 --scenario sim/mc/scenarios/sweep.json --params sim/mc/out/full/params/sweep/100637.json
sweep,sweep,100639,MAX_PULSES,MAX_PULSES,,-0.1433,,sim/out/host/grindsim --seed 100639 --scenario sim/mc/scenarios/sweep.json --params sim/mc/out/full/params/sweep/100639.json
sweep,sweep,100640,SUCCESS (true err < -0.03),SUCCESS,,-0.1010,,sim/out/host/grindsim --seed 100640 --scenario sim/mc/scenarios/sweep.json --params sim/mc/out/full/params/sweep/100640.json
sweep,sweep,100641,MAX_PULSES,MAX_PULSES,,-0.3352,,sim/out/host/grindsim --seed 100641 --scenario sim/mc/scenarios/sweep.json --params sim/mc/out/full/params/sweep/100641.json
sweep,sweep,100642,SUCCESS (true err < -0.03),SUCCESS,,-0.1453,,sim/out/host/grindsim --seed 100642 --scenario sim/mc/scenarios/sweep.json --params sim/mc/out/full/params/sweep/100642.json
sweep,sweep,100643,MAX_PULSES,MAX_PULSES,,-0.0928,,sim/out/host/grindsim --seed 100643 --scenario sim/mc/scenarios/sweep.json --params sim/mc/out/full/params/sweep/100643.json
sweep,sweep,100644,SUCCESS (true err < -0.03),SUCCESS,,-0.1948,,sim/out/host/grindsim --seed 100644 --scenario sim/mc/scenarios/sweep.json --params sim/mc/out/full/params/sweep/100644.json
sweep,sweep,100645,MAX_PULSES,MAX_PULSES,,-0.9312,,sim/out/host/grindsim --seed 100645 --scenario sim/mc/scenarios/sweep.json --params sim/mc/out/full/params/sweep/100645.json
sweep,sweep,100646,ERROR 'No beans?',ERROR,No beans?,-0.6940,,sim/out/host/grindsim --seed 100646 --scenario sim/mc/scenarios/sweep.json --params sim/mc/out/full/params/sweep/100646.json
sweep,sweep,100647,SUCCESS (true err > +0.03),SUCCESS,,0.0854,,sim/out/host/grindsim --seed 100647 --scenario sim/mc/scenarios/sweep.json --params sim/mc/out/full/params/sweep/100647.json
sweep,sweep,100649,MAX_PULSES,MAX_PULSES,,-0.0525,,sim/out/host/grindsim --seed 100649 --scenario sim/mc/scenarios/sweep.json --params sim/mc/out/full/params/sweep/100649.json
sweep,sweep,100650,MAX_PULSES,MAX_PULSES,,-0.1457,,sim/out/host/grindsim --seed 100650 --scenario sim/mc/scenarios/sweep.json --params sim/mc/out/full/params/sweep/100650.json
sweep,sweep,100651,MAX_PULSES,MAX_PULSES,,-0.1710,,sim/out/host/grindsim --seed 100651 --scenario sim/mc/scenarios/sweep.json --params sim/mc/out/full/params/sweep/100651.json
sweep,sweep,100652,SUCCESS (true err < -0.03),SUCCESS,,-0.2337,,sim/out/host/grindsim --seed 100652 --scenario sim/mc/scenarios/sweep.json --params sim/mc/out/full/params/sweep/100652.json
sweep,sweep,100653,MAX_PULSES,MAX_PULSES,,-0.1100,,sim/out/host/grindsim --seed 100653 --scenario sim/mc/scenarios/sweep.json --params sim/mc/out/full/params/sweep/100653.json
sweep,sweep,100654,MAX_PULSES,MAX_PULSES,,-0.1345,,sim/out/host/grindsim --seed 100654 --scenario sim/mc/scenarios/sweep.json --params sim/mc/out/full/params/sweep/100654.json
sweep,sweep,100655,MAX_PULSES,MAX_PULSES,,-0.5100,,sim/out/host/grindsim --seed 100655 --scenario sim/mc/scenarios/sweep.json --params sim/mc/out/full/params/sweep/100655.json
sweep,sweep,100656,MAX_PULSES,MAX_PULSES,,-0.1252,,sim/out/host/grindsim --seed 100656 --scenario sim/mc/scenarios/sweep.json --params sim/mc/out/full/params/sweep/100656.json
sweep,sweep,100657,SUCCESS (true err > +0.03),SUCCESS,,0.0393,,sim/out/host/grindsim --seed 100657 --scenario sim/mc/scenarios/sweep.json --params sim/mc/out/full/params/sweep/100657.json
sweep,sweep,100658,MAX_PULSES,MAX_PULSES,,-0.2292,,sim/out/host/grindsim --seed 100658 --scenario sim/mc/scenarios/sweep.json --params sim/mc/out/full/params/sweep/100658.json
sweep,sweep,100659,MAX_PULSES,MAX_PULSES,,-0.0881,,sim/out/host/grindsim --seed 100659 --scenario sim/mc/scenarios/sweep.json --params sim/mc/out/full/params/sweep/100659.json
sweep,sweep,100660,MAX_PULSES,MAX_PULSES,,-0.0787,,sim/out/host/grindsim --seed 100660 --scenario sim/mc/scenarios/sweep.json --params sim/mc/out/full/params/sweep/100660.json
sweep,sweep,100661,MAX_PULSES,MAX_PULSES,,-0.0691,,sim/out/host/grindsim --seed 100661 --scenario sim/mc/scenarios/sweep.json --params sim/mc/out/full/params/sweep/100661.json
sweep,sweep,100662,SUCCESS (true err > +0.03),SUCCESS,,0.0536,,sim/out/host/grindsim --seed 100662 --scenario sim/mc/scenarios/sweep.json --params sim/mc/out/full/params/sweep/100662.json
sweep,sweep,100663,MAX_PULSES,MAX_PULSES,,-0.4023,,sim/out/host/grindsim --seed 100663 --scenario sim/mc/scenarios/sweep.json --params sim/mc/out/full/params/sweep/100663.json
sweep,sweep,100664,TIMEOUT 'Timeout:PULS',TIMEOUT,Timeout:PULS,-0.3977,,sim/out/host/grindsim --seed 100664 --scenario sim/mc/scenarios/sweep.json --params sim/mc/out/full/params/sweep/100664.json
sweep,sweep,100665,MAX_PULSES,MAX_PULSES,,-0.5860,,sim/out/host/grindsim --seed 100665 --scenario sim/mc/scenarios/sweep.json --params sim/mc/out/full/params/sweep/100665.json
sweep,sweep,100667,SUCCESS (true err < -0.03),SUCCESS,,-0.0640,,sim/out/host/grindsim --seed 100667 --scenario sim/mc/scenarios/sweep.json --params sim/mc/out/full/params/sweep/100667.json
sweep,sweep,100668,MAX_PULSES,MAX_PULSES,,-1.4169,,sim/out/host/grindsim --seed 100668 --scenario sim/mc/scenarios/sweep.json --params sim/mc/out/full/params/sweep/100668.json
sweep,sweep,100669,OVERSHOOT,OVERSHOOT,,0.7668,,sim/out/host/grindsim --seed 100669 --scenario sim/mc/scenarios/sweep.json --params sim/mc/out/full/params/sweep/100669.json
sweep,sweep,100670,MAX_PULSES,MAX_PULSES,,-0.0811,,sim/out/host/grindsim --seed 100670 --scenario sim/mc/scenarios/sweep.json --params sim/mc/out/full/params/sweep/100670.json
sweep,sweep,100672,MAX_PULSES,MAX_PULSES,,-0.0725,,sim/out/host/grindsim --seed 100672 --scenario sim/mc/scenarios/sweep.json --params sim/mc/out/full/params/sweep/100672.json
sweep,sweep,100673,MAX_PULSES,MAX_PULSES,,-0.5653,,sim/out/host/grindsim --seed 100673 --scenario sim/mc/scenarios/sweep.json --params sim/mc/out/full/params/sweep/100673.json
sweep,sweep,100674,MAX_PULSES,MAX_PULSES,,-0.0629,,sim/out/host/grindsim --seed 100674 --scenario sim/mc/scenarios/sweep.json --params sim/mc/out/full/params/sweep/100674.json
sweep,sweep,100675,OVERSHOOT,OVERSHOOT,,0.2057,,sim/out/host/grindsim --seed 100675 --scenario sim/mc/scenarios/sweep.json --params sim/mc/out/full/params/sweep/100675.json
sweep,sweep,100676,OVERSHOOT,OVERSHOOT,,0.3512,,sim/out/host/grindsim --seed 100676 --scenario sim/mc/scenarios/sweep.json --params sim/mc/out/full/params/sweep/100676.json
sweep,sweep,100677,MAX_PULSES,MAX_PULSES,,-0.0894,,sim/out/host/grindsim --seed 100677 --scenario sim/mc/scenarios/sweep.json --params sim/mc/out/full/params/sweep/100677.json
sweep,sweep,100678,ERROR 'No beans?',ERROR,No beans?,-1.8506,,sim/out/host/grindsim --seed 100678 --scenario sim/mc/scenarios/sweep.json --params sim/mc/out/full/params/sweep/100678.json
sweep,sweep,100679,ERROR 'No beans?',ERROR,No beans?,-1.0171,,sim/out/host/grindsim --seed 100679 --scenario sim/mc/scenarios/sweep.json --params sim/mc/out/full/params/sweep/100679.json
sweep,sweep,100681,OVERSHOOT,OVERSHOOT,,-0.0105,,sim/out/host/grindsim --seed 100681 --scenario sim/mc/scenarios/sweep.json --params sim/mc/out/full/params/sweep/100681.json
sweep,sweep,100682,MAX_PULSES,MAX_PULSES,,-0.2436,,sim/out/host/grindsim --seed 100682 --scenario sim/mc/scenarios/sweep.json --params sim/mc/out/full/params/sweep/100682.json
sweep,sweep,100683,MAX_PULSES,MAX_PULSES,,-0.3553,,sim/out/host/grindsim --seed 100683 --scenario sim/mc/scenarios/sweep.json --params sim/mc/out/full/params/sweep/100683.json
sweep,sweep,100684,OVERSHOOT,OVERSHOOT,,0.0776,,sim/out/host/grindsim --seed 100684 --scenario sim/mc/scenarios/sweep.json --params sim/mc/out/full/params/sweep/100684.json
sweep,sweep,100685,SUCCESS (true err < -0.03),SUCCESS,,-0.2080,,sim/out/host/grindsim --seed 100685 --scenario sim/mc/scenarios/sweep.json --params sim/mc/out/full/params/sweep/100685.json
sweep,sweep,100686,MAX_PULSES,MAX_PULSES,,-0.0243,,sim/out/host/grindsim --seed 100686 --scenario sim/mc/scenarios/sweep.json --params sim/mc/out/full/params/sweep/100686.json
sweep,sweep,100687,MAX_PULSES,MAX_PULSES,,-0.1317,,sim/out/host/grindsim --seed 100687 --scenario sim/mc/scenarios/sweep.json --params sim/mc/out/full/params/sweep/100687.json
sweep,sweep,100688,ERROR 'No beans?',ERROR,No beans?,-0.8302,,sim/out/host/grindsim --seed 100688 --scenario sim/mc/scenarios/sweep.json --params sim/mc/out/full/params/sweep/100688.json
sweep,sweep,100689,MAX_PULSES,MAX_PULSES,,-0.2213,,sim/out/host/grindsim --seed 100689 --scenario sim/mc/scenarios/sweep.json --params sim/mc/out/full/params/sweep/100689.json
sweep,sweep,100690,OVERSHOOT,OVERSHOOT,,0.0800,,sim/out/host/grindsim --seed 100690 --scenario sim/mc/scenarios/sweep.json --params sim/mc/out/full/params/sweep/100690.json
sweep,sweep,100691,SUCCESS (true err < -0.03),SUCCESS,,-0.0531,,sim/out/host/grindsim --seed 100691 --scenario sim/mc/scenarios/sweep.json --params sim/mc/out/full/params/sweep/100691.json
sweep,sweep,100692,OVERSHOOT,OVERSHOOT,,0.0870,,sim/out/host/grindsim --seed 100692 --scenario sim/mc/scenarios/sweep.json --params sim/mc/out/full/params/sweep/100692.json
sweep,sweep,100695,MAX_PULSES,MAX_PULSES,,-0.1607,,sim/out/host/grindsim --seed 100695 --scenario sim/mc/scenarios/sweep.json --params sim/mc/out/full/params/sweep/100695.json
sweep,sweep,100696,SUCCESS (true err < -0.03),SUCCESS,,-0.0586,,sim/out/host/grindsim --seed 100696 --scenario sim/mc/scenarios/sweep.json --params sim/mc/out/full/params/sweep/100696.json
sweep,sweep,100697,MAX_PULSES,MAX_PULSES,,-0.1279,,sim/out/host/grindsim --seed 100697 --scenario sim/mc/scenarios/sweep.json --params sim/mc/out/full/params/sweep/100697.json
sweep,sweep,100698,MAX_PULSES,MAX_PULSES,,-0.1898,,sim/out/host/grindsim --seed 100698 --scenario sim/mc/scenarios/sweep.json --params sim/mc/out/full/params/sweep/100698.json
sweep,sweep,100699,ERROR 'No beans?',ERROR,No beans?,-0.6749,,sim/out/host/grindsim --seed 100699 --scenario sim/mc/scenarios/sweep.json --params sim/mc/out/full/params/sweep/100699.json
sweep,sweep,100700,SUCCESS (true err < -0.03),SUCCESS,,-0.0493,,sim/out/host/grindsim --seed 100700 --scenario sim/mc/scenarios/sweep.json --params sim/mc/out/full/params/sweep/100700.json
sweep,sweep,100701,MAX_PULSES,MAX_PULSES,,-0.6152,,sim/out/host/grindsim --seed 100701 --scenario sim/mc/scenarios/sweep.json --params sim/mc/out/full/params/sweep/100701.json
sweep,sweep,100702,MAX_PULSES,MAX_PULSES,,-0.0829,,sim/out/host/grindsim --seed 100702 --scenario sim/mc/scenarios/sweep.json --params sim/mc/out/full/params/sweep/100702.json
sweep,sweep,100703,ERROR 'No beans?',ERROR,No beans?,-2.5987,,sim/out/host/grindsim --seed 100703 --scenario sim/mc/scenarios/sweep.json --params sim/mc/out/full/params/sweep/100703.json
sweep,sweep,100704,OVERSHOOT,OVERSHOOT,,-0.1896,,sim/out/host/grindsim --seed 100704 --scenario sim/mc/scenarios/sweep.json --params sim/mc/out/full/params/sweep/100704.json
sweep,sweep,100705,MAX_PULSES,MAX_PULSES,,-0.1678,,sim/out/host/grindsim --seed 100705 --scenario sim/mc/scenarios/sweep.json --params sim/mc/out/full/params/sweep/100705.json
sweep,sweep,100706,TIMEOUT 'Timeout:PULS',TIMEOUT,Timeout:PULS,-0.1512,,sim/out/host/grindsim --seed 100706 --scenario sim/mc/scenarios/sweep.json --params sim/mc/out/full/params/sweep/100706.json
sweep,sweep,100707,MAX_PULSES,MAX_PULSES,,-0.0943,,sim/out/host/grindsim --seed 100707 --scenario sim/mc/scenarios/sweep.json --params sim/mc/out/full/params/sweep/100707.json
sweep,sweep,100709,SUCCESS (true err < -0.03),SUCCESS,,-0.2430,,sim/out/host/grindsim --seed 100709 --scenario sim/mc/scenarios/sweep.json --params sim/mc/out/full/params/sweep/100709.json
sweep,sweep,100710,MAX_PULSES,MAX_PULSES,,-0.4302,,sim/out/host/grindsim --seed 100710 --scenario sim/mc/scenarios/sweep.json --params sim/mc/out/full/params/sweep/100710.json
sweep,sweep,100711,MAX_PULSES,MAX_PULSES,,-0.7261,,sim/out/host/grindsim --seed 100711 --scenario sim/mc/scenarios/sweep.json --params sim/mc/out/full/params/sweep/100711.json
sweep,sweep,100712,MAX_PULSES,MAX_PULSES,,-0.2172,,sim/out/host/grindsim --seed 100712 --scenario sim/mc/scenarios/sweep.json --params sim/mc/out/full/params/sweep/100712.json
sweep,sweep,100713,MAX_PULSES,MAX_PULSES,,-0.8177,,sim/out/host/grindsim --seed 100713 --scenario sim/mc/scenarios/sweep.json --params sim/mc/out/full/params/sweep/100713.json
sweep,sweep,100714,MAX_PULSES,MAX_PULSES,,-0.2620,,sim/out/host/grindsim --seed 100714 --scenario sim/mc/scenarios/sweep.json --params sim/mc/out/full/params/sweep/100714.json
sweep,sweep,100715,MAX_PULSES,MAX_PULSES,,-0.6720,,sim/out/host/grindsim --seed 100715 --scenario sim/mc/scenarios/sweep.json --params sim/mc/out/full/params/sweep/100715.json
sweep,sweep,100716,MAX_PULSES,MAX_PULSES,,-0.4868,,sim/out/host/grindsim --seed 100716 --scenario sim/mc/scenarios/sweep.json --params sim/mc/out/full/params/sweep/100716.json
sweep,sweep,100717,MAX_PULSES,MAX_PULSES,,-0.1548,,sim/out/host/grindsim --seed 100717 --scenario sim/mc/scenarios/sweep.json --params sim/mc/out/full/params/sweep/100717.json
sweep,sweep,100718,MAX_PULSES,MAX_PULSES,,-0.1895,,sim/out/host/grindsim --seed 100718 --scenario sim/mc/scenarios/sweep.json --params sim/mc/out/full/params/sweep/100718.json
sweep,sweep,100719,OVERSHOOT,OVERSHOOT,,0.0488,,sim/out/host/grindsim --seed 100719 --scenario sim/mc/scenarios/sweep.json --params sim/mc/out/full/params/sweep/100719.json
sweep,sweep,100720,OVERSHOOT,OVERSHOOT,,0.3674,,sim/out/host/grindsim --seed 100720 --scenario sim/mc/scenarios/sweep.json --params sim/mc/out/full/params/sweep/100720.json
sweep,sweep,100722,SUCCESS (true err < -0.03),SUCCESS,,-0.1476,,sim/out/host/grindsim --seed 100722 --scenario sim/mc/scenarios/sweep.json --params sim/mc/out/full/params/sweep/100722.json
sweep,sweep,100723,ERROR 'No beans?',ERROR,No beans?,-1.0131,,sim/out/host/grindsim --seed 100723 --scenario sim/mc/scenarios/sweep.json --params sim/mc/out/full/params/sweep/100723.json
sweep,sweep,100724,ERROR 'No beans?',ERROR,No beans?,-2.2835,,sim/out/host/grindsim --seed 100724 --scenario sim/mc/scenarios/sweep.json --params sim/mc/out/full/params/sweep/100724.json
sweep,sweep,100725,MAX_PULSES,MAX_PULSES,,-0.0600,,sim/out/host/grindsim --seed 100725 --scenario sim/mc/scenarios/sweep.json --params sim/mc/out/full/params/sweep/100725.json
sweep,sweep,100726,SUCCESS (true err > +0.03),SUCCESS,,0.0599,,sim/out/host/grindsim --seed 100726 --scenario sim/mc/scenarios/sweep.json --params sim/mc/out/full/params/sweep/100726.json
sweep,sweep,100727,MAX_PULSES,MAX_PULSES,,-0.3264,,sim/out/host/grindsim --seed 100727 --scenario sim/mc/scenarios/sweep.json --params sim/mc/out/full/params/sweep/100727.json
sweep,sweep,100728,OVERSHOOT,OVERSHOOT,,0.0944,,sim/out/host/grindsim --seed 100728 --scenario sim/mc/scenarios/sweep.json --params sim/mc/out/full/params/sweep/100728.json
sweep,sweep,100729,MAX_PULSES,MAX_PULSES,,-0.1371,,sim/out/host/grindsim --seed 100729 --scenario sim/mc/scenarios/sweep.json --params sim/mc/out/full/params/sweep/100729.json
sweep,sweep,100731,ERROR 'No beans?',ERROR,No beans?,-0.4945,,sim/out/host/grindsim --seed 100731 --scenario sim/mc/scenarios/sweep.json --params sim/mc/out/full/params/sweep/100731.json
sweep,sweep,100732,SUCCESS (true err < -0.03),SUCCESS,,-0.0507,,sim/out/host/grindsim --seed 100732 --scenario sim/mc/scenarios/sweep.json --params sim/mc/out/full/params/sweep/100732.json
sweep,sweep,100734,MAX_PULSES,MAX_PULSES,,-0.9427,,sim/out/host/grindsim --seed 100734 --scenario sim/mc/scenarios/sweep.json --params sim/mc/out/full/params/sweep/100734.json
sweep,sweep,100735,SUCCESS (true err < -0.03),SUCCESS,,-0.3265,,sim/out/host/grindsim --seed 100735 --scenario sim/mc/scenarios/sweep.json --params sim/mc/out/full/params/sweep/100735.json
sweep,sweep,100736,SUCCESS (true err > +0.03),SUCCESS,,0.0714,,sim/out/host/grindsim --seed 100736 --scenario sim/mc/scenarios/sweep.json --params sim/mc/out/full/params/sweep/100736.json
sweep,sweep,100737,OVERSHOOT,OVERSHOOT,,0.5153,,sim/out/host/grindsim --seed 100737 --scenario sim/mc/scenarios/sweep.json --params sim/mc/out/full/params/sweep/100737.json
sweep,sweep,100738,MAX_PULSES,MAX_PULSES,,-0.3770,,sim/out/host/grindsim --seed 100738 --scenario sim/mc/scenarios/sweep.json --params sim/mc/out/full/params/sweep/100738.json
sweep,sweep,100739,MAX_PULSES,MAX_PULSES,,-0.1119,,sim/out/host/grindsim --seed 100739 --scenario sim/mc/scenarios/sweep.json --params sim/mc/out/full/params/sweep/100739.json
sweep,sweep,100740,MAX_PULSES,MAX_PULSES,,-0.0921,,sim/out/host/grindsim --seed 100740 --scenario sim/mc/scenarios/sweep.json --params sim/mc/out/full/params/sweep/100740.json
sweep,sweep,100741,MAX_PULSES,MAX_PULSES,,-0.3360,,sim/out/host/grindsim --seed 100741 --scenario sim/mc/scenarios/sweep.json --params sim/mc/out/full/params/sweep/100741.json
sweep,sweep,100742,OVERSHOOT,OVERSHOOT,,0.2714,,sim/out/host/grindsim --seed 100742 --scenario sim/mc/scenarios/sweep.json --params sim/mc/out/full/params/sweep/100742.json
sweep,sweep,100743,MAX_PULSES,MAX_PULSES,,-0.2974,,sim/out/host/grindsim --seed 100743 --scenario sim/mc/scenarios/sweep.json --params sim/mc/out/full/params/sweep/100743.json
sweep,sweep,100744,MAX_PULSES,MAX_PULSES,,-0.5006,,sim/out/host/grindsim --seed 100744 --scenario sim/mc/scenarios/sweep.json --params sim/mc/out/full/params/sweep/100744.json
sweep,sweep,100745,SUCCESS (true err > +0.03),SUCCESS,,0.0341,,sim/out/host/grindsim --seed 100745 --scenario sim/mc/scenarios/sweep.json --params sim/mc/out/full/params/sweep/100745.json
sweep,sweep,100746,OVERSHOOT,OVERSHOOT,,0.0087,,sim/out/host/grindsim --seed 100746 --scenario sim/mc/scenarios/sweep.json --params sim/mc/out/full/params/sweep/100746.json
sweep,sweep,100747,ERROR 'No beans?',ERROR,No beans?,-0.6204,,sim/out/host/grindsim --seed 100747 --scenario sim/mc/scenarios/sweep.json --params sim/mc/out/full/params/sweep/100747.json
sweep,sweep,100749,MAX_PULSES,MAX_PULSES,,-0.6386,,sim/out/host/grindsim --seed 100749 --scenario sim/mc/scenarios/sweep.json --params sim/mc/out/full/params/sweep/100749.json
sweep,sweep,100750,MAX_PULSES,MAX_PULSES,,-0.1876,,sim/out/host/grindsim --seed 100750 --scenario sim/mc/scenarios/sweep.json --params sim/mc/out/full/params/sweep/100750.json
sweep,sweep,100751,MAX_PULSES,MAX_PULSES,,-0.2408,,sim/out/host/grindsim --seed 100751 --scenario sim/mc/scenarios/sweep.json --params sim/mc/out/full/params/sweep/100751.json
sweep,sweep,100752,ERROR 'No beans?',ERROR,No beans?,-2.3372,,sim/out/host/grindsim --seed 100752 --scenario sim/mc/scenarios/sweep.json --params sim/mc/out/full/params/sweep/100752.json
sweep,sweep,100753,MAX_PULSES,MAX_PULSES,,-0.0980,,sim/out/host/grindsim --seed 100753 --scenario sim/mc/scenarios/sweep.json --params sim/mc/out/full/params/sweep/100753.json
sweep,sweep,100754,MAX_PULSES,MAX_PULSES,,-0.1529,,sim/out/host/grindsim --seed 100754 --scenario sim/mc/scenarios/sweep.json --params sim/mc/out/full/params/sweep/100754.json
sweep,sweep,100755,OVERSHOOT,OVERSHOOT,,0.0666,,sim/out/host/grindsim --seed 100755 --scenario sim/mc/scenarios/sweep.json --params sim/mc/out/full/params/sweep/100755.json
sweep,sweep,100756,MAX_PULSES,MAX_PULSES,,-0.2069,,sim/out/host/grindsim --seed 100756 --scenario sim/mc/scenarios/sweep.json --params sim/mc/out/full/params/sweep/100756.json
sweep,sweep,100757,ERROR 'No beans?',ERROR,No beans?,-0.7820,,sim/out/host/grindsim --seed 100757 --scenario sim/mc/scenarios/sweep.json --params sim/mc/out/full/params/sweep/100757.json
sweep,sweep,100758,ERROR 'No beans?',ERROR,No beans?,-0.6002,,sim/out/host/grindsim --seed 100758 --scenario sim/mc/scenarios/sweep.json --params sim/mc/out/full/params/sweep/100758.json
sweep,sweep,100759,MAX_PULSES,MAX_PULSES,,-0.3109,,sim/out/host/grindsim --seed 100759 --scenario sim/mc/scenarios/sweep.json --params sim/mc/out/full/params/sweep/100759.json
sweep,sweep,100760,MAX_PULSES,MAX_PULSES,,-0.8163,,sim/out/host/grindsim --seed 100760 --scenario sim/mc/scenarios/sweep.json --params sim/mc/out/full/params/sweep/100760.json
sweep,sweep,100761,MAX_PULSES,MAX_PULSES,,-0.5390,,sim/out/host/grindsim --seed 100761 --scenario sim/mc/scenarios/sweep.json --params sim/mc/out/full/params/sweep/100761.json
sweep,sweep,100762,SUCCESS (true err < -0.03),SUCCESS,,-0.2049,,sim/out/host/grindsim --seed 100762 --scenario sim/mc/scenarios/sweep.json --params sim/mc/out/full/params/sweep/100762.json
sweep,sweep,100763,MAX_PULSES,MAX_PULSES,,-0.3615,,sim/out/host/grindsim --seed 100763 --scenario sim/mc/scenarios/sweep.json --params sim/mc/out/full/params/sweep/100763.json
sweep,sweep,100764,MAX_PULSES,MAX_PULSES,,-0.2337,,sim/out/host/grindsim --seed 100764 --scenario sim/mc/scenarios/sweep.json --params sim/mc/out/full/params/sweep/100764.json
sweep,sweep,100765,ERROR 'No beans?',ERROR,No beans?,-1.1862,,sim/out/host/grindsim --seed 100765 --scenario sim/mc/scenarios/sweep.json --params sim/mc/out/full/params/sweep/100765.json
sweep,sweep,100766,MAX_PULSES,MAX_PULSES,,-0.6276,,sim/out/host/grindsim --seed 100766 --scenario sim/mc/scenarios/sweep.json --params sim/mc/out/full/params/sweep/100766.json
sweep,sweep,100767,SUCCESS (true err < -0.03),SUCCESS,,-0.1054,,sim/out/host/grindsim --seed 100767 --scenario sim/mc/scenarios/sweep.json --params sim/mc/out/full/params/sweep/100767.json
sweep,sweep,100768,ERROR 'No beans?',ERROR,No beans?,-0.4857,,sim/out/host/grindsim --seed 100768 --scenario sim/mc/scenarios/sweep.json --params sim/mc/out/full/params/sweep/100768.json
sweep,sweep,100769,MAX_PULSES,MAX_PULSES,,-0.2483,,sim/out/host/grindsim --seed 100769 --scenario sim/mc/scenarios/sweep.json --params sim/mc/out/full/params/sweep/100769.json
sweep,sweep,100770,MAX_PULSES,MAX_PULSES,,-0.6873,,sim/out/host/grindsim --seed 100770 --scenario sim/mc/scenarios/sweep.json --params sim/mc/out/full/params/sweep/100770.json
sweep,sweep,100771,OVERSHOOT,OVERSHOOT,,-0.0054,,sim/out/host/grindsim --seed 100771 --scenario sim/mc/scenarios/sweep.json --params sim/mc/out/full/params/sweep/100771.json
sweep,sweep,100772,MAX_PULSES,MAX_PULSES,,-0.5696,,sim/out/host/grindsim --seed 100772 --scenario sim/mc/scenarios/sweep.json --params sim/mc/out/full/params/sweep/100772.json
sweep,sweep,100773,SUCCESS (true err < -0.03),SUCCESS,,-0.0724,,sim/out/host/grindsim --seed 100773 --scenario sim/mc/scenarios/sweep.json --params sim/mc/out/full/params/sweep/100773.json
sweep,sweep,100774,ERROR 'No beans?',ERROR,No beans?,-2.2666,,sim/out/host/grindsim --seed 100774 --scenario sim/mc/scenarios/sweep.json --params sim/mc/out/full/params/sweep/100774.json
sweep,sweep,100775,OVERSHOOT,OVERSHOOT,,0.1239,,sim/out/host/grindsim --seed 100775 --scenario sim/mc/scenarios/sweep.json --params sim/mc/out/full/params/sweep/100775.json
sweep,sweep,100776,MAX_PULSES,MAX_PULSES,,-0.1560,,sim/out/host/grindsim --seed 100776 --scenario sim/mc/scenarios/sweep.json --params sim/mc/out/full/params/sweep/100776.json
sweep,sweep,100777,MAX_PULSES,MAX_PULSES,,-0.0919,,sim/out/host/grindsim --seed 100777 --scenario sim/mc/scenarios/sweep.json --params sim/mc/out/full/params/sweep/100777.json
sweep,sweep,100778,MAX_PULSES,MAX_PULSES,,-0.0794,,sim/out/host/grindsim --seed 100778 --scenario sim/mc/scenarios/sweep.json --params sim/mc/out/full/params/sweep/100778.json
sweep,sweep,100779,MAX_PULSES,MAX_PULSES,,-0.7780,,sim/out/host/grindsim --seed 100779 --scenario sim/mc/scenarios/sweep.json --params sim/mc/out/full/params/sweep/100779.json
sweep,sweep,100780,OVERSHOOT,OVERSHOOT,,0.1181,,sim/out/host/grindsim --seed 100780 --scenario sim/mc/scenarios/sweep.json --params sim/mc/out/full/params/sweep/100780.json
sweep,sweep,100781,ERROR 'No beans?',ERROR,No beans?,-1.2608,,sim/out/host/grindsim --seed 100781 --scenario sim/mc/scenarios/sweep.json --params sim/mc/out/full/params/sweep/100781.json
sweep,sweep,100782,SUCCESS (true err > +0.03),SUCCESS,,0.0573,,sim/out/host/grindsim --seed 100782 --scenario sim/mc/scenarios/sweep.json --params sim/mc/out/full/params/sweep/100782.json
sweep,sweep,100783,MAX_PULSES,MAX_PULSES,,-0.1514,,sim/out/host/grindsim --seed 100783 --scenario sim/mc/scenarios/sweep.json --params sim/mc/out/full/params/sweep/100783.json
sweep,sweep,100784,MAX_PULSES,MAX_PULSES,,-0.3062,,sim/out/host/grindsim --seed 100784 --scenario sim/mc/scenarios/sweep.json --params sim/mc/out/full/params/sweep/100784.json
sweep,sweep,100785,OVERSHOOT,OVERSHOOT,,0.2978,,sim/out/host/grindsim --seed 100785 --scenario sim/mc/scenarios/sweep.json --params sim/mc/out/full/params/sweep/100785.json
sweep,sweep,100786,ERROR 'No beans?',ERROR,No beans?,-1.3750,,sim/out/host/grindsim --seed 100786 --scenario sim/mc/scenarios/sweep.json --params sim/mc/out/full/params/sweep/100786.json
sweep,sweep,100787,ERROR 'No beans?',ERROR,No beans?,-1.4722,,sim/out/host/grindsim --seed 100787 --scenario sim/mc/scenarios/sweep.json --params sim/mc/out/full/params/sweep/100787.json
sweep,sweep,100788,MAX_PULSES,MAX_PULSES,,-0.0695,,sim/out/host/grindsim --seed 100788 --scenario sim/mc/scenarios/sweep.json --params sim/mc/out/full/params/sweep/100788.json
sweep,sweep,100789,MAX_PULSES,MAX_PULSES,,-0.6652,,sim/out/host/grindsim --seed 100789 --scenario sim/mc/scenarios/sweep.json --params sim/mc/out/full/params/sweep/100789.json
sweep,sweep,100790,MAX_PULSES,MAX_PULSES,,-0.1469,,sim/out/host/grindsim --seed 100790 --scenario sim/mc/scenarios/sweep.json --params sim/mc/out/full/params/sweep/100790.json
sweep,sweep,100791,ERROR 'No beans?',ERROR,No beans?,-1.8552,,sim/out/host/grindsim --seed 100791 --scenario sim/mc/scenarios/sweep.json --params sim/mc/out/full/params/sweep/100791.json
sweep,sweep,100792,ERROR 'No beans?',ERROR,No beans?,-0.7522,,sim/out/host/grindsim --seed 100792 --scenario sim/mc/scenarios/sweep.json --params sim/mc/out/full/params/sweep/100792.json
sweep,sweep,100793,MAX_PULSES,MAX_PULSES,,-0.5219,,sim/out/host/grindsim --seed 100793 --scenario sim/mc/scenarios/sweep.json --params sim/mc/out/full/params/sweep/100793.json
sweep,sweep,100794,MAX_PULSES,MAX_PULSES,,-0.2163,,sim/out/host/grindsim --seed 100794 --scenario sim/mc/scenarios/sweep.json --params sim/mc/out/full/params/sweep/100794.json
sweep,sweep,100795,OVERSHOOT,OVERSHOOT,,0.0951,,sim/out/host/grindsim --seed 100795 --scenario sim/mc/scenarios/sweep.json --params sim/mc/out/full/params/sweep/100795.json
sweep,sweep,100797,MAX_PULSES,MAX_PULSES,,-0.1466,,sim/out/host/grindsim --seed 100797 --scenario sim/mc/scenarios/sweep.json --params sim/mc/out/full/params/sweep/100797.json
sweep,sweep,100798,MAX_PULSES,MAX_PULSES,,-0.3254,,sim/out/host/grindsim --seed 100798 --scenario sim/mc/scenarios/sweep.json --params sim/mc/out/full/params/sweep/100798.json
sweep,sweep,100799,MAX_PULSES,MAX_PULSES,,-0.2871,,sim/out/host/grindsim --seed 100799 --scenario sim/mc/scenarios/sweep.json --params sim/mc/out/full/params/sweep/100799.json
sweep,sweep,100800,SUCCESS (true err < -0.03),SUCCESS,,-0.1845,,sim/out/host/grindsim --seed 100800 --scenario sim/mc/scenarios/sweep.json --params sim/mc/out/full/params/sweep/100800.json
sweep,sweep,100801,MAX_PULSES,MAX_PULSES,,-0.1957,,sim/out/host/grindsim --seed 100801 --scenario sim/mc/scenarios/sweep.json --params sim/mc/out/full/params/sweep/100801.json
sweep,sweep,100802,MAX_PULSES,MAX_PULSES,,-0.0288,,sim/out/host/grindsim --seed 100802 --scenario sim/mc/scenarios/sweep.json --params sim/mc/out/full/params/sweep/100802.json
sweep,sweep,100803,MAX_PULSES,MAX_PULSES,,-0.2646,,sim/out/host/grindsim --seed 100803 --scenario sim/mc/scenarios/sweep.json --params sim/mc/out/full/params/sweep/100803.json
sweep,sweep,100804,ERROR 'No beans?',ERROR,No beans?,-1.8001,,sim/out/host/grindsim --seed 100804 --scenario sim/mc/scenarios/sweep.json --params sim/mc/out/full/params/sweep/100804.json
sweep,sweep,100805,OVERSHOOT,OVERSHOOT,,0.1858,,sim/out/host/grindsim --seed 100805 --scenario sim/mc/scenarios/sweep.json --params sim/mc/out/full/params/sweep/100805.json
sweep,sweep,100806,SUCCESS (true err < -0.03),SUCCESS,,-0.0633,,sim/out/host/grindsim --seed 100806 --scenario sim/mc/scenarios/sweep.json --params sim/mc/out/full/params/sweep/100806.json
sweep,sweep,100807,ERROR 'No beans?',ERROR,No beans?,-2.0564,,sim/out/host/grindsim --seed 100807 --scenario sim/mc/scenarios/sweep.json --params sim/mc/out/full/params/sweep/100807.json
sweep,sweep,100808,ERROR 'No beans?',ERROR,No beans?,-1.2928,,sim/out/host/grindsim --seed 100808 --scenario sim/mc/scenarios/sweep.json --params sim/mc/out/full/params/sweep/100808.json
sweep,sweep,100809,SUCCESS (true err > +0.03),SUCCESS,,0.0391,,sim/out/host/grindsim --seed 100809 --scenario sim/mc/scenarios/sweep.json --params sim/mc/out/full/params/sweep/100809.json
sweep,sweep,100810,ERROR 'No beans?',ERROR,No beans?,-2.1550,,sim/out/host/grindsim --seed 100810 --scenario sim/mc/scenarios/sweep.json --params sim/mc/out/full/params/sweep/100810.json
sweep,sweep,100811,MAX_PULSES,MAX_PULSES,,-0.3217,,sim/out/host/grindsim --seed 100811 --scenario sim/mc/scenarios/sweep.json --params sim/mc/out/full/params/sweep/100811.json
sweep,sweep,100812,MAX_PULSES,MAX_PULSES,,-0.1005,,sim/out/host/grindsim --seed 100812 --scenario sim/mc/scenarios/sweep.json --params sim/mc/out/full/params/sweep/100812.json
sweep,sweep,100813,MAX_PULSES,MAX_PULSES,,-0.3981,,sim/out/host/grindsim --seed 100813 --scenario sim/mc/scenarios/sweep.json --params sim/mc/out/full/params/sweep/100813.json
sweep,sweep,100814,MAX_PULSES,MAX_PULSES,,-0.3666,,sim/out/host/grindsim --seed 100814 --scenario sim/mc/scenarios/sweep.json --params sim/mc/out/full/params/sweep/100814.json
sweep,sweep,100815,MAX_PULSES,MAX_PULSES,,-0.3073,,sim/out/host/grindsim --seed 100815 --scenario sim/mc/scenarios/sweep.json --params sim/mc/out/full/params/sweep/100815.json
sweep,sweep,100816,OVERSHOOT,OVERSHOOT,,0.3184,,sim/out/host/grindsim --seed 100816 --scenario sim/mc/scenarios/sweep.json --params sim/mc/out/full/params/sweep/100816.json
sweep,sweep,100817,MAX_PULSES,MAX_PULSES,,-0.2488,,sim/out/host/grindsim --seed 100817 --scenario sim/mc/scenarios/sweep.json --params sim/mc/out/full/params/sweep/100817.json
sweep,sweep,100818,MAX_PULSES,MAX_PULSES,,-0.0640,,sim/out/host/grindsim --seed 100818 --scenario sim/mc/scenarios/sweep.json --params sim/mc/out/full/params/sweep/100818.json
sweep,sweep,100819,SUCCESS (true err < -0.03),SUCCESS,,-0.0305,,sim/out/host/grindsim --seed 100819 --scenario sim/mc/scenarios/sweep.json --params sim/mc/out/full/params/sweep/100819.json
sweep,sweep,100820,SUCCESS (true err > +0.03),SUCCESS,,0.0679,,sim/out/host/grindsim --seed 100820 --scenario sim/mc/scenarios/sweep.json --params sim/mc/out/full/params/sweep/100820.json
sweep,sweep,100821,MAX_PULSES,MAX_PULSES,,-0.2152,,sim/out/host/grindsim --seed 100821 --scenario sim/mc/scenarios/sweep.json --params sim/mc/out/full/params/sweep/100821.json
sweep,sweep,100822,MAX_PULSES,MAX_PULSES,,-0.0934,,sim/out/host/grindsim --seed 100822 --scenario sim/mc/scenarios/sweep.json --params sim/mc/out/full/params/sweep/100822.json
sweep,sweep,100823,ERROR 'No beans?',ERROR,No beans?,-1.5153,,sim/out/host/grindsim --seed 100823 --scenario sim/mc/scenarios/sweep.json --params sim/mc/out/full/params/sweep/100823.json
sweep,sweep,100824,MAX_PULSES,MAX_PULSES,,-0.5191,,sim/out/host/grindsim --seed 100824 --scenario sim/mc/scenarios/sweep.json --params sim/mc/out/full/params/sweep/100824.json
sweep,sweep,100825,MAX_PULSES,MAX_PULSES,,-0.1946,,sim/out/host/grindsim --seed 100825 --scenario sim/mc/scenarios/sweep.json --params sim/mc/out/full/params/sweep/100825.json
sweep,sweep,100826,SUCCESS (true err < -0.03),SUCCESS,,-0.1409,,sim/out/host/grindsim --seed 100826 --scenario sim/mc/scenarios/sweep.json --params sim/mc/out/full/params/sweep/100826.json
sweep,sweep,100827,MAX_PULSES,MAX_PULSES,,-0.3380,,sim/out/host/grindsim --seed 100827 --scenario sim/mc/scenarios/sweep.json --params sim/mc/out/full/params/sweep/100827.json
sweep,sweep,100828,TIMEOUT 'Timeout:PULS',TIMEOUT,Timeout:PULS,-5.1657,,sim/out/host/grindsim --seed 100828 --scenario sim/mc/scenarios/sweep.json --params sim/mc/out/full/params/sweep/100828.json
sweep,sweep,100829,MAX_PULSES,MAX_PULSES,,-0.7843,,sim/out/host/grindsim --seed 100829 --scenario sim/mc/scenarios/sweep.json --params sim/mc/out/full/params/sweep/100829.json
sweep,sweep,100830,SUCCESS (true err < -0.03),SUCCESS,,-0.1204,,sim/out/host/grindsim --seed 100830 --scenario sim/mc/scenarios/sweep.json --params sim/mc/out/full/params/sweep/100830.json
sweep,sweep,100831,ERROR 'No beans?',ERROR,No beans?,-0.7478,,sim/out/host/grindsim --seed 100831 --scenario sim/mc/scenarios/sweep.json --params sim/mc/out/full/params/sweep/100831.json
sweep,sweep,100833,MAX_PULSES,MAX_PULSES,,-0.1078,,sim/out/host/grindsim --seed 100833 --scenario sim/mc/scenarios/sweep.json --params sim/mc/out/full/params/sweep/100833.json
sweep,sweep,100834,OVERSHOOT,OVERSHOOT,,0.1901,,sim/out/host/grindsim --seed 100834 --scenario sim/mc/scenarios/sweep.json --params sim/mc/out/full/params/sweep/100834.json
sweep,sweep,100836,ERROR 'No beans?',ERROR,No beans?,-0.7688,,sim/out/host/grindsim --seed 100836 --scenario sim/mc/scenarios/sweep.json --params sim/mc/out/full/params/sweep/100836.json
sweep,sweep,100837,MAX_PULSES,MAX_PULSES,,-0.0793,,sim/out/host/grindsim --seed 100837 --scenario sim/mc/scenarios/sweep.json --params sim/mc/out/full/params/sweep/100837.json
sweep,sweep,100838,OVERSHOOT,OVERSHOOT,,0.5870,,sim/out/host/grindsim --seed 100838 --scenario sim/mc/scenarios/sweep.json --params sim/mc/out/full/params/sweep/100838.json
sweep,sweep,100839,MAX_PULSES,MAX_PULSES,,-0.1545,,sim/out/host/grindsim --seed 100839 --scenario sim/mc/scenarios/sweep.json --params sim/mc/out/full/params/sweep/100839.json
sweep,sweep,100840,MAX_PULSES,MAX_PULSES,,-0.0512,,sim/out/host/grindsim --seed 100840 --scenario sim/mc/scenarios/sweep.json --params sim/mc/out/full/params/sweep/100840.json
sweep,sweep,100841,MAX_PULSES,MAX_PULSES,,-0.1577,,sim/out/host/grindsim --seed 100841 --scenario sim/mc/scenarios/sweep.json --params sim/mc/out/full/params/sweep/100841.json
sweep,sweep,100842,MAX_PULSES,MAX_PULSES,,-0.1209,,sim/out/host/grindsim --seed 100842 --scenario sim/mc/scenarios/sweep.json --params sim/mc/out/full/params/sweep/100842.json
sweep,sweep,100843,ERROR 'No beans?',ERROR,No beans?,-0.7483,,sim/out/host/grindsim --seed 100843 --scenario sim/mc/scenarios/sweep.json --params sim/mc/out/full/params/sweep/100843.json
sweep,sweep,100844,MAX_PULSES,MAX_PULSES,,-0.5457,,sim/out/host/grindsim --seed 100844 --scenario sim/mc/scenarios/sweep.json --params sim/mc/out/full/params/sweep/100844.json
sweep,sweep,100845,MAX_PULSES,MAX_PULSES,,-0.5786,,sim/out/host/grindsim --seed 100845 --scenario sim/mc/scenarios/sweep.json --params sim/mc/out/full/params/sweep/100845.json
sweep,sweep,100846,MAX_PULSES,MAX_PULSES,,-0.1265,,sim/out/host/grindsim --seed 100846 --scenario sim/mc/scenarios/sweep.json --params sim/mc/out/full/params/sweep/100846.json
sweep,sweep,100847,SUCCESS (true err > +0.03),SUCCESS,,0.0353,,sim/out/host/grindsim --seed 100847 --scenario sim/mc/scenarios/sweep.json --params sim/mc/out/full/params/sweep/100847.json
sweep,sweep,100848,MAX_PULSES,MAX_PULSES,,-0.2343,,sim/out/host/grindsim --seed 100848 --scenario sim/mc/scenarios/sweep.json --params sim/mc/out/full/params/sweep/100848.json
sweep,sweep,100851,OVERSHOOT,OVERSHOOT,,0.3272,,sim/out/host/grindsim --seed 100851 --scenario sim/mc/scenarios/sweep.json --params sim/mc/out/full/params/sweep/100851.json
sweep,sweep,100852,SUCCESS (true err < -0.03),SUCCESS,,-0.1284,,sim/out/host/grindsim --seed 100852 --scenario sim/mc/scenarios/sweep.json --params sim/mc/out/full/params/sweep/100852.json
sweep,sweep,100853,MAX_PULSES,MAX_PULSES,,-0.2913,,sim/out/host/grindsim --seed 100853 --scenario sim/mc/scenarios/sweep.json --params sim/mc/out/full/params/sweep/100853.json
sweep,sweep,100854,OVERSHOOT,OVERSHOOT,,0.2370,,sim/out/host/grindsim --seed 100854 --scenario sim/mc/scenarios/sweep.json --params sim/mc/out/full/params/sweep/100854.json
sweep,sweep,100855,MAX_PULSES,MAX_PULSES,,-0.3819,,sim/out/host/grindsim --seed 100855 --scenario sim/mc/scenarios/sweep.json --params sim/mc/out/full/params/sweep/100855.json
sweep,sweep,100856,ERROR 'No beans?',ERROR,No beans?,-0.7615,,sim/out/host/grindsim --seed 100856 --scenario sim/mc/scenarios/sweep.json --params sim/mc/out/full/params/sweep/100856.json
sweep,sweep,100857,ERROR 'No beans?',ERROR,No beans?,-1.3754,,sim/out/host/grindsim --seed 100857 --scenario sim/mc/scenarios/sweep.json --params sim/mc/out/full/params/sweep/100857.json
sweep,sweep,100858,ERROR 'No beans?',ERROR,No beans?,-0.9270,,sim/out/host/grindsim --seed 100858 --scenario sim/mc/scenarios/sweep.json --params sim/mc/out/full/params/sweep/100858.json
sweep,sweep,100859,MAX_PULSES,MAX_PULSES,,-0.2470,,sim/out/host/grindsim --seed 100859 --scenario sim/mc/scenarios/sweep.json --params sim/mc/out/full/params/sweep/100859.json
sweep,sweep,100860,MAX_PULSES,MAX_PULSES,,-0.0821,,sim/out/host/grindsim --seed 100860 --scenario sim/mc/scenarios/sweep.json --params sim/mc/out/full/params/sweep/100860.json
sweep,sweep,100861,ERROR 'No beans?',ERROR,No beans?,-1.3037,,sim/out/host/grindsim --seed 100861 --scenario sim/mc/scenarios/sweep.json --params sim/mc/out/full/params/sweep/100861.json
sweep,sweep,100862,OVERSHOOT,OVERSHOOT,,0.5506,,sim/out/host/grindsim --seed 100862 --scenario sim/mc/scenarios/sweep.json --params sim/mc/out/full/params/sweep/100862.json
sweep,sweep,100863,SUCCESS (true err < -0.03),SUCCESS,,-0.0649,,sim/out/host/grindsim --seed 100863 --scenario sim/mc/scenarios/sweep.json --params sim/mc/out/full/params/sweep/100863.json
sweep,sweep,100864,MAX_PULSES,MAX_PULSES,,-0.0783,,sim/out/host/grindsim --seed 100864 --scenario sim/mc/scenarios/sweep.json --params sim/mc/out/full/params/sweep/100864.json
sweep,sweep,100866,MAX_PULSES,MAX_PULSES,,-0.1645,,sim/out/host/grindsim --seed 100866 --scenario sim/mc/scenarios/sweep.json --params sim/mc/out/full/params/sweep/100866.json
sweep,sweep,100867,ERROR 'No beans?',ERROR,No beans?,-2.5273,,sim/out/host/grindsim --seed 100867 --scenario sim/mc/scenarios/sweep.json --params sim/mc/out/full/params/sweep/100867.json
sweep,sweep,100868,OVERSHOOT,OVERSHOOT,,0.5578,,sim/out/host/grindsim --seed 100868 --scenario sim/mc/scenarios/sweep.json --params sim/mc/out/full/params/sweep/100868.json
sweep,sweep,100869,MAX_PULSES,MAX_PULSES,,-0.2880,,sim/out/host/grindsim --seed 100869 --scenario sim/mc/scenarios/sweep.json --params sim/mc/out/full/params/sweep/100869.json
sweep,sweep,100870,ERROR 'No beans?',ERROR,No beans?,-1.0739,,sim/out/host/grindsim --seed 100870 --scenario sim/mc/scenarios/sweep.json --params sim/mc/out/full/params/sweep/100870.json
sweep,sweep,100871,ERROR 'No beans?',ERROR,No beans?,-1.1636,,sim/out/host/grindsim --seed 100871 --scenario sim/mc/scenarios/sweep.json --params sim/mc/out/full/params/sweep/100871.json
sweep,sweep,100872,ERROR 'No beans?',ERROR,No beans?,-1.2327,,sim/out/host/grindsim --seed 100872 --scenario sim/mc/scenarios/sweep.json --params sim/mc/out/full/params/sweep/100872.json
sweep,sweep,100873,MAX_PULSES,MAX_PULSES,,-0.4875,,sim/out/host/grindsim --seed 100873 --scenario sim/mc/scenarios/sweep.json --params sim/mc/out/full/params/sweep/100873.json
sweep,sweep,100874,MAX_PULSES,MAX_PULSES,,-1.0251,,sim/out/host/grindsim --seed 100874 --scenario sim/mc/scenarios/sweep.json --params sim/mc/out/full/params/sweep/100874.json
sweep,sweep,100876,OVERSHOOT,OVERSHOOT,,0.1848,,sim/out/host/grindsim --seed 100876 --scenario sim/mc/scenarios/sweep.json --params sim/mc/out/full/params/sweep/100876.json
sweep,sweep,100877,MAX_PULSES,MAX_PULSES,,-0.1318,,sim/out/host/grindsim --seed 100877 --scenario sim/mc/scenarios/sweep.json --params sim/mc/out/full/params/sweep/100877.json
sweep,sweep,100878,ERROR 'No beans?',ERROR,No beans?,-1.4529,,sim/out/host/grindsim --seed 100878 --scenario sim/mc/scenarios/sweep.json --params sim/mc/out/full/params/sweep/100878.json
sweep,sweep,100879,MAX_PULSES,MAX_PULSES,,-0.2295,,sim/out/host/grindsim --seed 100879 --scenario sim/mc/scenarios/sweep.json --params sim/mc/out/full/params/sweep/100879.json
sweep,sweep,100881,SUCCESS (true err < -0.03),SUCCESS,,-0.1248,,sim/out/host/grindsim --seed 100881 --scenario sim/mc/scenarios/sweep.json --params sim/mc/out/full/params/sweep/100881.json
sweep,sweep,100882,MAX_PULSES,MAX_PULSES,,-0.2519,,sim/out/host/grindsim --seed 100882 --scenario sim/mc/scenarios/sweep.json --params sim/mc/out/full/params/sweep/100882.json
sweep,sweep,100883,MAX_PULSES,MAX_PULSES,,-0.0957,,sim/out/host/grindsim --seed 100883 --scenario sim/mc/scenarios/sweep.json --params sim/mc/out/full/params/sweep/100883.json
sweep,sweep,100884,OVERSHOOT,OVERSHOOT,,0.2102,,sim/out/host/grindsim --seed 100884 --scenario sim/mc/scenarios/sweep.json --params sim/mc/out/full/params/sweep/100884.json
sweep,sweep,100885,MAX_PULSES,MAX_PULSES,,-0.1109,,sim/out/host/grindsim --seed 100885 --scenario sim/mc/scenarios/sweep.json --params sim/mc/out/full/params/sweep/100885.json
sweep,sweep,100886,MAX_PULSES,MAX_PULSES,,-0.2984,,sim/out/host/grindsim --seed 100886 --scenario sim/mc/scenarios/sweep.json --params sim/mc/out/full/params/sweep/100886.json
sweep,sweep,100887,MAX_PULSES,MAX_PULSES,,-0.3889,,sim/out/host/grindsim --seed 100887 --scenario sim/mc/scenarios/sweep.json --params sim/mc/out/full/params/sweep/100887.json
sweep,sweep,100888,MAX_PULSES,MAX_PULSES,,-0.1016,,sim/out/host/grindsim --seed 100888 --scenario sim/mc/scenarios/sweep.json --params sim/mc/out/full/params/sweep/100888.json
sweep,sweep,100889,MAX_PULSES,MAX_PULSES,,-0.1048,,sim/out/host/grindsim --seed 100889 --scenario sim/mc/scenarios/sweep.json --params sim/mc/out/full/params/sweep/100889.json
sweep,sweep,100890,MAX_PULSES,MAX_PULSES,,-0.1257,,sim/out/host/grindsim --seed 100890 --scenario sim/mc/scenarios/sweep.json --params sim/mc/out/full/params/sweep/100890.json
sweep,sweep,100891,MAX_PULSES,MAX_PULSES,,-0.2189,,sim/out/host/grindsim --seed 100891 --scenario sim/mc/scenarios/sweep.json --params sim/mc/out/full/params/sweep/100891.json
sweep,sweep,100892,ERROR 'No beans?',ERROR,No beans?,-0.4378,,sim/out/host/grindsim --seed 100892 --scenario sim/mc/scenarios/sweep.json --params sim/mc/out/full/params/sweep/100892.json
sweep,sweep,100893,OVERSHOOT,OVERSHOOT,,0.2427,,sim/out/host/grindsim --seed 100893 --scenario sim/mc/scenarios/sweep.json --params sim/mc/out/full/params/sweep/100893.json
sweep,sweep,100894,ERROR 'No beans?',ERROR,No beans?,-1.6353,,sim/out/host/grindsim --seed 100894 --scenario sim/mc/scenarios/sweep.json --params sim/mc/out/full/params/sweep/100894.json
sweep,sweep,100895,MAX_PULSES,MAX_PULSES,,-0.2967,,sim/out/host/grindsim --seed 100895 --scenario sim/mc/scenarios/sweep.json --params sim/mc/out/full/params/sweep/100895.json
sweep,sweep,100896,SUCCESS (true err < -0.03),SUCCESS,,-0.0456,,sim/out/host/grindsim --seed 100896 --scenario sim/mc/scenarios/sweep.json --params sim/mc/out/full/params/sweep/100896.json
sweep,sweep,100897,MAX_PULSES,MAX_PULSES,,-0.3735,,sim/out/host/grindsim --seed 100897 --scenario sim/mc/scenarios/sweep.json --params sim/mc/out/full/params/sweep/100897.json
sweep,sweep,100898,OVERSHOOT,OVERSHOOT,,0.1325,,sim/out/host/grindsim --seed 100898 --scenario sim/mc/scenarios/sweep.json --params sim/mc/out/full/params/sweep/100898.json
sweep,sweep,100899,ERROR 'No beans?',ERROR,No beans?,-1.3886,,sim/out/host/grindsim --seed 100899 --scenario sim/mc/scenarios/sweep.json --params sim/mc/out/full/params/sweep/100899.json
sweep,sweep,100900,OVERSHOOT,OVERSHOOT,,0.0759,,sim/out/host/grindsim --seed 100900 --scenario sim/mc/scenarios/sweep.json --params sim/mc/out/full/params/sweep/100900.json
sweep,sweep,100901,ERROR 'No beans?',ERROR,No beans?,-1.3265,,sim/out/host/grindsim --seed 100901 --scenario sim/mc/scenarios/sweep.json --params sim/mc/out/full/params/sweep/100901.json
sweep,sweep,100902,MAX_PULSES,MAX_PULSES,,-0.2983,,sim/out/host/grindsim --seed 100902 --scenario sim/mc/scenarios/sweep.json --params sim/mc/out/full/params/sweep/100902.json
sweep,sweep,100903,MAX_PULSES,MAX_PULSES,,-0.1605,,sim/out/host/grindsim --seed 100903 --scenario sim/mc/scenarios/sweep.json --params sim/mc/out/full/params/sweep/100903.json
sweep,sweep,100904,OVERSHOOT,OVERSHOOT,,-0.0042,,sim/out/host/grindsim --seed 100904 --scenario sim/mc/scenarios/sweep.json --params sim/mc/out/full/params/sweep/100904.json
sweep,sweep,100905,MAX_PULSES,MAX_PULSES,,-0.6168,,sim/out/host/grindsim --seed 100905 --scenario sim/mc/scenarios/sweep.json --params sim/mc/out/full/params/sweep/100905.json
sweep,sweep,100906,TIMEOUT 'Timeout:PULS',TIMEOUT,Timeout:PULS,-0.2108,,sim/out/host/grindsim --seed 100906 --scenario sim/mc/scenarios/sweep.json --params sim/mc/out/full/params/sweep/100906.json
sweep,sweep,100907,MAX_PULSES,MAX_PULSES,,-0.2805,,sim/out/host/grindsim --seed 100907 --scenario sim/mc/scenarios/sweep.json --params sim/mc/out/full/params/sweep/100907.json
sweep,sweep,100908,ERROR 'No beans?',ERROR,No beans?,-1.2238,,sim/out/host/grindsim --seed 100908 --scenario sim/mc/scenarios/sweep.json --params sim/mc/out/full/params/sweep/100908.json
sweep,sweep,100909,MAX_PULSES,MAX_PULSES,,-0.1318,,sim/out/host/grindsim --seed 100909 --scenario sim/mc/scenarios/sweep.json --params sim/mc/out/full/params/sweep/100909.json
sweep,sweep,100910,MAX_PULSES,MAX_PULSES,,-0.1659,,sim/out/host/grindsim --seed 100910 --scenario sim/mc/scenarios/sweep.json --params sim/mc/out/full/params/sweep/100910.json
sweep,sweep,100911,MAX_PULSES,MAX_PULSES,,-0.1203,,sim/out/host/grindsim --seed 100911 --scenario sim/mc/scenarios/sweep.json --params sim/mc/out/full/params/sweep/100911.json
sweep,sweep,100912,OVERSHOOT,OVERSHOOT,,0.1926,,sim/out/host/grindsim --seed 100912 --scenario sim/mc/scenarios/sweep.json --params sim/mc/out/full/params/sweep/100912.json
sweep,sweep,100913,MAX_PULSES,MAX_PULSES,,-0.0475,,sim/out/host/grindsim --seed 100913 --scenario sim/mc/scenarios/sweep.json --params sim/mc/out/full/params/sweep/100913.json
sweep,sweep,100914,MAX_PULSES,MAX_PULSES,,-0.1289,,sim/out/host/grindsim --seed 100914 --scenario sim/mc/scenarios/sweep.json --params sim/mc/out/full/params/sweep/100914.json
sweep,sweep,100915,MAX_PULSES,MAX_PULSES,,-0.4691,,sim/out/host/grindsim --seed 100915 --scenario sim/mc/scenarios/sweep.json --params sim/mc/out/full/params/sweep/100915.json
sweep,sweep,100917,MAX_PULSES,MAX_PULSES,,-0.0844,,sim/out/host/grindsim --seed 100917 --scenario sim/mc/scenarios/sweep.json --params sim/mc/out/full/params/sweep/100917.json
sweep,sweep,100918,OVERSHOOT,OVERSHOOT,,0.3794,,sim/out/host/grindsim --seed 100918 --scenario sim/mc/scenarios/sweep.json --params sim/mc/out/full/params/sweep/100918.json
sweep,sweep,100919,MAX_PULSES,MAX_PULSES,,-0.1613,,sim/out/host/grindsim --seed 100919 --scenario sim/mc/scenarios/sweep.json --params sim/mc/out/full/params/sweep/100919.json
sweep,sweep,100920,ERROR 'No beans?',ERROR,No beans?,-2.2041,,sim/out/host/grindsim --seed 100920 --scenario sim/mc/scenarios/sweep.json --params sim/mc/out/full/params/sweep/100920.json
sweep,sweep,100921,OVERSHOOT,OVERSHOOT,,0.0531,,sim/out/host/grindsim --seed 100921 --scenario sim/mc/scenarios/sweep.json --params sim/mc/out/full/params/sweep/100921.json
sweep,sweep,100922,ERROR 'No beans?',ERROR,No beans?,-0.9458,,sim/out/host/grindsim --seed 100922 --scenario sim/mc/scenarios/sweep.json --params sim/mc/out/full/params/sweep/100922.json
sweep,sweep,100923,OVERSHOOT,OVERSHOOT,,0.5482,,sim/out/host/grindsim --seed 100923 --scenario sim/mc/scenarios/sweep.json --params sim/mc/out/full/params/sweep/100923.json
sweep,sweep,100924,OVERSHOOT,OVERSHOOT,,0.1349,,sim/out/host/grindsim --seed 100924 --scenario sim/mc/scenarios/sweep.json --params sim/mc/out/full/params/sweep/100924.json
sweep,sweep,100925,MAX_PULSES,MAX_PULSES,,-0.0528,,sim/out/host/grindsim --seed 100925 --scenario sim/mc/scenarios/sweep.json --params sim/mc/out/full/params/sweep/100925.json
sweep,sweep,100926,SUCCESS (true err < -0.03),SUCCESS,,-0.1018,,sim/out/host/grindsim --seed 100926 --scenario sim/mc/scenarios/sweep.json --params sim/mc/out/full/params/sweep/100926.json
sweep,sweep,100927,MAX_PULSES,MAX_PULSES,,-0.1608,,sim/out/host/grindsim --seed 100927 --scenario sim/mc/scenarios/sweep.json --params sim/mc/out/full/params/sweep/100927.json
sweep,sweep,100928,ERROR 'No beans?',ERROR,No beans?,-1.3926,,sim/out/host/grindsim --seed 100928 --scenario sim/mc/scenarios/sweep.json --params sim/mc/out/full/params/sweep/100928.json
sweep,sweep,100929,MAX_PULSES,MAX_PULSES,,-0.0608,,sim/out/host/grindsim --seed 100929 --scenario sim/mc/scenarios/sweep.json --params sim/mc/out/full/params/sweep/100929.json
sweep,sweep,100930,MAX_PULSES,MAX_PULSES,,-0.1115,,sim/out/host/grindsim --seed 100930 --scenario sim/mc/scenarios/sweep.json --params sim/mc/out/full/params/sweep/100930.json
sweep,sweep,100931,ERROR 'No beans?',ERROR,No beans?,-1.0307,,sim/out/host/grindsim --seed 100931 --scenario sim/mc/scenarios/sweep.json --params sim/mc/out/full/params/sweep/100931.json
sweep,sweep,100932,MAX_PULSES,MAX_PULSES,,-0.2930,,sim/out/host/grindsim --seed 100932 --scenario sim/mc/scenarios/sweep.json --params sim/mc/out/full/params/sweep/100932.json
sweep,sweep,100933,OVERSHOOT,OVERSHOOT,,0.0544,,sim/out/host/grindsim --seed 100933 --scenario sim/mc/scenarios/sweep.json --params sim/mc/out/full/params/sweep/100933.json
sweep,sweep,100934,ERROR 'No beans?',ERROR,No beans?,-1.7942,,sim/out/host/grindsim --seed 100934 --scenario sim/mc/scenarios/sweep.json --params sim/mc/out/full/params/sweep/100934.json
sweep,sweep,100935,MAX_PULSES,MAX_PULSES,,-0.1719,,sim/out/host/grindsim --seed 100935 --scenario sim/mc/scenarios/sweep.json --params sim/mc/out/full/params/sweep/100935.json
sweep,sweep,100936,OVERSHOOT,OVERSHOOT,,0.0329,,sim/out/host/grindsim --seed 100936 --scenario sim/mc/scenarios/sweep.json --params sim/mc/out/full/params/sweep/100936.json
sweep,sweep,100937,MAX_PULSES,MAX_PULSES,,-0.3582,,sim/out/host/grindsim --seed 100937 --scenario sim/mc/scenarios/sweep.json --params sim/mc/out/full/params/sweep/100937.json
sweep,sweep,100938,MAX_PULSES,MAX_PULSES,,-1.3372,,sim/out/host/grindsim --seed 100938 --scenario sim/mc/scenarios/sweep.json --params sim/mc/out/full/params/sweep/100938.json
sweep,sweep,100939,SUCCESS (true err < -0.03),SUCCESS,,-0.0961,,sim/out/host/grindsim --seed 100939 --scenario sim/mc/scenarios/sweep.json --params sim/mc/out/full/params/sweep/100939.json
sweep,sweep,100940,MAX_PULSES,MAX_PULSES,,-0.1061,,sim/out/host/grindsim --seed 100940 --scenario sim/mc/scenarios/sweep.json --params sim/mc/out/full/params/sweep/100940.json
sweep,sweep,100941,MAX_PULSES,MAX_PULSES,,-1.1295,,sim/out/host/grindsim --seed 100941 --scenario sim/mc/scenarios/sweep.json --params sim/mc/out/full/params/sweep/100941.json
sweep,sweep,100942,OVERSHOOT,OVERSHOOT,,0.1682,,sim/out/host/grindsim --seed 100942 --scenario sim/mc/scenarios/sweep.json --params sim/mc/out/full/params/sweep/100942.json
sweep,sweep,100943,ERROR 'No beans?',ERROR,No beans?,-1.5118,,sim/out/host/grindsim --seed 100943 --scenario sim/mc/scenarios/sweep.json --params sim/mc/out/full/params/sweep/100943.json
sweep,sweep,100944,OVERSHOOT,OVERSHOOT,,0.3506,,sim/out/host/grindsim --seed 100944 --scenario sim/mc/scenarios/sweep.json --params sim/mc/out/full/params/sweep/100944.json
sweep,sweep,100945,SUCCESS (true err < -0.03),SUCCESS,,-0.1350,,sim/out/host/grindsim --seed 100945 --scenario sim/mc/scenarios/sweep.json --params sim/mc/out/full/params/sweep/100945.json
sweep,sweep,100946,OVERSHOOT,OVERSHOOT,,0.4061,,sim/out/host/grindsim --seed 100946 --scenario sim/mc/scenarios/sweep.json --params sim/mc/out/full/params/sweep/100946.json
sweep,sweep,100947,OVERSHOOT,OVERSHOOT,,0.2302,,sim/out/host/grindsim --seed 100947 --scenario sim/mc/scenarios/sweep.json --params sim/mc/out/full/params/sweep/100947.json
sweep,sweep,100948,MAX_PULSES,MAX_PULSES,,-0.0597,,sim/out/host/grindsim --seed 100948 --scenario sim/mc/scenarios/sweep.json --params sim/mc/out/full/params/sweep/100948.json
sweep,sweep,100949,MAX_PULSES,MAX_PULSES,,-1.2278,,sim/out/host/grindsim --seed 100949 --scenario sim/mc/scenarios/sweep.json --params sim/mc/out/full/params/sweep/100949.json
sweep,sweep,100950,OVERSHOOT,OVERSHOOT,,-0.0143,,sim/out/host/grindsim --seed 100950 --scenario sim/mc/scenarios/sweep.json --params sim/mc/out/full/params/sweep/100950.json
sweep,sweep,100951,MAX_PULSES,MAX_PULSES,,-0.0693,,sim/out/host/grindsim --seed 100951 --scenario sim/mc/scenarios/sweep.json --params sim/mc/out/full/params/sweep/100951.json
sweep,sweep,100952,OVERSHOOT,OVERSHOOT,,0.7395,,sim/out/host/grindsim --seed 100952 --scenario sim/mc/scenarios/sweep.json --params sim/mc/out/full/params/sweep/100952.json
sweep,sweep,100953,SUCCESS (true err < -0.03),SUCCESS,,-0.1042,,sim/out/host/grindsim --seed 100953 --scenario sim/mc/scenarios/sweep.json --params sim/mc/out/full/params/sweep/100953.json
sweep,sweep,100954,MAX_PULSES,MAX_PULSES,,-0.2761,,sim/out/host/grindsim --seed 100954 --scenario sim/mc/scenarios/sweep.json --params sim/mc/out/full/params/sweep/100954.json
sweep,sweep,100955,ERROR 'No beans?',ERROR,No beans?,-1.2145,,sim/out/host/grindsim --seed 100955 --scenario sim/mc/scenarios/sweep.json --params sim/mc/out/full/params/sweep/100955.json
sweep,sweep,100956,MAX_PULSES,MAX_PULSES,,-1.7064,,sim/out/host/grindsim --seed 100956 --scenario sim/mc/scenarios/sweep.json --params sim/mc/out/full/params/sweep/100956.json
sweep,sweep,100957,ERROR 'No beans?',ERROR,No beans?,-1.9590,,sim/out/host/grindsim --seed 100957 --scenario sim/mc/scenarios/sweep.json --params sim/mc/out/full/params/sweep/100957.json
sweep,sweep,100958,TIMEOUT 'Timeout:PULS',TIMEOUT,Timeout:PULS,-0.6169,,sim/out/host/grindsim --seed 100958 --scenario sim/mc/scenarios/sweep.json --params sim/mc/out/full/params/sweep/100958.json
sweep,sweep,100959,ERROR 'No beans?',ERROR,No beans?,-2.2096,,sim/out/host/grindsim --seed 100959 --scenario sim/mc/scenarios/sweep.json --params sim/mc/out/full/params/sweep/100959.json
sweep,sweep,100960,SUCCESS (true err < -0.03),SUCCESS,,-0.1437,,sim/out/host/grindsim --seed 100960 --scenario sim/mc/scenarios/sweep.json --params sim/mc/out/full/params/sweep/100960.json
sweep,sweep,100961,SUCCESS (true err > +0.03),SUCCESS,,0.0636,,sim/out/host/grindsim --seed 100961 --scenario sim/mc/scenarios/sweep.json --params sim/mc/out/full/params/sweep/100961.json
sweep,sweep,100962,ERROR 'No beans?',ERROR,No beans?,-0.9464,,sim/out/host/grindsim --seed 100962 --scenario sim/mc/scenarios/sweep.json --params sim/mc/out/full/params/sweep/100962.json
sweep,sweep,100963,SUCCESS (true err < -0.03),SUCCESS,,-0.1073,,sim/out/host/grindsim --seed 100963 --scenario sim/mc/scenarios/sweep.json --params sim/mc/out/full/params/sweep/100963.json
sweep,sweep,100964,MAX_PULSES,MAX_PULSES,,-0.1119,,sim/out/host/grindsim --seed 100964 --scenario sim/mc/scenarios/sweep.json --params sim/mc/out/full/params/sweep/100964.json
sweep,sweep,100965,ERROR 'No beans?',ERROR,No beans?,-1.9242,,sim/out/host/grindsim --seed 100965 --scenario sim/mc/scenarios/sweep.json --params sim/mc/out/full/params/sweep/100965.json
sweep,sweep,100966,SUCCESS (true err < -0.03),SUCCESS,,-0.0503,,sim/out/host/grindsim --seed 100966 --scenario sim/mc/scenarios/sweep.json --params sim/mc/out/full/params/sweep/100966.json
sweep,sweep,100968,MAX_PULSES,MAX_PULSES,,-0.1955,,sim/out/host/grindsim --seed 100968 --scenario sim/mc/scenarios/sweep.json --params sim/mc/out/full/params/sweep/100968.json
sweep,sweep,100969,MAX_PULSES,MAX_PULSES,,-0.2811,,sim/out/host/grindsim --seed 100969 --scenario sim/mc/scenarios/sweep.json --params sim/mc/out/full/params/sweep/100969.json
sweep,sweep,100970,MAX_PULSES,MAX_PULSES,,-0.3403,,sim/out/host/grindsim --seed 100970 --scenario sim/mc/scenarios/sweep.json --params sim/mc/out/full/params/sweep/100970.json
sweep,sweep,100971,ERROR 'No beans?',ERROR,No beans?,-1.3572,,sim/out/host/grindsim --seed 100971 --scenario sim/mc/scenarios/sweep.json --params sim/mc/out/full/params/sweep/100971.json
sweep,sweep,100972,MAX_PULSES,MAX_PULSES,,-0.2519,,sim/out/host/grindsim --seed 100972 --scenario sim/mc/scenarios/sweep.json --params sim/mc/out/full/params/sweep/100972.json
sweep,sweep,100973,TIMEOUT 'Timeout:PRED',TIMEOUT,Timeout:PRED,-0.8462,,sim/out/host/grindsim --seed 100973 --scenario sim/mc/scenarios/sweep.json --params sim/mc/out/full/params/sweep/100973.json
sweep,sweep,100974,OVERSHOOT,OVERSHOOT,,0.2181,,sim/out/host/grindsim --seed 100974 --scenario sim/mc/scenarios/sweep.json --params sim/mc/out/full/params/sweep/100974.json
sweep,sweep,100975,SUCCESS (true err < -0.03),SUCCESS,,-0.0852,,sim/out/host/grindsim --seed 100975 --scenario sim/mc/scenarios/sweep.json --params sim/mc/out/full/params/sweep/100975.json
sweep,sweep,100976,MAX_PULSES,MAX_PULSES,,-0.0992,,sim/out/host/grindsim --seed 100976 --scenario sim/mc/scenarios/sweep.json --params sim/mc/out/full/params/sweep/100976.json
sweep,sweep,100977,OVERSHOOT,OVERSHOOT,,-0.0012,,sim/out/host/grindsim --seed 100977 --scenario sim/mc/scenarios/sweep.json --params sim/mc/out/full/params/sweep/100977.json
sweep,sweep,100978,ERROR 'No beans?',ERROR,No beans?,-1.0135,,sim/out/host/grindsim --seed 100978 --scenario sim/mc/scenarios/sweep.json --params sim/mc/out/full/params/sweep/100978.json
sweep,sweep,100979,MAX_PULSES,MAX_PULSES,,-1.6796,,sim/out/host/grindsim --seed 100979 --scenario sim/mc/scenarios/sweep.json --params sim/mc/out/full/params/sweep/100979.json
sweep,sweep,100980,MAX_PULSES,MAX_PULSES,,-0.4253,,sim/out/host/grindsim --seed 100980 --scenario sim/mc/scenarios/sweep.json --params sim/mc/out/full/params/sweep/100980.json
sweep,sweep,100981,MAX_PULSES,MAX_PULSES,,-0.0777,,sim/out/host/grindsim --seed 100981 --scenario sim/mc/scenarios/sweep.json --params sim/mc/out/full/params/sweep/100981.json
sweep,sweep,100982,MAX_PULSES,MAX_PULSES,,-0.0638,,sim/out/host/grindsim --seed 100982 --scenario sim/mc/scenarios/sweep.json --params sim/mc/out/full/params/sweep/100982.json
sweep,sweep,100983,MAX_PULSES,MAX_PULSES,,-0.5483,,sim/out/host/grindsim --seed 100983 --scenario sim/mc/scenarios/sweep.json --params sim/mc/out/full/params/sweep/100983.json
sweep,sweep,100984,ERROR 'No beans?',ERROR,No beans?,-1.1254,,sim/out/host/grindsim --seed 100984 --scenario sim/mc/scenarios/sweep.json --params sim/mc/out/full/params/sweep/100984.json
sweep,sweep,100985,MAX_PULSES,MAX_PULSES,,-0.1673,,sim/out/host/grindsim --seed 100985 --scenario sim/mc/scenarios/sweep.json --params sim/mc/out/full/params/sweep/100985.json
sweep,sweep,100986,MAX_PULSES,MAX_PULSES,,-0.0864,,sim/out/host/grindsim --seed 100986 --scenario sim/mc/scenarios/sweep.json --params sim/mc/out/full/params/sweep/100986.json
sweep,sweep,100987,MAX_PULSES,MAX_PULSES,,-0.1415,,sim/out/host/grindsim --seed 100987 --scenario sim/mc/scenarios/sweep.json --params sim/mc/out/full/params/sweep/100987.json
sweep,sweep,100988,MAX_PULSES,MAX_PULSES,,-0.1622,,sim/out/host/grindsim --seed 100988 --scenario sim/mc/scenarios/sweep.json --params sim/mc/out/full/params/sweep/100988.json
sweep,sweep,100989,OVERSHOOT,OVERSHOOT,,0.0463,,sim/out/host/grindsim --seed 100989 --scenario sim/mc/scenarios/sweep.json --params sim/mc/out/full/params/sweep/100989.json
sweep,sweep,100990,MAX_PULSES,MAX_PULSES,,-0.3104,,sim/out/host/grindsim --seed 100990 --scenario sim/mc/scenarios/sweep.json --params sim/mc/out/full/params/sweep/100990.json
sweep,sweep,100991,TIMEOUT 'Timeout:PULS',TIMEOUT,Timeout:PULS,-0.3284,,sim/out/host/grindsim --seed 100991 --scenario sim/mc/scenarios/sweep.json --params sim/mc/out/full/params/sweep/100991.json
sweep,sweep,100993,SUCCESS (true err < -0.03),SUCCESS,,-0.0526,,sim/out/host/grindsim --seed 100993 --scenario sim/mc/scenarios/sweep.json --params sim/mc/out/full/params/sweep/100993.json
sweep,sweep,100994,SUCCESS (true err < -0.03),SUCCESS,,-0.2018,,sim/out/host/grindsim --seed 100994 --scenario sim/mc/scenarios/sweep.json --params sim/mc/out/full/params/sweep/100994.json
sweep,sweep,100995,MAX_PULSES,MAX_PULSES,,-0.1576,,sim/out/host/grindsim --seed 100995 --scenario sim/mc/scenarios/sweep.json --params sim/mc/out/full/params/sweep/100995.json
sweep,sweep,100996,MAX_PULSES,MAX_PULSES,,-0.6249,,sim/out/host/grindsim --seed 100996 --scenario sim/mc/scenarios/sweep.json --params sim/mc/out/full/params/sweep/100996.json
sweep,sweep,100997,MAX_PULSES,MAX_PULSES,,-0.2055,,sim/out/host/grindsim --seed 100997 --scenario sim/mc/scenarios/sweep.json --params sim/mc/out/full/params/sweep/100997.json
sweep,sweep,100999,MAX_PULSES,MAX_PULSES,,-0.6183,,sim/out/host/grindsim --seed 100999 --scenario sim/mc/scenarios/sweep.json --params sim/mc/out/full/params/sweep/100999.json
sweep_gain,sweep_gain,200000,OVERSHOOT,OVERSHOOT,,0.1578,,sim/out/host/grindsim --seed 200000 --scenario sim/mc/scenarios/sweep_gain.json --params sim/mc/out/full/params/sweep_gain/200000.json
sweep_gain,sweep_gain,200001,MAX_PULSES,MAX_PULSES,,0.2291,,sim/out/host/grindsim --seed 200001 --scenario sim/mc/scenarios/sweep_gain.json --params sim/mc/out/full/params/sweep_gain/200001.json
sweep_gain,sweep_gain,200002,MAX_PULSES,MAX_PULSES,,-0.6096,,sim/out/host/grindsim --seed 200002 --scenario sim/mc/scenarios/sweep_gain.json --params sim/mc/out/full/params/sweep_gain/200002.json
sweep_gain,sweep_gain,200003,MAX_PULSES,MAX_PULSES,,0.2237,,sim/out/host/grindsim --seed 200003 --scenario sim/mc/scenarios/sweep_gain.json --params sim/mc/out/full/params/sweep_gain/200003.json
sweep_gain,sweep_gain,200004,ERROR 'No beans?',ERROR,No beans?,0.0602,,sim/out/host/grindsim --seed 200004 --scenario sim/mc/scenarios/sweep_gain.json --params sim/mc/out/full/params/sweep_gain/200004.json
sweep_gain,sweep_gain,200005,MAX_PULSES,MAX_PULSES,,-0.8926,,sim/out/host/grindsim --seed 200005 --scenario sim/mc/scenarios/sweep_gain.json --params sim/mc/out/full/params/sweep_gain/200005.json
sweep_gain,sweep_gain,200006,SUCCESS (true err < -0.03),SUCCESS,,-0.2100,,sim/out/host/grindsim --seed 200006 --scenario sim/mc/scenarios/sweep_gain.json --params sim/mc/out/full/params/sweep_gain/200006.json
sweep_gain,sweep_gain,200007,MAX_PULSES,MAX_PULSES,,-0.6729,,sim/out/host/grindsim --seed 200007 --scenario sim/mc/scenarios/sweep_gain.json --params sim/mc/out/full/params/sweep_gain/200007.json
sweep_gain,sweep_gain,200008,ERROR 'No beans?',ERROR,No beans?,-3.2612,,sim/out/host/grindsim --seed 200008 --scenario sim/mc/scenarios/sweep_gain.json --params sim/mc/out/full/params/sweep_gain/200008.json
sweep_gain,sweep_gain,200009,ERROR 'No beans?',ERROR,No beans?,-0.4974,,sim/out/host/grindsim --seed 200009 --scenario sim/mc/scenarios/sweep_gain.json --params sim/mc/out/full/params/sweep_gain/200009.json
sweep_gain,sweep_gain,200010,MAX_PULSES,MAX_PULSES,,0.3490,,sim/out/host/grindsim --seed 200010 --scenario sim/mc/scenarios/sweep_gain.json --params sim/mc/out/full/params/sweep_gain/200010.json
sweep_gain,sweep_gain,200011,MAX_PULSES,MAX_PULSES,,-0.6355,,sim/out/host/grindsim --seed 200011 --scenario sim/mc/scenarios/sweep_gain.json --params sim/mc/out/full/params/sweep_gain/200011.json
sweep_gain,sweep_gain,200012,MAX_PULSES,MAX_PULSES,,-2.7683,,sim/out/host/grindsim --seed 200012 --scenario sim/mc/scenarios/sweep_gain.json --params sim/mc/out/full/params/sweep_gain/200012.json
sweep_gain,sweep_gain,200013,SUCCESS (true err > +0.03),SUCCESS,,0.1524,,sim/out/host/grindsim --seed 200013 --scenario sim/mc/scenarios/sweep_gain.json --params sim/mc/out/full/params/sweep_gain/200013.json
sweep_gain,sweep_gain,200014,SUCCESS (true err < -0.03),SUCCESS,,-0.1321,,sim/out/host/grindsim --seed 200014 --scenario sim/mc/scenarios/sweep_gain.json --params sim/mc/out/full/params/sweep_gain/200014.json
sweep_gain,sweep_gain,200015,OVERSHOOT,OVERSHOOT,,0.6248,,sim/out/host/grindsim --seed 200015 --scenario sim/mc/scenarios/sweep_gain.json --params sim/mc/out/full/params/sweep_gain/200015.json
sweep_gain,sweep_gain,200016,ERROR 'No beans?',ERROR,No beans?,-2.1057,,sim/out/host/grindsim --seed 200016 --scenario sim/mc/scenarios/sweep_gain.json --params sim/mc/out/full/params/sweep_gain/200016.json
sweep_gain,sweep_gain,200017,ERROR 'No beans?',ERROR,No beans?,-0.2400,,sim/out/host/grindsim --seed 200017 --scenario sim/mc/scenarios/sweep_gain.json --params sim/mc/out/full/params/sweep_gain/200017.json
sweep_gain,sweep_gain,200018,ERROR 'No beans?',ERROR,No beans?,-1.2401,,sim/out/host/grindsim --seed 200018 --scenario sim/mc/scenarios/sweep_gain.json --params sim/mc/out/full/params/sweep_gain/200018.json
sweep_gain,sweep_gain,200019,MAX_PULSES,MAX_PULSES,,0.5665,,sim/out/host/grindsim --seed 200019 --scenario sim/mc/scenarios/sweep_gain.json --params sim/mc/out/full/params/sweep_gain/200019.json
sweep_gain,sweep_gain,200020,ERROR 'No beans?',ERROR,No beans?,-0.2942,,sim/out/host/grindsim --seed 200020 --scenario sim/mc/scenarios/sweep_gain.json --params sim/mc/out/full/params/sweep_gain/200020.json
sweep_gain,sweep_gain,200021,SUCCESS (true err < -0.03),SUCCESS,,-0.3006,,sim/out/host/grindsim --seed 200021 --scenario sim/mc/scenarios/sweep_gain.json --params sim/mc/out/full/params/sweep_gain/200021.json
sweep_gain,sweep_gain,200022,MAX_PULSES,MAX_PULSES,,0.1292,,sim/out/host/grindsim --seed 200022 --scenario sim/mc/scenarios/sweep_gain.json --params sim/mc/out/full/params/sweep_gain/200022.json
sweep_gain,sweep_gain,200023,SUCCESS (true err < -0.03),SUCCESS,,-0.6325,,sim/out/host/grindsim --seed 200023 --scenario sim/mc/scenarios/sweep_gain.json --params sim/mc/out/full/params/sweep_gain/200023.json
sweep_gain,sweep_gain,200024,SUCCESS (true err < -0.03),SUCCESS,,-0.0657,,sim/out/host/grindsim --seed 200024 --scenario sim/mc/scenarios/sweep_gain.json --params sim/mc/out/full/params/sweep_gain/200024.json
sweep_gain,sweep_gain,200025,TIMEOUT 'Timeout:PULS',TIMEOUT,Timeout:PULS,0.5214,,sim/out/host/grindsim --seed 200025 --scenario sim/mc/scenarios/sweep_gain.json --params sim/mc/out/full/params/sweep_gain/200025.json
sweep_gain,sweep_gain,200026,MAX_PULSES,MAX_PULSES,,0.1232,,sim/out/host/grindsim --seed 200026 --scenario sim/mc/scenarios/sweep_gain.json --params sim/mc/out/full/params/sweep_gain/200026.json
sweep_gain,sweep_gain,200027,SUCCESS (true err < -0.03),SUCCESS,,-0.8506,,sim/out/host/grindsim --seed 200027 --scenario sim/mc/scenarios/sweep_gain.json --params sim/mc/out/full/params/sweep_gain/200027.json
sweep_gain,sweep_gain,200028,MAX_PULSES,MAX_PULSES,,0.5804,,sim/out/host/grindsim --seed 200028 --scenario sim/mc/scenarios/sweep_gain.json --params sim/mc/out/full/params/sweep_gain/200028.json
sweep_gain,sweep_gain,200029,OVERSHOOT,OVERSHOOT,,-0.5540,,sim/out/host/grindsim --seed 200029 --scenario sim/mc/scenarios/sweep_gain.json --params sim/mc/out/full/params/sweep_gain/200029.json
sweep_gain,sweep_gain,200030,SUCCESS (true err > +0.03),SUCCESS,,0.6682,,sim/out/host/grindsim --seed 200030 --scenario sim/mc/scenarios/sweep_gain.json --params sim/mc/out/full/params/sweep_gain/200030.json
sweep_gain,sweep_gain,200031,SUCCESS (true err > +0.03),SUCCESS,,0.4230,,sim/out/host/grindsim --seed 200031 --scenario sim/mc/scenarios/sweep_gain.json --params sim/mc/out/full/params/sweep_gain/200031.json
sweep_gain,sweep_gain,200032,OVERSHOOT,OVERSHOOT,,-0.0498,,sim/out/host/grindsim --seed 200032 --scenario sim/mc/scenarios/sweep_gain.json --params sim/mc/out/full/params/sweep_gain/200032.json
sweep_gain,sweep_gain,200033,OVERSHOOT,OVERSHOOT,,1.2391,,sim/out/host/grindsim --seed 200033 --scenario sim/mc/scenarios/sweep_gain.json --params sim/mc/out/full/params/sweep_gain/200033.json
sweep_gain,sweep_gain,200034,ERROR 'No beans?',ERROR,No beans?,0.1706,,sim/out/host/grindsim --seed 200034 --scenario sim/mc/scenarios/sweep_gain.json --params sim/mc/out/full/params/sweep_gain/200034.json
sweep_gain,sweep_gain,200035,MAX_PULSES,MAX_PULSES,,-0.4603,,sim/out/host/grindsim --seed 200035 --scenario sim/mc/scenarios/sweep_gain.json --params sim/mc/out/full/params/sweep_gain/200035.json
sweep_gain,sweep_gain,200036,SUCCESS (true err > +0.03),SUCCESS,,0.4446,,sim/out/host/grindsim --seed 200036 --scenario sim/mc/scenarios/sweep_gain.json --params sim/mc/out/full/params/sweep_gain/200036.json
sweep_gain,sweep_gain,200037,ERROR 'No beans?',ERROR,No beans?,-2.8659,,sim/out/host/grindsim --seed 200037 --scenario sim/mc/scenarios/sweep_gain.json --params sim/mc/out/full/params/sweep_gain/200037.json
sweep_gain,sweep_gain,200038,SUCCESS (true err < -0.03),SUCCESS,,-0.5706,,sim/out/host/grindsim --seed 200038 --scenario sim/mc/scenarios/sweep_gain.json --params sim/mc/out/full/params/sweep_gain/200038.json
sweep_gain,sweep_gain,200039,MAX_PULSES,MAX_PULSES,,0.0813,,sim/out/host/grindsim --seed 200039 --scenario sim/mc/scenarios/sweep_gain.json --params sim/mc/out/full/params/sweep_gain/200039.json
sweep_gain,sweep_gain,200040,OVERSHOOT,OVERSHOOT,,-0.3760,,sim/out/host/grindsim --seed 200040 --scenario sim/mc/scenarios/sweep_gain.json --params sim/mc/out/full/params/sweep_gain/200040.json
sweep_gain,sweep_gain,200041,MAX_PULSES,MAX_PULSES,,0.0102,,sim/out/host/grindsim --seed 200041 --scenario sim/mc/scenarios/sweep_gain.json --params sim/mc/out/full/params/sweep_gain/200041.json
sweep_gain,sweep_gain,200042,MAX_PULSES,MAX_PULSES,,-0.2600,,sim/out/host/grindsim --seed 200042 --scenario sim/mc/scenarios/sweep_gain.json --params sim/mc/out/full/params/sweep_gain/200042.json
sweep_gain,sweep_gain,200043,ERROR 'No beans?',ERROR,No beans?,-3.5877,,sim/out/host/grindsim --seed 200043 --scenario sim/mc/scenarios/sweep_gain.json --params sim/mc/out/full/params/sweep_gain/200043.json
sweep_gain,sweep_gain,200044,SUCCESS (true err > +0.03),SUCCESS,,0.1996,,sim/out/host/grindsim --seed 200044 --scenario sim/mc/scenarios/sweep_gain.json --params sim/mc/out/full/params/sweep_gain/200044.json
sweep_gain,sweep_gain,200045,SUCCESS (true err < -0.03),SUCCESS,,-0.6092,,sim/out/host/grindsim --seed 200045 --scenario sim/mc/scenarios/sweep_gain.json --params sim/mc/out/full/params/sweep_gain/200045.json
sweep_gain,sweep_gain,200046,SUCCESS (true err < -0.03),SUCCESS,,-0.1692,,sim/out/host/grindsim --seed 200046 --scenario sim/mc/scenarios/sweep_gain.json --params sim/mc/out/full/params/sweep_gain/200046.json
sweep_gain,sweep_gain,200047,MAX_PULSES,MAX_PULSES,,0.4606,,sim/out/host/grindsim --seed 200047 --scenario sim/mc/scenarios/sweep_gain.json --params sim/mc/out/full/params/sweep_gain/200047.json
sweep_gain,sweep_gain,200048,MAX_PULSES,MAX_PULSES,,-0.7725,,sim/out/host/grindsim --seed 200048 --scenario sim/mc/scenarios/sweep_gain.json --params sim/mc/out/full/params/sweep_gain/200048.json
sweep_gain,sweep_gain,200049,MAX_PULSES,MAX_PULSES,,-0.8767,,sim/out/host/grindsim --seed 200049 --scenario sim/mc/scenarios/sweep_gain.json --params sim/mc/out/full/params/sweep_gain/200049.json
sweep_gain,sweep_gain,200050,MAX_PULSES,MAX_PULSES,,-0.5974,,sim/out/host/grindsim --seed 200050 --scenario sim/mc/scenarios/sweep_gain.json --params sim/mc/out/full/params/sweep_gain/200050.json
sweep_gain,sweep_gain,200051,SUCCESS (true err < -0.03),SUCCESS,,-0.4495,,sim/out/host/grindsim --seed 200051 --scenario sim/mc/scenarios/sweep_gain.json --params sim/mc/out/full/params/sweep_gain/200051.json
sweep_gain,sweep_gain,200052,OVERSHOOT,OVERSHOOT,,-0.3418,,sim/out/host/grindsim --seed 200052 --scenario sim/mc/scenarios/sweep_gain.json --params sim/mc/out/full/params/sweep_gain/200052.json
sweep_gain,sweep_gain,200053,ERROR 'No beans?',ERROR,No beans?,-1.2421,,sim/out/host/grindsim --seed 200053 --scenario sim/mc/scenarios/sweep_gain.json --params sim/mc/out/full/params/sweep_gain/200053.json
sweep_gain,sweep_gain,200054,SUCCESS (true err < -0.03),SUCCESS,,-0.6486,,sim/out/host/grindsim --seed 200054 --scenario sim/mc/scenarios/sweep_gain.json --params sim/mc/out/full/params/sweep_gain/200054.json
sweep_gain,sweep_gain,200055,TIMEOUT 'Timeout:PULS',TIMEOUT,Timeout:PULS,-0.2627,,sim/out/host/grindsim --seed 200055 --scenario sim/mc/scenarios/sweep_gain.json --params sim/mc/out/full/params/sweep_gain/200055.json
sweep_gain,sweep_gain,200056,SUCCESS (true err < -0.03),SUCCESS,,-0.3860,,sim/out/host/grindsim --seed 200056 --scenario sim/mc/scenarios/sweep_gain.json --params sim/mc/out/full/params/sweep_gain/200056.json
sweep_gain,sweep_gain,200057,MAX_PULSES,MAX_PULSES,,0.3888,,sim/out/host/grindsim --seed 200057 --scenario sim/mc/scenarios/sweep_gain.json --params sim/mc/out/full/params/sweep_gain/200057.json
sweep_gain,sweep_gain,200058,MAX_PULSES,MAX_PULSES,,0.0387,,sim/out/host/grindsim --seed 200058 --scenario sim/mc/scenarios/sweep_gain.json --params sim/mc/out/full/params/sweep_gain/200058.json
sweep_gain,sweep_gain,200059,MAX_PULSES,MAX_PULSES,,0.1424,,sim/out/host/grindsim --seed 200059 --scenario sim/mc/scenarios/sweep_gain.json --params sim/mc/out/full/params/sweep_gain/200059.json
sweep_gain,sweep_gain,200060,MAX_PULSES,MAX_PULSES,,0.3014,,sim/out/host/grindsim --seed 200060 --scenario sim/mc/scenarios/sweep_gain.json --params sim/mc/out/full/params/sweep_gain/200060.json
sweep_gain,sweep_gain,200061,OVERSHOOT,OVERSHOOT,,-0.7400,,sim/out/host/grindsim --seed 200061 --scenario sim/mc/scenarios/sweep_gain.json --params sim/mc/out/full/params/sweep_gain/200061.json
sweep_gain,sweep_gain,200062,MAX_PULSES,MAX_PULSES,,-0.2475,,sim/out/host/grindsim --seed 200062 --scenario sim/mc/scenarios/sweep_gain.json --params sim/mc/out/full/params/sweep_gain/200062.json
sweep_gain,sweep_gain,200063,MAX_PULSES,MAX_PULSES,,-0.8293,,sim/out/host/grindsim --seed 200063 --scenario sim/mc/scenarios/sweep_gain.json --params sim/mc/out/full/params/sweep_gain/200063.json
sweep_gain,sweep_gain,200064,ERROR 'No beans?',ERROR,No beans?,0.0281,,sim/out/host/grindsim --seed 200064 --scenario sim/mc/scenarios/sweep_gain.json --params sim/mc/out/full/params/sweep_gain/200064.json
sweep_gain,sweep_gain,200065,SUCCESS (true err < -0.03),SUCCESS,,-0.0549,,sim/out/host/grindsim --seed 200065 --scenario sim/mc/scenarios/sweep_gain.json --params sim/mc/out/full/params/sweep_gain/200065.json
sweep_gain,sweep_gain,200066,SUCCESS (true err < -0.03),SUCCESS,,-0.2380,,sim/out/host/grindsim --seed 200066 --scenario sim/mc/scenarios/sweep_gain.json --params sim/mc/out/full/params/sweep_gain/200066.json
sweep_gain,sweep_gain,200067,TIMEOUT 'Timeout:PULS',TIMEOUT,Timeout:PULS,-0.6665,,sim/out/host/grindsim --seed 200067 --scenario sim/mc/scenarios/sweep_gain.json --params sim/mc/out/full/params/sweep_gain/200067.json
sweep_gain,sweep_gain,200068,MAX_PULSES,MAX_PULSES,,0.4328,,sim/out/host/grindsim --seed 200068 --scenario sim/mc/scenarios/sweep_gain.json --params sim/mc/out/full/params/sweep_gain/200068.json
sweep_gain,sweep_gain,200069,MAX_PULSES,MAX_PULSES,,-0.8478,,sim/out/host/grindsim --seed 200069 --scenario sim/mc/scenarios/sweep_gain.json --params sim/mc/out/full/params/sweep_gain/200069.json
sweep_gain,sweep_gain,200070,MAX_PULSES,MAX_PULSES,,-0.8213,,sim/out/host/grindsim --seed 200070 --scenario sim/mc/scenarios/sweep_gain.json --params sim/mc/out/full/params/sweep_gain/200070.json
sweep_gain,sweep_gain,200071,MAX_PULSES,MAX_PULSES,,-0.0490,,sim/out/host/grindsim --seed 200071 --scenario sim/mc/scenarios/sweep_gain.json --params sim/mc/out/full/params/sweep_gain/200071.json
sweep_gain,sweep_gain,200072,ERROR 'No beans?',ERROR,No beans?,-1.3142,,sim/out/host/grindsim --seed 200072 --scenario sim/mc/scenarios/sweep_gain.json --params sim/mc/out/full/params/sweep_gain/200072.json
sweep_gain,sweep_gain,200073,MAX_PULSES,MAX_PULSES,,-0.7262,,sim/out/host/grindsim --seed 200073 --scenario sim/mc/scenarios/sweep_gain.json --params sim/mc/out/full/params/sweep_gain/200073.json
sweep_gain,sweep_gain,200074,MAX_PULSES,MAX_PULSES,,-0.1904,,sim/out/host/grindsim --seed 200074 --scenario sim/mc/scenarios/sweep_gain.json --params sim/mc/out/full/params/sweep_gain/200074.json
sweep_gain,sweep_gain,200075,OVERSHOOT,OVERSHOOT,,0.8359,,sim/out/host/grindsim --seed 200075 --scenario sim/mc/scenarios/sweep_gain.json --params sim/mc/out/full/params/sweep_gain/200075.json
sweep_gain,sweep_gain,200076,MAX_PULSES,MAX_PULSES,,0.3886,,sim/out/host/grindsim --seed 200076 --scenario sim/mc/scenarios/sweep_gain.json --params sim/mc/out/full/params/sweep_gain/200076.json
sweep_gain,sweep_gain,200077,ERROR 'No beans?',ERROR,No beans?,-1.3817,,sim/out/host/grindsim --seed 200077 --scenario sim/mc/scenarios/sweep_gain.json --params sim/mc/out/full/params/sweep_gain/200077.json
sweep_gain,sweep_gain,200078,MAX_PULSES,MAX_PULSES,,-0.8684,,sim/out/host/grindsim --seed 200078 --scenario sim/mc/scenarios/sweep_gain.json --params sim/mc/out/full/params/sweep_gain/200078.json
sweep_gain,sweep_gain,200079,MAX_PULSES,MAX_PULSES,,0.2485,,sim/out/host/grindsim --seed 200079 --scenario sim/mc/scenarios/sweep_gain.json --params sim/mc/out/full/params/sweep_gain/200079.json
sweep_gain,sweep_gain,200080,MAX_PULSES,MAX_PULSES,,-0.7753,,sim/out/host/grindsim --seed 200080 --scenario sim/mc/scenarios/sweep_gain.json --params sim/mc/out/full/params/sweep_gain/200080.json
sweep_gain,sweep_gain,200081,MAX_PULSES,MAX_PULSES,,-0.5081,,sim/out/host/grindsim --seed 200081 --scenario sim/mc/scenarios/sweep_gain.json --params sim/mc/out/full/params/sweep_gain/200081.json
sweep_gain,sweep_gain,200082,MAX_PULSES,MAX_PULSES,,-0.2272,,sim/out/host/grindsim --seed 200082 --scenario sim/mc/scenarios/sweep_gain.json --params sim/mc/out/full/params/sweep_gain/200082.json
sweep_gain,sweep_gain,200083,OVERSHOOT,OVERSHOOT,,0.6373,,sim/out/host/grindsim --seed 200083 --scenario sim/mc/scenarios/sweep_gain.json --params sim/mc/out/full/params/sweep_gain/200083.json
sweep_gain,sweep_gain,200084,SUCCESS (true err < -0.03),SUCCESS,,-0.6759,,sim/out/host/grindsim --seed 200084 --scenario sim/mc/scenarios/sweep_gain.json --params sim/mc/out/full/params/sweep_gain/200084.json
sweep_gain,sweep_gain,200086,MAX_PULSES,MAX_PULSES,,0.0977,,sim/out/host/grindsim --seed 200086 --scenario sim/mc/scenarios/sweep_gain.json --params sim/mc/out/full/params/sweep_gain/200086.json
sweep_gain,sweep_gain,200087,ERROR 'No beans?',ERROR,No beans?,-0.6592,,sim/out/host/grindsim --seed 200087 --scenario sim/mc/scenarios/sweep_gain.json --params sim/mc/out/full/params/sweep_gain/200087.json
sweep_gain,sweep_gain,200088,ERROR 'No beans?',ERROR,No beans?,-1.4706,,sim/out/host/grindsim --seed 200088 --scenario sim/mc/scenarios/sweep_gain.json --params sim/mc/out/full/params/sweep_gain/200088.json
sweep_gain,sweep_gain,200089,ERROR 'No beans?',ERROR,No beans?,-1.2661,,sim/out/host/grindsim --seed 200089 --scenario sim/mc/scenarios/sweep_gain.json --params sim/mc/out/full/params/sweep_gain/200089.json
sweep_gain,sweep_gain,200090,MAX_PULSES,MAX_PULSES,,0.3378,,sim/out/host/grindsim --seed 200090 --scenario sim/mc/scenarios/sweep_gain.json --params sim/mc/out/full/params/sweep_gain/200090.json
sweep_gain,sweep_gain,200091,MAX_PULSES,MAX_PULSES,,-0.8779,,sim/out/host/grindsim --seed 200091 --scenario sim/mc/scenarios/sweep_gain.json --params sim/mc/out/full/params/sweep_gain/200091.json
sweep_gain,sweep_gain,200092,SUCCESS (true err > +0.03),SUCCESS,,0.7038,,sim/out/host/grindsim --seed 200092 --scenario sim/mc/scenarios/sweep_gain.json --params sim/mc/out/full/params/sweep_gain/200092.json
sweep_gain,sweep_gain,200093,SUCCESS (true err < -0.03),SUCCESS,,-0.8022,,sim/out/host/grindsim --seed 200093 --scenario sim/mc/scenarios/sweep_gain.json --params sim/mc/out/full/params/sweep_gain/200093.json
sweep_gain,sweep_gain,200094,ERROR 'No beans?',ERROR,No beans?,-4.6613,,sim/out/host/grindsim --seed 200094 --scenario sim/mc/scenarios/sweep_gain.json --params sim/mc/out/full/params/sweep_gain/200094.json
sweep_gain,sweep_gain,200095,MAX_PULSES,MAX_PULSES,,-1.9199,,sim/out/host/grindsim --seed 200095 --scenario sim/mc/scenarios/sweep_gain.json --params sim/mc/out/full/params/sweep_gain/200095.json
sweep_gain,sweep_gain,200096,OVERSHOOT,OVERSHOOT,,0.0847,,sim/out/host/grindsim --seed 200096 --scenario sim/mc/scenarios/sweep_gain.json --params sim/mc/out/full/params/sweep_gain/200096.json
sweep_gain,sweep_gain,200097,SUCCESS (true err < -0.03),SUCCESS,,-0.6674,,sim/out/host/grindsim --seed 200097 --scenario sim/mc/scenarios/sweep_gain.json --params sim/mc/out/full/params/sweep_gain/200097.json
sweep_gain,sweep_gain,200098,MAX_PULSES,MAX_PULSES,,0.0816,,sim/out/host/grindsim --seed 200098 --scenario sim/mc/scenarios/sweep_gain.json --params sim/mc/out/full/params/sweep_gain/200098.json
sweep_gain,sweep_gain,200099,MAX_PULSES,MAX_PULSES,,-0.2204,,sim/out/host/grindsim --seed 200099 --scenario sim/mc/scenarios/sweep_gain.json --params sim/mc/out/full/params/sweep_gain/200099.json
sweep_gain,sweep_gain,200100,TIMEOUT 'Timeout:PULS',TIMEOUT,Timeout:PULS,-0.7379,,sim/out/host/grindsim --seed 200100 --scenario sim/mc/scenarios/sweep_gain.json --params sim/mc/out/full/params/sweep_gain/200100.json
sweep_gain,sweep_gain,200101,MAX_PULSES,MAX_PULSES,,0.0483,,sim/out/host/grindsim --seed 200101 --scenario sim/mc/scenarios/sweep_gain.json --params sim/mc/out/full/params/sweep_gain/200101.json
sweep_gain,sweep_gain,200102,OVERSHOOT,OVERSHOOT,,0.2302,,sim/out/host/grindsim --seed 200102 --scenario sim/mc/scenarios/sweep_gain.json --params sim/mc/out/full/params/sweep_gain/200102.json
sweep_gain,sweep_gain,200103,MAX_PULSES,MAX_PULSES,,0.3866,,sim/out/host/grindsim --seed 200103 --scenario sim/mc/scenarios/sweep_gain.json --params sim/mc/out/full/params/sweep_gain/200103.json
sweep_gain,sweep_gain,200104,SUCCESS (true err > +0.03),SUCCESS,,0.4277,,sim/out/host/grindsim --seed 200104 --scenario sim/mc/scenarios/sweep_gain.json --params sim/mc/out/full/params/sweep_gain/200104.json
sweep_gain,sweep_gain,200105,ERROR 'No beans?',ERROR,No beans?,-1.6425,,sim/out/host/grindsim --seed 200105 --scenario sim/mc/scenarios/sweep_gain.json --params sim/mc/out/full/params/sweep_gain/200105.json
sweep_gain,sweep_gain,200106,ERROR 'No beans?',ERROR,No beans?,-0.8216,,sim/out/host/grindsim --seed 200106 --scenario sim/mc/scenarios/sweep_gain.json --params sim/mc/out/full/params/sweep_gain/200106.json
sweep_gain,sweep_gain,200107,OVERSHOOT,OVERSHOOT,,0.5466,,sim/out/host/grindsim --seed 200107 --scenario sim/mc/scenarios/sweep_gain.json --params sim/mc/out/full/params/sweep_gain/200107.json
sweep_gain,sweep_gain,200108,SUCCESS (true err > +0.03),SUCCESS,,0.6427,,sim/out/host/grindsim --seed 200108 --scenario sim/mc/scenarios/sweep_gain.json --params sim/mc/out/full/params/sweep_gain/200108.json
sweep_gain,sweep_gain,200109,ERROR 'No beans?',ERROR,No beans?,-1.1293,,sim/out/host/grindsim --seed 200109 --scenario sim/mc/scenarios/sweep_gain.json --params sim/mc/out/full/params/sweep_gain/200109.json
sweep_gain,sweep_gain,200110,SUCCESS (true err < -0.03),SUCCESS,,-0.2652,,sim/out/host/grindsim --seed 200110 --scenario sim/mc/scenarios/sweep_gain.json --params sim/mc/out/full/params/sweep_gain/200110.json
sweep_gain,sweep_gain,200111,MAX_PULSES,MAX_PULSES,,0.0652,,sim/out/host/grindsim --seed 200111 --scenario sim/mc/scenarios/sweep_gain.json --params sim/mc/out/full/params/sweep_gain/200111.json
sweep_gain,sweep_gain,200112,ERROR 'No beans?',ERROR,No beans?,-1.6310,,sim/out/host/grindsim --seed 200112 --scenario sim/mc/scenarios/sweep_gain.json --params sim/mc/out/full/params/sweep_gain/200112.json
sweep_gain,sweep_gain,200113,OVERSHOOT,OVERSHOOT,,-0.4896,,sim/out/host/grindsim --seed 200113 --scenario sim/mc/scenarios/sweep_gain.json --params sim/mc/out/full/params/sweep_gain/200113.json
sweep_gain,sweep_gain,200114,MAX_PULSES,MAX_PULSES,,0.2898,,sim/out/host/grindsim --seed 200114 --scenario sim/mc/scenarios/sweep_gain.json --params sim/mc/out/full/params/sweep_gain/200114.json
sweep_gain,sweep_gain,200115,OVERSHOOT,OVERSHOOT,,0.0690,,sim/out/host/grindsim --seed 200115 --scenario sim/mc/scenarios/sweep_gain.json --params sim/mc/out/full/params/sweep_gain/200115.json
sweep_gain,sweep_gain,200116,MAX_PULSES,MAX_PULSES,,-0.5795,,sim/out/host/grindsim --seed 200116 --scenario sim/mc/scenarios/sweep_gain.json --params sim/mc/out/full/params/sweep_gain/200116.json
sweep_gain,sweep_gain,200117,SUCCESS (true err < -0.03),SUCCESS,,-0.8938,,sim/out/host/grindsim --seed 200117 --scenario sim/mc/scenarios/sweep_gain.json --params sim/mc/out/full/params/sweep_gain/200117.json
sweep_gain,sweep_gain,200118,TIMEOUT 'Timeout:PULS',TIMEOUT,Timeout:PULS,-0.2959,,sim/out/host/grindsim --seed 200118 --scenario sim/mc/scenarios/sweep_gain.json --params sim/mc/out/full/params/sweep_gain/200118.json
sweep_gain,sweep_gain,200119,MAX_PULSES,MAX_PULSES,,0.1400,,sim/out/host/grindsim --seed 200119 --scenario sim/mc/scenarios/sweep_gain.json --params sim/mc/out/full/params/sweep_gain/200119.json
sweep_gain,sweep_gain,200120,SUCCESS (true err < -0.03),SUCCESS,,-0.8651,,sim/out/host/grindsim --seed 200120 --scenario sim/mc/scenarios/sweep_gain.json --params sim/mc/out/full/params/sweep_gain/200120.json
sweep_gain,sweep_gain,200121,MAX_PULSES,MAX_PULSES,,-0.3369,,sim/out/host/grindsim --seed 200121 --scenario sim/mc/scenarios/sweep_gain.json --params sim/mc/out/full/params/sweep_gain/200121.json
sweep_gain,sweep_gain,200122,MAX_PULSES,MAX_PULSES,,0.1238,,sim/out/host/grindsim --seed 200122 --scenario sim/mc/scenarios/sweep_gain.json --params sim/mc/out/full/params/sweep_gain/200122.json
sweep_gain,sweep_gain,200123,MAX_PULSES,MAX_PULSES,,0.1205,,sim/out/host/grindsim --seed 200123 --scenario sim/mc/scenarios/sweep_gain.json --params sim/mc/out/full/params/sweep_gain/200123.json
sweep_gain,sweep_gain,200124,ERROR 'No beans?',ERROR,No beans?,-0.8679,,sim/out/host/grindsim --seed 200124 --scenario sim/mc/scenarios/sweep_gain.json --params sim/mc/out/full/params/sweep_gain/200124.json
sweep_gain,sweep_gain,200125,MAX_PULSES,MAX_PULSES,,0.1659,,sim/out/host/grindsim --seed 200125 --scenario sim/mc/scenarios/sweep_gain.json --params sim/mc/out/full/params/sweep_gain/200125.json
sweep_gain,sweep_gain,200126,OVERSHOOT,OVERSHOOT,,0.1093,,sim/out/host/grindsim --seed 200126 --scenario sim/mc/scenarios/sweep_gain.json --params sim/mc/out/full/params/sweep_gain/200126.json
sweep_gain,sweep_gain,200127,ERROR 'No beans?',ERROR,No beans?,-3.3844,,sim/out/host/grindsim --seed 200127 --scenario sim/mc/scenarios/sweep_gain.json --params sim/mc/out/full/params/sweep_gain/200127.json
sweep_gain,sweep_gain,200128,MAX_PULSES,MAX_PULSES,,-1.9505,,sim/out/host/grindsim --seed 200128 --scenario sim/mc/scenarios/sweep_gain.json --params sim/mc/out/full/params/sweep_gain/200128.json
sweep_gain,sweep_gain,200129,OVERSHOOT,OVERSHOOT,,-0.0470,,sim/out/host/grindsim --seed 200129 --scenario sim/mc/scenarios/sweep_gain.json --params sim/mc/out/full/params/sweep_gain/200129.json
sweep_gain,sweep_gain,200130,SUCCESS (true err < -0.03),SUCCESS,,-0.3575,,sim/out/host/grindsim --seed 200130 --scenario sim/mc/scenarios/sweep_gain.json --params sim/mc/out/full/params/sweep_gain/200130.json
sweep_gain,sweep_gain,200131,ERROR 'No beans?',ERROR,No beans?,-0.7770,,sim/out/host/grindsim --seed 200131 --scenario sim/mc/scenarios/sweep_gain.json --params sim/mc/out/full/params/sweep_gain/200131.json
sweep_gain,sweep_gain,200132,OVERSHOOT,OVERSHOOT,,-0.4750,,sim/out/host/grindsim --seed 200132 --scenario sim/mc/scenarios/sweep_gain.json --params sim/mc/out/full/params/sweep_gain/200132.json
sweep_gain,sweep_gain,200133,OVERSHOOT,OVERSHOOT,,-0.5117,,sim/out/host/grindsim --seed 200133 --scenario sim/mc/scenarios/sweep_gain.json --params sim/mc/out/full/params/sweep_gain/200133.json
sweep_gain,sweep_gain,200134,MAX_PULSES,MAX_PULSES,,-1.8377,,sim/out/host/grindsim --seed 200134 --scenario sim/mc/scenarios/sweep_gain.json --params sim/mc/out/full/params/sweep_gain/200134.json
sweep_gain,sweep_gain,200135,ERROR 'No beans?',ERROR,No beans?,-0.6773,,sim/out/host/grindsim --seed 200135 --scenario sim/mc/scenarios/sweep_gain.json --params sim/mc/out/full/params/sweep_gain/200135.json
sweep_gain,sweep_gain,200136,OVERSHOOT,OVERSHOOT,,-0.3558,,sim/out/host/grindsim --seed 200136 --scenario sim/mc/scenarios/sweep_gain.json --params sim/mc/out/full/params/sweep_gain/200136.json
sweep_gain,sweep_gain,200137,SUCCESS (true err < -0.03),SUCCESS,,-0.8282,,sim/out/host/grindsim --seed 200137 --scenario sim/mc/scenarios/sweep_gain.json --params sim/mc/out/full/params/sweep_gain/200137.json
sweep_gain,sweep_gain,200138,OVERSHOOT,OVERSHOOT,,-0.5619,,sim/out/host/grindsim --seed 200138 --scenario sim/mc/scenarios/sweep_gain.json --params sim/mc/out/full/params/sweep_gain/200138.json
sweep_gain,sweep_gain,200139,ERROR 'No beans?',ERROR,No beans?,-0.9340,,sim/out/host/grindsim --seed 200139 --scenario sim/mc/scenarios/sweep_gain.json --params sim/mc/out/full/params/sweep_gain/200139.json
sweep_gain,sweep_gain,200140,MAX_PULSES,MAX_PULSES,,-0.8209,,sim/out/host/grindsim --seed 200140 --scenario sim/mc/scenarios/sweep_gain.json --params sim/mc/out/full/params/sweep_gain/200140.json
sweep_gain,sweep_gain,200141,SUCCESS (true err > +0.03),SUCCESS,,0.7888,,sim/out/host/grindsim --seed 200141 --scenario sim/mc/scenarios/sweep_gain.json --params sim/mc/out/full/params/sweep_gain/200141.json
sweep_gain,sweep_gain,200142,MAX_PULSES,MAX_PULSES,,0.6985,,sim/out/host/grindsim --seed 200142 --scenario sim/mc/scenarios/sweep_gain.json --params sim/mc/out/full/params/sweep_gain/200142.json
sweep_gain,sweep_gain,200143,MAX_PULSES,MAX_PULSES,,0.0669,,sim/out/host/grindsim --seed 200143 --scenario sim/mc/scenarios/sweep_gain.json --params sim/mc/out/full/params/sweep_gain/200143.json
sweep_gain,sweep_gain,200144,ERROR 'No beans?',ERROR,No beans?,-1.6441,,sim/out/host/grindsim --seed 200144 --scenario sim/mc/scenarios/sweep_gain.json --params sim/mc/out/full/params/sweep_gain/200144.json
sweep_gain,sweep_gain,200145,MAX_PULSES,MAX_PULSES,,-0.4776,,sim/out/host/grindsim --seed 200145 --scenario sim/mc/scenarios/sweep_gain.json --params sim/mc/out/full/params/sweep_gain/200145.json
sweep_gain,sweep_gain,200146,SUCCESS (true err > +0.03),SUCCESS,,0.4435,,sim/out/host/grindsim --seed 200146 --scenario sim/mc/scenarios/sweep_gain.json --params sim/mc/out/full/params/sweep_gain/200146.json
sweep_gain,sweep_gain,200147,MAX_PULSES,MAX_PULSES,,-0.4480,,sim/out/host/grindsim --seed 200147 --scenario sim/mc/scenarios/sweep_gain.json --params sim/mc/out/full/params/sweep_gain/200147.json
sweep_gain,sweep_gain,200148,SUCCESS (true err < -0.03),SUCCESS,,-0.0354,,sim/out/host/grindsim --seed 200148 --scenario sim/mc/scenarios/sweep_gain.json --params sim/mc/out/full/params/sweep_gain/200148.json
sweep_gain,sweep_gain,200149,MAX_PULSES,MAX_PULSES,,-1.6261,,sim/out/host/grindsim --seed 200149 --scenario sim/mc/scenarios/sweep_gain.json --params sim/mc/out/full/params/sweep_gain/200149.json
sweep_gain,sweep_gain,200150,SUCCESS (true err < -0.03),SUCCESS,,-0.6886,,sim/out/host/grindsim --seed 200150 --scenario sim/mc/scenarios/sweep_gain.json --params sim/mc/out/full/params/sweep_gain/200150.json
sweep_gain,sweep_gain,200151,MAX_PULSES,MAX_PULSES,,-0.3896,,sim/out/host/grindsim --seed 200151 --scenario sim/mc/scenarios/sweep_gain.json --params sim/mc/out/full/params/sweep_gain/200151.json
sweep_gain,sweep_gain,200152,MAX_PULSES,MAX_PULSES,,-0.1978,,sim/out/host/grindsim --seed 200152 --scenario sim/mc/scenarios/sweep_gain.json --params sim/mc/out/full/params/sweep_gain/200152.json
sweep_gain,sweep_gain,200153,SUCCESS (true err < -0.03),SUCCESS,,-0.1878,,sim/out/host/grindsim --seed 200153 --scenario sim/mc/scenarios/sweep_gain.json --params sim/mc/out/full/params/sweep_gain/200153.json
sweep_gain,sweep_gain,200154,ERROR 'No beans?',ERROR,No beans?,-0.3943,,sim/out/host/grindsim --seed 200154 --scenario sim/mc/scenarios/sweep_gain.json --params sim/mc/out/full/params/sweep_gain/200154.json
sweep_gain,sweep_gain,200155,SUCCESS (true err < -0.03),SUCCESS,,-0.7640,,sim/out/host/grindsim --seed 200155 --scenario sim/mc/scenarios/sweep_gain.json --params sim/mc/out/full/params/sweep_gain/200155.json
sweep_gain,sweep_gain,200156,SUCCESS (true err > +0.03),SUCCESS,,0.0952,,sim/out/host/grindsim --seed 200156 --scenario sim/mc/scenarios/sweep_gain.json --params sim/mc/out/full/params/sweep_gain/200156.json
sweep_gain,sweep_gain,200157,OVERSHOOT,OVERSHOOT,,-0.7460,,sim/out/host/grindsim --seed 200157 --scenario sim/mc/scenarios/sweep_gain.json --params sim/mc/out/full/params/sweep_gain/200157.json
sweep_gain,sweep_gain,200158,ERROR 'No beans?',ERROR,No beans?,-1.3760,,sim/out/host/grindsim --seed 200158 --scenario sim/mc/scenarios/sweep_gain.json --params sim/mc/out/full/params/sweep_gain/200158.json
sweep_gain,sweep_gain,200159,MAX_PULSES,MAX_PULSES,,-0.4944,,sim/out/host/grindsim --seed 200159 --scenario sim/mc/scenarios/sweep_gain.json --params sim/mc/out/full/params/sweep_gain/200159.json
sweep_gain,sweep_gain,200160,MAX_PULSES,MAX_PULSES,,-0.0780,,sim/out/host/grindsim --seed 200160 --scenario sim/mc/scenarios/sweep_gain.json --params sim/mc/out/full/params/sweep_gain/200160.json
sweep_gain,sweep_gain,200161,MAX_PULSES,MAX_PULSES,,-0.3096,,sim/out/host/grindsim --seed 200161 --scenario sim/mc/scenarios/sweep_gain.json --params sim/mc/out/full/params/sweep_gain/200161.json
sweep_gain,sweep_gain,200162,MAX_PULSES,MAX_PULSES,,-0.3651,,sim/out/host/grindsim --seed 200162 --scenario sim/mc/scenarios/sweep_gain.json --params sim/mc/out/full/params/sweep_gain/200162.json
sweep_gain,sweep_gain,200163,MAX_PULSES,MAX_PULSES,,-0.9891,,sim/out/host/grindsim --seed 200163 --scenario sim/mc/scenarios/sweep_gain.json --params sim/mc/out/full/params/sweep_gain/200163.json
sweep_gain,sweep_gain,200164,OVERSHOOT,OVERSHOOT,,-0.6480,,sim/out/host/grindsim --seed 200164 --scenario sim/mc/scenarios/sweep_gain.json --params sim/mc/out/full/params/sweep_gain/200164.json
sweep_gain,sweep_gain,200165,SUCCESS (true err < -0.03),SUCCESS,,-0.5101,,sim/out/host/grindsim --seed 200165 --scenario sim/mc/scenarios/sweep_gain.json --params sim/mc/out/full/params/sweep_gain/200165.json
sweep_gain,sweep_gain,200166,MAX_PULSES,MAX_PULSES,,0.1449,,sim/out/host/grindsim --seed 200166 --scenario sim/mc/scenarios/sweep_gain.json --params sim/mc/out/full/params/sweep_gain/200166.json
sweep_gain,sweep_gain,200167,ERROR 'No beans?',ERROR,No beans?,-0.2587,,sim/out/host/grindsim --seed 200167 --scenario sim/mc/scenarios/sweep_gain.json --params sim/mc/out/full/params/sweep_gain/200167.json
sweep_gain,sweep_gain,200168,MAX_PULSES,MAX_PULSES,,-0.0074,,sim/out/host/grindsim --seed 200168 --scenario sim/mc/scenarios/sweep_gain.json --params sim/mc/out/full/params/sweep_gain/200168.json
sweep_gain,sweep_gain,200169,MAX_PULSES,MAX_PULSES,,-0.9237,,sim/out/host/grindsim --seed 200169 --scenario sim/mc/scenarios/sweep_gain.json --params sim/mc/out/full/params/sweep_gain/200169.json
sweep_gain,sweep_gain,200170,MAX_PULSES,MAX_PULSES,,-0.5671,,sim/out/host/grindsim --seed 200170 --scenario sim/mc/scenarios/sweep_gain.json --params sim/mc/out/full/params/sweep_gain/200170.json
sweep_gain,sweep_gain,200171,MAX_PULSES,MAX_PULSES,,-2.6942,,sim/out/host/grindsim --seed 200171 --scenario sim/mc/scenarios/sweep_gain.json --params sim/mc/out/full/params/sweep_gain/200171.json
sweep_gain,sweep_gain,200172,MAX_PULSES,MAX_PULSES,,-0.4767,,sim/out/host/grindsim --seed 200172 --scenario sim/mc/scenarios/sweep_gain.json --params sim/mc/out/full/params/sweep_gain/200172.json
sweep_gain,sweep_gain,200173,ERROR 'No beans?',ERROR,No beans?,-0.3929,,sim/out/host/grindsim --seed 200173 --scenario sim/mc/scenarios/sweep_gain.json --params sim/mc/out/full/params/sweep_gain/200173.json
sweep_gain,sweep_gain,200174,MAX_PULSES,MAX_PULSES,,0.0409,,sim/out/host/grindsim --seed 200174 --scenario sim/mc/scenarios/sweep_gain.json --params sim/mc/out/full/params/sweep_gain/200174.json
sweep_gain,sweep_gain,200175,ERROR 'No beans?',ERROR,No beans?,-1.5271,,sim/out/host/grindsim --seed 200175 --scenario sim/mc/scenarios/sweep_gain.json --params sim/mc/out/full/params/sweep_gain/200175.json
sweep_gain,sweep_gain,200176,MAX_PULSES,MAX_PULSES,,-0.5209,,sim/out/host/grindsim --seed 200176 --scenario sim/mc/scenarios/sweep_gain.json --params sim/mc/out/full/params/sweep_gain/200176.json
sweep_gain,sweep_gain,200177,SUCCESS (true err < -0.03),SUCCESS,,-0.3990,,sim/out/host/grindsim --seed 200177 --scenario sim/mc/scenarios/sweep_gain.json --params sim/mc/out/full/params/sweep_gain/200177.json
sweep_gain,sweep_gain,200178,MAX_PULSES,MAX_PULSES,,-0.5188,,sim/out/host/grindsim --seed 200178 --scenario sim/mc/scenarios/sweep_gain.json --params sim/mc/out/full/params/sweep_gain/200178.json
sweep_gain,sweep_gain,200179,MAX_PULSES,MAX_PULSES,,-0.2113,,sim/out/host/grindsim --seed 200179 --scenario sim/mc/scenarios/sweep_gain.json --params sim/mc/out/full/params/sweep_gain/200179.json
sweep_gain,sweep_gain,200180,ERROR 'No beans?',ERROR,No beans?,-1.4645,,sim/out/host/grindsim --seed 200180 --scenario sim/mc/scenarios/sweep_gain.json --params sim/mc/out/full/params/sweep_gain/200180.json
sweep_gain,sweep_gain,200181,ERROR 'No beans?',ERROR,No beans?,-1.9182,,sim/out/host/grindsim --seed 200181 --scenario sim/mc/scenarios/sweep_gain.json --params sim/mc/out/full/params/sweep_gain/200181.json
sweep_gain,sweep_gain,200182,ERROR 'No beans?',ERROR,No beans?,-2.0826,,sim/out/host/grindsim --seed 200182 --scenario sim/mc/scenarios/sweep_gain.json --params sim/mc/out/full/params/sweep_gain/200182.json
sweep_gain,sweep_gain,200183,SUCCESS (true err > +0.03),SUCCESS,,0.6710,,sim/out/host/grindsim --seed 200183 --scenario sim/mc/scenarios/sweep_gain.json --params sim/mc/out/full/params/sweep_gain/200183.json
sweep_gain,sweep_gain,200184,MAX_PULSES,MAX_PULSES,,-0.4147,,sim/out/host/grindsim --seed 200184 --scenario sim/mc/scenarios/sweep_gain.json --params sim/mc/out/full/params/sweep_gain/200184.json
sweep_gain,sweep_gain,200185,SUCCESS (true err > +0.03),SUCCESS,,0.2038,,sim/out/host/grindsim --seed 200185 --scenario sim/mc/scenarios/sweep_gain.json --params sim/mc/out/full/params/sweep_gain/200185.json
sweep_gain,sweep_gain,200186,MAX_PULSES,MAX_PULSES,,-0.7779,,sim/out/host/grindsim --seed 200186 --scenario sim/mc/scenarios/sweep_gain.json --params sim/mc/out/full/params/sweep_gain/200186.json
sweep_gain,sweep_gain,200187,SUCCESS (true err > +0.03),SUCCESS,,0.4218,,sim/out/host/grindsim --seed 200187 --scenario sim/mc/scenarios/sweep_gain.json --params sim/mc/out/full/params/sweep_gain/200187.json
sweep_gain,sweep_gain,200188,ERROR 'No beans?',ERROR,No beans?,-0.1836,,sim/out/host/grindsim --seed 200188 --scenario sim/mc/scenarios/sweep_gain.json --params sim/mc/out/full/params/sweep_gain/200188.json
sweep_gain,sweep_gain,200189,ERROR 'No beans?',ERROR,No beans?,-1.0247,,sim/out/host/grindsim --seed 200189 --scenario sim/mc/scenarios/sweep_gain.json --params sim/mc/out/full/params/sweep_gain/200189.json
sweep_gain,sweep_gain,200190,MAX_PULSES,MAX_PULSES,,-0.9042,,sim/out/host/grindsim --seed 200190 --scenario sim/mc/scenarios/sweep_gain.json --params sim/mc/out/full/params/sweep_gain/200190.json
sweep_gain,sweep_gain,200191,SUCCESS (true err > +0.03),SUCCESS,,0.4528,,sim/out/host/grindsim --seed 200191 --scenario sim/mc/scenarios/sweep_gain.json --params sim/mc/out/full/params/sweep_gain/200191.json
sweep_gain,sweep_gain,200192,ERROR 'No beans?',ERROR,No beans?,-0.1752,,sim/out/host/grindsim --seed 200192 --scenario sim/mc/scenarios/sweep_gain.json --params sim/mc/out/full/params/sweep_gain/200192.json
sweep_gain,sweep_gain,200193,MAX_PULSES,MAX_PULSES,,0.6144,,sim/out/host/grindsim --seed 200193 --scenario sim/mc/scenarios/sweep_gain.json --params sim/mc/out/full/params/sweep_gain/200193.json
sweep_gain,sweep_gain,200194,SUCCESS (true err < -0.03),SUCCESS,,-0.7515,,sim/out/host/grindsim --seed 200194 --scenario sim/mc/scenarios/sweep_gain.json --params sim/mc/out/full/params/sweep_gain/200194.json
sweep_gain,sweep_gain,200195,MAX_PULSES,MAX_PULSES,,-0.7962,,sim/out/host/grindsim --seed 200195 --scenario sim/mc/scenarios/sweep_gain.json --params sim/mc/out/full/params/sweep_gain/200195.json
sweep_gain,sweep_gain,200196,OVERSHOOT,OVERSHOOT,,-0.0366,,sim/out/host/grindsim --seed 200196 --scenario sim/mc/scenarios/sweep_gain.json --params sim/mc/out/full/params/sweep_gain/200196.json
sweep_gain,sweep_gain,200197,ERROR 'No beans?',ERROR,No beans?,-1.2905,,sim/out/host/grindsim --seed 200197 --scenario sim/mc/scenarios/sweep_gain.json --params sim/mc/out/full/params/sweep_gain/200197.json
sweep_gain,sweep_gain,200198,ERROR 'No beans?',ERROR,No beans?,-2.7067,,sim/out/host/grindsim --seed 200198 --scenario sim/mc/scenarios/sweep_gain.json --params sim/mc/out/full/params/sweep_gain/200198.json
sweep_gain,sweep_gain,200199,MAX_PULSES,MAX_PULSES,,0.4740,,sim/out/host/grindsim --seed 200199 --scenario sim/mc/scenarios/sweep_gain.json --params sim/mc/out/full/params/sweep_gain/200199.json
sweep_gain,sweep_gain,200200,MAX_PULSES,MAX_PULSES,,0.3942,,sim/out/host/grindsim --seed 200200 --scenario sim/mc/scenarios/sweep_gain.json --params sim/mc/out/full/params/sweep_gain/200200.json
sweep_gain,sweep_gain,200201,MAX_PULSES,MAX_PULSES,,-0.0744,,sim/out/host/grindsim --seed 200201 --scenario sim/mc/scenarios/sweep_gain.json --params sim/mc/out/full/params/sweep_gain/200201.json
sweep_gain,sweep_gain,200202,MAX_PULSES,MAX_PULSES,,0.1682,,sim/out/host/grindsim --seed 200202 --scenario sim/mc/scenarios/sweep_gain.json --params sim/mc/out/full/params/sweep_gain/200202.json
sweep_gain,sweep_gain,200203,ERROR 'No beans?',ERROR,No beans?,-1.0984,,sim/out/host/grindsim --seed 200203 --scenario sim/mc/scenarios/sweep_gain.json --params sim/mc/out/full/params/sweep_gain/200203.json
sweep_gain,sweep_gain,200204,ERROR 'No beans?',ERROR,No beans?,-1.4370,,sim/out/host/grindsim --seed 200204 --scenario sim/mc/scenarios/sweep_gain.json --params sim/mc/out/full/params/sweep_gain/200204.json
sweep_gain,sweep_gain,200205,MAX_PULSES,MAX_PULSES,,-0.9290,,sim/out/host/grindsim --seed 200205 --scenario sim/mc/scenarios/sweep_gain.json --params sim/mc/out/full/params/sweep_gain/200205.json
sweep_gain,sweep_gain,200206,MAX_PULSES,MAX_PULSES,,-0.2719,,sim/out/host/grindsim --seed 200206 --scenario sim/mc/scenarios/sweep_gain.json --params sim/mc/out/full/params/sweep_gain/200206.json
sweep_gain,sweep_gain,200207,MAX_PULSES,MAX_PULSES,,0.3952,,sim/out/host/grindsim --seed 200207 --scenario sim/mc/scenarios/sweep_gain.json --params sim/mc/out/full/params/sweep_gain/200207.json
sweep_gain,sweep_gain,200208,SUCCESS (true err > +0.03),SUCCESS,,0.0565,,sim/out/host/grindsim --seed 200208 --scenario sim/mc/scenarios/sweep_gain.json --params sim/mc/out/full/params/sweep_gain/200208.json
sweep_gain,sweep_gain,200209,ERROR 'No beans?',ERROR,No beans?,-0.3032,,sim/out/host/grindsim --seed 200209 --scenario sim/mc/scenarios/sweep_gain.json --params sim/mc/out/full/params/sweep_gain/200209.json
sweep_gain,sweep_gain,200210,MAX_PULSES,MAX_PULSES,,0.4223,,sim/out/host/grindsim --seed 200210 --scenario sim/mc/scenarios/sweep_gain.json --params sim/mc/out/full/params/sweep_gain/200210.json
sweep_gain,sweep_gain,200211,OVERSHOOT,OVERSHOOT,,0.6152,,sim/out/host/grindsim --seed 200211 --scenario sim/mc/scenarios/sweep_gain.json --params sim/mc/out/full/params/sweep_gain/200211.json
sweep_gain,sweep_gain,200212,ERROR 'No beans?',ERROR,No beans?,-0.1715,,sim/out/host/grindsim --seed 200212 --scenario sim/mc/scenarios/sweep_gain.json --params sim/mc/out/full/params/sweep_gain/200212.json
sweep_gain,sweep_gain,200213,OVERSHOOT,OVERSHOOT,,-0.4504,,sim/out/host/grindsim --seed 200213 --scenario sim/mc/scenarios/sweep_gain.json --params sim/mc/out/full/params/sweep_gain/200213.json
sweep_gain,sweep_gain,200214,MAX_PULSES,MAX_PULSES,,-0.9973,,sim/out/host/grindsim --seed 200214 --scenario sim/mc/scenarios/sweep_gain.json --params sim/mc/out/full/params/sweep_gain/200214.json
sweep_gain,sweep_gain,200215,ERROR 'No beans?',ERROR,No beans?,-0.5185,,sim/out/host/grindsim --seed 200215 --scenario sim/mc/scenarios/sweep_gain.json --params sim/mc/out/full/params/sweep_gain/200215.json
sweep_gain,sweep_gain,200216,SUCCESS (true err < -0.03),SUCCESS,,-0.4201,,sim/out/host/grindsim --seed 200216 --scenario sim/mc/scenarios/sweep_gain.json --params sim/mc/out/full/params/sweep_gain/200216.json
sweep_gain,sweep_gain,200217,SUCCESS (true err < -0.03),SUCCESS,,-0.1764,,sim/out/host/grindsim --seed 200217 --scenario sim/mc/scenarios/sweep_gain.json --params sim/mc/out/full/params/sweep_gain/200217.json
sweep_gain,sweep_gain,200218,ERROR 'No beans?',ERROR,No beans?,-0.9169,,sim/out/host/grindsim --seed 200218 --scenario sim/mc/scenarios/sweep_gain.json --params sim/mc/out/full/params/sweep_gain/200218.json
sweep_gain,sweep_gain,200219,ERROR 'No beans?',ERROR,No beans?,-0.5534,,sim/out/host/grindsim --seed 200219 --scenario sim/mc/scenarios/sweep_gain.json --params sim/mc/out/full/params/sweep_gain/200219.json
sweep_gain,sweep_gain,200220,TIMEOUT 'Timeout:PULS',TIMEOUT,Timeout:PULS,-2.5539,,sim/out/host/grindsim --seed 200220 --scenario sim/mc/scenarios/sweep_gain.json --params sim/mc/out/full/params/sweep_gain/200220.json
sweep_gain,sweep_gain,200221,MAX_PULSES,MAX_PULSES,,-1.3105,,sim/out/host/grindsim --seed 200221 --scenario sim/mc/scenarios/sweep_gain.json --params sim/mc/out/full/params/sweep_gain/200221.json
sweep_gain,sweep_gain,200222,MAX_PULSES,MAX_PULSES,,-0.0009,,sim/out/host/grindsim --seed 200222 --scenario sim/mc/scenarios/sweep_gain.json --params sim/mc/out/full/params/sweep_gain/200222.json
sweep_gain,sweep_gain,200223,MAX_PULSES,MAX_PULSES,,-0.1268,,sim/out/host/grindsim --seed 200223 --scenario sim/mc/scenarios/sweep_gain.json --params sim/mc/out/full/params/sweep_gain/200223.json
sweep_gain,sweep_gain,200224,MAX_PULSES,MAX_PULSES,,-0.8090,,sim/out/host/grindsim --seed 200224 --scenario sim/mc/scenarios/sweep_gain.json --params sim/mc/out/full/params/sweep_gain/200224.json
sweep_gain,sweep_gain,200225,OVERSHOOT,OVERSHOOT,,0.4165,,sim/out/host/grindsim --seed 200225 --scenario sim/mc/scenarios/sweep_gain.json --params sim/mc/out/full/params/sweep_gain/200225.json
sweep_gain,sweep_gain,200226,ERROR 'No beans?',ERROR,No beans?,-1.8350,,sim/out/host/grindsim --seed 200226 --scenario sim/mc/scenarios/sweep_gain.json --params sim/mc/out/full/params/sweep_gain/200226.json
sweep_gain,sweep_gain,200227,ERROR 'No beans?',ERROR,No beans?,-2.0721,,sim/out/host/grindsim --seed 200227 --scenario sim/mc/scenarios/sweep_gain.json --params sim/mc/out/full/params/sweep_gain/200227.json
sweep_gain,sweep_gain,200228,ERROR 'No beans?',ERROR,No beans?,-0.5880,,sim/out/host/grindsim --seed 200228 --scenario sim/mc/scenarios/sweep_gain.json --params sim/mc/out/full/params/sweep_gain/200228.json
sweep_gain,sweep_gain,200229,MAX_PULSES,MAX_PULSES,,-0.5026,,sim/out/host/grindsim --seed 200229 --scenario sim/mc/scenarios/sweep_gain.json --params sim/mc/out/full/params/sweep_gain/200229.json
sweep_gain,sweep_gain,200230,SUCCESS (true err < -0.03),SUCCESS,,-0.8498,,sim/out/host/grindsim --seed 200230 --scenario sim/mc/scenarios/sweep_gain.json --params sim/mc/out/full/params/sweep_gain/200230.json
sweep_gain,sweep_gain,200231,MAX_PULSES,MAX_PULSES,,-2.1432,,sim/out/host/grindsim --seed 200231 --scenario sim/mc/scenarios/sweep_gain.json --params sim/mc/out/full/params/sweep_gain/200231.json
sweep_gain,sweep_gain,200232,MAX_PULSES,MAX_PULSES,,-0.4628,,sim/out/host/grindsim --seed 200232 --scenario sim/mc/scenarios/sweep_gain.json --params sim/mc/out/full/params/sweep_gain/200232.json
sweep_gain,sweep_gain,200233,MAX_PULSES,MAX_PULSES,,-0.5055,,sim/out/host/grindsim --seed 200233 --scenario sim/mc/scenarios/sweep_gain.json --params sim/mc/out/full/params/sweep_gain/200233.json
sweep_gain,sweep_gain,200234,ERROR 'No beans?',ERROR,No beans?,-0.1653,,sim/out/host/grindsim --seed 200234 --scenario sim/mc/scenarios/sweep_gain.json --params sim/mc/out/full/params/sweep_gain/200234.json
sweep_gain,sweep_gain,200235,MAX_PULSES,MAX_PULSES,,-0.0788,,sim/out/host/grindsim --seed 200235 --scenario sim/mc/scenarios/sweep_gain.json --params sim/mc/out/full/params/sweep_gain/200235.json
sweep_gain,sweep_gain,200236,ERROR 'No beans?',ERROR,No beans?,-0.6133,,sim/out/host/grindsim --seed 200236 --scenario sim/mc/scenarios/sweep_gain.json --params sim/mc/out/full/params/sweep_gain/200236.json
sweep_gain,sweep_gain,200237,OVERSHOOT,OVERSHOOT,,0.3931,,sim/out/host/grindsim --seed 200237 --scenario sim/mc/scenarios/sweep_gain.json --params sim/mc/out/full/params/sweep_gain/200237.json
sweep_gain,sweep_gain,200238,SUCCESS (true err > +0.03),SUCCESS,,0.1657,,sim/out/host/grindsim --seed 200238 --scenario sim/mc/scenarios/sweep_gain.json --params sim/mc/out/full/params/sweep_gain/200238.json
sweep_gain,sweep_gain,200239,SUCCESS (true err < -0.03),SUCCESS,,-0.4690,,sim/out/host/grindsim --seed 200239 --scenario sim/mc/scenarios/sweep_gain.json --params sim/mc/out/full/params/sweep_gain/200239.json
sweep_gain,sweep_gain,200240,ERROR 'No beans?',ERROR,No beans?,-0.4873,,sim/out/host/grindsim --seed 200240 --scenario sim/mc/scenarios/sweep_gain.json --params sim/mc/out/full/params/sweep_gain/200240.json
sweep_gain,sweep_gain,200241,MAX_PULSES,MAX_PULSES,,-0.2853,,sim/out/host/grindsim --seed 200241 --scenario sim/mc/scenarios/sweep_gain.json --params sim/mc/out/full/params/sweep_gain/200241.json
sweep_gain,sweep_gain,200242,ERROR 'No beans?',ERROR,No beans?,-2.1209,,sim/out/host/grindsim --seed 200242 --scenario sim/mc/scenarios/sweep_gain.json --params sim/mc/out/full/params/sweep_gain/200242.json
sweep_gain,sweep_gain,200243,ERROR 'No beans?',ERROR,No beans?,-0.6308,,sim/out/host/grindsim --seed 200243 --scenario sim/mc/scenarios/sweep_gain.json --params sim/mc/out/full/params/sweep_gain/200243.json
sweep_gain,sweep_gain,200244,OVERSHOOT,OVERSHOOT,,0.0766,,sim/out/host/grindsim --seed 200244 --scenario sim/mc/scenarios/sweep_gain.json --params sim/mc/out/full/params/sweep_gain/200244.json
sweep_gain,sweep_gain,200245,MAX_PULSES,MAX_PULSES,,-0.5039,,sim/out/host/grindsim --seed 200245 --scenario sim/mc/scenarios/sweep_gain.json --params sim/mc/out/full/params/sweep_gain/200245.json
sweep_gain,sweep_gain,200246,TIMEOUT 'Timeout:PULS',TIMEOUT,Timeout:PULS,-0.3956,,sim/out/host/grindsim --seed 200246 --scenario sim/mc/scenarios/sweep_gain.json --params sim/mc/out/full/params/sweep_gain/200246.json
sweep_gain,sweep_gain,200247,MAX_PULSES,MAX_PULSES,,-0.5272,,sim/out/host/grindsim --seed 200247 --scenario sim/mc/scenarios/sweep_gain.json --params sim/mc/out/full/params/sweep_gain/200247.json
sweep_gain,sweep_gain,200248,MAX_PULSES,MAX_PULSES,,-0.7782,,sim/out/host/grindsim --seed 200248 --scenario sim/mc/scenarios/sweep_gain.json --params sim/mc/out/full/params/sweep_gain/200248.json
sweep_gain,sweep_gain,200249,ERROR 'No beans?',ERROR,No beans?,-0.3470,,sim/out/host/grindsim --seed 200249 --scenario sim/mc/scenarios/sweep_gain.json --params sim/mc/out/full/params/sweep_gain/200249.json
sweep_gain,sweep_gain,200250,OVERSHOOT,OVERSHOOT,,-0.5905,,sim/out/host/grindsim --seed 200250 --scenario sim/mc/scenarios/sweep_gain.json --params sim/mc/out/full/params/sweep_gain/200250.json
sweep_gain,sweep_gain,200251,MAX_PULSES,MAX_PULSES,,0.5352,,sim/out/host/grindsim --seed 200251 --scenario sim/mc/scenarios/sweep_gain.json --params sim/mc/out/full/params/sweep_gain/200251.json
sweep_gain,sweep_gain,200252,ERROR 'No beans?',ERROR,No beans?,-1.6284,,sim/out/host/grindsim --seed 200252 --scenario sim/mc/scenarios/sweep_gain.json --params sim/mc/out/full/params/sweep_gain/200252.json
sweep_gain,sweep_gain,200253,ERROR 'No beans?',ERROR,No beans?,-1.0261,,sim/out/host/grindsim --seed 200253 --scenario sim/mc/scenarios/sweep_gain.json --params sim/mc/out/full/params/sweep_gain/200253.json
sweep_gain,sweep_gain,200254,MAX_PULSES,MAX_PULSES,,-0.0722,,sim/out/host/grindsim --seed 200254 --scenario sim/mc/scenarios/sweep_gain.json --params sim/mc/out/full/params/sweep_gain/200254.json
sweep_gain,sweep_gain,200255,MAX_PULSES,MAX_PULSES,,-0.5677,,sim/out/host/grindsim --seed 200255 --scenario sim/mc/scenarios/sweep_gain.json --params sim/mc/out/full/params/sweep_gain/200255.json
sweep_gain,sweep_gain,200256,SUCCESS (true err > +0.03),SUCCESS,,0.7187,,sim/out/host/grindsim --seed 200256 --scenario sim/mc/scenarios/sweep_gain.json --params sim/mc/out/full/params/sweep_gain/200256.json
sweep_gain,sweep_gain,200257,MAX_PULSES,MAX_PULSES,,0.1813,,sim/out/host/grindsim --seed 200257 --scenario sim/mc/scenarios/sweep_gain.json --params sim/mc/out/full/params/sweep_gain/200257.json
sweep_gain,sweep_gain,200258,ERROR 'No beans?',ERROR,No beans?,-0.2362,,sim/out/host/grindsim --seed 200258 --scenario sim/mc/scenarios/sweep_gain.json --params sim/mc/out/full/params/sweep_gain/200258.json
sweep_gain,sweep_gain,200259,OVERSHOOT,OVERSHOOT,,-0.0659,,sim/out/host/grindsim --seed 200259 --scenario sim/mc/scenarios/sweep_gain.json --params sim/mc/out/full/params/sweep_gain/200259.json
sweep_gain,sweep_gain,200260,ERROR 'No beans?',ERROR,No beans?,-1.6184,,sim/out/host/grindsim --seed 200260 --scenario sim/mc/scenarios/sweep_gain.json --params sim/mc/out/full/params/sweep_gain/200260.json
sweep_gain,sweep_gain,200261,OVERSHOOT,OVERSHOOT,,-0.1021,,sim/out/host/grindsim --seed 200261 --scenario sim/mc/scenarios/sweep_gain.json --params sim/mc/out/full/params/sweep_gain/200261.json
sweep_gain,sweep_gain,200262,OVERSHOOT,OVERSHOOT,,0.2190,,sim/out/host/grindsim --seed 200262 --scenario sim/mc/scenarios/sweep_gain.json --params sim/mc/out/full/params/sweep_gain/200262.json
sweep_gain,sweep_gain,200263,ERROR 'No beans?',ERROR,No beans?,-0.9259,,sim/out/host/grindsim --seed 200263 --scenario sim/mc/scenarios/sweep_gain.json --params sim/mc/out/full/params/sweep_gain/200263.json
sweep_gain,sweep_gain,200264,MAX_PULSES,MAX_PULSES,,0.4043,,sim/out/host/grindsim --seed 200264 --scenario sim/mc/scenarios/sweep_gain.json --params sim/mc/out/full/params/sweep_gain/200264.json
sweep_gain,sweep_gain,200265,MAX_PULSES,MAX_PULSES,,-0.1445,,sim/out/host/grindsim --seed 200265 --scenario sim/mc/scenarios/sweep_gain.json --params sim/mc/out/full/params/sweep_gain/200265.json
sweep_gain,sweep_gain,200266,SUCCESS (true err < -0.03),SUCCESS,,-0.1697,,sim/out/host/grindsim --seed 200266 --scenario sim/mc/scenarios/sweep_gain.json --params sim/mc/out/full/params/sweep_gain/200266.json
sweep_gain,sweep_gain,200267,ERROR 'No beans?',ERROR,No beans?,-1.2052,,sim/out/host/grindsim --seed 200267 --scenario sim/mc/scenarios/sweep_gain.json --params sim/mc/out/full/params/sweep_gain/200267.json
sweep_gain,sweep_gain,200268,SUCCESS (true err < -0.03),SUCCESS,,-0.5993,,sim/out/host/grindsim --seed 200268 --scenario sim/mc/scenarios/sweep_gain.json --params sim/mc/out/full/params/sweep_gain/200268.json
sweep_gain,sweep_gain,200269,ERROR 'No beans?',ERROR,No beans?,-0.5400,,sim/out/host/grindsim --seed 200269 --scenario sim/mc/scenarios/sweep_gain.json --params sim/mc/out/full/params/sweep_gain/200269.json
sweep_gain,sweep_gain,200270,MAX_PULSES,MAX_PULSES,,-0.8596,,sim/out/host/grindsim --seed 200270 --scenario sim/mc/scenarios/sweep_gain.json --params sim/mc/out/full/params/sweep_gain/200270.json
sweep_gain,sweep_gain,200271,MAX_PULSES,MAX_PULSES,,-1.1194,,sim/out/host/grindsim --seed 200271 --scenario sim/mc/scenarios/sweep_gain.json --params sim/mc/out/full/params/sweep_gain/200271.json
sweep_gain,sweep_gain,200272,SUCCESS (true err > +0.03),SUCCESS,,0.4009,,sim/out/host/grindsim --seed 200272 --scenario sim/mc/scenarios/sweep_gain.json --params sim/mc/out/full/params/sweep_gain/200272.json
sweep_gain,sweep_gain,200273,OVERSHOOT,OVERSHOOT,,-0.2391,,sim/out/host/grindsim --seed 200273 --scenario sim/mc/scenarios/sweep_gain.json --params sim/mc/out/full/params/sweep_gain/200273.json
sweep_gain,sweep_gain,200274,SUCCESS (true err < -0.03),SUCCESS,,-0.1630,,sim/out/host/grindsim --seed 200274 --scenario sim/mc/scenarios/sweep_gain.json --params sim/mc/out/full/params/sweep_gain/200274.json
sweep_gain,sweep_gain,200275,MAX_PULSES,MAX_PULSES,,0.0409,,sim/out/host/grindsim --seed 200275 --scenario sim/mc/scenarios/sweep_gain.json --params sim/mc/out/full/params/sweep_gain/200275.json
sweep_gain,sweep_gain,200276,ERROR 'No beans?',ERROR,No beans?,-0.8899,,sim/out/host/grindsim --seed 200276 --scenario sim/mc/scenarios/sweep_gain.json --params sim/mc/out/full/params/sweep_gain/200276.json
sweep_gain,sweep_gain,200277,MAX_PULSES,MAX_PULSES,,0.1658,,sim/out/host/grindsim --seed 200277 --scenario sim/mc/scenarios/sweep_gain.json --params sim/mc/out/full/params/sweep_gain/200277.json
sweep_gain,sweep_gain,200278,ERROR 'No beans?',ERROR,No beans?,-0.5848,,sim/out/host/grindsim --seed 200278 --scenario sim/mc/scenarios/sweep_gain.json --params sim/mc/out/full/params/sweep_gain/200278.json
sweep_gain,sweep_gain,200279,MAX_PULSES,MAX_PULSES,,-0.1423,,sim/out/host/grindsim --seed 200279 --scenario sim/mc/scenarios/sweep_gain.json --params sim/mc/out/full/params/sweep_gain/200279.json
sweep_gain,sweep_gain,200280,MAX_PULSES,MAX_PULSES,,-0.6744,,sim/out/host/grindsim --seed 200280 --scenario sim/mc/scenarios/sweep_gain.json --params sim/mc/out/full/params/sweep_gain/200280.json
sweep_gain,sweep_gain,200281,OVERSHOOT,OVERSHOOT,,0.1960,,sim/out/host/grindsim --seed 200281 --scenario sim/mc/scenarios/sweep_gain.json --params sim/mc/out/full/params/sweep_gain/200281.json
sweep_gain,sweep_gain,200282,MAX_PULSES,MAX_PULSES,,-0.0804,,sim/out/host/grindsim --seed 200282 --scenario sim/mc/scenarios/sweep_gain.json --params sim/mc/out/full/params/sweep_gain/200282.json
sweep_gain,sweep_gain,200283,MAX_PULSES,MAX_PULSES,,0.3372,,sim/out/host/grindsim --seed 200283 --scenario sim/mc/scenarios/sweep_gain.json --params sim/mc/out/full/params/sweep_gain/200283.json
sweep_gain,sweep_gain,200284,MAX_PULSES,MAX_PULSES,,-0.9939,,sim/out/host/grindsim --seed 200284 --scenario sim/mc/scenarios/sweep_gain.json --params sim/mc/out/full/params/sweep_gain/200284.json
sweep_gain,sweep_gain,200285,MAX_PULSES,MAX_PULSES,,-0.8080,,sim/out/host/grindsim --seed 200285 --scenario sim/mc/scenarios/sweep_gain.json --params sim/mc/out/full/params/sweep_gain/200285.json
sweep_gain,sweep_gain,200286,MAX_PULSES,MAX_PULSES,,-0.3541,,sim/out/host/grindsim --seed 200286 --scenario sim/mc/scenarios/sweep_gain.json --params sim/mc/out/full/params/sweep_gain/200286.json
sweep_gain,sweep_gain,200287,TIMEOUT 'Timeout:PULS',TIMEOUT,Timeout:PULS,0.2143,,sim/out/host/grindsim --seed 200287 --scenario sim/mc/scenarios/sweep_gain.json --params sim/mc/out/full/params/sweep_gain/200287.json
sweep_gain,sweep_gain,200288,MAX_PULSES,MAX_PULSES,,-0.3174,,sim/out/host/grindsim --seed 200288 --scenario sim/mc/scenarios/sweep_gain.json --params sim/mc/out/full/params/sweep_gain/200288.json
sweep_gain,sweep_gain,200289,MAX_PULSES,MAX_PULSES,,0.1061,,sim/out/host/grindsim --seed 200289 --scenario sim/mc/scenarios/sweep_gain.json --params sim/mc/out/full/params/sweep_gain/200289.json
sweep_gain,sweep_gain,200290,MAX_PULSES,MAX_PULSES,,0.5276,,sim/out/host/grindsim --seed 200290 --scenario sim/mc/scenarios/sweep_gain.json --params sim/mc/out/full/params/sweep_gain/200290.json
sweep_gain,sweep_gain,200291,MAX_PULSES,MAX_PULSES,,-0.5189,,sim/out/host/grindsim --seed 200291 --scenario sim/mc/scenarios/sweep_gain.json --params sim/mc/out/full/params/sweep_gain/200291.json
sweep_gain,sweep_gain,200292,OVERSHOOT,OVERSHOOT,,0.1595,,sim/out/host/grindsim --seed 200292 --scenario sim/mc/scenarios/sweep_gain.json --params sim/mc/out/full/params/sweep_gain/200292.json
sweep_gain,sweep_gain,200293,OVERSHOOT,OVERSHOOT,,0.0274,,sim/out/host/grindsim --seed 200293 --scenario sim/mc/scenarios/sweep_gain.json --params sim/mc/out/full/params/sweep_gain/200293.json
sweep_gain,sweep_gain,200294,SUCCESS (true err < -0.03),SUCCESS,,-0.7830,,sim/out/host/grindsim --seed 200294 --scenario sim/mc/scenarios/sweep_gain.json --params sim/mc/out/full/params/sweep_gain/200294.json
sweep_gain,sweep_gain,200295,SUCCESS (true err > +0.03),SUCCESS,,0.1859,,sim/out/host/grindsim --seed 200295 --scenario sim/mc/scenarios/sweep_gain.json --params sim/mc/out/full/params/sweep_gain/200295.json
sweep_gain,sweep_gain,200296,ERROR 'No beans?',ERROR,No beans?,-0.4481,,sim/out/host/grindsim --seed 200296 --scenario sim/mc/scenarios/sweep_gain.json --params sim/mc/out/full/params/sweep_gain/200296.json
sweep_gain,sweep_gain,200297,MAX_PULSES,MAX_PULSES,,-0.3432,,sim/out/host/grindsim --seed 200297 --scenario sim/mc/scenarios/sweep_gain.json --params sim/mc/out/full/params/sweep_gain/200297.json
sweep_gain,sweep_gain,200298,MAX_PULSES,MAX_PULSES,,0.7664,,sim/out/host/grindsim --seed 200298 --scenario sim/mc/scenarios/sweep_gain.json --params sim/mc/out/full/params/sweep_gain/200298.json
sweep_gain,sweep_gain,200299,MAX_PULSES,MAX_PULSES,,0.5658,,sim/out/host/grindsim --seed 200299 --scenario sim/mc/scenarios/sweep_gain.json --params sim/mc/out/full/params/sweep_gain/200299.json
purge_keep,purge_keep,300000,OVERSHOOT,OVERSHOOT,,0.1715,,sim/out/host/grindsim --seed 300000 --scenario sim/mc/scenarios/purge_keep.json
purge_keep,purge_keep,300001,OVERSHOOT,OVERSHOOT,,0.0761,,sim/out/host/grindsim --seed 300001 --scenario sim/mc/scenarios/purge_keep.json
purge_keep,purge_keep,300002,OVERSHOOT,OVERSHOOT,,0.0341,,sim/out/host/grindsim --seed 300002 --scenario sim/mc/scenarios/purge_keep.json
purge_keep,purge_keep,300003,OVERSHOOT,OVERSHOOT,,0.0271,,sim/out/host/grindsim --seed 300003 --scenario sim/mc/scenarios/purge_keep.json
purge_keep,purge_keep,300004,OVERSHOOT,OVERSHOOT,,0.0516,,sim/out/host/grindsim --seed 300004 --scenario sim/mc/scenarios/purge_keep.json
purge_keep,purge_keep,300005,OVERSHOOT,OVERSHOOT,,0.0332,,sim/out/host/grindsim --seed 300005 --scenario sim/mc/scenarios/purge_keep.json
purge_keep,purge_keep,300006,OVERSHOOT,OVERSHOOT,,0.0336,,sim/out/host/grindsim --seed 300006 --scenario sim/mc/scenarios/purge_keep.json
purge_keep,purge_keep,300008,OVERSHOOT,OVERSHOOT,,0.0732,,sim/out/host/grindsim --seed 300008 --scenario sim/mc/scenarios/purge_keep.json
purge_keep,purge_keep,300009,OVERSHOOT,OVERSHOOT,,0.1316,,sim/out/host/grindsim --seed 300009 --scenario sim/mc/scenarios/purge_keep.json
purge_keep,purge_keep,300010,OVERSHOOT,OVERSHOOT,,0.0992,,sim/out/host/grindsim --seed 300010 --scenario sim/mc/scenarios/purge_keep.json
purge_keep,purge_keep,300013,OVERSHOOT,OVERSHOOT,,0.0800,,sim/out/host/grindsim --seed 300013 --scenario sim/mc/scenarios/purge_keep.json
purge_keep,purge_keep,300014,OVERSHOOT,OVERSHOOT,,0.1368,,sim/out/host/grindsim --seed 300014 --scenario sim/mc/scenarios/purge_keep.json
purge_keep,purge_keep,300016,OVERSHOOT,OVERSHOOT,,0.0353,,sim/out/host/grindsim --seed 300016 --scenario sim/mc/scenarios/purge_keep.json
purge_keep,purge_keep,300017,OVERSHOOT,OVERSHOOT,,0.0539,,sim/out/host/grindsim --seed 300017 --scenario sim/mc/scenarios/purge_keep.json
purge_keep,purge_keep,300018,OVERSHOOT,OVERSHOOT,,0.0353,,sim/out/host/grindsim --seed 300018 --scenario sim/mc/scenarios/purge_keep.json
purge_keep,purge_keep,300019,OVERSHOOT,OVERSHOOT,,0.0351,,sim/out/host/grindsim --seed 300019 --scenario sim/mc/scenarios/purge_keep.json
purge_keep,purge_keep,300020,OVERSHOOT,OVERSHOOT,,0.0368,,sim/out/host/grindsim --seed 300020 --scenario sim/mc/scenarios/purge_keep.json
purge_keep,purge_keep,300021,OVERSHOOT,OVERSHOOT,,0.0631,,sim/out/host/grindsim --seed 300021 --scenario sim/mc/scenarios/purge_keep.json
purge_keep,purge_keep,300022,OVERSHOOT,OVERSHOOT,,0.0211,,sim/out/host/grindsim --seed 300022 --scenario sim/mc/scenarios/purge_keep.json
purge_keep,purge_keep,300023,OVERSHOOT,OVERSHOOT,,0.0229,,sim/out/host/grindsim --seed 300023 --scenario sim/mc/scenarios/purge_keep.json
purge_keep,purge_keep,300025,OVERSHOOT,OVERSHOOT,,0.0390,,sim/out/host/grindsim --seed 300025 --scenario sim/mc/scenarios/purge_keep.json
purge_keep,purge_keep,300026,OVERSHOOT,OVERSHOOT,,0.0532,,sim/out/host/grindsim --seed 300026 --scenario sim/mc/scenarios/purge_keep.json
purge_keep,purge_keep,300027,OVERSHOOT,OVERSHOOT,,0.0597,,sim/out/host/grindsim --seed 300027 --scenario sim/mc/scenarios/purge_keep.json
purge_keep,purge_keep,300028,OVERSHOOT,OVERSHOOT,,0.0417,,sim/out/host/grindsim --seed 300028 --scenario sim/mc/scenarios/purge_keep.json
purge_keep,purge_keep,300029,OVERSHOOT,OVERSHOOT,,0.0153,,sim/out/host/grindsim --seed 300029 --scenario sim/mc/scenarios/purge_keep.json
purge_keep,purge_keep,300030,OVERSHOOT,OVERSHOOT,,0.0237,,sim/out/host/grindsim --seed 300030 --scenario sim/mc/scenarios/purge_keep.json
purge_keep,purge_keep,300031,OVERSHOOT,OVERSHOOT,,0.1585,,sim/out/host/grindsim --seed 300031 --scenario sim/mc/scenarios/purge_keep.json
purge_keep,purge_keep,300033,OVERSHOOT,OVERSHOOT,,0.0239,,sim/out/host/grindsim --seed 300033 --scenario sim/mc/scenarios/purge_keep.json
purge_keep,purge_keep,300035,OVERSHOOT,OVERSHOOT,,0.0290,,sim/out/host/grindsim --seed 300035 --scenario sim/mc/scenarios/purge_keep.json
purge_keep,purge_keep,300036,OVERSHOOT,OVERSHOOT,,0.0274,,sim/out/host/grindsim --seed 300036 --scenario sim/mc/scenarios/purge_keep.json
purge_keep,purge_keep,300038,OVERSHOOT,OVERSHOOT,,0.0768,,sim/out/host/grindsim --seed 300038 --scenario sim/mc/scenarios/purge_keep.json
purge_keep,purge_keep,300040,OVERSHOOT,OVERSHOOT,,0.0443,,sim/out/host/grindsim --seed 300040 --scenario sim/mc/scenarios/purge_keep.json
purge_keep,purge_keep,300041,OVERSHOOT,OVERSHOOT,,0.0252,,sim/out/host/grindsim --seed 300041 --scenario sim/mc/scenarios/purge_keep.json
purge_keep,purge_keep,300042,OVERSHOOT,OVERSHOOT,,0.0421,,sim/out/host/grindsim --seed 300042 --scenario sim/mc/scenarios/purge_keep.json
purge_keep,purge_keep,300043,OVERSHOOT,OVERSHOOT,,0.0430,,sim/out/host/grindsim --seed 300043 --scenario sim/mc/scenarios/purge_keep.json
purge_keep,purge_keep,300044,OVERSHOOT,OVERSHOOT,,0.0775,,sim/out/host/grindsim --seed 300044 --scenario sim/mc/scenarios/purge_keep.json
purge_keep,purge_keep,300046,OVERSHOOT,OVERSHOOT,,0.0791,,sim/out/host/grindsim --seed 300046 --scenario sim/mc/scenarios/purge_keep.json
purge_keep,purge_keep,300048,OVERSHOOT,OVERSHOOT,,0.0590,,sim/out/host/grindsim --seed 300048 --scenario sim/mc/scenarios/purge_keep.json
purge_keep,purge_keep,300049,OVERSHOOT,OVERSHOOT,,0.0450,,sim/out/host/grindsim --seed 300049 --scenario sim/mc/scenarios/purge_keep.json
purge_keep,purge_keep,300050,OVERSHOOT,OVERSHOOT,,0.0271,,sim/out/host/grindsim --seed 300050 --scenario sim/mc/scenarios/purge_keep.json
purge_keep,purge_keep,300053,OVERSHOOT,OVERSHOOT,,0.0523,,sim/out/host/grindsim --seed 300053 --scenario sim/mc/scenarios/purge_keep.json
purge_keep,purge_keep,300056,OVERSHOOT,OVERSHOOT,,0.0593,,sim/out/host/grindsim --seed 300056 --scenario sim/mc/scenarios/purge_keep.json
purge_keep,purge_keep,300057,OVERSHOOT,OVERSHOOT,,0.0154,,sim/out/host/grindsim --seed 300057 --scenario sim/mc/scenarios/purge_keep.json
purge_keep,purge_keep,300058,OVERSHOOT,OVERSHOOT,,0.0374,,sim/out/host/grindsim --seed 300058 --scenario sim/mc/scenarios/purge_keep.json
purge_keep,purge_keep,300059,OVERSHOOT,OVERSHOOT,,0.0634,,sim/out/host/grindsim --seed 300059 --scenario sim/mc/scenarios/purge_keep.json
purge_keep,purge_keep,300060,OVERSHOOT,OVERSHOOT,,0.0783,,sim/out/host/grindsim --seed 300060 --scenario sim/mc/scenarios/purge_keep.json
purge_keep,purge_keep,300061,OVERSHOOT,OVERSHOOT,,0.0403,,sim/out/host/grindsim --seed 300061 --scenario sim/mc/scenarios/purge_keep.json
purge_keep,purge_keep,300062,OVERSHOOT,OVERSHOOT,,0.0340,,sim/out/host/grindsim --seed 300062 --scenario sim/mc/scenarios/purge_keep.json
purge_keep,purge_keep,300063,OVERSHOOT,OVERSHOOT,,0.0720,,sim/out/host/grindsim --seed 300063 --scenario sim/mc/scenarios/purge_keep.json
purge_keep,purge_keep,300065,OVERSHOOT,OVERSHOOT,,0.0267,,sim/out/host/grindsim --seed 300065 --scenario sim/mc/scenarios/purge_keep.json
purge_keep,purge_keep,300066,OVERSHOOT,OVERSHOOT,,0.1566,,sim/out/host/grindsim --seed 300066 --scenario sim/mc/scenarios/purge_keep.json
purge_keep,purge_keep,300068,OVERSHOOT,OVERSHOOT,,0.0819,,sim/out/host/grindsim --seed 300068 --scenario sim/mc/scenarios/purge_keep.json
purge_keep,purge_keep,300069,OVERSHOOT,OVERSHOOT,,0.0159,,sim/out/host/grindsim --seed 300069 --scenario sim/mc/scenarios/purge_keep.json
purge_keep,purge_keep,300070,SUCCESS (true err < -0.03),SUCCESS,,-0.0330,,sim/out/host/grindsim --seed 300070 --scenario sim/mc/scenarios/purge_keep.json
purge_keep,purge_keep,300073,OVERSHOOT,OVERSHOOT,,0.0495,,sim/out/host/grindsim --seed 300073 --scenario sim/mc/scenarios/purge_keep.json
purge_keep,purge_keep,300074,OVERSHOOT,OVERSHOOT,,0.0282,,sim/out/host/grindsim --seed 300074 --scenario sim/mc/scenarios/purge_keep.json
purge_keep,purge_keep,300077,OVERSHOOT,OVERSHOOT,,0.0374,,sim/out/host/grindsim --seed 300077 --scenario sim/mc/scenarios/purge_keep.json
purge_keep,purge_keep,300078,OVERSHOOT,OVERSHOOT,,0.0425,,sim/out/host/grindsim --seed 300078 --scenario sim/mc/scenarios/purge_keep.json
purge_keep,purge_keep,300079,OVERSHOOT,OVERSHOOT,,0.0570,,sim/out/host/grindsim --seed 300079 --scenario sim/mc/scenarios/purge_keep.json
purge_keep,purge_keep,300083,SUCCESS (true err < -0.03),SUCCESS,,-0.0341,,sim/out/host/grindsim --seed 300083 --scenario sim/mc/scenarios/purge_keep.json
purge_keep,purge_keep,300084,OVERSHOOT,OVERSHOOT,,0.0704,,sim/out/host/grindsim --seed 300084 --scenario sim/mc/scenarios/purge_keep.json
purge_keep,purge_keep,300085,OVERSHOOT,OVERSHOOT,,0.0337,,sim/out/host/grindsim --seed 300085 --scenario sim/mc/scenarios/purge_keep.json
purge_keep,purge_keep,300086,OVERSHOOT,OVERSHOOT,,0.0542,,sim/out/host/grindsim --seed 300086 --scenario sim/mc/scenarios/purge_keep.json
purge_keep,purge_keep,300087,OVERSHOOT,OVERSHOOT,,0.0300,,sim/out/host/grindsim --seed 300087 --scenario sim/mc/scenarios/purge_keep.json
purge_keep,purge_keep,300088,OVERSHOOT,OVERSHOOT,,0.0263,,sim/out/host/grindsim --seed 300088 --scenario sim/mc/scenarios/purge_keep.json
purge_keep,purge_keep,300089,OVERSHOOT,OVERSHOOT,,0.0960,,sim/out/host/grindsim --seed 300089 --scenario sim/mc/scenarios/purge_keep.json
purge_keep,purge_keep,300090,OVERSHOOT,OVERSHOOT,,0.0329,,sim/out/host/grindsim --seed 300090 --scenario sim/mc/scenarios/purge_keep.json
purge_keep,purge_keep,300091,OVERSHOOT,OVERSHOOT,,0.0764,,sim/out/host/grindsim --seed 300091 --scenario sim/mc/scenarios/purge_keep.json
purge_keep,purge_keep,300092,OVERSHOOT,OVERSHOOT,,0.0624,,sim/out/host/grindsim --seed 300092 --scenario sim/mc/scenarios/purge_keep.json
purge_keep,purge_keep,300093,OVERSHOOT,OVERSHOOT,,0.0719,,sim/out/host/grindsim --seed 300093 --scenario sim/mc/scenarios/purge_keep.json
purge_keep,purge_keep,300094,OVERSHOOT,OVERSHOOT,,0.0731,,sim/out/host/grindsim --seed 300094 --scenario sim/mc/scenarios/purge_keep.json
purge_keep,purge_keep,300095,OVERSHOOT,OVERSHOOT,,0.0980,,sim/out/host/grindsim --seed 300095 --scenario sim/mc/scenarios/purge_keep.json
purge_keep,purge_keep,300096,OVERSHOOT,OVERSHOOT,,0.0958,,sim/out/host/grindsim --seed 300096 --scenario sim/mc/scenarios/purge_keep.json
purge_keep,purge_keep,300098,OVERSHOOT,OVERSHOOT,,0.0766,,sim/out/host/grindsim --seed 300098 --scenario sim/mc/scenarios/purge_keep.json
purge_keep,purge_keep,300099,OVERSHOOT,OVERSHOOT,,0.1279,,sim/out/host/grindsim --seed 300099 --scenario sim/mc/scenarios/purge_keep.json
purge_keep,purge_keep,300100,OVERSHOOT,OVERSHOOT,,0.0899,,sim/out/host/grindsim --seed 300100 --scenario sim/mc/scenarios/purge_keep.json
purge_keep,purge_keep,300101,OVERSHOOT,OVERSHOOT,,0.0448,,sim/out/host/grindsim --seed 300101 --scenario sim/mc/scenarios/purge_keep.json
purge_keep,purge_keep,300103,OVERSHOOT,OVERSHOOT,,0.0659,,sim/out/host/grindsim --seed 300103 --scenario sim/mc/scenarios/purge_keep.json
purge_keep,purge_keep,300104,OVERSHOOT,OVERSHOOT,,0.0898,,sim/out/host/grindsim --seed 300104 --scenario sim/mc/scenarios/purge_keep.json
purge_keep,purge_keep,300105,OVERSHOOT,OVERSHOOT,,0.1165,,sim/out/host/grindsim --seed 300105 --scenario sim/mc/scenarios/purge_keep.json
purge_keep,purge_keep,300106,OVERSHOOT,OVERSHOOT,,0.0377,,sim/out/host/grindsim --seed 300106 --scenario sim/mc/scenarios/purge_keep.json
purge_keep,purge_keep,300107,OVERSHOOT,OVERSHOOT,,0.0465,,sim/out/host/grindsim --seed 300107 --scenario sim/mc/scenarios/purge_keep.json
purge_keep,purge_keep,300109,OVERSHOOT,OVERSHOOT,,0.0801,,sim/out/host/grindsim --seed 300109 --scenario sim/mc/scenarios/purge_keep.json
purge_keep,purge_keep,300114,OVERSHOOT,OVERSHOOT,,0.0791,,sim/out/host/grindsim --seed 300114 --scenario sim/mc/scenarios/purge_keep.json
purge_keep,purge_keep,300116,OVERSHOOT,OVERSHOOT,,0.0432,,sim/out/host/grindsim --seed 300116 --scenario sim/mc/scenarios/purge_keep.json
purge_keep,purge_keep,300118,OVERSHOOT,OVERSHOOT,,0.1110,,sim/out/host/grindsim --seed 300118 --scenario sim/mc/scenarios/purge_keep.json
purge_keep,purge_keep,300119,OVERSHOOT,OVERSHOOT,,0.0527,,sim/out/host/grindsim --seed 300119 --scenario sim/mc/scenarios/purge_keep.json
purge_keep,purge_keep,300120,OVERSHOOT,OVERSHOOT,,0.1290,,sim/out/host/grindsim --seed 300120 --scenario sim/mc/scenarios/purge_keep.json
purge_keep,purge_keep,300123,OVERSHOOT,OVERSHOOT,,0.0426,,sim/out/host/grindsim --seed 300123 --scenario sim/mc/scenarios/purge_keep.json
purge_keep,purge_keep,300124,OVERSHOOT,OVERSHOOT,,0.0310,,sim/out/host/grindsim --seed 300124 --scenario sim/mc/scenarios/purge_keep.json
purge_keep,purge_keep,300125,OVERSHOOT,OVERSHOOT,,0.0500,,sim/out/host/grindsim --seed 300125 --scenario sim/mc/scenarios/purge_keep.json
purge_keep,purge_keep,300126,OVERSHOOT,OVERSHOOT,,0.0347,,sim/out/host/grindsim --seed 300126 --scenario sim/mc/scenarios/purge_keep.json
purge_keep,purge_keep,300127,OVERSHOOT,OVERSHOOT,,0.0765,,sim/out/host/grindsim --seed 300127 --scenario sim/mc/scenarios/purge_keep.json
purge_keep,purge_keep,300128,OVERSHOOT,OVERSHOOT,,0.0982,,sim/out/host/grindsim --seed 300128 --scenario sim/mc/scenarios/purge_keep.json
purge_keep,purge_keep,300129,OVERSHOOT,OVERSHOOT,,0.1309,,sim/out/host/grindsim --seed 300129 --scenario sim/mc/scenarios/purge_keep.json
purge_keep,purge_keep,300130,OVERSHOOT,OVERSHOOT,,0.0398,,sim/out/host/grindsim --seed 300130 --scenario sim/mc/scenarios/purge_keep.json
purge_keep,purge_keep,300131,OVERSHOOT,OVERSHOOT,,0.0424,,sim/out/host/grindsim --seed 300131 --scenario sim/mc/scenarios/purge_keep.json
purge_keep,purge_keep,300132,OVERSHOOT,OVERSHOOT,,0.0356,,sim/out/host/grindsim --seed 300132 --scenario sim/mc/scenarios/purge_keep.json
purge_keep,purge_keep,300134,OVERSHOOT,OVERSHOOT,,0.1394,,sim/out/host/grindsim --seed 300134 --scenario sim/mc/scenarios/purge_keep.json
purge_keep,purge_keep,300136,OVERSHOOT,OVERSHOOT,,0.0413,,sim/out/host/grindsim --seed 300136 --scenario sim/mc/scenarios/purge_keep.json
purge_keep,purge_keep,300137,OVERSHOOT,OVERSHOOT,,0.0259,,sim/out/host/grindsim --seed 300137 --scenario sim/mc/scenarios/purge_keep.json
purge_keep,purge_keep,300138,OVERSHOOT,OVERSHOOT,,0.0188,,sim/out/host/grindsim --seed 300138 --scenario sim/mc/scenarios/purge_keep.json
purge_keep,purge_keep,300140,OVERSHOOT,OVERSHOOT,,0.0726,,sim/out/host/grindsim --seed 300140 --scenario sim/mc/scenarios/purge_keep.json
purge_keep,purge_keep,300141,OVERSHOOT,OVERSHOOT,,0.1235,,sim/out/host/grindsim --seed 300141 --scenario sim/mc/scenarios/purge_keep.json
purge_keep,purge_keep,300142,OVERSHOOT,OVERSHOOT,,0.0551,,sim/out/host/grindsim --seed 300142 --scenario sim/mc/scenarios/purge_keep.json
purge_keep,purge_keep,300143,OVERSHOOT,OVERSHOOT,,0.0465,,sim/out/host/grindsim --seed 300143 --scenario sim/mc/scenarios/purge_keep.json
purge_keep,purge_keep,300144,OVERSHOOT,OVERSHOOT,,0.0759,,sim/out/host/grindsim --seed 300144 --scenario sim/mc/scenarios/purge_keep.json
purge_keep,purge_keep,300145,OVERSHOOT,OVERSHOOT,,0.0231,,sim/out/host/grindsim --seed 300145 --scenario sim/mc/scenarios/purge_keep.json
purge_keep,purge_keep,300147,OVERSHOOT,OVERSHOOT,,0.0579,,sim/out/host/grindsim --seed 300147 --scenario sim/mc/scenarios/purge_keep.json
purge_keep,purge_keep,300148,OVERSHOOT,OVERSHOOT,,0.0996,,sim/out/host/grindsim --seed 300148 --scenario sim/mc/scenarios/purge_keep.json
purge_keep,purge_keep,300153,OVERSHOOT,OVERSHOOT,,0.0294,,sim/out/host/grindsim --seed 300153 --scenario sim/mc/scenarios/purge_keep.json
purge_keep,purge_keep,300154,OVERSHOOT,OVERSHOOT,,0.0716,,sim/out/host/grindsim --seed 300154 --scenario sim/mc/scenarios/purge_keep.json
purge_keep,purge_keep,300155,OVERSHOOT,OVERSHOOT,,0.0455,,sim/out/host/grindsim --seed 300155 --scenario sim/mc/scenarios/purge_keep.json
purge_keep,purge_keep,300156,OVERSHOOT,OVERSHOOT,,0.0384,,sim/out/host/grindsim --seed 300156 --scenario sim/mc/scenarios/purge_keep.json
purge_keep,purge_keep,300157,OVERSHOOT,OVERSHOOT,,0.0649,,sim/out/host/grindsim --seed 300157 --scenario sim/mc/scenarios/purge_keep.json
purge_keep,purge_keep,300160,OVERSHOOT,OVERSHOOT,,0.1056,,sim/out/host/grindsim --seed 300160 --scenario sim/mc/scenarios/purge_keep.json
purge_keep,purge_keep,300161,OVERSHOOT,OVERSHOOT,,0.0229,,sim/out/host/grindsim --seed 300161 --scenario sim/mc/scenarios/purge_keep.json
purge_keep,purge_keep,300163,OVERSHOOT,OVERSHOOT,,0.0575,,sim/out/host/grindsim --seed 300163 --scenario sim/mc/scenarios/purge_keep.json
purge_keep,purge_keep,300164,OVERSHOOT,OVERSHOOT,,0.0277,,sim/out/host/grindsim --seed 300164 --scenario sim/mc/scenarios/purge_keep.json
purge_keep,purge_keep,300166,OVERSHOOT,OVERSHOOT,,0.1121,,sim/out/host/grindsim --seed 300166 --scenario sim/mc/scenarios/purge_keep.json
purge_keep,purge_keep,300167,OVERSHOOT,OVERSHOOT,,0.0429,,sim/out/host/grindsim --seed 300167 --scenario sim/mc/scenarios/purge_keep.json
purge_keep,purge_keep,300168,OVERSHOOT,OVERSHOOT,,0.0810,,sim/out/host/grindsim --seed 300168 --scenario sim/mc/scenarios/purge_keep.json
purge_keep,purge_keep,300169,OVERSHOOT,OVERSHOOT,,0.0886,,sim/out/host/grindsim --seed 300169 --scenario sim/mc/scenarios/purge_keep.json
purge_keep,purge_keep,300170,OVERSHOOT,OVERSHOOT,,0.1945,,sim/out/host/grindsim --seed 300170 --scenario sim/mc/scenarios/purge_keep.json
purge_keep,purge_keep,300171,OVERSHOOT,OVERSHOOT,,0.0463,,sim/out/host/grindsim --seed 300171 --scenario sim/mc/scenarios/purge_keep.json
purge_keep,purge_keep,300172,OVERSHOOT,OVERSHOOT,,0.0842,,sim/out/host/grindsim --seed 300172 --scenario sim/mc/scenarios/purge_keep.json
purge_keep,purge_keep,300173,SUCCESS (true err < -0.03),SUCCESS,,-0.0306,,sim/out/host/grindsim --seed 300173 --scenario sim/mc/scenarios/purge_keep.json
purge_keep,purge_keep,300174,OVERSHOOT,OVERSHOOT,,0.0769,,sim/out/host/grindsim --seed 300174 --scenario sim/mc/scenarios/purge_keep.json
purge_keep,purge_keep,300175,OVERSHOOT,OVERSHOOT,,0.0308,,sim/out/host/grindsim --seed 300175 --scenario sim/mc/scenarios/purge_keep.json
purge_keep,purge_keep,300177,OVERSHOOT,OVERSHOOT,,0.0243,,sim/out/host/grindsim --seed 300177 --scenario sim/mc/scenarios/purge_keep.json
purge_keep,purge_keep,300178,OVERSHOOT,OVERSHOOT,,0.1509,,sim/out/host/grindsim --seed 300178 --scenario sim/mc/scenarios/purge_keep.json
purge_keep,purge_keep,300179,OVERSHOOT,OVERSHOOT,,0.0564,,sim/out/host/grindsim --seed 300179 --scenario sim/mc/scenarios/purge_keep.json
purge_keep,purge_keep,300180,OVERSHOOT,OVERSHOOT,,0.0245,,sim/out/host/grindsim --seed 300180 --scenario sim/mc/scenarios/purge_keep.json
purge_keep,purge_keep,300181,OVERSHOOT,OVERSHOOT,,0.0253,,sim/out/host/grindsim --seed 300181 --scenario sim/mc/scenarios/purge_keep.json
purge_keep,purge_keep,300183,OVERSHOOT,OVERSHOOT,,0.2005,,sim/out/host/grindsim --seed 300183 --scenario sim/mc/scenarios/purge_keep.json
purge_keep,purge_keep,300184,OVERSHOOT,OVERSHOOT,,0.0717,,sim/out/host/grindsim --seed 300184 --scenario sim/mc/scenarios/purge_keep.json
purge_keep,purge_keep,300185,OVERSHOOT,OVERSHOOT,,0.0899,,sim/out/host/grindsim --seed 300185 --scenario sim/mc/scenarios/purge_keep.json
purge_keep,purge_keep,300186,OVERSHOOT,OVERSHOOT,,0.0385,,sim/out/host/grindsim --seed 300186 --scenario sim/mc/scenarios/purge_keep.json
purge_keep,purge_keep,300187,OVERSHOOT,OVERSHOOT,,0.0310,,sim/out/host/grindsim --seed 300187 --scenario sim/mc/scenarios/purge_keep.json
purge_keep,purge_keep,300188,OVERSHOOT,OVERSHOOT,,0.0204,,sim/out/host/grindsim --seed 300188 --scenario sim/mc/scenarios/purge_keep.json
purge_keep,purge_keep,300191,OVERSHOOT,OVERSHOOT,,0.0231,,sim/out/host/grindsim --seed 300191 --scenario sim/mc/scenarios/purge_keep.json
purge_keep,purge_keep,300193,OVERSHOOT,OVERSHOOT,,0.0337,,sim/out/host/grindsim --seed 300193 --scenario sim/mc/scenarios/purge_keep.json
purge_keep,purge_keep,300195,OVERSHOOT,OVERSHOOT,,0.0439,,sim/out/host/grindsim --seed 300195 --scenario sim/mc/scenarios/purge_keep.json
purge_keep,purge_keep,300196,OVERSHOOT,OVERSHOOT,,0.0533,,sim/out/host/grindsim --seed 300196 --scenario sim/mc/scenarios/purge_keep.json
purge_keep,purge_keep,300197,OVERSHOOT,OVERSHOOT,,0.0865,,sim/out/host/grindsim --seed 300197 --scenario sim/mc/scenarios/purge_keep.json
purge_keep,purge_keep,300199,OVERSHOOT,OVERSHOOT,,0.0371,,sim/out/host/grindsim --seed 300199 --scenario sim/mc/scenarios/purge_keep.json
purge_keep,purge_keep,300200,OVERSHOOT,OVERSHOOT,,0.0405,,sim/out/host/grindsim --seed 300200 --scenario sim/mc/scenarios/purge_keep.json
purge_keep,purge_keep,300204,OVERSHOOT,OVERSHOOT,,0.1002,,sim/out/host/grindsim --seed 300204 --scenario sim/mc/scenarios/purge_keep.json
purge_keep,purge_keep,300205,OVERSHOOT,OVERSHOOT,,0.0860,,sim/out/host/grindsim --seed 300205 --scenario sim/mc/scenarios/purge_keep.json
purge_keep,purge_keep,300206,OVERSHOOT,OVERSHOOT,,0.0544,,sim/out/host/grindsim --seed 300206 --scenario sim/mc/scenarios/purge_keep.json
purge_keep,purge_keep,300207,SUCCESS (true err < -0.03),SUCCESS,,-0.0355,,sim/out/host/grindsim --seed 300207 --scenario sim/mc/scenarios/purge_keep.json
purge_keep,purge_keep,300208,OVERSHOOT,OVERSHOOT,,0.0270,,sim/out/host/grindsim --seed 300208 --scenario sim/mc/scenarios/purge_keep.json
purge_keep,purge_keep,300209,OVERSHOOT,OVERSHOOT,,0.0417,,sim/out/host/grindsim --seed 300209 --scenario sim/mc/scenarios/purge_keep.json
purge_keep,purge_keep,300210,OVERSHOOT,OVERSHOOT,,0.1177,,sim/out/host/grindsim --seed 300210 --scenario sim/mc/scenarios/purge_keep.json
purge_keep,purge_keep,300211,OVERSHOOT,OVERSHOOT,,0.0436,,sim/out/host/grindsim --seed 300211 --scenario sim/mc/scenarios/purge_keep.json
purge_keep,purge_keep,300213,OVERSHOOT,OVERSHOOT,,0.0527,,sim/out/host/grindsim --seed 300213 --scenario sim/mc/scenarios/purge_keep.json
purge_keep,purge_keep,300217,OVERSHOOT,OVERSHOOT,,0.0410,,sim/out/host/grindsim --seed 300217 --scenario sim/mc/scenarios/purge_keep.json
purge_keep,purge_keep,300218,OVERSHOOT,OVERSHOOT,,0.0633,,sim/out/host/grindsim --seed 300218 --scenario sim/mc/scenarios/purge_keep.json
purge_keep,purge_keep,300219,OVERSHOOT,OVERSHOOT,,0.0813,,sim/out/host/grindsim --seed 300219 --scenario sim/mc/scenarios/purge_keep.json
purge_keep,purge_keep,300220,OVERSHOOT,OVERSHOOT,,0.0179,,sim/out/host/grindsim --seed 300220 --scenario sim/mc/scenarios/purge_keep.json
purge_keep,purge_keep,300222,OVERSHOOT,OVERSHOOT,,0.0670,,sim/out/host/grindsim --seed 300222 --scenario sim/mc/scenarios/purge_keep.json
purge_keep,purge_keep,300225,OVERSHOOT,OVERSHOOT,,0.1240,,sim/out/host/grindsim --seed 300225 --scenario sim/mc/scenarios/purge_keep.json
purge_keep,purge_keep,300226,OVERSHOOT,OVERSHOOT,,0.0614,,sim/out/host/grindsim --seed 300226 --scenario sim/mc/scenarios/purge_keep.json
purge_keep,purge_keep,300228,OVERSHOOT,OVERSHOOT,,0.0478,,sim/out/host/grindsim --seed 300228 --scenario sim/mc/scenarios/purge_keep.json
purge_keep,purge_keep,300230,OVERSHOOT,OVERSHOOT,,0.0701,,sim/out/host/grindsim --seed 300230 --scenario sim/mc/scenarios/purge_keep.json
purge_keep,purge_keep,300231,OVERSHOOT,OVERSHOOT,,0.0476,,sim/out/host/grindsim --seed 300231 --scenario sim/mc/scenarios/purge_keep.json
purge_keep,purge_keep,300233,OVERSHOOT,OVERSHOOT,,0.0241,,sim/out/host/grindsim --seed 300233 --scenario sim/mc/scenarios/purge_keep.json
purge_keep,purge_keep,300234,OVERSHOOT,OVERSHOOT,,0.0634,,sim/out/host/grindsim --seed 300234 --scenario sim/mc/scenarios/purge_keep.json
purge_keep,purge_keep,300235,OVERSHOOT,OVERSHOOT,,0.0448,,sim/out/host/grindsim --seed 300235 --scenario sim/mc/scenarios/purge_keep.json
purge_keep,purge_keep,300236,OVERSHOOT,OVERSHOOT,,0.0682,,sim/out/host/grindsim --seed 300236 --scenario sim/mc/scenarios/purge_keep.json
purge_keep,purge_keep,300237,OVERSHOOT,OVERSHOOT,,0.1181,,sim/out/host/grindsim --seed 300237 --scenario sim/mc/scenarios/purge_keep.json
purge_keep,purge_keep,300238,OVERSHOOT,OVERSHOOT,,0.0382,,sim/out/host/grindsim --seed 300238 --scenario sim/mc/scenarios/purge_keep.json
purge_keep,purge_keep,300240,OVERSHOOT,OVERSHOOT,,0.0734,,sim/out/host/grindsim --seed 300240 --scenario sim/mc/scenarios/purge_keep.json
purge_keep,purge_keep,300241,OVERSHOOT,OVERSHOOT,,0.0363,,sim/out/host/grindsim --seed 300241 --scenario sim/mc/scenarios/purge_keep.json
purge_keep,purge_keep,300242,OVERSHOOT,OVERSHOOT,,0.0333,,sim/out/host/grindsim --seed 300242 --scenario sim/mc/scenarios/purge_keep.json
purge_keep,purge_keep,300244,OVERSHOOT,OVERSHOOT,,0.0789,,sim/out/host/grindsim --seed 300244 --scenario sim/mc/scenarios/purge_keep.json
purge_keep,purge_keep,300245,OVERSHOOT,OVERSHOOT,,0.1087,,sim/out/host/grindsim --seed 300245 --scenario sim/mc/scenarios/purge_keep.json
purge_keep,purge_keep,300246,OVERSHOOT,OVERSHOOT,,0.0494,,sim/out/host/grindsim --seed 300246 --scenario sim/mc/scenarios/purge_keep.json
purge_keep,purge_keep,300247,OVERSHOOT,OVERSHOOT,,0.0561,,sim/out/host/grindsim --seed 300247 --scenario sim/mc/scenarios/purge_keep.json
purge_keep,purge_keep,300248,OVERSHOOT,OVERSHOOT,,0.0412,,sim/out/host/grindsim --seed 300248 --scenario sim/mc/scenarios/purge_keep.json
purge_keep,purge_keep,300249,OVERSHOOT,OVERSHOOT,,0.1459,,sim/out/host/grindsim --seed 300249 --scenario sim/mc/scenarios/purge_keep.json
purge_keep,purge_keep,300250,OVERSHOOT,OVERSHOOT,,0.0296,,sim/out/host/grindsim --seed 300250 --scenario sim/mc/scenarios/purge_keep.json
purge_keep,purge_keep,300251,OVERSHOOT,OVERSHOOT,,0.0724,,sim/out/host/grindsim --seed 300251 --scenario sim/mc/scenarios/purge_keep.json
purge_keep,purge_keep,300252,OVERSHOOT,OVERSHOOT,,0.0636,,sim/out/host/grindsim --seed 300252 --scenario sim/mc/scenarios/purge_keep.json
purge_keep,purge_keep,300253,OVERSHOOT,OVERSHOOT,,0.0937,,sim/out/host/grindsim --seed 300253 --scenario sim/mc/scenarios/purge_keep.json
purge_keep,purge_keep,300254,OVERSHOOT,OVERSHOOT,,0.0918,,sim/out/host/grindsim --seed 300254 --scenario sim/mc/scenarios/purge_keep.json
purge_keep,purge_keep,300256,OVERSHOOT,OVERSHOOT,,0.0273,,sim/out/host/grindsim --seed 300256 --scenario sim/mc/scenarios/purge_keep.json
purge_keep,purge_keep,300257,OVERSHOOT,OVERSHOOT,,0.2001,,sim/out/host/grindsim --seed 300257 --scenario sim/mc/scenarios/purge_keep.json
purge_keep,purge_keep,300258,OVERSHOOT,OVERSHOOT,,0.0453,,sim/out/host/grindsim --seed 300258 --scenario sim/mc/scenarios/purge_keep.json
purge_keep,purge_keep,300259,OVERSHOOT,OVERSHOOT,,0.0952,,sim/out/host/grindsim --seed 300259 --scenario sim/mc/scenarios/purge_keep.json
purge_keep,purge_keep,300260,OVERSHOOT,OVERSHOOT,,0.0485,,sim/out/host/grindsim --seed 300260 --scenario sim/mc/scenarios/purge_keep.json
purge_keep,purge_keep,300261,OVERSHOOT,OVERSHOOT,,0.0428,,sim/out/host/grindsim --seed 300261 --scenario sim/mc/scenarios/purge_keep.json
purge_keep,purge_keep,300262,OVERSHOOT,OVERSHOOT,,0.0317,,sim/out/host/grindsim --seed 300262 --scenario sim/mc/scenarios/purge_keep.json
purge_keep,purge_keep,300263,OVERSHOOT,OVERSHOOT,,0.0528,,sim/out/host/grindsim --seed 300263 --scenario sim/mc/scenarios/purge_keep.json
purge_keep,purge_keep,300265,OVERSHOOT,OVERSHOOT,,0.0582,,sim/out/host/grindsim --seed 300265 --scenario sim/mc/scenarios/purge_keep.json
purge_keep,purge_keep,300267,OVERSHOOT,OVERSHOOT,,0.1251,,sim/out/host/grindsim --seed 300267 --scenario sim/mc/scenarios/purge_keep.json
purge_keep,purge_keep,300268,OVERSHOOT,OVERSHOOT,,0.0357,,sim/out/host/grindsim --seed 300268 --scenario sim/mc/scenarios/purge_keep.json
purge_keep,purge_keep,300269,OVERSHOOT,OVERSHOOT,,0.0977,,sim/out/host/grindsim --seed 300269 --scenario sim/mc/scenarios/purge_keep.json
purge_keep,purge_keep,300270,OVERSHOOT,OVERSHOOT,,0.0652,,sim/out/host/grindsim --seed 300270 --scenario sim/mc/scenarios/purge_keep.json
purge_keep,purge_keep,300274,OVERSHOOT,OVERSHOOT,,0.0291,,sim/out/host/grindsim --seed 300274 --scenario sim/mc/scenarios/purge_keep.json
purge_keep,purge_keep,300275,OVERSHOOT,OVERSHOOT,,0.0390,,sim/out/host/grindsim --seed 300275 --scenario sim/mc/scenarios/purge_keep.json
purge_keep,purge_keep,300276,OVERSHOOT,OVERSHOOT,,0.0369,,sim/out/host/grindsim --seed 300276 --scenario sim/mc/scenarios/purge_keep.json
purge_keep,purge_keep,300277,OVERSHOOT,OVERSHOOT,,0.0877,,sim/out/host/grindsim --seed 300277 --scenario sim/mc/scenarios/purge_keep.json
purge_keep,purge_keep,300278,OVERSHOOT,OVERSHOOT,,0.0183,,sim/out/host/grindsim --seed 300278 --scenario sim/mc/scenarios/purge_keep.json
purge_keep,purge_keep,300279,OVERSHOOT,OVERSHOOT,,0.0624,,sim/out/host/grindsim --seed 300279 --scenario sim/mc/scenarios/purge_keep.json
purge_keep,purge_keep,300280,OVERSHOOT,OVERSHOOT,,0.0825,,sim/out/host/grindsim --seed 300280 --scenario sim/mc/scenarios/purge_keep.json
purge_keep,purge_keep,300281,OVERSHOOT,OVERSHOOT,,0.0463,,sim/out/host/grindsim --seed 300281 --scenario sim/mc/scenarios/purge_keep.json
purge_keep,purge_keep,300282,OVERSHOOT,OVERSHOOT,,0.0689,,sim/out/host/grindsim --seed 300282 --scenario sim/mc/scenarios/purge_keep.json
purge_keep,purge_keep,300283,OVERSHOOT,OVERSHOOT,,0.1200,,sim/out/host/grindsim --seed 300283 --scenario sim/mc/scenarios/purge_keep.json
purge_keep,purge_keep,300284,OVERSHOOT,OVERSHOOT,,0.0366,,sim/out/host/grindsim --seed 300284 --scenario sim/mc/scenarios/purge_keep.json
purge_keep,purge_keep,300288,OVERSHOOT,OVERSHOOT,,0.0273,,sim/out/host/grindsim --seed 300288 --scenario sim/mc/scenarios/purge_keep.json
purge_keep,purge_keep,300290,OVERSHOOT,OVERSHOOT,,0.0320,,sim/out/host/grindsim --seed 300290 --scenario sim/mc/scenarios/purge_keep.json
purge_keep,purge_keep,300291,OVERSHOOT,OVERSHOOT,,0.1105,,sim/out/host/grindsim --seed 300291 --scenario sim/mc/scenarios/purge_keep.json
purge_keep,purge_keep,300292,OVERSHOOT,OVERSHOOT,,0.0279,,sim/out/host/grindsim --seed 300292 --scenario sim/mc/scenarios/purge_keep.json
purge_keep,purge_keep,300294,OVERSHOOT,OVERSHOOT,,0.0394,,sim/out/host/grindsim --seed 300294 --scenario sim/mc/scenarios/purge_keep.json
purge_keep,purge_keep,300296,OVERSHOOT,OVERSHOOT,,0.0388,,sim/out/host/grindsim --seed 300296 --scenario sim/mc/scenarios/purge_keep.json
purge_keep,purge_keep,300298,OVERSHOOT,OVERSHOOT,,0.0548,,sim/out/host/grindsim --seed 300298 --scenario sim/mc/scenarios/purge_keep.json
purge_keep,purge_keep,300299,OVERSHOOT,OVERSHOOT,,0.1291,,sim/out/host/grindsim --seed 300299 --scenario sim/mc/scenarios/purge_keep.json
prime,prime,400000,OVERSHOOT,OVERSHOOT,,0.0306,,sim/out/host/grindsim --seed 400000 --scenario sim/mc/scenarios/prime.json
prime,prime,400002,OVERSHOOT,OVERSHOOT,,0.0464,,sim/out/host/grindsim --seed 400002 --scenario sim/mc/scenarios/prime.json
prime,prime,400003,OVERSHOOT,OVERSHOOT,,0.0541,,sim/out/host/grindsim --seed 400003 --scenario sim/mc/scenarios/prime.json
prime,prime,400004,OVERSHOOT,OVERSHOOT,,0.0636,,sim/out/host/grindsim --seed 400004 --scenario sim/mc/scenarios/prime.json
prime,prime,400005,OVERSHOOT,OVERSHOOT,,0.0689,,sim/out/host/grindsim --seed 400005 --scenario sim/mc/scenarios/prime.json
prime,prime,400006,OVERSHOOT,OVERSHOOT,,0.0505,,sim/out/host/grindsim --seed 400006 --scenario sim/mc/scenarios/prime.json
prime,prime,400007,OVERSHOOT,OVERSHOOT,,0.0724,,sim/out/host/grindsim --seed 400007 --scenario sim/mc/scenarios/prime.json
prime,prime,400008,OVERSHOOT,OVERSHOOT,,0.1419,,sim/out/host/grindsim --seed 400008 --scenario sim/mc/scenarios/prime.json
prime,prime,400009,OVERSHOOT,OVERSHOOT,,0.0522,,sim/out/host/grindsim --seed 400009 --scenario sim/mc/scenarios/prime.json
prime,prime,400010,OVERSHOOT,OVERSHOOT,,0.0403,,sim/out/host/grindsim --seed 400010 --scenario sim/mc/scenarios/prime.json
prime,prime,400011,OVERSHOOT,OVERSHOOT,,0.0423,,sim/out/host/grindsim --seed 400011 --scenario sim/mc/scenarios/prime.json
prime,prime,400012,OVERSHOOT,OVERSHOOT,,0.0340,,sim/out/host/grindsim --seed 400012 --scenario sim/mc/scenarios/prime.json
prime,prime,400013,OVERSHOOT,OVERSHOOT,,0.0324,,sim/out/host/grindsim --seed 400013 --scenario sim/mc/scenarios/prime.json
prime,prime,400014,OVERSHOOT,OVERSHOOT,,0.0383,,sim/out/host/grindsim --seed 400014 --scenario sim/mc/scenarios/prime.json
prime,prime,400015,OVERSHOOT,OVERSHOOT,,0.0370,,sim/out/host/grindsim --seed 400015 --scenario sim/mc/scenarios/prime.json
prime,prime,400016,OVERSHOOT,OVERSHOOT,,0.0804,,sim/out/host/grindsim --seed 400016 --scenario sim/mc/scenarios/prime.json
prime,prime,400017,OVERSHOOT,OVERSHOOT,,0.1363,,sim/out/host/grindsim --seed 400017 --scenario sim/mc/scenarios/prime.json
prime,prime,400018,OVERSHOOT,OVERSHOOT,,0.0709,,sim/out/host/grindsim --seed 400018 --scenario sim/mc/scenarios/prime.json
prime,prime,400019,OVERSHOOT,OVERSHOOT,,0.0962,,sim/out/host/grindsim --seed 400019 --scenario sim/mc/scenarios/prime.json
prime,prime,400020,OVERSHOOT,OVERSHOOT,,0.1079,,sim/out/host/grindsim --seed 400020 --scenario sim/mc/scenarios/prime.json
prime,prime,400021,OVERSHOOT,OVERSHOOT,,0.0349,,sim/out/host/grindsim --seed 400021 --scenario sim/mc/scenarios/prime.json
prime,prime,400024,OVERSHOOT,OVERSHOOT,,0.0352,,sim/out/host/grindsim --seed 400024 --scenario sim/mc/scenarios/prime.json
prime,prime,400026,OVERSHOOT,OVERSHOOT,,0.0273,,sim/out/host/grindsim --seed 400026 --scenario sim/mc/scenarios/prime.json
prime,prime,400028,OVERSHOOT,OVERSHOOT,,0.0382,,sim/out/host/grindsim --seed 400028 --scenario sim/mc/scenarios/prime.json
prime,prime,400029,OVERSHOOT,OVERSHOOT,,0.0269,,sim/out/host/grindsim --seed 400029 --scenario sim/mc/scenarios/prime.json
prime,prime,400030,OVERSHOOT,OVERSHOOT,,0.0731,,sim/out/host/grindsim --seed 400030 --scenario sim/mc/scenarios/prime.json
prime,prime,400031,OVERSHOOT,OVERSHOOT,,0.0300,,sim/out/host/grindsim --seed 400031 --scenario sim/mc/scenarios/prime.json
prime,prime,400032,OVERSHOOT,OVERSHOOT,,0.0978,,sim/out/host/grindsim --seed 400032 --scenario sim/mc/scenarios/prime.json
prime,prime,400033,OVERSHOOT,OVERSHOOT,,0.0411,,sim/out/host/grindsim --seed 400033 --scenario sim/mc/scenarios/prime.json
prime,prime,400035,OVERSHOOT,OVERSHOOT,,0.0515,,sim/out/host/grindsim --seed 400035 --scenario sim/mc/scenarios/prime.json
prime,prime,400037,OVERSHOOT,OVERSHOOT,,0.1681,,sim/out/host/grindsim --seed 400037 --scenario sim/mc/scenarios/prime.json
prime,prime,400039,OVERSHOOT,OVERSHOOT,,0.0239,,sim/out/host/grindsim --seed 400039 --scenario sim/mc/scenarios/prime.json
prime,prime,400042,OVERSHOOT,OVERSHOOT,,0.0705,,sim/out/host/grindsim --seed 400042 --scenario sim/mc/scenarios/prime.json
prime,prime,400043,OVERSHOOT,OVERSHOOT,,0.1201,,sim/out/host/grindsim --seed 400043 --scenario sim/mc/scenarios/prime.json
prime,prime,400045,OVERSHOOT,OVERSHOOT,,0.1332,,sim/out/host/grindsim --seed 400045 --scenario sim/mc/scenarios/prime.json
prime,prime,400047,OVERSHOOT,OVERSHOOT,,0.0849,,sim/out/host/grindsim --seed 400047 --scenario sim/mc/scenarios/prime.json
prime,prime,400048,OVERSHOOT,OVERSHOOT,,0.0619,,sim/out/host/grindsim --seed 400048 --scenario sim/mc/scenarios/prime.json
prime,prime,400051,OVERSHOOT,OVERSHOOT,,0.0405,,sim/out/host/grindsim --seed 400051 --scenario sim/mc/scenarios/prime.json
prime,prime,400052,OVERSHOOT,OVERSHOOT,,0.1353,,sim/out/host/grindsim --seed 400052 --scenario sim/mc/scenarios/prime.json
prime,prime,400053,OVERSHOOT,OVERSHOOT,,0.0386,,sim/out/host/grindsim --seed 400053 --scenario sim/mc/scenarios/prime.json
prime,prime,400055,OVERSHOOT,OVERSHOOT,,0.0497,,sim/out/host/grindsim --seed 400055 --scenario sim/mc/scenarios/prime.json
prime,prime,400056,OVERSHOOT,OVERSHOOT,,0.0322,,sim/out/host/grindsim --seed 400056 --scenario sim/mc/scenarios/prime.json
prime,prime,400058,OVERSHOOT,OVERSHOOT,,0.0757,,sim/out/host/grindsim --seed 400058 --scenario sim/mc/scenarios/prime.json
prime,prime,400060,OVERSHOOT,OVERSHOOT,,0.0831,,sim/out/host/grindsim --seed 400060 --scenario sim/mc/scenarios/prime.json
prime,prime,400061,OVERSHOOT,OVERSHOOT,,0.0385,,sim/out/host/grindsim --seed 400061 --scenario sim/mc/scenarios/prime.json
prime,prime,400062,OVERSHOOT,OVERSHOOT,,0.0622,,sim/out/host/grindsim --seed 400062 --scenario sim/mc/scenarios/prime.json
prime,prime,400063,OVERSHOOT,OVERSHOOT,,0.0392,,sim/out/host/grindsim --seed 400063 --scenario sim/mc/scenarios/prime.json
prime,prime,400064,OVERSHOOT,OVERSHOOT,,0.2568,,sim/out/host/grindsim --seed 400064 --scenario sim/mc/scenarios/prime.json
prime,prime,400065,OVERSHOOT,OVERSHOOT,,0.1027,,sim/out/host/grindsim --seed 400065 --scenario sim/mc/scenarios/prime.json
prime,prime,400068,OVERSHOOT,OVERSHOOT,,0.0508,,sim/out/host/grindsim --seed 400068 --scenario sim/mc/scenarios/prime.json
prime,prime,400069,OVERSHOOT,OVERSHOOT,,0.0741,,sim/out/host/grindsim --seed 400069 --scenario sim/mc/scenarios/prime.json
prime,prime,400070,OVERSHOOT,OVERSHOOT,,0.0297,,sim/out/host/grindsim --seed 400070 --scenario sim/mc/scenarios/prime.json
prime,prime,400071,OVERSHOOT,OVERSHOOT,,0.0258,,sim/out/host/grindsim --seed 400071 --scenario sim/mc/scenarios/prime.json
prime,prime,400072,OVERSHOOT,OVERSHOOT,,0.2219,,sim/out/host/grindsim --seed 400072 --scenario sim/mc/scenarios/prime.json
prime,prime,400073,OVERSHOOT,OVERSHOOT,,0.0483,,sim/out/host/grindsim --seed 400073 --scenario sim/mc/scenarios/prime.json
prime,prime,400074,OVERSHOOT,OVERSHOOT,,0.2782,,sim/out/host/grindsim --seed 400074 --scenario sim/mc/scenarios/prime.json
prime,prime,400075,OVERSHOOT,OVERSHOOT,,0.0608,,sim/out/host/grindsim --seed 400075 --scenario sim/mc/scenarios/prime.json
prime,prime,400076,OVERSHOOT,OVERSHOOT,,0.0461,,sim/out/host/grindsim --seed 400076 --scenario sim/mc/scenarios/prime.json
prime,prime,400077,OVERSHOOT,OVERSHOOT,,0.1913,,sim/out/host/grindsim --seed 400077 --scenario sim/mc/scenarios/prime.json
prime,prime,400078,OVERSHOOT,OVERSHOOT,,0.0658,,sim/out/host/grindsim --seed 400078 --scenario sim/mc/scenarios/prime.json
prime,prime,400080,OVERSHOOT,OVERSHOOT,,0.0324,,sim/out/host/grindsim --seed 400080 --scenario sim/mc/scenarios/prime.json
prime,prime,400082,OVERSHOOT,OVERSHOOT,,0.0287,,sim/out/host/grindsim --seed 400082 --scenario sim/mc/scenarios/prime.json
prime,prime,400084,OVERSHOOT,OVERSHOOT,,0.0334,,sim/out/host/grindsim --seed 400084 --scenario sim/mc/scenarios/prime.json
prime,prime,400085,OVERSHOOT,OVERSHOOT,,0.0473,,sim/out/host/grindsim --seed 400085 --scenario sim/mc/scenarios/prime.json
prime,prime,400086,OVERSHOOT,OVERSHOOT,,0.2534,,sim/out/host/grindsim --seed 400086 --scenario sim/mc/scenarios/prime.json
prime,prime,400087,OVERSHOOT,OVERSHOOT,,0.1629,,sim/out/host/grindsim --seed 400087 --scenario sim/mc/scenarios/prime.json
prime,prime,400088,OVERSHOOT,OVERSHOOT,,0.1050,,sim/out/host/grindsim --seed 400088 --scenario sim/mc/scenarios/prime.json
prime,prime,400089,OVERSHOOT,OVERSHOOT,,0.1021,,sim/out/host/grindsim --seed 400089 --scenario sim/mc/scenarios/prime.json
prime,prime,400091,OVERSHOOT,OVERSHOOT,,0.2618,,sim/out/host/grindsim --seed 400091 --scenario sim/mc/scenarios/prime.json
prime,prime,400092,OVERSHOOT,OVERSHOOT,,0.0123,,sim/out/host/grindsim --seed 400092 --scenario sim/mc/scenarios/prime.json
prime,prime,400094,OVERSHOOT,OVERSHOOT,,0.0346,,sim/out/host/grindsim --seed 400094 --scenario sim/mc/scenarios/prime.json
prime,prime,400095,OVERSHOOT,OVERSHOOT,,0.0340,,sim/out/host/grindsim --seed 400095 --scenario sim/mc/scenarios/prime.json
prime,prime,400096,OVERSHOOT,OVERSHOOT,,0.0499,,sim/out/host/grindsim --seed 400096 --scenario sim/mc/scenarios/prime.json
prime,prime,400098,OVERSHOOT,OVERSHOOT,,0.2033,,sim/out/host/grindsim --seed 400098 --scenario sim/mc/scenarios/prime.json
prime,prime,400099,OVERSHOOT,OVERSHOOT,,0.1183,,sim/out/host/grindsim --seed 400099 --scenario sim/mc/scenarios/prime.json
prime,prime,400100,OVERSHOOT,OVERSHOOT,,0.0529,,sim/out/host/grindsim --seed 400100 --scenario sim/mc/scenarios/prime.json
prime,prime,400101,OVERSHOOT,OVERSHOOT,,0.0723,,sim/out/host/grindsim --seed 400101 --scenario sim/mc/scenarios/prime.json
prime,prime,400103,OVERSHOOT,OVERSHOOT,,0.0718,,sim/out/host/grindsim --seed 400103 --scenario sim/mc/scenarios/prime.json
prime,prime,400104,OVERSHOOT,OVERSHOOT,,0.0337,,sim/out/host/grindsim --seed 400104 --scenario sim/mc/scenarios/prime.json
prime,prime,400105,OVERSHOOT,OVERSHOOT,,0.0304,,sim/out/host/grindsim --seed 400105 --scenario sim/mc/scenarios/prime.json
prime,prime,400106,OVERSHOOT,OVERSHOOT,,0.1107,,sim/out/host/grindsim --seed 400106 --scenario sim/mc/scenarios/prime.json
prime,prime,400108,OVERSHOOT,OVERSHOOT,,0.0305,,sim/out/host/grindsim --seed 400108 --scenario sim/mc/scenarios/prime.json
prime,prime,400109,OVERSHOOT,OVERSHOOT,,0.0688,,sim/out/host/grindsim --seed 400109 --scenario sim/mc/scenarios/prime.json
prime,prime,400110,OVERSHOOT,OVERSHOOT,,0.0626,,sim/out/host/grindsim --seed 400110 --scenario sim/mc/scenarios/prime.json
prime,prime,400111,OVERSHOOT,OVERSHOOT,,0.0317,,sim/out/host/grindsim --seed 400111 --scenario sim/mc/scenarios/prime.json
prime,prime,400112,OVERSHOOT,OVERSHOOT,,0.0351,,sim/out/host/grindsim --seed 400112 --scenario sim/mc/scenarios/prime.json
prime,prime,400115,OVERSHOOT,OVERSHOOT,,0.0560,,sim/out/host/grindsim --seed 400115 --scenario sim/mc/scenarios/prime.json
prime,prime,400116,OVERSHOOT,OVERSHOOT,,0.0881,,sim/out/host/grindsim --seed 400116 --scenario sim/mc/scenarios/prime.json
prime,prime,400117,OVERSHOOT,OVERSHOOT,,0.1031,,sim/out/host/grindsim --seed 400117 --scenario sim/mc/scenarios/prime.json
prime,prime,400118,OVERSHOOT,OVERSHOOT,,0.0651,,sim/out/host/grindsim --seed 400118 --scenario sim/mc/scenarios/prime.json
prime,prime,400119,OVERSHOOT,OVERSHOOT,,0.0343,,sim/out/host/grindsim --seed 400119 --scenario sim/mc/scenarios/prime.json
prime,prime,400120,OVERSHOOT,OVERSHOOT,,0.0317,,sim/out/host/grindsim --seed 400120 --scenario sim/mc/scenarios/prime.json
prime,prime,400121,OVERSHOOT,OVERSHOOT,,0.0651,,sim/out/host/grindsim --seed 400121 --scenario sim/mc/scenarios/prime.json
prime,prime,400122,OVERSHOOT,OVERSHOOT,,0.1078,,sim/out/host/grindsim --seed 400122 --scenario sim/mc/scenarios/prime.json
prime,prime,400123,OVERSHOOT,OVERSHOOT,,0.0682,,sim/out/host/grindsim --seed 400123 --scenario sim/mc/scenarios/prime.json
prime,prime,400124,OVERSHOOT,OVERSHOOT,,0.0617,,sim/out/host/grindsim --seed 400124 --scenario sim/mc/scenarios/prime.json
prime,prime,400125,OVERSHOOT,OVERSHOOT,,0.0420,,sim/out/host/grindsim --seed 400125 --scenario sim/mc/scenarios/prime.json
prime,prime,400128,OVERSHOOT,OVERSHOOT,,0.0579,,sim/out/host/grindsim --seed 400128 --scenario sim/mc/scenarios/prime.json
prime,prime,400131,OVERSHOOT,OVERSHOOT,,0.0335,,sim/out/host/grindsim --seed 400131 --scenario sim/mc/scenarios/prime.json
prime,prime,400132,OVERSHOOT,OVERSHOOT,,0.0275,,sim/out/host/grindsim --seed 400132 --scenario sim/mc/scenarios/prime.json
prime,prime,400133,OVERSHOOT,OVERSHOOT,,0.0752,,sim/out/host/grindsim --seed 400133 --scenario sim/mc/scenarios/prime.json
prime,prime,400134,OVERSHOOT,OVERSHOOT,,0.0257,,sim/out/host/grindsim --seed 400134 --scenario sim/mc/scenarios/prime.json
prime,prime,400135,OVERSHOOT,OVERSHOOT,,0.1391,,sim/out/host/grindsim --seed 400135 --scenario sim/mc/scenarios/prime.json
prime,prime,400136,OVERSHOOT,OVERSHOOT,,0.0669,,sim/out/host/grindsim --seed 400136 --scenario sim/mc/scenarios/prime.json
prime,prime,400137,OVERSHOOT,OVERSHOOT,,0.0689,,sim/out/host/grindsim --seed 400137 --scenario sim/mc/scenarios/prime.json
prime,prime,400138,OVERSHOOT,OVERSHOOT,,0.0555,,sim/out/host/grindsim --seed 400138 --scenario sim/mc/scenarios/prime.json
prime,prime,400139,OVERSHOOT,OVERSHOOT,,0.0201,,sim/out/host/grindsim --seed 400139 --scenario sim/mc/scenarios/prime.json
prime,prime,400142,OVERSHOOT,OVERSHOOT,,0.1443,,sim/out/host/grindsim --seed 400142 --scenario sim/mc/scenarios/prime.json
prime,prime,400143,OVERSHOOT,OVERSHOOT,,0.0160,,sim/out/host/grindsim --seed 400143 --scenario sim/mc/scenarios/prime.json
prime,prime,400145,OVERSHOOT,OVERSHOOT,,0.0311,,sim/out/host/grindsim --seed 400145 --scenario sim/mc/scenarios/prime.json
prime,prime,400147,OVERSHOOT,OVERSHOOT,,0.0386,,sim/out/host/grindsim --seed 400147 --scenario sim/mc/scenarios/prime.json
prime,prime,400148,OVERSHOOT,OVERSHOOT,,0.0778,,sim/out/host/grindsim --seed 400148 --scenario sim/mc/scenarios/prime.json
prime,prime,400149,OVERSHOOT,OVERSHOOT,,0.0559,,sim/out/host/grindsim --seed 400149 --scenario sim/mc/scenarios/prime.json
prime,prime,400150,OVERSHOOT,OVERSHOOT,,0.0387,,sim/out/host/grindsim --seed 400150 --scenario sim/mc/scenarios/prime.json
prime,prime,400151,OVERSHOOT,OVERSHOOT,,0.0594,,sim/out/host/grindsim --seed 400151 --scenario sim/mc/scenarios/prime.json
prime,prime,400152,SUCCESS (true err < -0.03),SUCCESS,,-0.0303,,sim/out/host/grindsim --seed 400152 --scenario sim/mc/scenarios/prime.json
prime,prime,400153,OVERSHOOT,OVERSHOOT,,0.0303,,sim/out/host/grindsim --seed 400153 --scenario sim/mc/scenarios/prime.json
prime,prime,400154,OVERSHOOT,OVERSHOOT,,0.0784,,sim/out/host/grindsim --seed 400154 --scenario sim/mc/scenarios/prime.json
prime,prime,400155,OVERSHOOT,OVERSHOOT,,0.0450,,sim/out/host/grindsim --seed 400155 --scenario sim/mc/scenarios/prime.json
prime,prime,400157,OVERSHOOT,OVERSHOOT,,0.0137,,sim/out/host/grindsim --seed 400157 --scenario sim/mc/scenarios/prime.json
prime,prime,400158,OVERSHOOT,OVERSHOOT,,0.1647,,sim/out/host/grindsim --seed 400158 --scenario sim/mc/scenarios/prime.json
prime,prime,400162,OVERSHOOT,OVERSHOOT,,0.0307,,sim/out/host/grindsim --seed 400162 --scenario sim/mc/scenarios/prime.json
prime,prime,400163,OVERSHOOT,OVERSHOOT,,0.0805,,sim/out/host/grindsim --seed 400163 --scenario sim/mc/scenarios/prime.json
prime,prime,400164,OVERSHOOT,OVERSHOOT,,0.0379,,sim/out/host/grindsim --seed 400164 --scenario sim/mc/scenarios/prime.json
prime,prime,400166,OVERSHOOT,OVERSHOOT,,0.0593,,sim/out/host/grindsim --seed 400166 --scenario sim/mc/scenarios/prime.json
prime,prime,400168,OVERSHOOT,OVERSHOOT,,0.0787,,sim/out/host/grindsim --seed 400168 --scenario sim/mc/scenarios/prime.json
prime,prime,400170,OVERSHOOT,OVERSHOOT,,0.0535,,sim/out/host/grindsim --seed 400170 --scenario sim/mc/scenarios/prime.json
prime,prime,400171,OVERSHOOT,OVERSHOOT,,0.0557,,sim/out/host/grindsim --seed 400171 --scenario sim/mc/scenarios/prime.json
prime,prime,400172,OVERSHOOT,OVERSHOOT,,0.0721,,sim/out/host/grindsim --seed 400172 --scenario sim/mc/scenarios/prime.json
prime,prime,400173,OVERSHOOT,OVERSHOOT,,0.0886,,sim/out/host/grindsim --seed 400173 --scenario sim/mc/scenarios/prime.json
prime,prime,400175,OVERSHOOT,OVERSHOOT,,0.1690,,sim/out/host/grindsim --seed 400175 --scenario sim/mc/scenarios/prime.json
prime,prime,400177,OVERSHOOT,OVERSHOOT,,0.0428,,sim/out/host/grindsim --seed 400177 --scenario sim/mc/scenarios/prime.json
prime,prime,400178,OVERSHOOT,OVERSHOOT,,0.0221,,sim/out/host/grindsim --seed 400178 --scenario sim/mc/scenarios/prime.json
prime,prime,400180,OVERSHOOT,OVERSHOOT,,0.2188,,sim/out/host/grindsim --seed 400180 --scenario sim/mc/scenarios/prime.json
prime,prime,400182,OVERSHOOT,OVERSHOOT,,0.1079,,sim/out/host/grindsim --seed 400182 --scenario sim/mc/scenarios/prime.json
prime,prime,400183,OVERSHOOT,OVERSHOOT,,0.1354,,sim/out/host/grindsim --seed 400183 --scenario sim/mc/scenarios/prime.json
prime,prime,400184,OVERSHOOT,OVERSHOOT,,0.0987,,sim/out/host/grindsim --seed 400184 --scenario sim/mc/scenarios/prime.json
prime,prime,400185,OVERSHOOT,OVERSHOOT,,0.0416,,sim/out/host/grindsim --seed 400185 --scenario sim/mc/scenarios/prime.json
prime,prime,400186,OVERSHOOT,OVERSHOOT,,0.0828,,sim/out/host/grindsim --seed 400186 --scenario sim/mc/scenarios/prime.json
prime,prime,400187,OVERSHOOT,OVERSHOOT,,0.0318,,sim/out/host/grindsim --seed 400187 --scenario sim/mc/scenarios/prime.json
prime,prime,400188,OVERSHOOT,OVERSHOOT,,0.1010,,sim/out/host/grindsim --seed 400188 --scenario sim/mc/scenarios/prime.json
prime,prime,400189,OVERSHOOT,OVERSHOOT,,0.0566,,sim/out/host/grindsim --seed 400189 --scenario sim/mc/scenarios/prime.json
prime,prime,400190,OVERSHOOT,OVERSHOOT,,0.0551,,sim/out/host/grindsim --seed 400190 --scenario sim/mc/scenarios/prime.json
prime,prime,400192,OVERSHOOT,OVERSHOOT,,0.0480,,sim/out/host/grindsim --seed 400192 --scenario sim/mc/scenarios/prime.json
prime,prime,400193,OVERSHOOT,OVERSHOOT,,0.0262,,sim/out/host/grindsim --seed 400193 --scenario sim/mc/scenarios/prime.json
prime,prime,400196,OVERSHOOT,OVERSHOOT,,0.0608,,sim/out/host/grindsim --seed 400196 --scenario sim/mc/scenarios/prime.json
prime,prime,400198,OVERSHOOT,OVERSHOOT,,0.0385,,sim/out/host/grindsim --seed 400198 --scenario sim/mc/scenarios/prime.json
prime,prime,400200,OVERSHOOT,OVERSHOOT,,0.1071,,sim/out/host/grindsim --seed 400200 --scenario sim/mc/scenarios/prime.json
prime,prime,400201,OVERSHOOT,OVERSHOOT,,0.0902,,sim/out/host/grindsim --seed 400201 --scenario sim/mc/scenarios/prime.json
prime,prime,400202,OVERSHOOT,OVERSHOOT,,0.1246,,sim/out/host/grindsim --seed 400202 --scenario sim/mc/scenarios/prime.json
prime,prime,400203,OVERSHOOT,OVERSHOOT,,0.0537,,sim/out/host/grindsim --seed 400203 --scenario sim/mc/scenarios/prime.json
prime,prime,400204,OVERSHOOT,OVERSHOOT,,0.0885,,sim/out/host/grindsim --seed 400204 --scenario sim/mc/scenarios/prime.json
prime,prime,400205,OVERSHOOT,OVERSHOOT,,0.0582,,sim/out/host/grindsim --seed 400205 --scenario sim/mc/scenarios/prime.json
prime,prime,400206,OVERSHOOT,OVERSHOOT,,0.0983,,sim/out/host/grindsim --seed 400206 --scenario sim/mc/scenarios/prime.json
prime,prime,400208,OVERSHOOT,OVERSHOOT,,0.1175,,sim/out/host/grindsim --seed 400208 --scenario sim/mc/scenarios/prime.json
prime,prime,400209,OVERSHOOT,OVERSHOOT,,0.0885,,sim/out/host/grindsim --seed 400209 --scenario sim/mc/scenarios/prime.json
prime,prime,400211,OVERSHOOT,OVERSHOOT,,0.0518,,sim/out/host/grindsim --seed 400211 --scenario sim/mc/scenarios/prime.json
prime,prime,400213,OVERSHOOT,OVERSHOOT,,0.0591,,sim/out/host/grindsim --seed 400213 --scenario sim/mc/scenarios/prime.json
prime,prime,400214,OVERSHOOT,OVERSHOOT,,0.1381,,sim/out/host/grindsim --seed 400214 --scenario sim/mc/scenarios/prime.json
prime,prime,400215,OVERSHOOT,OVERSHOOT,,0.0973,,sim/out/host/grindsim --seed 400215 --scenario sim/mc/scenarios/prime.json
prime,prime,400217,OVERSHOOT,OVERSHOOT,,0.0755,,sim/out/host/grindsim --seed 400217 --scenario sim/mc/scenarios/prime.json
prime,prime,400218,OVERSHOOT,OVERSHOOT,,0.0709,,sim/out/host/grindsim --seed 400218 --scenario sim/mc/scenarios/prime.json
prime,prime,400219,OVERSHOOT,OVERSHOOT,,0.0895,,sim/out/host/grindsim --seed 400219 --scenario sim/mc/scenarios/prime.json
prime,prime,400220,OVERSHOOT,OVERSHOOT,,0.0797,,sim/out/host/grindsim --seed 400220 --scenario sim/mc/scenarios/prime.json
prime,prime,400222,OVERSHOOT,OVERSHOOT,,0.0564,,sim/out/host/grindsim --seed 400222 --scenario sim/mc/scenarios/prime.json
prime,prime,400223,OVERSHOOT,OVERSHOOT,,0.0306,,sim/out/host/grindsim --seed 400223 --scenario sim/mc/scenarios/prime.json
prime,prime,400225,OVERSHOOT,OVERSHOOT,,0.0211,,sim/out/host/grindsim --seed 400225 --scenario sim/mc/scenarios/prime.json
prime,prime,400226,OVERSHOOT,OVERSHOOT,,0.0331,,sim/out/host/grindsim --seed 400226 --scenario sim/mc/scenarios/prime.json
prime,prime,400228,OVERSHOOT,OVERSHOOT,,0.0957,,sim/out/host/grindsim --seed 400228 --scenario sim/mc/scenarios/prime.json
prime,prime,400229,OVERSHOOT,OVERSHOOT,,0.0430,,sim/out/host/grindsim --seed 400229 --scenario sim/mc/scenarios/prime.json
prime,prime,400230,OVERSHOOT,OVERSHOOT,,0.0439,,sim/out/host/grindsim --seed 400230 --scenario sim/mc/scenarios/prime.json
prime,prime,400231,OVERSHOOT,OVERSHOOT,,0.0168,,sim/out/host/grindsim --seed 400231 --scenario sim/mc/scenarios/prime.json
prime,prime,400232,OVERSHOOT,OVERSHOOT,,0.0422,,sim/out/host/grindsim --seed 400232 --scenario sim/mc/scenarios/prime.json
prime,prime,400233,OVERSHOOT,OVERSHOOT,,0.0542,,sim/out/host/grindsim --seed 400233 --scenario sim/mc/scenarios/prime.json
prime,prime,400234,OVERSHOOT,OVERSHOOT,,0.0285,,sim/out/host/grindsim --seed 400234 --scenario sim/mc/scenarios/prime.json
prime,prime,400235,OVERSHOOT,OVERSHOOT,,0.0633,,sim/out/host/grindsim --seed 400235 --scenario sim/mc/scenarios/prime.json
prime,prime,400237,OVERSHOOT,OVERSHOOT,,0.0476,,sim/out/host/grindsim --seed 400237 --scenario sim/mc/scenarios/prime.json
prime,prime,400239,OVERSHOOT,OVERSHOOT,,0.0276,,sim/out/host/grindsim --seed 400239 --scenario sim/mc/scenarios/prime.json
prime,prime,400240,OVERSHOOT,OVERSHOOT,,0.1175,,sim/out/host/grindsim --seed 400240 --scenario sim/mc/scenarios/prime.json
prime,prime,400241,OVERSHOOT,OVERSHOOT,,0.0890,,sim/out/host/grindsim --seed 400241 --scenario sim/mc/scenarios/prime.json
prime,prime,400242,OVERSHOOT,OVERSHOOT,,0.0435,,sim/out/host/grindsim --seed 400242 --scenario sim/mc/scenarios/prime.json
prime,prime,400244,OVERSHOOT,OVERSHOOT,,0.0526,,sim/out/host/grindsim --seed 400244 --scenario sim/mc/scenarios/prime.json
prime,prime,400245,OVERSHOOT,OVERSHOOT,,0.0239,,sim/out/host/grindsim --seed 400245 --scenario sim/mc/scenarios/prime.json
prime,prime,400247,OVERSHOOT,OVERSHOOT,,0.0401,,sim/out/host/grindsim --seed 400247 --scenario sim/mc/scenarios/prime.json
prime,prime,400248,OVERSHOOT,OVERSHOOT,,0.0572,,sim/out/host/grindsim --seed 400248 --scenario sim/mc/scenarios/prime.json
prime,prime,400250,OVERSHOOT,OVERSHOOT,,0.0491,,sim/out/host/grindsim --seed 400250 --scenario sim/mc/scenarios/prime.json
prime,prime,400251,OVERSHOOT,OVERSHOOT,,0.0656,,sim/out/host/grindsim --seed 400251 --scenario sim/mc/scenarios/prime.json
prime,prime,400252,OVERSHOOT,OVERSHOOT,,0.2083,,sim/out/host/grindsim --seed 400252 --scenario sim/mc/scenarios/prime.json
prime,prime,400253,OVERSHOOT,OVERSHOOT,,0.0321,,sim/out/host/grindsim --seed 400253 --scenario sim/mc/scenarios/prime.json
prime,prime,400255,OVERSHOOT,OVERSHOOT,,0.0304,,sim/out/host/grindsim --seed 400255 --scenario sim/mc/scenarios/prime.json
prime,prime,400256,OVERSHOOT,OVERSHOOT,,0.1953,,sim/out/host/grindsim --seed 400256 --scenario sim/mc/scenarios/prime.json
prime,prime,400259,OVERSHOOT,OVERSHOOT,,0.1458,,sim/out/host/grindsim --seed 400259 --scenario sim/mc/scenarios/prime.json
prime,prime,400260,OVERSHOOT,OVERSHOOT,,0.1073,,sim/out/host/grindsim --seed 400260 --scenario sim/mc/scenarios/prime.json
prime,prime,400261,OVERSHOOT,OVERSHOOT,,0.0249,,sim/out/host/grindsim --seed 400261 --scenario sim/mc/scenarios/prime.json
prime,prime,400262,OVERSHOOT,OVERSHOOT,,0.1974,,sim/out/host/grindsim --seed 400262 --scenario sim/mc/scenarios/prime.json
prime,prime,400263,OVERSHOOT,OVERSHOOT,,0.0461,,sim/out/host/grindsim --seed 400263 --scenario sim/mc/scenarios/prime.json
prime,prime,400264,OVERSHOOT,OVERSHOOT,,0.0293,,sim/out/host/grindsim --seed 400264 --scenario sim/mc/scenarios/prime.json
prime,prime,400266,OVERSHOOT,OVERSHOOT,,0.0799,,sim/out/host/grindsim --seed 400266 --scenario sim/mc/scenarios/prime.json
prime,prime,400269,OVERSHOOT,OVERSHOOT,,0.0231,,sim/out/host/grindsim --seed 400269 --scenario sim/mc/scenarios/prime.json
prime,prime,400270,OVERSHOOT,OVERSHOOT,,0.0461,,sim/out/host/grindsim --seed 400270 --scenario sim/mc/scenarios/prime.json
prime,prime,400271,OVERSHOOT,OVERSHOOT,,0.0766,,sim/out/host/grindsim --seed 400271 --scenario sim/mc/scenarios/prime.json
prime,prime,400272,OVERSHOOT,OVERSHOOT,,0.0710,,sim/out/host/grindsim --seed 400272 --scenario sim/mc/scenarios/prime.json
prime,prime,400273,OVERSHOOT,OVERSHOOT,,0.0638,,sim/out/host/grindsim --seed 400273 --scenario sim/mc/scenarios/prime.json
prime,prime,400274,OVERSHOOT,OVERSHOOT,,0.1224,,sim/out/host/grindsim --seed 400274 --scenario sim/mc/scenarios/prime.json
prime,prime,400276,OVERSHOOT,OVERSHOOT,,0.0916,,sim/out/host/grindsim --seed 400276 --scenario sim/mc/scenarios/prime.json
prime,prime,400277,OVERSHOOT,OVERSHOOT,,0.0634,,sim/out/host/grindsim --seed 400277 --scenario sim/mc/scenarios/prime.json
prime,prime,400278,OVERSHOOT,OVERSHOOT,,0.0931,,sim/out/host/grindsim --seed 400278 --scenario sim/mc/scenarios/prime.json
prime,prime,400279,OVERSHOOT,OVERSHOOT,,0.0903,,sim/out/host/grindsim --seed 400279 --scenario sim/mc/scenarios/prime.json
prime,prime,400280,OVERSHOOT,OVERSHOOT,,0.0348,,sim/out/host/grindsim --seed 400280 --scenario sim/mc/scenarios/prime.json
prime,prime,400281,OVERSHOOT,OVERSHOOT,,0.1451,,sim/out/host/grindsim --seed 400281 --scenario sim/mc/scenarios/prime.json
prime,prime,400282,OVERSHOOT,OVERSHOOT,,0.0775,,sim/out/host/grindsim --seed 400282 --scenario sim/mc/scenarios/prime.json
prime,prime,400283,OVERSHOOT,OVERSHOOT,,0.1132,,sim/out/host/grindsim --seed 400283 --scenario sim/mc/scenarios/prime.json
prime,prime,400284,OVERSHOOT,OVERSHOOT,,0.0430,,sim/out/host/grindsim --seed 400284 --scenario sim/mc/scenarios/prime.json
prime,prime,400285,OVERSHOOT,OVERSHOOT,,0.0549,,sim/out/host/grindsim --seed 400285 --scenario sim/mc/scenarios/prime.json
prime,prime,400287,OVERSHOOT,OVERSHOOT,,0.0824,,sim/out/host/grindsim --seed 400287 --scenario sim/mc/scenarios/prime.json
prime,prime,400290,OVERSHOOT,OVERSHOOT,,0.0941,,sim/out/host/grindsim --seed 400290 --scenario sim/mc/scenarios/prime.json
prime,prime,400291,OVERSHOOT,OVERSHOOT,,0.0234,,sim/out/host/grindsim --seed 400291 --scenario sim/mc/scenarios/prime.json
prime,prime,400292,OVERSHOOT,OVERSHOOT,,0.0995,,sim/out/host/grindsim --seed 400292 --scenario sim/mc/scenarios/prime.json
prime,prime,400293,OVERSHOOT,OVERSHOOT,,0.0144,,sim/out/host/grindsim --seed 400293 --scenario sim/mc/scenarios/prime.json
prime,prime,400294,OVERSHOOT,OVERSHOOT,,0.0816,,sim/out/host/grindsim --seed 400294 --scenario sim/mc/scenarios/prime.json
prime,prime,400295,OVERSHOOT,OVERSHOOT,,0.0384,,sim/out/host/grindsim --seed 400295 --scenario sim/mc/scenarios/prime.json
prime,prime,400297,OVERSHOOT,OVERSHOOT,,0.0394,,sim/out/host/grindsim --seed 400297 --scenario sim/mc/scenarios/prime.json
prime,prime,400298,OVERSHOOT,OVERSHOOT,,0.2443,,sim/out/host/grindsim --seed 400298 --scenario sim/mc/scenarios/prime.json
prime,prime,400299,OVERSHOOT,OVERSHOOT,,0.0398,,sim/out/host/grindsim --seed 400299 --scenario sim/mc/scenarios/prime.json
sps80,sps80,700000,NONE (no result: boot timeout (ui state 0)),NONE,,,,sim/out/host/grindsim --seed 700000 --scenario sim/mc/scenarios/sps80.json --set hx711_sps=80
sps80,sps80,700001,NONE (no result: boot timeout (ui state 0)),NONE,,,,sim/out/host/grindsim --seed 700001 --scenario sim/mc/scenarios/sps80.json --set hx711_sps=80
sps80,sps80,700002,NONE (no result: boot timeout (ui state 0)),NONE,,,,sim/out/host/grindsim --seed 700002 --scenario sim/mc/scenarios/sps80.json --set hx711_sps=80
sps80,sps80,700003,NONE (no result: boot timeout (ui state 0)),NONE,,,,sim/out/host/grindsim --seed 700003 --scenario sim/mc/scenarios/sps80.json --set hx711_sps=80
sps80,sps80,700004,NONE (no result: boot timeout (ui state 0)),NONE,,,,sim/out/host/grindsim --seed 700004 --scenario sim/mc/scenarios/sps80.json --set hx711_sps=80
sps80,sps80,700005,NONE (no result: boot timeout (ui state 0)),NONE,,,,sim/out/host/grindsim --seed 700005 --scenario sim/mc/scenarios/sps80.json --set hx711_sps=80
sps80,sps80,700006,NONE (no result: boot timeout (ui state 0)),NONE,,,,sim/out/host/grindsim --seed 700006 --scenario sim/mc/scenarios/sps80.json --set hx711_sps=80
sps80,sps80,700007,NONE (no result: boot timeout (ui state 0)),NONE,,,,sim/out/host/grindsim --seed 700007 --scenario sim/mc/scenarios/sps80.json --set hx711_sps=80
sps80,sps80,700008,NONE (no result: boot timeout (ui state 0)),NONE,,,,sim/out/host/grindsim --seed 700008 --scenario sim/mc/scenarios/sps80.json --set hx711_sps=80
sps80,sps80,700009,NONE (no result: boot timeout (ui state 0)),NONE,,,,sim/out/host/grindsim --seed 700009 --scenario sim/mc/scenarios/sps80.json --set hx711_sps=80
sps80,sps80,700010,NONE (no result: boot timeout (ui state 0)),NONE,,,,sim/out/host/grindsim --seed 700010 --scenario sim/mc/scenarios/sps80.json --set hx711_sps=80
sps80,sps80,700011,NONE (no result: boot timeout (ui state 0)),NONE,,,,sim/out/host/grindsim --seed 700011 --scenario sim/mc/scenarios/sps80.json --set hx711_sps=80
sps80,sps80,700012,NONE (no result: boot timeout (ui state 0)),NONE,,,,sim/out/host/grindsim --seed 700012 --scenario sim/mc/scenarios/sps80.json --set hx711_sps=80
sps80,sps80,700013,NONE (no result: boot timeout (ui state 0)),NONE,,,,sim/out/host/grindsim --seed 700013 --scenario sim/mc/scenarios/sps80.json --set hx711_sps=80
sps80,sps80,700014,NONE (no result: boot timeout (ui state 0)),NONE,,,,sim/out/host/grindsim --seed 700014 --scenario sim/mc/scenarios/sps80.json --set hx711_sps=80
sps80,sps80,700015,NONE (no result: boot timeout (ui state 0)),NONE,,,,sim/out/host/grindsim --seed 700015 --scenario sim/mc/scenarios/sps80.json --set hx711_sps=80
sps80,sps80,700016,NONE (no result: boot timeout (ui state 0)),NONE,,,,sim/out/host/grindsim --seed 700016 --scenario sim/mc/scenarios/sps80.json --set hx711_sps=80
sps80,sps80,700017,NONE (no result: boot timeout (ui state 0)),NONE,,,,sim/out/host/grindsim --seed 700017 --scenario sim/mc/scenarios/sps80.json --set hx711_sps=80
sps80,sps80,700018,NONE (no result: boot timeout (ui state 0)),NONE,,,,sim/out/host/grindsim --seed 700018 --scenario sim/mc/scenarios/sps80.json --set hx711_sps=80
sps80,sps80,700019,NONE (no result: boot timeout (ui state 0)),NONE,,,,sim/out/host/grindsim --seed 700019 --scenario sim/mc/scenarios/sps80.json --set hx711_sps=80
sps80,sps80,700020,NONE (no result: boot timeout (ui state 0)),NONE,,,,sim/out/host/grindsim --seed 700020 --scenario sim/mc/scenarios/sps80.json --set hx711_sps=80
sps80,sps80,700021,NONE (no result: boot timeout (ui state 0)),NONE,,,,sim/out/host/grindsim --seed 700021 --scenario sim/mc/scenarios/sps80.json --set hx711_sps=80
sps80,sps80,700022,NONE (no result: boot timeout (ui state 0)),NONE,,,,sim/out/host/grindsim --seed 700022 --scenario sim/mc/scenarios/sps80.json --set hx711_sps=80
sps80,sps80,700023,NONE (no result: boot timeout (ui state 0)),NONE,,,,sim/out/host/grindsim --seed 700023 --scenario sim/mc/scenarios/sps80.json --set hx711_sps=80
sps80,sps80,700024,NONE (no result: boot timeout (ui state 0)),NONE,,,,sim/out/host/grindsim --seed 700024 --scenario sim/mc/scenarios/sps80.json --set hx711_sps=80
sps80,sps80,700025,NONE (no result: boot timeout (ui state 0)),NONE,,,,sim/out/host/grindsim --seed 700025 --scenario sim/mc/scenarios/sps80.json --set hx711_sps=80
sps80,sps80,700026,NONE (no result: boot timeout (ui state 0)),NONE,,,,sim/out/host/grindsim --seed 700026 --scenario sim/mc/scenarios/sps80.json --set hx711_sps=80
sps80,sps80,700027,NONE (no result: boot timeout (ui state 0)),NONE,,,,sim/out/host/grindsim --seed 700027 --scenario sim/mc/scenarios/sps80.json --set hx711_sps=80
sps80,sps80,700028,NONE (no result: boot timeout (ui state 0)),NONE,,,,sim/out/host/grindsim --seed 700028 --scenario sim/mc/scenarios/sps80.json --set hx711_sps=80
sps80,sps80,700029,NONE (no result: boot timeout (ui state 0)),NONE,,,,sim/out/host/grindsim --seed 700029 --scenario sim/mc/scenarios/sps80.json --set hx711_sps=80
sps80,sps80,700030,NONE (no result: boot timeout (ui state 0)),NONE,,,,sim/out/host/grindsim --seed 700030 --scenario sim/mc/scenarios/sps80.json --set hx711_sps=80
sps80,sps80,700031,NONE (no result: boot timeout (ui state 0)),NONE,,,,sim/out/host/grindsim --seed 700031 --scenario sim/mc/scenarios/sps80.json --set hx711_sps=80
sps80,sps80,700032,NONE (no result: boot timeout (ui state 0)),NONE,,,,sim/out/host/grindsim --seed 700032 --scenario sim/mc/scenarios/sps80.json --set hx711_sps=80
sps80,sps80,700033,NONE (no result: boot timeout (ui state 0)),NONE,,,,sim/out/host/grindsim --seed 700033 --scenario sim/mc/scenarios/sps80.json --set hx711_sps=80
sps80,sps80,700034,NONE (no result: boot timeout (ui state 0)),NONE,,,,sim/out/host/grindsim --seed 700034 --scenario sim/mc/scenarios/sps80.json --set hx711_sps=80
sps80,sps80,700035,NONE (no result: boot timeout (ui state 0)),NONE,,,,sim/out/host/grindsim --seed 700035 --scenario sim/mc/scenarios/sps80.json --set hx711_sps=80
sps80,sps80,700036,NONE (no result: boot timeout (ui state 0)),NONE,,,,sim/out/host/grindsim --seed 700036 --scenario sim/mc/scenarios/sps80.json --set hx711_sps=80
sps80,sps80,700037,NONE (no result: boot timeout (ui state 0)),NONE,,,,sim/out/host/grindsim --seed 700037 --scenario sim/mc/scenarios/sps80.json --set hx711_sps=80
sps80,sps80,700038,NONE (no result: boot timeout (ui state 0)),NONE,,,,sim/out/host/grindsim --seed 700038 --scenario sim/mc/scenarios/sps80.json --set hx711_sps=80
sps80,sps80,700039,NONE (no result: boot timeout (ui state 0)),NONE,,,,sim/out/host/grindsim --seed 700039 --scenario sim/mc/scenarios/sps80.json --set hx711_sps=80
sps80,sps80,700040,NONE (no result: boot timeout (ui state 0)),NONE,,,,sim/out/host/grindsim --seed 700040 --scenario sim/mc/scenarios/sps80.json --set hx711_sps=80
sps80,sps80,700041,NONE (no result: boot timeout (ui state 0)),NONE,,,,sim/out/host/grindsim --seed 700041 --scenario sim/mc/scenarios/sps80.json --set hx711_sps=80
sps80,sps80,700042,NONE (no result: boot timeout (ui state 0)),NONE,,,,sim/out/host/grindsim --seed 700042 --scenario sim/mc/scenarios/sps80.json --set hx711_sps=80
sps80,sps80,700043,NONE (no result: boot timeout (ui state 0)),NONE,,,,sim/out/host/grindsim --seed 700043 --scenario sim/mc/scenarios/sps80.json --set hx711_sps=80
sps80,sps80,700044,NONE (no result: boot timeout (ui state 0)),NONE,,,,sim/out/host/grindsim --seed 700044 --scenario sim/mc/scenarios/sps80.json --set hx711_sps=80
sps80,sps80,700045,NONE (no result: boot timeout (ui state 0)),NONE,,,,sim/out/host/grindsim --seed 700045 --scenario sim/mc/scenarios/sps80.json --set hx711_sps=80
sps80,sps80,700046,NONE (no result: boot timeout (ui state 0)),NONE,,,,sim/out/host/grindsim --seed 700046 --scenario sim/mc/scenarios/sps80.json --set hx711_sps=80
sps80,sps80,700047,NONE (no result: boot timeout (ui state 0)),NONE,,,,sim/out/host/grindsim --seed 700047 --scenario sim/mc/scenarios/sps80.json --set hx711_sps=80
sps80,sps80,700048,NONE (no result: boot timeout (ui state 0)),NONE,,,,sim/out/host/grindsim --seed 700048 --scenario sim/mc/scenarios/sps80.json --set hx711_sps=80
sps80,sps80,700049,NONE (no result: boot timeout (ui state 0)),NONE,,,,sim/out/host/grindsim --seed 700049 --scenario sim/mc/scenarios/sps80.json --set hx711_sps=80
sps80,sps80,700050,NONE (no result: boot timeout (ui state 0)),NONE,,,,sim/out/host/grindsim --seed 700050 --scenario sim/mc/scenarios/sps80.json --set hx711_sps=80
sps80,sps80,700051,NONE (no result: boot timeout (ui state 0)),NONE,,,,sim/out/host/grindsim --seed 700051 --scenario sim/mc/scenarios/sps80.json --set hx711_sps=80
sps80,sps80,700052,NONE (no result: boot timeout (ui state 0)),NONE,,,,sim/out/host/grindsim --seed 700052 --scenario sim/mc/scenarios/sps80.json --set hx711_sps=80
sps80,sps80,700053,NONE (no result: boot timeout (ui state 0)),NONE,,,,sim/out/host/grindsim --seed 700053 --scenario sim/mc/scenarios/sps80.json --set hx711_sps=80
sps80,sps80,700054,NONE (no result: boot timeout (ui state 0)),NONE,,,,sim/out/host/grindsim --seed 700054 --scenario sim/mc/scenarios/sps80.json --set hx711_sps=80
sps80,sps80,700055,NONE (no result: boot timeout (ui state 0)),NONE,,,,sim/out/host/grindsim --seed 700055 --scenario sim/mc/scenarios/sps80.json --set hx711_sps=80
sps80,sps80,700056,NONE (no result: boot timeout (ui state 0)),NONE,,,,sim/out/host/grindsim --seed 700056 --scenario sim/mc/scenarios/sps80.json --set hx711_sps=80
sps80,sps80,700057,NONE (no result: boot timeout (ui state 0)),NONE,,,,sim/out/host/grindsim --seed 700057 --scenario sim/mc/scenarios/sps80.json --set hx711_sps=80
sps80,sps80,700058,NONE (no result: boot timeout (ui state 0)),NONE,,,,sim/out/host/grindsim --seed 700058 --scenario sim/mc/scenarios/sps80.json --set hx711_sps=80
sps80,sps80,700059,NONE (no result: boot timeout (ui state 0)),NONE,,,,sim/out/host/grindsim --seed 700059 --scenario sim/mc/scenarios/sps80.json --set hx711_sps=80
sps80,sps80,700060,NONE (no result: boot timeout (ui state 0)),NONE,,,,sim/out/host/grindsim --seed 700060 --scenario sim/mc/scenarios/sps80.json --set hx711_sps=80
sps80,sps80,700061,NONE (no result: boot timeout (ui state 0)),NONE,,,,sim/out/host/grindsim --seed 700061 --scenario sim/mc/scenarios/sps80.json --set hx711_sps=80
sps80,sps80,700062,NONE (no result: boot timeout (ui state 0)),NONE,,,,sim/out/host/grindsim --seed 700062 --scenario sim/mc/scenarios/sps80.json --set hx711_sps=80
sps80,sps80,700063,NONE (no result: boot timeout (ui state 0)),NONE,,,,sim/out/host/grindsim --seed 700063 --scenario sim/mc/scenarios/sps80.json --set hx711_sps=80
sps80,sps80,700064,NONE (no result: boot timeout (ui state 0)),NONE,,,,sim/out/host/grindsim --seed 700064 --scenario sim/mc/scenarios/sps80.json --set hx711_sps=80
sps80,sps80,700065,NONE (no result: boot timeout (ui state 0)),NONE,,,,sim/out/host/grindsim --seed 700065 --scenario sim/mc/scenarios/sps80.json --set hx711_sps=80
sps80,sps80,700066,NONE (no result: boot timeout (ui state 0)),NONE,,,,sim/out/host/grindsim --seed 700066 --scenario sim/mc/scenarios/sps80.json --set hx711_sps=80
sps80,sps80,700067,NONE (no result: boot timeout (ui state 0)),NONE,,,,sim/out/host/grindsim --seed 700067 --scenario sim/mc/scenarios/sps80.json --set hx711_sps=80
sps80,sps80,700068,NONE (no result: boot timeout (ui state 0)),NONE,,,,sim/out/host/grindsim --seed 700068 --scenario sim/mc/scenarios/sps80.json --set hx711_sps=80
sps80,sps80,700069,NONE (no result: boot timeout (ui state 0)),NONE,,,,sim/out/host/grindsim --seed 700069 --scenario sim/mc/scenarios/sps80.json --set hx711_sps=80
sps80,sps80,700070,NONE (no result: boot timeout (ui state 0)),NONE,,,,sim/out/host/grindsim --seed 700070 --scenario sim/mc/scenarios/sps80.json --set hx711_sps=80
sps80,sps80,700071,NONE (no result: boot timeout (ui state 0)),NONE,,,,sim/out/host/grindsim --seed 700071 --scenario sim/mc/scenarios/sps80.json --set hx711_sps=80
sps80,sps80,700072,NONE (no result: boot timeout (ui state 0)),NONE,,,,sim/out/host/grindsim --seed 700072 --scenario sim/mc/scenarios/sps80.json --set hx711_sps=80
sps80,sps80,700073,NONE (no result: boot timeout (ui state 0)),NONE,,,,sim/out/host/grindsim --seed 700073 --scenario sim/mc/scenarios/sps80.json --set hx711_sps=80
sps80,sps80,700074,NONE (no result: boot timeout (ui state 0)),NONE,,,,sim/out/host/grindsim --seed 700074 --scenario sim/mc/scenarios/sps80.json --set hx711_sps=80
sps80,sps80,700075,NONE (no result: boot timeout (ui state 0)),NONE,,,,sim/out/host/grindsim --seed 700075 --scenario sim/mc/scenarios/sps80.json --set hx711_sps=80
sps80,sps80,700076,NONE (no result: boot timeout (ui state 0)),NONE,,,,sim/out/host/grindsim --seed 700076 --scenario sim/mc/scenarios/sps80.json --set hx711_sps=80
sps80,sps80,700077,NONE (no result: boot timeout (ui state 0)),NONE,,,,sim/out/host/grindsim --seed 700077 --scenario sim/mc/scenarios/sps80.json --set hx711_sps=80
sps80,sps80,700078,NONE (no result: boot timeout (ui state 0)),NONE,,,,sim/out/host/grindsim --seed 700078 --scenario sim/mc/scenarios/sps80.json --set hx711_sps=80
sps80,sps80,700079,NONE (no result: boot timeout (ui state 0)),NONE,,,,sim/out/host/grindsim --seed 700079 --scenario sim/mc/scenarios/sps80.json --set hx711_sps=80
sps80,sps80,700080,NONE (no result: boot timeout (ui state 0)),NONE,,,,sim/out/host/grindsim --seed 700080 --scenario sim/mc/scenarios/sps80.json --set hx711_sps=80
sps80,sps80,700081,NONE (no result: boot timeout (ui state 0)),NONE,,,,sim/out/host/grindsim --seed 700081 --scenario sim/mc/scenarios/sps80.json --set hx711_sps=80
sps80,sps80,700082,NONE (no result: boot timeout (ui state 0)),NONE,,,,sim/out/host/grindsim --seed 700082 --scenario sim/mc/scenarios/sps80.json --set hx711_sps=80
sps80,sps80,700083,NONE (no result: boot timeout (ui state 0)),NONE,,,,sim/out/host/grindsim --seed 700083 --scenario sim/mc/scenarios/sps80.json --set hx711_sps=80
sps80,sps80,700084,NONE (no result: boot timeout (ui state 0)),NONE,,,,sim/out/host/grindsim --seed 700084 --scenario sim/mc/scenarios/sps80.json --set hx711_sps=80
sps80,sps80,700085,NONE (no result: boot timeout (ui state 0)),NONE,,,,sim/out/host/grindsim --seed 700085 --scenario sim/mc/scenarios/sps80.json --set hx711_sps=80
sps80,sps80,700086,NONE (no result: boot timeout (ui state 0)),NONE,,,,sim/out/host/grindsim --seed 700086 --scenario sim/mc/scenarios/sps80.json --set hx711_sps=80
sps80,sps80,700087,NONE (no result: boot timeout (ui state 0)),NONE,,,,sim/out/host/grindsim --seed 700087 --scenario sim/mc/scenarios/sps80.json --set hx711_sps=80
sps80,sps80,700088,NONE (no result: boot timeout (ui state 0)),NONE,,,,sim/out/host/grindsim --seed 700088 --scenario sim/mc/scenarios/sps80.json --set hx711_sps=80
sps80,sps80,700089,NONE (no result: boot timeout (ui state 0)),NONE,,,,sim/out/host/grindsim --seed 700089 --scenario sim/mc/scenarios/sps80.json --set hx711_sps=80
sps80,sps80,700090,NONE (no result: boot timeout (ui state 0)),NONE,,,,sim/out/host/grindsim --seed 700090 --scenario sim/mc/scenarios/sps80.json --set hx711_sps=80
sps80,sps80,700091,NONE (no result: boot timeout (ui state 0)),NONE,,,,sim/out/host/grindsim --seed 700091 --scenario sim/mc/scenarios/sps80.json --set hx711_sps=80
sps80,sps80,700092,NONE (no result: boot timeout (ui state 0)),NONE,,,,sim/out/host/grindsim --seed 700092 --scenario sim/mc/scenarios/sps80.json --set hx711_sps=80
sps80,sps80,700093,NONE (no result: boot timeout (ui state 0)),NONE,,,,sim/out/host/grindsim --seed 700093 --scenario sim/mc/scenarios/sps80.json --set hx711_sps=80
sps80,sps80,700094,NONE (no result: boot timeout (ui state 0)),NONE,,,,sim/out/host/grindsim --seed 700094 --scenario sim/mc/scenarios/sps80.json --set hx711_sps=80
sps80,sps80,700095,NONE (no result: boot timeout (ui state 0)),NONE,,,,sim/out/host/grindsim --seed 700095 --scenario sim/mc/scenarios/sps80.json --set hx711_sps=80
sps80,sps80,700096,NONE (no result: boot timeout (ui state 0)),NONE,,,,sim/out/host/grindsim --seed 700096 --scenario sim/mc/scenarios/sps80.json --set hx711_sps=80
sps80,sps80,700097,NONE (no result: boot timeout (ui state 0)),NONE,,,,sim/out/host/grindsim --seed 700097 --scenario sim/mc/scenarios/sps80.json --set hx711_sps=80
sps80,sps80,700098,NONE (no result: boot timeout (ui state 0)),NONE,,,,sim/out/host/grindsim --seed 700098 --scenario sim/mc/scenarios/sps80.json --set hx711_sps=80
sps80,sps80,700099,NONE (no result: boot timeout (ui state 0)),NONE,,,,sim/out/host/grindsim --seed 700099 --scenario sim/mc/scenarios/sps80.json --set hx711_sps=80
sps80,sps80,700100,NONE (no result: boot timeout (ui state 0)),NONE,,,,sim/out/host/grindsim --seed 700100 --scenario sim/mc/scenarios/sps80.json --set hx711_sps=80
sps80,sps80,700101,NONE (no result: boot timeout (ui state 0)),NONE,,,,sim/out/host/grindsim --seed 700101 --scenario sim/mc/scenarios/sps80.json --set hx711_sps=80
sps80,sps80,700102,NONE (no result: boot timeout (ui state 0)),NONE,,,,sim/out/host/grindsim --seed 700102 --scenario sim/mc/scenarios/sps80.json --set hx711_sps=80
sps80,sps80,700103,NONE (no result: boot timeout (ui state 0)),NONE,,,,sim/out/host/grindsim --seed 700103 --scenario sim/mc/scenarios/sps80.json --set hx711_sps=80
sps80,sps80,700104,NONE (no result: boot timeout (ui state 0)),NONE,,,,sim/out/host/grindsim --seed 700104 --scenario sim/mc/scenarios/sps80.json --set hx711_sps=80
sps80,sps80,700105,NONE (no result: boot timeout (ui state 0)),NONE,,,,sim/out/host/grindsim --seed 700105 --scenario sim/mc/scenarios/sps80.json --set hx711_sps=80
sps80,sps80,700106,NONE (no result: boot timeout (ui state 0)),NONE,,,,sim/out/host/grindsim --seed 700106 --scenario sim/mc/scenarios/sps80.json --set hx711_sps=80
sps80,sps80,700107,NONE (no result: boot timeout (ui state 0)),NONE,,,,sim/out/host/grindsim --seed 700107 --scenario sim/mc/scenarios/sps80.json --set hx711_sps=80
sps80,sps80,700108,NONE (no result: boot timeout (ui state 0)),NONE,,,,sim/out/host/grindsim --seed 700108 --scenario sim/mc/scenarios/sps80.json --set hx711_sps=80
sps80,sps80,700109,NONE (no result: boot timeout (ui state 0)),NONE,,,,sim/out/host/grindsim --seed 700109 --scenario sim/mc/scenarios/sps80.json --set hx711_sps=80
sps80,sps80,700110,NONE (no result: boot timeout (ui state 0)),NONE,,,,sim/out/host/grindsim --seed 700110 --scenario sim/mc/scenarios/sps80.json --set hx711_sps=80
sps80,sps80,700111,NONE (no result: boot timeout (ui state 0)),NONE,,,,sim/out/host/grindsim --seed 700111 --scenario sim/mc/scenarios/sps80.json --set hx711_sps=80
sps80,sps80,700112,NONE (no result: boot timeout (ui state 0)),NONE,,,,sim/out/host/grindsim --seed 700112 --scenario sim/mc/scenarios/sps80.json --set hx711_sps=80
sps80,sps80,700113,NONE (no result: boot timeout (ui state 0)),NONE,,,,sim/out/host/grindsim --seed 700113 --scenario sim/mc/scenarios/sps80.json --set hx711_sps=80
sps80,sps80,700114,NONE (no result: boot timeout (ui state 0)),NONE,,,,sim/out/host/grindsim --seed 700114 --scenario sim/mc/scenarios/sps80.json --set hx711_sps=80
sps80,sps80,700115,NONE (no result: boot timeout (ui state 0)),NONE,,,,sim/out/host/grindsim --seed 700115 --scenario sim/mc/scenarios/sps80.json --set hx711_sps=80
sps80,sps80,700116,NONE (no result: boot timeout (ui state 0)),NONE,,,,sim/out/host/grindsim --seed 700116 --scenario sim/mc/scenarios/sps80.json --set hx711_sps=80
sps80,sps80,700117,NONE (no result: boot timeout (ui state 0)),NONE,,,,sim/out/host/grindsim --seed 700117 --scenario sim/mc/scenarios/sps80.json --set hx711_sps=80
sps80,sps80,700118,NONE (no result: boot timeout (ui state 0)),NONE,,,,sim/out/host/grindsim --seed 700118 --scenario sim/mc/scenarios/sps80.json --set hx711_sps=80
sps80,sps80,700119,NONE (no result: boot timeout (ui state 0)),NONE,,,,sim/out/host/grindsim --seed 700119 --scenario sim/mc/scenarios/sps80.json --set hx711_sps=80
sps80,sps80,700120,NONE (no result: boot timeout (ui state 0)),NONE,,,,sim/out/host/grindsim --seed 700120 --scenario sim/mc/scenarios/sps80.json --set hx711_sps=80
sps80,sps80,700121,NONE (no result: boot timeout (ui state 0)),NONE,,,,sim/out/host/grindsim --seed 700121 --scenario sim/mc/scenarios/sps80.json --set hx711_sps=80
sps80,sps80,700122,NONE (no result: boot timeout (ui state 0)),NONE,,,,sim/out/host/grindsim --seed 700122 --scenario sim/mc/scenarios/sps80.json --set hx711_sps=80
sps80,sps80,700123,NONE (no result: boot timeout (ui state 0)),NONE,,,,sim/out/host/grindsim --seed 700123 --scenario sim/mc/scenarios/sps80.json --set hx711_sps=80
sps80,sps80,700124,NONE (no result: boot timeout (ui state 0)),NONE,,,,sim/out/host/grindsim --seed 700124 --scenario sim/mc/scenarios/sps80.json --set hx711_sps=80
sps80,sps80,700125,NONE (no result: boot timeout (ui state 0)),NONE,,,,sim/out/host/grindsim --seed 700125 --scenario sim/mc/scenarios/sps80.json --set hx711_sps=80
sps80,sps80,700126,NONE (no result: boot timeout (ui state 0)),NONE,,,,sim/out/host/grindsim --seed 700126 --scenario sim/mc/scenarios/sps80.json --set hx711_sps=80
sps80,sps80,700127,NONE (no result: boot timeout (ui state 0)),NONE,,,,sim/out/host/grindsim --seed 700127 --scenario sim/mc/scenarios/sps80.json --set hx711_sps=80
sps80,sps80,700128,NONE (no result: boot timeout (ui state 0)),NONE,,,,sim/out/host/grindsim --seed 700128 --scenario sim/mc/scenarios/sps80.json --set hx711_sps=80
sps80,sps80,700129,NONE (no result: boot timeout (ui state 0)),NONE,,,,sim/out/host/grindsim --seed 700129 --scenario sim/mc/scenarios/sps80.json --set hx711_sps=80
sps80,sps80,700130,NONE (no result: boot timeout (ui state 0)),NONE,,,,sim/out/host/grindsim --seed 700130 --scenario sim/mc/scenarios/sps80.json --set hx711_sps=80
sps80,sps80,700131,NONE (no result: boot timeout (ui state 0)),NONE,,,,sim/out/host/grindsim --seed 700131 --scenario sim/mc/scenarios/sps80.json --set hx711_sps=80
sps80,sps80,700132,NONE (no result: boot timeout (ui state 0)),NONE,,,,sim/out/host/grindsim --seed 700132 --scenario sim/mc/scenarios/sps80.json --set hx711_sps=80
sps80,sps80,700133,NONE (no result: boot timeout (ui state 0)),NONE,,,,sim/out/host/grindsim --seed 700133 --scenario sim/mc/scenarios/sps80.json --set hx711_sps=80
sps80,sps80,700134,NONE (no result: boot timeout (ui state 0)),NONE,,,,sim/out/host/grindsim --seed 700134 --scenario sim/mc/scenarios/sps80.json --set hx711_sps=80
sps80,sps80,700135,NONE (no result: boot timeout (ui state 0)),NONE,,,,sim/out/host/grindsim --seed 700135 --scenario sim/mc/scenarios/sps80.json --set hx711_sps=80
sps80,sps80,700136,NONE (no result: boot timeout (ui state 0)),NONE,,,,sim/out/host/grindsim --seed 700136 --scenario sim/mc/scenarios/sps80.json --set hx711_sps=80
sps80,sps80,700137,NONE (no result: boot timeout (ui state 0)),NONE,,,,sim/out/host/grindsim --seed 700137 --scenario sim/mc/scenarios/sps80.json --set hx711_sps=80
sps80,sps80,700138,NONE (no result: boot timeout (ui state 0)),NONE,,,,sim/out/host/grindsim --seed 700138 --scenario sim/mc/scenarios/sps80.json --set hx711_sps=80
sps80,sps80,700139,NONE (no result: boot timeout (ui state 0)),NONE,,,,sim/out/host/grindsim --seed 700139 --scenario sim/mc/scenarios/sps80.json --set hx711_sps=80
sps80,sps80,700140,NONE (no result: boot timeout (ui state 0)),NONE,,,,sim/out/host/grindsim --seed 700140 --scenario sim/mc/scenarios/sps80.json --set hx711_sps=80
sps80,sps80,700141,NONE (no result: boot timeout (ui state 0)),NONE,,,,sim/out/host/grindsim --seed 700141 --scenario sim/mc/scenarios/sps80.json --set hx711_sps=80
sps80,sps80,700142,NONE (no result: boot timeout (ui state 0)),NONE,,,,sim/out/host/grindsim --seed 700142 --scenario sim/mc/scenarios/sps80.json --set hx711_sps=80
sps80,sps80,700143,NONE (no result: boot timeout (ui state 0)),NONE,,,,sim/out/host/grindsim --seed 700143 --scenario sim/mc/scenarios/sps80.json --set hx711_sps=80
sps80,sps80,700144,NONE (no result: boot timeout (ui state 0)),NONE,,,,sim/out/host/grindsim --seed 700144 --scenario sim/mc/scenarios/sps80.json --set hx711_sps=80
sps80,sps80,700145,NONE (no result: boot timeout (ui state 0)),NONE,,,,sim/out/host/grindsim --seed 700145 --scenario sim/mc/scenarios/sps80.json --set hx711_sps=80
sps80,sps80,700146,NONE (no result: boot timeout (ui state 0)),NONE,,,,sim/out/host/grindsim --seed 700146 --scenario sim/mc/scenarios/sps80.json --set hx711_sps=80
sps80,sps80,700147,NONE (no result: boot timeout (ui state 0)),NONE,,,,sim/out/host/grindsim --seed 700147 --scenario sim/mc/scenarios/sps80.json --set hx711_sps=80
sps80,sps80,700148,NONE (no result: boot timeout (ui state 0)),NONE,,,,sim/out/host/grindsim --seed 700148 --scenario sim/mc/scenarios/sps80.json --set hx711_sps=80
sps80,sps80,700149,NONE (no result: boot timeout (ui state 0)),NONE,,,,sim/out/host/grindsim --seed 700149 --scenario sim/mc/scenarios/sps80.json --set hx711_sps=80
sps80,sps80,700150,NONE (no result: boot timeout (ui state 0)),NONE,,,,sim/out/host/grindsim --seed 700150 --scenario sim/mc/scenarios/sps80.json --set hx711_sps=80
sps80,sps80,700151,NONE (no result: boot timeout (ui state 0)),NONE,,,,sim/out/host/grindsim --seed 700151 --scenario sim/mc/scenarios/sps80.json --set hx711_sps=80
sps80,sps80,700152,NONE (no result: boot timeout (ui state 0)),NONE,,,,sim/out/host/grindsim --seed 700152 --scenario sim/mc/scenarios/sps80.json --set hx711_sps=80
sps80,sps80,700153,NONE (no result: boot timeout (ui state 0)),NONE,,,,sim/out/host/grindsim --seed 700153 --scenario sim/mc/scenarios/sps80.json --set hx711_sps=80
sps80,sps80,700154,NONE (no result: boot timeout (ui state 0)),NONE,,,,sim/out/host/grindsim --seed 700154 --scenario sim/mc/scenarios/sps80.json --set hx711_sps=80
sps80,sps80,700155,NONE (no result: boot timeout (ui state 0)),NONE,,,,sim/out/host/grindsim --seed 700155 --scenario sim/mc/scenarios/sps80.json --set hx711_sps=80
sps80,sps80,700156,NONE (no result: boot timeout (ui state 0)),NONE,,,,sim/out/host/grindsim --seed 700156 --scenario sim/mc/scenarios/sps80.json --set hx711_sps=80
sps80,sps80,700157,NONE (no result: boot timeout (ui state 0)),NONE,,,,sim/out/host/grindsim --seed 700157 --scenario sim/mc/scenarios/sps80.json --set hx711_sps=80
sps80,sps80,700158,NONE (no result: boot timeout (ui state 0)),NONE,,,,sim/out/host/grindsim --seed 700158 --scenario sim/mc/scenarios/sps80.json --set hx711_sps=80
sps80,sps80,700159,NONE (no result: boot timeout (ui state 0)),NONE,,,,sim/out/host/grindsim --seed 700159 --scenario sim/mc/scenarios/sps80.json --set hx711_sps=80
sps80,sps80,700160,NONE (no result: boot timeout (ui state 0)),NONE,,,,sim/out/host/grindsim --seed 700160 --scenario sim/mc/scenarios/sps80.json --set hx711_sps=80
sps80,sps80,700161,NONE (no result: boot timeout (ui state 0)),NONE,,,,sim/out/host/grindsim --seed 700161 --scenario sim/mc/scenarios/sps80.json --set hx711_sps=80
sps80,sps80,700162,NONE (no result: boot timeout (ui state 0)),NONE,,,,sim/out/host/grindsim --seed 700162 --scenario sim/mc/scenarios/sps80.json --set hx711_sps=80
sps80,sps80,700163,NONE (no result: boot timeout (ui state 0)),NONE,,,,sim/out/host/grindsim --seed 700163 --scenario sim/mc/scenarios/sps80.json --set hx711_sps=80
sps80,sps80,700164,NONE (no result: boot timeout (ui state 0)),NONE,,,,sim/out/host/grindsim --seed 700164 --scenario sim/mc/scenarios/sps80.json --set hx711_sps=80
sps80,sps80,700165,NONE (no result: boot timeout (ui state 0)),NONE,,,,sim/out/host/grindsim --seed 700165 --scenario sim/mc/scenarios/sps80.json --set hx711_sps=80
sps80,sps80,700166,NONE (no result: boot timeout (ui state 0)),NONE,,,,sim/out/host/grindsim --seed 700166 --scenario sim/mc/scenarios/sps80.json --set hx711_sps=80
sps80,sps80,700167,NONE (no result: boot timeout (ui state 0)),NONE,,,,sim/out/host/grindsim --seed 700167 --scenario sim/mc/scenarios/sps80.json --set hx711_sps=80
sps80,sps80,700168,NONE (no result: boot timeout (ui state 0)),NONE,,,,sim/out/host/grindsim --seed 700168 --scenario sim/mc/scenarios/sps80.json --set hx711_sps=80
sps80,sps80,700169,NONE (no result: boot timeout (ui state 0)),NONE,,,,sim/out/host/grindsim --seed 700169 --scenario sim/mc/scenarios/sps80.json --set hx711_sps=80
sps80,sps80,700170,NONE (no result: boot timeout (ui state 0)),NONE,,,,sim/out/host/grindsim --seed 700170 --scenario sim/mc/scenarios/sps80.json --set hx711_sps=80
sps80,sps80,700171,NONE (no result: boot timeout (ui state 0)),NONE,,,,sim/out/host/grindsim --seed 700171 --scenario sim/mc/scenarios/sps80.json --set hx711_sps=80
sps80,sps80,700172,NONE (no result: boot timeout (ui state 0)),NONE,,,,sim/out/host/grindsim --seed 700172 --scenario sim/mc/scenarios/sps80.json --set hx711_sps=80
sps80,sps80,700173,NONE (no result: boot timeout (ui state 0)),NONE,,,,sim/out/host/grindsim --seed 700173 --scenario sim/mc/scenarios/sps80.json --set hx711_sps=80
sps80,sps80,700174,NONE (no result: boot timeout (ui state 0)),NONE,,,,sim/out/host/grindsim --seed 700174 --scenario sim/mc/scenarios/sps80.json --set hx711_sps=80
sps80,sps80,700175,NONE (no result: boot timeout (ui state 0)),NONE,,,,sim/out/host/grindsim --seed 700175 --scenario sim/mc/scenarios/sps80.json --set hx711_sps=80
sps80,sps80,700176,NONE (no result: boot timeout (ui state 0)),NONE,,,,sim/out/host/grindsim --seed 700176 --scenario sim/mc/scenarios/sps80.json --set hx711_sps=80
sps80,sps80,700177,NONE (no result: boot timeout (ui state 0)),NONE,,,,sim/out/host/grindsim --seed 700177 --scenario sim/mc/scenarios/sps80.json --set hx711_sps=80
sps80,sps80,700178,NONE (no result: boot timeout (ui state 0)),NONE,,,,sim/out/host/grindsim --seed 700178 --scenario sim/mc/scenarios/sps80.json --set hx711_sps=80
sps80,sps80,700179,NONE (no result: boot timeout (ui state 0)),NONE,,,,sim/out/host/grindsim --seed 700179 --scenario sim/mc/scenarios/sps80.json --set hx711_sps=80
sps80,sps80,700180,NONE (no result: boot timeout (ui state 0)),NONE,,,,sim/out/host/grindsim --seed 700180 --scenario sim/mc/scenarios/sps80.json --set hx711_sps=80
sps80,sps80,700181,NONE (no result: boot timeout (ui state 0)),NONE,,,,sim/out/host/grindsim --seed 700181 --scenario sim/mc/scenarios/sps80.json --set hx711_sps=80
sps80,sps80,700182,NONE (no result: boot timeout (ui state 0)),NONE,,,,sim/out/host/grindsim --seed 700182 --scenario sim/mc/scenarios/sps80.json --set hx711_sps=80
sps80,sps80,700183,NONE (no result: boot timeout (ui state 0)),NONE,,,,sim/out/host/grindsim --seed 700183 --scenario sim/mc/scenarios/sps80.json --set hx711_sps=80
sps80,sps80,700184,NONE (no result: boot timeout (ui state 0)),NONE,,,,sim/out/host/grindsim --seed 700184 --scenario sim/mc/scenarios/sps80.json --set hx711_sps=80
sps80,sps80,700185,NONE (no result: boot timeout (ui state 0)),NONE,,,,sim/out/host/grindsim --seed 700185 --scenario sim/mc/scenarios/sps80.json --set hx711_sps=80
sps80,sps80,700186,NONE (no result: boot timeout (ui state 0)),NONE,,,,sim/out/host/grindsim --seed 700186 --scenario sim/mc/scenarios/sps80.json --set hx711_sps=80
sps80,sps80,700187,NONE (no result: boot timeout (ui state 0)),NONE,,,,sim/out/host/grindsim --seed 700187 --scenario sim/mc/scenarios/sps80.json --set hx711_sps=80
sps80,sps80,700188,NONE (no result: boot timeout (ui state 0)),NONE,,,,sim/out/host/grindsim --seed 700188 --scenario sim/mc/scenarios/sps80.json --set hx711_sps=80
sps80,sps80,700189,NONE (no result: boot timeout (ui state 0)),NONE,,,,sim/out/host/grindsim --seed 700189 --scenario sim/mc/scenarios/sps80.json --set hx711_sps=80
sps80,sps80,700190,NONE (no result: boot timeout (ui state 0)),NONE,,,,sim/out/host/grindsim --seed 700190 --scenario sim/mc/scenarios/sps80.json --set hx711_sps=80
sps80,sps80,700191,NONE (no result: boot timeout (ui state 0)),NONE,,,,sim/out/host/grindsim --seed 700191 --scenario sim/mc/scenarios/sps80.json --set hx711_sps=80
sps80,sps80,700192,NONE (no result: boot timeout (ui state 0)),NONE,,,,sim/out/host/grindsim --seed 700192 --scenario sim/mc/scenarios/sps80.json --set hx711_sps=80
sps80,sps80,700193,NONE (no result: boot timeout (ui state 0)),NONE,,,,sim/out/host/grindsim --seed 700193 --scenario sim/mc/scenarios/sps80.json --set hx711_sps=80
sps80,sps80,700194,NONE (no result: boot timeout (ui state 0)),NONE,,,,sim/out/host/grindsim --seed 700194 --scenario sim/mc/scenarios/sps80.json --set hx711_sps=80
sps80,sps80,700195,NONE (no result: boot timeout (ui state 0)),NONE,,,,sim/out/host/grindsim --seed 700195 --scenario sim/mc/scenarios/sps80.json --set hx711_sps=80
sps80,sps80,700196,NONE (no result: boot timeout (ui state 0)),NONE,,,,sim/out/host/grindsim --seed 700196 --scenario sim/mc/scenarios/sps80.json --set hx711_sps=80
sps80,sps80,700197,NONE (no result: boot timeout (ui state 0)),NONE,,,,sim/out/host/grindsim --seed 700197 --scenario sim/mc/scenarios/sps80.json --set hx711_sps=80
sps80,sps80,700198,NONE (no result: boot timeout (ui state 0)),NONE,,,,sim/out/host/grindsim --seed 700198 --scenario sim/mc/scenarios/sps80.json --set hx711_sps=80
sps80,sps80,700199,NONE (no result: boot timeout (ui state 0)),NONE,,,,sim/out/host/grindsim --seed 700199 --scenario sim/mc/scenarios/sps80.json --set hx711_sps=80
sps80,sps80,700200,NONE (no result: boot timeout (ui state 0)),NONE,,,,sim/out/host/grindsim --seed 700200 --scenario sim/mc/scenarios/sps80.json --set hx711_sps=80
sps80,sps80,700201,NONE (no result: boot timeout (ui state 0)),NONE,,,,sim/out/host/grindsim --seed 700201 --scenario sim/mc/scenarios/sps80.json --set hx711_sps=80
sps80,sps80,700202,NONE (no result: boot timeout (ui state 0)),NONE,,,,sim/out/host/grindsim --seed 700202 --scenario sim/mc/scenarios/sps80.json --set hx711_sps=80
sps80,sps80,700203,NONE (no result: boot timeout (ui state 0)),NONE,,,,sim/out/host/grindsim --seed 700203 --scenario sim/mc/scenarios/sps80.json --set hx711_sps=80
sps80,sps80,700204,NONE (no result: boot timeout (ui state 0)),NONE,,,,sim/out/host/grindsim --seed 700204 --scenario sim/mc/scenarios/sps80.json --set hx711_sps=80
sps80,sps80,700205,NONE (no result: boot timeout (ui state 0)),NONE,,,,sim/out/host/grindsim --seed 700205 --scenario sim/mc/scenarios/sps80.json --set hx711_sps=80
sps80,sps80,700206,NONE (no result: boot timeout (ui state 0)),NONE,,,,sim/out/host/grindsim --seed 700206 --scenario sim/mc/scenarios/sps80.json --set hx711_sps=80
sps80,sps80,700207,NONE (no result: boot timeout (ui state 0)),NONE,,,,sim/out/host/grindsim --seed 700207 --scenario sim/mc/scenarios/sps80.json --set hx711_sps=80
sps80,sps80,700208,NONE (no result: boot timeout (ui state 0)),NONE,,,,sim/out/host/grindsim --seed 700208 --scenario sim/mc/scenarios/sps80.json --set hx711_sps=80
sps80,sps80,700209,NONE (no result: boot timeout (ui state 0)),NONE,,,,sim/out/host/grindsim --seed 700209 --scenario sim/mc/scenarios/sps80.json --set hx711_sps=80
sps80,sps80,700210,NONE (no result: boot timeout (ui state 0)),NONE,,,,sim/out/host/grindsim --seed 700210 --scenario sim/mc/scenarios/sps80.json --set hx711_sps=80
sps80,sps80,700211,NONE (no result: boot timeout (ui state 0)),NONE,,,,sim/out/host/grindsim --seed 700211 --scenario sim/mc/scenarios/sps80.json --set hx711_sps=80
sps80,sps80,700212,NONE (no result: boot timeout (ui state 0)),NONE,,,,sim/out/host/grindsim --seed 700212 --scenario sim/mc/scenarios/sps80.json --set hx711_sps=80
sps80,sps80,700213,NONE (no result: boot timeout (ui state 0)),NONE,,,,sim/out/host/grindsim --seed 700213 --scenario sim/mc/scenarios/sps80.json --set hx711_sps=80
sps80,sps80,700214,NONE (no result: boot timeout (ui state 0)),NONE,,,,sim/out/host/grindsim --seed 700214 --scenario sim/mc/scenarios/sps80.json --set hx711_sps=80
sps80,sps80,700215,NONE (no result: boot timeout (ui state 0)),NONE,,,,sim/out/host/grindsim --seed 700215 --scenario sim/mc/scenarios/sps80.json --set hx711_sps=80
sps80,sps80,700216,NONE (no result: boot timeout (ui state 0)),NONE,,,,sim/out/host/grindsim --seed 700216 --scenario sim/mc/scenarios/sps80.json --set hx711_sps=80
sps80,sps80,700217,NONE (no result: boot timeout (ui state 0)),NONE,,,,sim/out/host/grindsim --seed 700217 --scenario sim/mc/scenarios/sps80.json --set hx711_sps=80
sps80,sps80,700218,NONE (no result: boot timeout (ui state 0)),NONE,,,,sim/out/host/grindsim --seed 700218 --scenario sim/mc/scenarios/sps80.json --set hx711_sps=80
sps80,sps80,700219,NONE (no result: boot timeout (ui state 0)),NONE,,,,sim/out/host/grindsim --seed 700219 --scenario sim/mc/scenarios/sps80.json --set hx711_sps=80
sps80,sps80,700220,NONE (no result: boot timeout (ui state 0)),NONE,,,,sim/out/host/grindsim --seed 700220 --scenario sim/mc/scenarios/sps80.json --set hx711_sps=80
sps80,sps80,700221,NONE (no result: boot timeout (ui state 0)),NONE,,,,sim/out/host/grindsim --seed 700221 --scenario sim/mc/scenarios/sps80.json --set hx711_sps=80
sps80,sps80,700222,NONE (no result: boot timeout (ui state 0)),NONE,,,,sim/out/host/grindsim --seed 700222 --scenario sim/mc/scenarios/sps80.json --set hx711_sps=80
sps80,sps80,700223,NONE (no result: boot timeout (ui state 0)),NONE,,,,sim/out/host/grindsim --seed 700223 --scenario sim/mc/scenarios/sps80.json --set hx711_sps=80
sps80,sps80,700224,NONE (no result: boot timeout (ui state 0)),NONE,,,,sim/out/host/grindsim --seed 700224 --scenario sim/mc/scenarios/sps80.json --set hx711_sps=80
sps80,sps80,700225,NONE (no result: boot timeout (ui state 0)),NONE,,,,sim/out/host/grindsim --seed 700225 --scenario sim/mc/scenarios/sps80.json --set hx711_sps=80
sps80,sps80,700226,NONE (no result: boot timeout (ui state 0)),NONE,,,,sim/out/host/grindsim --seed 700226 --scenario sim/mc/scenarios/sps80.json --set hx711_sps=80
sps80,sps80,700227,NONE (no result: boot timeout (ui state 0)),NONE,,,,sim/out/host/grindsim --seed 700227 --scenario sim/mc/scenarios/sps80.json --set hx711_sps=80
sps80,sps80,700228,NONE (no result: boot timeout (ui state 0)),NONE,,,,sim/out/host/grindsim --seed 700228 --scenario sim/mc/scenarios/sps80.json --set hx711_sps=80
sps80,sps80,700229,NONE (no result: boot timeout (ui state 0)),NONE,,,,sim/out/host/grindsim --seed 700229 --scenario sim/mc/scenarios/sps80.json --set hx711_sps=80
sps80,sps80,700230,NONE (no result: boot timeout (ui state 0)),NONE,,,,sim/out/host/grindsim --seed 700230 --scenario sim/mc/scenarios/sps80.json --set hx711_sps=80
sps80,sps80,700231,NONE (no result: boot timeout (ui state 0)),NONE,,,,sim/out/host/grindsim --seed 700231 --scenario sim/mc/scenarios/sps80.json --set hx711_sps=80
sps80,sps80,700232,NONE (no result: boot timeout (ui state 0)),NONE,,,,sim/out/host/grindsim --seed 700232 --scenario sim/mc/scenarios/sps80.json --set hx711_sps=80
sps80,sps80,700233,NONE (no result: boot timeout (ui state 0)),NONE,,,,sim/out/host/grindsim --seed 700233 --scenario sim/mc/scenarios/sps80.json --set hx711_sps=80
sps80,sps80,700234,NONE (no result: boot timeout (ui state 0)),NONE,,,,sim/out/host/grindsim --seed 700234 --scenario sim/mc/scenarios/sps80.json --set hx711_sps=80
sps80,sps80,700235,NONE (no result: boot timeout (ui state 0)),NONE,,,,sim/out/host/grindsim --seed 700235 --scenario sim/mc/scenarios/sps80.json --set hx711_sps=80
sps80,sps80,700236,NONE (no result: boot timeout (ui state 0)),NONE,,,,sim/out/host/grindsim --seed 700236 --scenario sim/mc/scenarios/sps80.json --set hx711_sps=80
sps80,sps80,700237,NONE (no result: boot timeout (ui state 0)),NONE,,,,sim/out/host/grindsim --seed 700237 --scenario sim/mc/scenarios/sps80.json --set hx711_sps=80
sps80,sps80,700238,NONE (no result: boot timeout (ui state 0)),NONE,,,,sim/out/host/grindsim --seed 700238 --scenario sim/mc/scenarios/sps80.json --set hx711_sps=80
sps80,sps80,700239,NONE (no result: boot timeout (ui state 0)),NONE,,,,sim/out/host/grindsim --seed 700239 --scenario sim/mc/scenarios/sps80.json --set hx711_sps=80
sps80,sps80,700240,NONE (no result: boot timeout (ui state 0)),NONE,,,,sim/out/host/grindsim --seed 700240 --scenario sim/mc/scenarios/sps80.json --set hx711_sps=80
sps80,sps80,700241,NONE (no result: boot timeout (ui state 0)),NONE,,,,sim/out/host/grindsim --seed 700241 --scenario sim/mc/scenarios/sps80.json --set hx711_sps=80
sps80,sps80,700242,NONE (no result: boot timeout (ui state 0)),NONE,,,,sim/out/host/grindsim --seed 700242 --scenario sim/mc/scenarios/sps80.json --set hx711_sps=80
sps80,sps80,700243,NONE (no result: boot timeout (ui state 0)),NONE,,,,sim/out/host/grindsim --seed 700243 --scenario sim/mc/scenarios/sps80.json --set hx711_sps=80
sps80,sps80,700244,NONE (no result: boot timeout (ui state 0)),NONE,,,,sim/out/host/grindsim --seed 700244 --scenario sim/mc/scenarios/sps80.json --set hx711_sps=80
sps80,sps80,700245,NONE (no result: boot timeout (ui state 0)),NONE,,,,sim/out/host/grindsim --seed 700245 --scenario sim/mc/scenarios/sps80.json --set hx711_sps=80
sps80,sps80,700246,NONE (no result: boot timeout (ui state 0)),NONE,,,,sim/out/host/grindsim --seed 700246 --scenario sim/mc/scenarios/sps80.json --set hx711_sps=80
sps80,sps80,700247,NONE (no result: boot timeout (ui state 0)),NONE,,,,sim/out/host/grindsim --seed 700247 --scenario sim/mc/scenarios/sps80.json --set hx711_sps=80
sps80,sps80,700248,NONE (no result: boot timeout (ui state 0)),NONE,,,,sim/out/host/grindsim --seed 700248 --scenario sim/mc/scenarios/sps80.json --set hx711_sps=80
sps80,sps80,700249,NONE (no result: boot timeout (ui state 0)),NONE,,,,sim/out/host/grindsim --seed 700249 --scenario sim/mc/scenarios/sps80.json --set hx711_sps=80
sps80,sps80,700250,NONE (no result: boot timeout (ui state 0)),NONE,,,,sim/out/host/grindsim --seed 700250 --scenario sim/mc/scenarios/sps80.json --set hx711_sps=80
sps80,sps80,700251,NONE (no result: boot timeout (ui state 0)),NONE,,,,sim/out/host/grindsim --seed 700251 --scenario sim/mc/scenarios/sps80.json --set hx711_sps=80
sps80,sps80,700252,NONE (no result: boot timeout (ui state 0)),NONE,,,,sim/out/host/grindsim --seed 700252 --scenario sim/mc/scenarios/sps80.json --set hx711_sps=80
sps80,sps80,700253,NONE (no result: boot timeout (ui state 0)),NONE,,,,sim/out/host/grindsim --seed 700253 --scenario sim/mc/scenarios/sps80.json --set hx711_sps=80
sps80,sps80,700254,NONE (no result: boot timeout (ui state 0)),NONE,,,,sim/out/host/grindsim --seed 700254 --scenario sim/mc/scenarios/sps80.json --set hx711_sps=80
sps80,sps80,700255,NONE (no result: boot timeout (ui state 0)),NONE,,,,sim/out/host/grindsim --seed 700255 --scenario sim/mc/scenarios/sps80.json --set hx711_sps=80
sps80,sps80,700256,NONE (no result: boot timeout (ui state 0)),NONE,,,,sim/out/host/grindsim --seed 700256 --scenario sim/mc/scenarios/sps80.json --set hx711_sps=80
sps80,sps80,700257,NONE (no result: boot timeout (ui state 0)),NONE,,,,sim/out/host/grindsim --seed 700257 --scenario sim/mc/scenarios/sps80.json --set hx711_sps=80
sps80,sps80,700258,NONE (no result: boot timeout (ui state 0)),NONE,,,,sim/out/host/grindsim --seed 700258 --scenario sim/mc/scenarios/sps80.json --set hx711_sps=80
sps80,sps80,700259,NONE (no result: boot timeout (ui state 0)),NONE,,,,sim/out/host/grindsim --seed 700259 --scenario sim/mc/scenarios/sps80.json --set hx711_sps=80
sps80,sps80,700260,NONE (no result: boot timeout (ui state 0)),NONE,,,,sim/out/host/grindsim --seed 700260 --scenario sim/mc/scenarios/sps80.json --set hx711_sps=80
sps80,sps80,700261,NONE (no result: boot timeout (ui state 0)),NONE,,,,sim/out/host/grindsim --seed 700261 --scenario sim/mc/scenarios/sps80.json --set hx711_sps=80
sps80,sps80,700262,NONE (no result: boot timeout (ui state 0)),NONE,,,,sim/out/host/grindsim --seed 700262 --scenario sim/mc/scenarios/sps80.json --set hx711_sps=80
sps80,sps80,700263,NONE (no result: boot timeout (ui state 0)),NONE,,,,sim/out/host/grindsim --seed 700263 --scenario sim/mc/scenarios/sps80.json --set hx711_sps=80
sps80,sps80,700264,NONE (no result: boot timeout (ui state 0)),NONE,,,,sim/out/host/grindsim --seed 700264 --scenario sim/mc/scenarios/sps80.json --set hx711_sps=80
sps80,sps80,700265,NONE (no result: boot timeout (ui state 0)),NONE,,,,sim/out/host/grindsim --seed 700265 --scenario sim/mc/scenarios/sps80.json --set hx711_sps=80
sps80,sps80,700266,NONE (no result: boot timeout (ui state 0)),NONE,,,,sim/out/host/grindsim --seed 700266 --scenario sim/mc/scenarios/sps80.json --set hx711_sps=80
sps80,sps80,700267,NONE (no result: boot timeout (ui state 0)),NONE,,,,sim/out/host/grindsim --seed 700267 --scenario sim/mc/scenarios/sps80.json --set hx711_sps=80
sps80,sps80,700268,NONE (no result: boot timeout (ui state 0)),NONE,,,,sim/out/host/grindsim --seed 700268 --scenario sim/mc/scenarios/sps80.json --set hx711_sps=80
sps80,sps80,700269,NONE (no result: boot timeout (ui state 0)),NONE,,,,sim/out/host/grindsim --seed 700269 --scenario sim/mc/scenarios/sps80.json --set hx711_sps=80
sps80,sps80,700270,NONE (no result: boot timeout (ui state 0)),NONE,,,,sim/out/host/grindsim --seed 700270 --scenario sim/mc/scenarios/sps80.json --set hx711_sps=80
sps80,sps80,700271,NONE (no result: boot timeout (ui state 0)),NONE,,,,sim/out/host/grindsim --seed 700271 --scenario sim/mc/scenarios/sps80.json --set hx711_sps=80
sps80,sps80,700272,NONE (no result: boot timeout (ui state 0)),NONE,,,,sim/out/host/grindsim --seed 700272 --scenario sim/mc/scenarios/sps80.json --set hx711_sps=80
sps80,sps80,700273,NONE (no result: boot timeout (ui state 0)),NONE,,,,sim/out/host/grindsim --seed 700273 --scenario sim/mc/scenarios/sps80.json --set hx711_sps=80
sps80,sps80,700274,NONE (no result: boot timeout (ui state 0)),NONE,,,,sim/out/host/grindsim --seed 700274 --scenario sim/mc/scenarios/sps80.json --set hx711_sps=80
sps80,sps80,700275,NONE (no result: boot timeout (ui state 0)),NONE,,,,sim/out/host/grindsim --seed 700275 --scenario sim/mc/scenarios/sps80.json --set hx711_sps=80
sps80,sps80,700276,NONE (no result: boot timeout (ui state 0)),NONE,,,,sim/out/host/grindsim --seed 700276 --scenario sim/mc/scenarios/sps80.json --set hx711_sps=80
sps80,sps80,700277,NONE (no result: boot timeout (ui state 0)),NONE,,,,sim/out/host/grindsim --seed 700277 --scenario sim/mc/scenarios/sps80.json --set hx711_sps=80
sps80,sps80,700278,NONE (no result: boot timeout (ui state 0)),NONE,,,,sim/out/host/grindsim --seed 700278 --scenario sim/mc/scenarios/sps80.json --set hx711_sps=80
sps80,sps80,700279,NONE (no result: boot timeout (ui state 0)),NONE,,,,sim/out/host/grindsim --seed 700279 --scenario sim/mc/scenarios/sps80.json --set hx711_sps=80
sps80,sps80,700280,NONE (no result: boot timeout (ui state 0)),NONE,,,,sim/out/host/grindsim --seed 700280 --scenario sim/mc/scenarios/sps80.json --set hx711_sps=80
sps80,sps80,700281,NONE (no result: boot timeout (ui state 0)),NONE,,,,sim/out/host/grindsim --seed 700281 --scenario sim/mc/scenarios/sps80.json --set hx711_sps=80
sps80,sps80,700282,NONE (no result: boot timeout (ui state 0)),NONE,,,,sim/out/host/grindsim --seed 700282 --scenario sim/mc/scenarios/sps80.json --set hx711_sps=80
sps80,sps80,700283,NONE (no result: boot timeout (ui state 0)),NONE,,,,sim/out/host/grindsim --seed 700283 --scenario sim/mc/scenarios/sps80.json --set hx711_sps=80
sps80,sps80,700284,NONE (no result: boot timeout (ui state 0)),NONE,,,,sim/out/host/grindsim --seed 700284 --scenario sim/mc/scenarios/sps80.json --set hx711_sps=80
sps80,sps80,700285,NONE (no result: boot timeout (ui state 0)),NONE,,,,sim/out/host/grindsim --seed 700285 --scenario sim/mc/scenarios/sps80.json --set hx711_sps=80
sps80,sps80,700286,NONE (no result: boot timeout (ui state 0)),NONE,,,,sim/out/host/grindsim --seed 700286 --scenario sim/mc/scenarios/sps80.json --set hx711_sps=80
sps80,sps80,700287,NONE (no result: boot timeout (ui state 0)),NONE,,,,sim/out/host/grindsim --seed 700287 --scenario sim/mc/scenarios/sps80.json --set hx711_sps=80
sps80,sps80,700288,NONE (no result: boot timeout (ui state 0)),NONE,,,,sim/out/host/grindsim --seed 700288 --scenario sim/mc/scenarios/sps80.json --set hx711_sps=80
sps80,sps80,700289,NONE (no result: boot timeout (ui state 0)),NONE,,,,sim/out/host/grindsim --seed 700289 --scenario sim/mc/scenarios/sps80.json --set hx711_sps=80
sps80,sps80,700290,NONE (no result: boot timeout (ui state 0)),NONE,,,,sim/out/host/grindsim --seed 700290 --scenario sim/mc/scenarios/sps80.json --set hx711_sps=80
sps80,sps80,700291,NONE (no result: boot timeout (ui state 0)),NONE,,,,sim/out/host/grindsim --seed 700291 --scenario sim/mc/scenarios/sps80.json --set hx711_sps=80
sps80,sps80,700292,NONE (no result: boot timeout (ui state 0)),NONE,,,,sim/out/host/grindsim --seed 700292 --scenario sim/mc/scenarios/sps80.json --set hx711_sps=80
sps80,sps80,700293,NONE (no result: boot timeout (ui state 0)),NONE,,,,sim/out/host/grindsim --seed 700293 --scenario sim/mc/scenarios/sps80.json --set hx711_sps=80
sps80,sps80,700294,NONE (no result: boot timeout (ui state 0)),NONE,,,,sim/out/host/grindsim --seed 700294 --scenario sim/mc/scenarios/sps80.json --set hx711_sps=80
sps80,sps80,700295,NONE (no result: boot timeout (ui state 0)),NONE,,,,sim/out/host/grindsim --seed 700295 --scenario sim/mc/scenarios/sps80.json --set hx711_sps=80
sps80,sps80,700296,NONE (no result: boot timeout (ui state 0)),NONE,,,,sim/out/host/grindsim --seed 700296 --scenario sim/mc/scenarios/sps80.json --set hx711_sps=80
sps80,sps80,700297,NONE (no result: boot timeout (ui state 0)),NONE,,,,sim/out/host/grindsim --seed 700297 --scenario sim/mc/scenarios/sps80.json --set hx711_sps=80
sps80,sps80,700298,NONE (no result: boot timeout (ui state 0)),NONE,,,,sim/out/host/grindsim --seed 700298 --scenario sim/mc/scenarios/sps80.json --set hx711_sps=80
sps80,sps80,700299,NONE (no result: boot timeout (ui state 0)),NONE,,,,sim/out/host/grindsim --seed 700299 --scenario sim/mc/scenarios/sps80.json --set hx711_sps=80
sps30,sps30,710000,SUCCESS (true err < -0.03),SUCCESS,,-0.0322,,sim/out/host/grindsim --seed 710000 --scenario sim/mc/scenarios/sps30.json --set hx711_sps=30
sps30,sps30,710001,SUCCESS (true err < -0.03),SUCCESS,,-0.0309,,sim/out/host/grindsim --seed 710001 --scenario sim/mc/scenarios/sps30.json --set hx711_sps=30
sps30,sps30,710002,SUCCESS (true err < -0.03),SUCCESS,,-0.0321,,sim/out/host/grindsim --seed 710002 --scenario sim/mc/scenarios/sps30.json --set hx711_sps=30
sps30,sps30,710003,SUCCESS (true err < -0.03),SUCCESS,,-0.0319,,sim/out/host/grindsim --seed 710003 --scenario sim/mc/scenarios/sps30.json --set hx711_sps=30
sps30,sps30,710006,SUCCESS (true err < -0.03),SUCCESS,,-0.0302,,sim/out/host/grindsim --seed 710006 --scenario sim/mc/scenarios/sps30.json --set hx711_sps=30
sps30,sps30,710009,SUCCESS (true err < -0.03),SUCCESS,,-0.0358,,sim/out/host/grindsim --seed 710009 --scenario sim/mc/scenarios/sps30.json --set hx711_sps=30
sps30,sps30,710010,SUCCESS (true err < -0.03),SUCCESS,,-0.0366,,sim/out/host/grindsim --seed 710010 --scenario sim/mc/scenarios/sps30.json --set hx711_sps=30
sps30,sps30,710011,SUCCESS (true err < -0.03),SUCCESS,,-0.0352,,sim/out/host/grindsim --seed 710011 --scenario sim/mc/scenarios/sps30.json --set hx711_sps=30
sps30,sps30,710012,SUCCESS (true err < -0.03),SUCCESS,,-0.0323,,sim/out/host/grindsim --seed 710012 --scenario sim/mc/scenarios/sps30.json --set hx711_sps=30
sps30,sps30,710014,OVERSHOOT,OVERSHOOT,,0.0264,,sim/out/host/grindsim --seed 710014 --scenario sim/mc/scenarios/sps30.json --set hx711_sps=30
sps30,sps30,710015,SUCCESS (true err < -0.03),SUCCESS,,-0.0334,,sim/out/host/grindsim --seed 710015 --scenario sim/mc/scenarios/sps30.json --set hx711_sps=30
sps30,sps30,710016,SUCCESS (true err < -0.03),SUCCESS,,-0.0374,,sim/out/host/grindsim --seed 710016 --scenario sim/mc/scenarios/sps30.json --set hx711_sps=30
sps30,sps30,710017,OVERSHOOT,OVERSHOOT,,0.1617,,sim/out/host/grindsim --seed 710017 --scenario sim/mc/scenarios/sps30.json --set hx711_sps=30
sps30,sps30,710021,SUCCESS (true err < -0.03),SUCCESS,,-0.0358,,sim/out/host/grindsim --seed 710021 --scenario sim/mc/scenarios/sps30.json --set hx711_sps=30
sps30,sps30,710022,SUCCESS (true err < -0.03),SUCCESS,,-0.0313,,sim/out/host/grindsim --seed 710022 --scenario sim/mc/scenarios/sps30.json --set hx711_sps=30
sps30,sps30,710023,SUCCESS (true err < -0.03),SUCCESS,,-0.0328,,sim/out/host/grindsim --seed 710023 --scenario sim/mc/scenarios/sps30.json --set hx711_sps=30
sps30,sps30,710027,SUCCESS (true err < -0.03),SUCCESS,,-0.0325,,sim/out/host/grindsim --seed 710027 --scenario sim/mc/scenarios/sps30.json --set hx711_sps=30
sps30,sps30,710029,SUCCESS (true err < -0.03),SUCCESS,,-0.0303,,sim/out/host/grindsim --seed 710029 --scenario sim/mc/scenarios/sps30.json --set hx711_sps=30
sps30,sps30,710030,SUCCESS (true err < -0.03),SUCCESS,,-0.0385,,sim/out/host/grindsim --seed 710030 --scenario sim/mc/scenarios/sps30.json --set hx711_sps=30
sps30,sps30,710032,SUCCESS (true err < -0.03),SUCCESS,,-0.0306,,sim/out/host/grindsim --seed 710032 --scenario sim/mc/scenarios/sps30.json --set hx711_sps=30
sps30,sps30,710036,SUCCESS (true err < -0.03),SUCCESS,,-0.0304,,sim/out/host/grindsim --seed 710036 --scenario sim/mc/scenarios/sps30.json --set hx711_sps=30
sps30,sps30,710037,OVERSHOOT,OVERSHOOT,,0.0815,,sim/out/host/grindsim --seed 710037 --scenario sim/mc/scenarios/sps30.json --set hx711_sps=30
sps30,sps30,710038,SUCCESS (true err < -0.03),SUCCESS,,-0.0338,,sim/out/host/grindsim --seed 710038 --scenario sim/mc/scenarios/sps30.json --set hx711_sps=30
sps30,sps30,710039,SUCCESS (true err < -0.03),SUCCESS,,-0.0388,,sim/out/host/grindsim --seed 710039 --scenario sim/mc/scenarios/sps30.json --set hx711_sps=30
sps30,sps30,710040,SUCCESS (true err < -0.03),SUCCESS,,-0.0354,,sim/out/host/grindsim --seed 710040 --scenario sim/mc/scenarios/sps30.json --set hx711_sps=30
sps30,sps30,710041,SUCCESS (true err < -0.03),SUCCESS,,-0.0385,,sim/out/host/grindsim --seed 710041 --scenario sim/mc/scenarios/sps30.json --set hx711_sps=30
sps30,sps30,710042,SUCCESS (true err < -0.03),SUCCESS,,-0.0401,,sim/out/host/grindsim --seed 710042 --scenario sim/mc/scenarios/sps30.json --set hx711_sps=30
sps30,sps30,710044,SUCCESS (true err < -0.03),SUCCESS,,-0.0351,,sim/out/host/grindsim --seed 710044 --scenario sim/mc/scenarios/sps30.json --set hx711_sps=30
sps30,sps30,710045,SUCCESS (true err < -0.03),SUCCESS,,-0.0324,,sim/out/host/grindsim --seed 710045 --scenario sim/mc/scenarios/sps30.json --set hx711_sps=30
sps30,sps30,710046,SUCCESS (true err < -0.03),SUCCESS,,-0.0340,,sim/out/host/grindsim --seed 710046 --scenario sim/mc/scenarios/sps30.json --set hx711_sps=30
sps30,sps30,710047,SUCCESS (true err < -0.03),SUCCESS,,-0.0308,,sim/out/host/grindsim --seed 710047 --scenario sim/mc/scenarios/sps30.json --set hx711_sps=30
sps30,sps30,710048,SUCCESS (true err < -0.03),SUCCESS,,-0.0373,,sim/out/host/grindsim --seed 710048 --scenario sim/mc/scenarios/sps30.json --set hx711_sps=30
sps30,sps30,710050,SUCCESS (true err < -0.03),SUCCESS,,-0.0318,,sim/out/host/grindsim --seed 710050 --scenario sim/mc/scenarios/sps30.json --set hx711_sps=30
sps30,sps30,710052,SUCCESS (true err < -0.03),SUCCESS,,-0.0346,,sim/out/host/grindsim --seed 710052 --scenario sim/mc/scenarios/sps30.json --set hx711_sps=30
sps30,sps30,710057,SUCCESS (true err < -0.03),SUCCESS,,-0.0363,,sim/out/host/grindsim --seed 710057 --scenario sim/mc/scenarios/sps30.json --set hx711_sps=30
sps30,sps30,710058,SUCCESS (true err < -0.03),SUCCESS,,-0.0307,,sim/out/host/grindsim --seed 710058 --scenario sim/mc/scenarios/sps30.json --set hx711_sps=30
sps30,sps30,710060,SUCCESS (true err < -0.03),SUCCESS,,-0.0371,,sim/out/host/grindsim --seed 710060 --scenario sim/mc/scenarios/sps30.json --set hx711_sps=30
sps30,sps30,710061,SUCCESS (true err < -0.03),SUCCESS,,-0.0307,,sim/out/host/grindsim --seed 710061 --scenario sim/mc/scenarios/sps30.json --set hx711_sps=30
sps30,sps30,710062,SUCCESS (true err < -0.03),SUCCESS,,-0.0342,,sim/out/host/grindsim --seed 710062 --scenario sim/mc/scenarios/sps30.json --set hx711_sps=30
sps30,sps30,710063,SUCCESS (true err < -0.03),SUCCESS,,-0.0368,,sim/out/host/grindsim --seed 710063 --scenario sim/mc/scenarios/sps30.json --set hx711_sps=30
sps30,sps30,710065,SUCCESS (true err < -0.03),SUCCESS,,-0.0370,,sim/out/host/grindsim --seed 710065 --scenario sim/mc/scenarios/sps30.json --set hx711_sps=30
sps30,sps30,710067,OVERSHOOT,OVERSHOOT,,0.0363,,sim/out/host/grindsim --seed 710067 --scenario sim/mc/scenarios/sps30.json --set hx711_sps=30
sps30,sps30,710068,SUCCESS (true err < -0.03),SUCCESS,,-0.0332,,sim/out/host/grindsim --seed 710068 --scenario sim/mc/scenarios/sps30.json --set hx711_sps=30
sps30,sps30,710069,SUCCESS (true err < -0.03),SUCCESS,,-0.0320,,sim/out/host/grindsim --seed 710069 --scenario sim/mc/scenarios/sps30.json --set hx711_sps=30
sps30,sps30,710070,SUCCESS (true err < -0.03),SUCCESS,,-0.0303,,sim/out/host/grindsim --seed 710070 --scenario sim/mc/scenarios/sps30.json --set hx711_sps=30
sps30,sps30,710072,OVERSHOOT,OVERSHOOT,,0.0530,,sim/out/host/grindsim --seed 710072 --scenario sim/mc/scenarios/sps30.json --set hx711_sps=30
sps30,sps30,710076,OVERSHOOT,OVERSHOOT,,0.0577,,sim/out/host/grindsim --seed 710076 --scenario sim/mc/scenarios/sps30.json --set hx711_sps=30
sps30,sps30,710078,OVERSHOOT,OVERSHOOT,,0.0341,,sim/out/host/grindsim --seed 710078 --scenario sim/mc/scenarios/sps30.json --set hx711_sps=30
sps30,sps30,710079,SUCCESS (true err < -0.03),SUCCESS,,-0.0397,,sim/out/host/grindsim --seed 710079 --scenario sim/mc/scenarios/sps30.json --set hx711_sps=30
sps30,sps30,710081,SUCCESS (true err < -0.03),SUCCESS,,-0.0348,,sim/out/host/grindsim --seed 710081 --scenario sim/mc/scenarios/sps30.json --set hx711_sps=30
sps30,sps30,710083,SUCCESS (true err < -0.03),SUCCESS,,-0.0338,,sim/out/host/grindsim --seed 710083 --scenario sim/mc/scenarios/sps30.json --set hx711_sps=30
sps30,sps30,710084,SUCCESS (true err < -0.03),SUCCESS,,-0.0324,,sim/out/host/grindsim --seed 710084 --scenario sim/mc/scenarios/sps30.json --set hx711_sps=30
sps30,sps30,710085,SUCCESS (true err < -0.03),SUCCESS,,-0.0306,,sim/out/host/grindsim --seed 710085 --scenario sim/mc/scenarios/sps30.json --set hx711_sps=30
sps30,sps30,710086,SUCCESS (true err < -0.03),SUCCESS,,-0.0334,,sim/out/host/grindsim --seed 710086 --scenario sim/mc/scenarios/sps30.json --set hx711_sps=30
sps30,sps30,710088,SUCCESS (true err < -0.03),SUCCESS,,-0.0371,,sim/out/host/grindsim --seed 710088 --scenario sim/mc/scenarios/sps30.json --set hx711_sps=30
sps30,sps30,710091,SUCCESS (true err < -0.03),SUCCESS,,-0.0327,,sim/out/host/grindsim --seed 710091 --scenario sim/mc/scenarios/sps30.json --set hx711_sps=30
sps30,sps30,710093,SUCCESS (true err < -0.03),SUCCESS,,-0.0350,,sim/out/host/grindsim --seed 710093 --scenario sim/mc/scenarios/sps30.json --set hx711_sps=30
sps30,sps30,710094,OVERSHOOT,OVERSHOOT,,0.0283,,sim/out/host/grindsim --seed 710094 --scenario sim/mc/scenarios/sps30.json --set hx711_sps=30
sps30,sps30,710095,SUCCESS (true err < -0.03),SUCCESS,,-0.0308,,sim/out/host/grindsim --seed 710095 --scenario sim/mc/scenarios/sps30.json --set hx711_sps=30
sps30,sps30,710097,SUCCESS (true err < -0.03),SUCCESS,,-0.0390,,sim/out/host/grindsim --seed 710097 --scenario sim/mc/scenarios/sps30.json --set hx711_sps=30
sps30,sps30,710098,SUCCESS (true err < -0.03),SUCCESS,,-0.0340,,sim/out/host/grindsim --seed 710098 --scenario sim/mc/scenarios/sps30.json --set hx711_sps=30
sps30,sps30,710100,SUCCESS (true err < -0.03),SUCCESS,,-0.0331,,sim/out/host/grindsim --seed 710100 --scenario sim/mc/scenarios/sps30.json --set hx711_sps=30
sps30,sps30,710102,SUCCESS (true err < -0.03),SUCCESS,,-0.0340,,sim/out/host/grindsim --seed 710102 --scenario sim/mc/scenarios/sps30.json --set hx711_sps=30
sps30,sps30,710104,SUCCESS (true err < -0.03),SUCCESS,,-0.0327,,sim/out/host/grindsim --seed 710104 --scenario sim/mc/scenarios/sps30.json --set hx711_sps=30
sps30,sps30,710105,SUCCESS (true err < -0.03),SUCCESS,,-0.0305,,sim/out/host/grindsim --seed 710105 --scenario sim/mc/scenarios/sps30.json --set hx711_sps=30
sps30,sps30,710107,SUCCESS (true err < -0.03),SUCCESS,,-0.0362,,sim/out/host/grindsim --seed 710107 --scenario sim/mc/scenarios/sps30.json --set hx711_sps=30
sps30,sps30,710110,SUCCESS (true err < -0.03),SUCCESS,,-0.0305,,sim/out/host/grindsim --seed 710110 --scenario sim/mc/scenarios/sps30.json --set hx711_sps=30
sps30,sps30,710111,SUCCESS (true err < -0.03),SUCCESS,,-0.0329,,sim/out/host/grindsim --seed 710111 --scenario sim/mc/scenarios/sps30.json --set hx711_sps=30
sps30,sps30,710115,SUCCESS (true err < -0.03),SUCCESS,,-0.0331,,sim/out/host/grindsim --seed 710115 --scenario sim/mc/scenarios/sps30.json --set hx711_sps=30
sps30,sps30,710116,SUCCESS (true err < -0.03),SUCCESS,,-0.0372,,sim/out/host/grindsim --seed 710116 --scenario sim/mc/scenarios/sps30.json --set hx711_sps=30
sps30,sps30,710117,SUCCESS (true err < -0.03),SUCCESS,,-0.0331,,sim/out/host/grindsim --seed 710117 --scenario sim/mc/scenarios/sps30.json --set hx711_sps=30
sps30,sps30,710120,SUCCESS (true err < -0.03),SUCCESS,,-0.0312,,sim/out/host/grindsim --seed 710120 --scenario sim/mc/scenarios/sps30.json --set hx711_sps=30
sps30,sps30,710121,SUCCESS (true err < -0.03),SUCCESS,,-0.0328,,sim/out/host/grindsim --seed 710121 --scenario sim/mc/scenarios/sps30.json --set hx711_sps=30
sps30,sps30,710123,SUCCESS (true err < -0.03),SUCCESS,,-0.0399,,sim/out/host/grindsim --seed 710123 --scenario sim/mc/scenarios/sps30.json --set hx711_sps=30
sps30,sps30,710124,SUCCESS (true err < -0.03),SUCCESS,,-0.0385,,sim/out/host/grindsim --seed 710124 --scenario sim/mc/scenarios/sps30.json --set hx711_sps=30
sps30,sps30,710125,SUCCESS (true err < -0.03),SUCCESS,,-0.0358,,sim/out/host/grindsim --seed 710125 --scenario sim/mc/scenarios/sps30.json --set hx711_sps=30
sps30,sps30,710126,SUCCESS (true err < -0.03),SUCCESS,,-0.0329,,sim/out/host/grindsim --seed 710126 --scenario sim/mc/scenarios/sps30.json --set hx711_sps=30
sps30,sps30,710128,SUCCESS (true err < -0.03),SUCCESS,,-0.0329,,sim/out/host/grindsim --seed 710128 --scenario sim/mc/scenarios/sps30.json --set hx711_sps=30
sps30,sps30,710132,SUCCESS (true err < -0.03),SUCCESS,,-0.0302,,sim/out/host/grindsim --seed 710132 --scenario sim/mc/scenarios/sps30.json --set hx711_sps=30
sps30,sps30,710133,SUCCESS (true err < -0.03),SUCCESS,,-0.0328,,sim/out/host/grindsim --seed 710133 --scenario sim/mc/scenarios/sps30.json --set hx711_sps=30
sps30,sps30,710135,SUCCESS (true err < -0.03),SUCCESS,,-0.0320,,sim/out/host/grindsim --seed 710135 --scenario sim/mc/scenarios/sps30.json --set hx711_sps=30
sps30,sps30,710137,OVERSHOOT,OVERSHOOT,,0.0397,,sim/out/host/grindsim --seed 710137 --scenario sim/mc/scenarios/sps30.json --set hx711_sps=30
sps30,sps30,710138,SUCCESS (true err < -0.03),SUCCESS,,-0.0310,,sim/out/host/grindsim --seed 710138 --scenario sim/mc/scenarios/sps30.json --set hx711_sps=30
sps30,sps30,710139,OVERSHOOT,OVERSHOOT,,0.0439,,sim/out/host/grindsim --seed 710139 --scenario sim/mc/scenarios/sps30.json --set hx711_sps=30
sps30,sps30,710140,SUCCESS (true err < -0.03),SUCCESS,,-0.0331,,sim/out/host/grindsim --seed 710140 --scenario sim/mc/scenarios/sps30.json --set hx711_sps=30
sps30,sps30,710141,SUCCESS (true err < -0.03),SUCCESS,,-0.0328,,sim/out/host/grindsim --seed 710141 --scenario sim/mc/scenarios/sps30.json --set hx711_sps=30
sps30,sps30,710142,SUCCESS (true err < -0.03),SUCCESS,,-0.0379,,sim/out/host/grindsim --seed 710142 --scenario sim/mc/scenarios/sps30.json --set hx711_sps=30
sps30,sps30,710144,SUCCESS (true err < -0.03),SUCCESS,,-0.0328,,sim/out/host/grindsim --seed 710144 --scenario sim/mc/scenarios/sps30.json --set hx711_sps=30
sps30,sps30,710145,SUCCESS (true err < -0.03),SUCCESS,,-0.0357,,sim/out/host/grindsim --seed 710145 --scenario sim/mc/scenarios/sps30.json --set hx711_sps=30
sps30,sps30,710146,SUCCESS (true err < -0.03),SUCCESS,,-0.0335,,sim/out/host/grindsim --seed 710146 --scenario sim/mc/scenarios/sps30.json --set hx711_sps=30
sps30,sps30,710148,SUCCESS (true err < -0.03),SUCCESS,,-0.0363,,sim/out/host/grindsim --seed 710148 --scenario sim/mc/scenarios/sps30.json --set hx711_sps=30
sps30,sps30,710149,SUCCESS (true err < -0.03),SUCCESS,,-0.0358,,sim/out/host/grindsim --seed 710149 --scenario sim/mc/scenarios/sps30.json --set hx711_sps=30
sps30,sps30,710151,SUCCESS (true err < -0.03),SUCCESS,,-0.0372,,sim/out/host/grindsim --seed 710151 --scenario sim/mc/scenarios/sps30.json --set hx711_sps=30
sps30,sps30,710152,SUCCESS (true err < -0.03),SUCCESS,,-0.0357,,sim/out/host/grindsim --seed 710152 --scenario sim/mc/scenarios/sps30.json --set hx711_sps=30
sps30,sps30,710154,SUCCESS (true err < -0.03),SUCCESS,,-0.0319,,sim/out/host/grindsim --seed 710154 --scenario sim/mc/scenarios/sps30.json --set hx711_sps=30
sps30,sps30,710156,SUCCESS (true err < -0.03),SUCCESS,,-0.0314,,sim/out/host/grindsim --seed 710156 --scenario sim/mc/scenarios/sps30.json --set hx711_sps=30
sps30,sps30,710157,SUCCESS (true err < -0.03),SUCCESS,,-0.0380,,sim/out/host/grindsim --seed 710157 --scenario sim/mc/scenarios/sps30.json --set hx711_sps=30
sps30,sps30,710158,SUCCESS (true err < -0.03),SUCCESS,,-0.0308,,sim/out/host/grindsim --seed 710158 --scenario sim/mc/scenarios/sps30.json --set hx711_sps=30
sps30,sps30,710160,SUCCESS (true err < -0.03),SUCCESS,,-0.0337,,sim/out/host/grindsim --seed 710160 --scenario sim/mc/scenarios/sps30.json --set hx711_sps=30
sps30,sps30,710161,SUCCESS (true err < -0.03),SUCCESS,,-0.0355,,sim/out/host/grindsim --seed 710161 --scenario sim/mc/scenarios/sps30.json --set hx711_sps=30
sps30,sps30,710162,SUCCESS (true err < -0.03),SUCCESS,,-0.0344,,sim/out/host/grindsim --seed 710162 --scenario sim/mc/scenarios/sps30.json --set hx711_sps=30
sps30,sps30,710164,SUCCESS (true err < -0.03),SUCCESS,,-0.0345,,sim/out/host/grindsim --seed 710164 --scenario sim/mc/scenarios/sps30.json --set hx711_sps=30
sps30,sps30,710165,SUCCESS (true err < -0.03),SUCCESS,,-0.0340,,sim/out/host/grindsim --seed 710165 --scenario sim/mc/scenarios/sps30.json --set hx711_sps=30
sps30,sps30,710166,SUCCESS (true err < -0.03),SUCCESS,,-0.0314,,sim/out/host/grindsim --seed 710166 --scenario sim/mc/scenarios/sps30.json --set hx711_sps=30
sps30,sps30,710167,SUCCESS (true err < -0.03),SUCCESS,,-0.0343,,sim/out/host/grindsim --seed 710167 --scenario sim/mc/scenarios/sps30.json --set hx711_sps=30
sps30,sps30,710168,SUCCESS (true err < -0.03),SUCCESS,,-0.0316,,sim/out/host/grindsim --seed 710168 --scenario sim/mc/scenarios/sps30.json --set hx711_sps=30
sps30,sps30,710170,SUCCESS (true err < -0.03),SUCCESS,,-0.0340,,sim/out/host/grindsim --seed 710170 --scenario sim/mc/scenarios/sps30.json --set hx711_sps=30
sps30,sps30,710171,SUCCESS (true err < -0.03),SUCCESS,,-0.0348,,sim/out/host/grindsim --seed 710171 --scenario sim/mc/scenarios/sps30.json --set hx711_sps=30
sps30,sps30,710176,SUCCESS (true err < -0.03),SUCCESS,,-0.0328,,sim/out/host/grindsim --seed 710176 --scenario sim/mc/scenarios/sps30.json --set hx711_sps=30
sps30,sps30,710177,SUCCESS (true err < -0.03),SUCCESS,,-0.0318,,sim/out/host/grindsim --seed 710177 --scenario sim/mc/scenarios/sps30.json --set hx711_sps=30
sps30,sps30,710178,SUCCESS (true err < -0.03),SUCCESS,,-0.0381,,sim/out/host/grindsim --seed 710178 --scenario sim/mc/scenarios/sps30.json --set hx711_sps=30
sps30,sps30,710179,SUCCESS (true err < -0.03),SUCCESS,,-0.0368,,sim/out/host/grindsim --seed 710179 --scenario sim/mc/scenarios/sps30.json --set hx711_sps=30
sps30,sps30,710180,SUCCESS (true err < -0.03),SUCCESS,,-0.0346,,sim/out/host/grindsim --seed 710180 --scenario sim/mc/scenarios/sps30.json --set hx711_sps=30
sps30,sps30,710181,SUCCESS (true err < -0.03),SUCCESS,,-0.0308,,sim/out/host/grindsim --seed 710181 --scenario sim/mc/scenarios/sps30.json --set hx711_sps=30
sps30,sps30,710184,SUCCESS (true err < -0.03),SUCCESS,,-0.0344,,sim/out/host/grindsim --seed 710184 --scenario sim/mc/scenarios/sps30.json --set hx711_sps=30
sps30,sps30,710185,SUCCESS (true err < -0.03),SUCCESS,,-0.0340,,sim/out/host/grindsim --seed 710185 --scenario sim/mc/scenarios/sps30.json --set hx711_sps=30
sps30,sps30,710187,SUCCESS (true err < -0.03),SUCCESS,,-0.0323,,sim/out/host/grindsim --seed 710187 --scenario sim/mc/scenarios/sps30.json --set hx711_sps=30
sps30,sps30,710189,SUCCESS (true err < -0.03),SUCCESS,,-0.0316,,sim/out/host/grindsim --seed 710189 --scenario sim/mc/scenarios/sps30.json --set hx711_sps=30
sps30,sps30,710192,SUCCESS (true err < -0.03),SUCCESS,,-0.0330,,sim/out/host/grindsim --seed 710192 --scenario sim/mc/scenarios/sps30.json --set hx711_sps=30
sps30,sps30,710194,SUCCESS (true err < -0.03),SUCCESS,,-0.0301,,sim/out/host/grindsim --seed 710194 --scenario sim/mc/scenarios/sps30.json --set hx711_sps=30
sps30,sps30,710195,SUCCESS (true err < -0.03),SUCCESS,,-0.0377,,sim/out/host/grindsim --seed 710195 --scenario sim/mc/scenarios/sps30.json --set hx711_sps=30
sps30,sps30,710197,SUCCESS (true err < -0.03),SUCCESS,,-0.0321,,sim/out/host/grindsim --seed 710197 --scenario sim/mc/scenarios/sps30.json --set hx711_sps=30
sps30,sps30,710198,SUCCESS (true err < -0.03),SUCCESS,,-0.0345,,sim/out/host/grindsim --seed 710198 --scenario sim/mc/scenarios/sps30.json --set hx711_sps=30
sps30,sps30,710199,SUCCESS (true err < -0.03),SUCCESS,,-0.0320,,sim/out/host/grindsim --seed 710199 --scenario sim/mc/scenarios/sps30.json --set hx711_sps=30
sps30,sps30,710200,SUCCESS (true err < -0.03),SUCCESS,,-0.0311,,sim/out/host/grindsim --seed 710200 --scenario sim/mc/scenarios/sps30.json --set hx711_sps=30
sps30,sps30,710201,SUCCESS (true err < -0.03),SUCCESS,,-0.0379,,sim/out/host/grindsim --seed 710201 --scenario sim/mc/scenarios/sps30.json --set hx711_sps=30
sps30,sps30,710202,SUCCESS (true err < -0.03),SUCCESS,,-0.0352,,sim/out/host/grindsim --seed 710202 --scenario sim/mc/scenarios/sps30.json --set hx711_sps=30
sps30,sps30,710203,OVERSHOOT,OVERSHOOT,,0.0523,,sim/out/host/grindsim --seed 710203 --scenario sim/mc/scenarios/sps30.json --set hx711_sps=30
sps30,sps30,710204,SUCCESS (true err < -0.03),SUCCESS,,-0.0336,,sim/out/host/grindsim --seed 710204 --scenario sim/mc/scenarios/sps30.json --set hx711_sps=30
sps30,sps30,710207,SUCCESS (true err < -0.03),SUCCESS,,-0.0369,,sim/out/host/grindsim --seed 710207 --scenario sim/mc/scenarios/sps30.json --set hx711_sps=30
sps30,sps30,710213,SUCCESS (true err < -0.03),SUCCESS,,-0.0388,,sim/out/host/grindsim --seed 710213 --scenario sim/mc/scenarios/sps30.json --set hx711_sps=30
sps30,sps30,710215,SUCCESS (true err < -0.03),SUCCESS,,-0.0310,,sim/out/host/grindsim --seed 710215 --scenario sim/mc/scenarios/sps30.json --set hx711_sps=30
sps30,sps30,710216,SUCCESS (true err < -0.03),SUCCESS,,-0.0323,,sim/out/host/grindsim --seed 710216 --scenario sim/mc/scenarios/sps30.json --set hx711_sps=30
sps30,sps30,710218,SUCCESS (true err < -0.03),SUCCESS,,-0.0393,,sim/out/host/grindsim --seed 710218 --scenario sim/mc/scenarios/sps30.json --set hx711_sps=30
sps30,sps30,710221,SUCCESS (true err < -0.03),SUCCESS,,-0.0316,,sim/out/host/grindsim --seed 710221 --scenario sim/mc/scenarios/sps30.json --set hx711_sps=30
sps30,sps30,710223,SUCCESS (true err < -0.03),SUCCESS,,-0.0303,,sim/out/host/grindsim --seed 710223 --scenario sim/mc/scenarios/sps30.json --set hx711_sps=30
sps30,sps30,710224,SUCCESS (true err < -0.03),SUCCESS,,-0.0305,,sim/out/host/grindsim --seed 710224 --scenario sim/mc/scenarios/sps30.json --set hx711_sps=30
sps30,sps30,710228,SUCCESS (true err < -0.03),SUCCESS,,-0.0303,,sim/out/host/grindsim --seed 710228 --scenario sim/mc/scenarios/sps30.json --set hx711_sps=30
sps30,sps30,710229,SUCCESS (true err < -0.03),SUCCESS,,-0.0371,,sim/out/host/grindsim --seed 710229 --scenario sim/mc/scenarios/sps30.json --set hx711_sps=30
sps30,sps30,710230,SUCCESS (true err < -0.03),SUCCESS,,-0.0326,,sim/out/host/grindsim --seed 710230 --scenario sim/mc/scenarios/sps30.json --set hx711_sps=30
sps30,sps30,710232,SUCCESS (true err < -0.03),SUCCESS,,-0.0342,,sim/out/host/grindsim --seed 710232 --scenario sim/mc/scenarios/sps30.json --set hx711_sps=30
sps30,sps30,710233,SUCCESS (true err < -0.03),SUCCESS,,-0.0323,,sim/out/host/grindsim --seed 710233 --scenario sim/mc/scenarios/sps30.json --set hx711_sps=30
sps30,sps30,710235,SUCCESS (true err < -0.03),SUCCESS,,-0.0392,,sim/out/host/grindsim --seed 710235 --scenario sim/mc/scenarios/sps30.json --set hx711_sps=30
sps30,sps30,710237,SUCCESS (true err < -0.03),SUCCESS,,-0.0353,,sim/out/host/grindsim --seed 710237 --scenario sim/mc/scenarios/sps30.json --set hx711_sps=30
sps30,sps30,710238,SUCCESS (true err < -0.03),SUCCESS,,-0.0334,,sim/out/host/grindsim --seed 710238 --scenario sim/mc/scenarios/sps30.json --set hx711_sps=30
sps30,sps30,710240,SUCCESS (true err < -0.03),SUCCESS,,-0.0315,,sim/out/host/grindsim --seed 710240 --scenario sim/mc/scenarios/sps30.json --set hx711_sps=30
sps30,sps30,710241,SUCCESS (true err < -0.03),SUCCESS,,-0.0379,,sim/out/host/grindsim --seed 710241 --scenario sim/mc/scenarios/sps30.json --set hx711_sps=30
sps30,sps30,710242,SUCCESS (true err < -0.03),SUCCESS,,-0.0355,,sim/out/host/grindsim --seed 710242 --scenario sim/mc/scenarios/sps30.json --set hx711_sps=30
sps30,sps30,710244,SUCCESS (true err < -0.03),SUCCESS,,-0.0363,,sim/out/host/grindsim --seed 710244 --scenario sim/mc/scenarios/sps30.json --set hx711_sps=30
sps30,sps30,710247,OVERSHOOT,OVERSHOOT,,0.0520,,sim/out/host/grindsim --seed 710247 --scenario sim/mc/scenarios/sps30.json --set hx711_sps=30
sps30,sps30,710251,SUCCESS (true err < -0.03),SUCCESS,,-0.0327,,sim/out/host/grindsim --seed 710251 --scenario sim/mc/scenarios/sps30.json --set hx711_sps=30
sps30,sps30,710252,SUCCESS (true err < -0.03),SUCCESS,,-0.0305,,sim/out/host/grindsim --seed 710252 --scenario sim/mc/scenarios/sps30.json --set hx711_sps=30
sps30,sps30,710253,SUCCESS (true err < -0.03),SUCCESS,,-0.0377,,sim/out/host/grindsim --seed 710253 --scenario sim/mc/scenarios/sps30.json --set hx711_sps=30
sps30,sps30,710254,SUCCESS (true err < -0.03),SUCCESS,,-0.0312,,sim/out/host/grindsim --seed 710254 --scenario sim/mc/scenarios/sps30.json --set hx711_sps=30
sps30,sps30,710255,SUCCESS (true err < -0.03),SUCCESS,,-0.0334,,sim/out/host/grindsim --seed 710255 --scenario sim/mc/scenarios/sps30.json --set hx711_sps=30
sps30,sps30,710256,SUCCESS (true err < -0.03),SUCCESS,,-0.0333,,sim/out/host/grindsim --seed 710256 --scenario sim/mc/scenarios/sps30.json --set hx711_sps=30
sps30,sps30,710257,SUCCESS (true err < -0.03),SUCCESS,,-0.0341,,sim/out/host/grindsim --seed 710257 --scenario sim/mc/scenarios/sps30.json --set hx711_sps=30
sps30,sps30,710258,SUCCESS (true err < -0.03),SUCCESS,,-0.0311,,sim/out/host/grindsim --seed 710258 --scenario sim/mc/scenarios/sps30.json --set hx711_sps=30
sps30,sps30,710259,SUCCESS (true err < -0.03),SUCCESS,,-0.0335,,sim/out/host/grindsim --seed 710259 --scenario sim/mc/scenarios/sps30.json --set hx711_sps=30
sps30,sps30,710262,OVERSHOOT,OVERSHOOT,,0.1105,,sim/out/host/grindsim --seed 710262 --scenario sim/mc/scenarios/sps30.json --set hx711_sps=30
sps30,sps30,710263,SUCCESS (true err < -0.03),SUCCESS,,-0.0346,,sim/out/host/grindsim --seed 710263 --scenario sim/mc/scenarios/sps30.json --set hx711_sps=30
sps30,sps30,710264,SUCCESS (true err < -0.03),SUCCESS,,-0.0302,,sim/out/host/grindsim --seed 710264 --scenario sim/mc/scenarios/sps30.json --set hx711_sps=30
sps30,sps30,710267,SUCCESS (true err < -0.03),SUCCESS,,-0.0322,,sim/out/host/grindsim --seed 710267 --scenario sim/mc/scenarios/sps30.json --set hx711_sps=30
sps30,sps30,710268,SUCCESS (true err < -0.03),SUCCESS,,-0.0320,,sim/out/host/grindsim --seed 710268 --scenario sim/mc/scenarios/sps30.json --set hx711_sps=30
sps30,sps30,710269,SUCCESS (true err < -0.03),SUCCESS,,-0.0336,,sim/out/host/grindsim --seed 710269 --scenario sim/mc/scenarios/sps30.json --set hx711_sps=30
sps30,sps30,710271,SUCCESS (true err < -0.03),SUCCESS,,-0.0304,,sim/out/host/grindsim --seed 710271 --scenario sim/mc/scenarios/sps30.json --set hx711_sps=30
sps30,sps30,710276,SUCCESS (true err < -0.03),SUCCESS,,-0.0400,,sim/out/host/grindsim --seed 710276 --scenario sim/mc/scenarios/sps30.json --set hx711_sps=30
sps30,sps30,710277,SUCCESS (true err < -0.03),SUCCESS,,-0.0317,,sim/out/host/grindsim --seed 710277 --scenario sim/mc/scenarios/sps30.json --set hx711_sps=30
sps30,sps30,710278,SUCCESS (true err < -0.03),SUCCESS,,-0.0328,,sim/out/host/grindsim --seed 710278 --scenario sim/mc/scenarios/sps30.json --set hx711_sps=30
sps30,sps30,710279,SUCCESS (true err < -0.03),SUCCESS,,-0.0317,,sim/out/host/grindsim --seed 710279 --scenario sim/mc/scenarios/sps30.json --set hx711_sps=30
sps30,sps30,710280,SUCCESS (true err < -0.03),SUCCESS,,-0.0372,,sim/out/host/grindsim --seed 710280 --scenario sim/mc/scenarios/sps30.json --set hx711_sps=30
sps30,sps30,710283,SUCCESS (true err < -0.03),SUCCESS,,-0.0302,,sim/out/host/grindsim --seed 710283 --scenario sim/mc/scenarios/sps30.json --set hx711_sps=30
sps30,sps30,710284,SUCCESS (true err < -0.03),SUCCESS,,-0.0314,,sim/out/host/grindsim --seed 710284 --scenario sim/mc/scenarios/sps30.json --set hx711_sps=30
sps30,sps30,710285,SUCCESS (true err < -0.03),SUCCESS,,-0.0359,,sim/out/host/grindsim --seed 710285 --scenario sim/mc/scenarios/sps30.json --set hx711_sps=30
sps30,sps30,710286,SUCCESS (true err < -0.03),SUCCESS,,-0.0326,,sim/out/host/grindsim --seed 710286 --scenario sim/mc/scenarios/sps30.json --set hx711_sps=30
sps30,sps30,710288,SUCCESS (true err < -0.03),SUCCESS,,-0.0350,,sim/out/host/grindsim --seed 710288 --scenario sim/mc/scenarios/sps30.json --set hx711_sps=30
sps30,sps30,710289,SUCCESS (true err < -0.03),SUCCESS,,-0.0334,,sim/out/host/grindsim --seed 710289 --scenario sim/mc/scenarios/sps30.json --set hx711_sps=30
sps30,sps30,710290,SUCCESS (true err < -0.03),SUCCESS,,-0.0338,,sim/out/host/grindsim --seed 710290 --scenario sim/mc/scenarios/sps30.json --set hx711_sps=30
sps30,sps30,710291,SUCCESS (true err < -0.03),SUCCESS,,-0.0314,,sim/out/host/grindsim --seed 710291 --scenario sim/mc/scenarios/sps30.json --set hx711_sps=30
sps30,sps30,710293,SUCCESS (true err < -0.03),SUCCESS,,-0.0316,,sim/out/host/grindsim --seed 710293 --scenario sim/mc/scenarios/sps30.json --set hx711_sps=30
sps30,sps30,710296,SUCCESS (true err < -0.03),SUCCESS,,-0.0374,,sim/out/host/grindsim --seed 710296 --scenario sim/mc/scenarios/sps30.json --set hx711_sps=30
sps30,sps30,710298,SUCCESS (true err < -0.03),SUCCESS,,-0.0306,,sim/out/host/grindsim --seed 710298 --scenario sim/mc/scenarios/sps30.json --set hx711_sps=30
sps30,sps30,710299,SUCCESS (true err < -0.03),SUCCESS,,-0.0356,,sim/out/host/grindsim --seed 710299 --scenario sim/mc/scenarios/sps30.json --set hx711_sps=30
targets,target_09,800002,SUCCESS (true err < -0.03),SUCCESS,,-0.0371,,sim/out/host/grindsim --seed 800002 --scenario sim/mc/scenarios/target_09.json
targets,target_09,800003,SUCCESS (true err < -0.03),SUCCESS,,-0.0343,,sim/out/host/grindsim --seed 800003 --scenario sim/mc/scenarios/target_09.json
targets,target_09,800004,SUCCESS (true err < -0.03),SUCCESS,,-0.0309,,sim/out/host/grindsim --seed 800004 --scenario sim/mc/scenarios/target_09.json
targets,target_09,800007,OVERSHOOT,OVERSHOOT,,0.0475,,sim/out/host/grindsim --seed 800007 --scenario sim/mc/scenarios/target_09.json
targets,target_09,800008,SUCCESS (true err < -0.03),SUCCESS,,-0.0310,,sim/out/host/grindsim --seed 800008 --scenario sim/mc/scenarios/target_09.json
targets,target_09,800009,SUCCESS (true err < -0.03),SUCCESS,,-0.0318,,sim/out/host/grindsim --seed 800009 --scenario sim/mc/scenarios/target_09.json
targets,target_09,800015,SUCCESS (true err < -0.03),SUCCESS,,-0.0404,,sim/out/host/grindsim --seed 800015 --scenario sim/mc/scenarios/target_09.json
targets,target_09,800016,OVERSHOOT,OVERSHOOT,,0.1276,,sim/out/host/grindsim --seed 800016 --scenario sim/mc/scenarios/target_09.json
targets,target_09,800017,SUCCESS (true err < -0.03),SUCCESS,,-0.0337,,sim/out/host/grindsim --seed 800017 --scenario sim/mc/scenarios/target_09.json
targets,target_09,800020,SUCCESS (true err < -0.03),SUCCESS,,-0.0320,,sim/out/host/grindsim --seed 800020 --scenario sim/mc/scenarios/target_09.json
targets,target_09,800021,SUCCESS (true err < -0.03),SUCCESS,,-0.0305,,sim/out/host/grindsim --seed 800021 --scenario sim/mc/scenarios/target_09.json
targets,target_09,800022,SUCCESS (true err < -0.03),SUCCESS,,-0.0348,,sim/out/host/grindsim --seed 800022 --scenario sim/mc/scenarios/target_09.json
targets,target_09,800024,SUCCESS (true err < -0.03),SUCCESS,,-0.0325,,sim/out/host/grindsim --seed 800024 --scenario sim/mc/scenarios/target_09.json
targets,target_09,800025,SUCCESS (true err < -0.03),SUCCESS,,-0.0339,,sim/out/host/grindsim --seed 800025 --scenario sim/mc/scenarios/target_09.json
targets,target_09,800030,SUCCESS (true err < -0.03),SUCCESS,,-0.0344,,sim/out/host/grindsim --seed 800030 --scenario sim/mc/scenarios/target_09.json
targets,target_09,800031,SUCCESS (true err < -0.03),SUCCESS,,-0.0312,,sim/out/host/grindsim --seed 800031 --scenario sim/mc/scenarios/target_09.json
targets,target_09,800033,SUCCESS (true err < -0.03),SUCCESS,,-0.0340,,sim/out/host/grindsim --seed 800033 --scenario sim/mc/scenarios/target_09.json
targets,target_09,800034,SUCCESS (true err < -0.03),SUCCESS,,-0.0335,,sim/out/host/grindsim --seed 800034 --scenario sim/mc/scenarios/target_09.json
targets,target_09,800036,SUCCESS (true err < -0.03),SUCCESS,,-0.0345,,sim/out/host/grindsim --seed 800036 --scenario sim/mc/scenarios/target_09.json
targets,target_09,800038,SUCCESS (true err < -0.03),SUCCESS,,-0.0329,,sim/out/host/grindsim --seed 800038 --scenario sim/mc/scenarios/target_09.json
targets,target_09,800039,SUCCESS (true err < -0.03),SUCCESS,,-0.0342,,sim/out/host/grindsim --seed 800039 --scenario sim/mc/scenarios/target_09.json
targets,target_09,800040,SUCCESS (true err < -0.03),SUCCESS,,-0.0370,,sim/out/host/grindsim --seed 800040 --scenario sim/mc/scenarios/target_09.json
targets,target_09,800044,SUCCESS (true err < -0.03),SUCCESS,,-0.0357,,sim/out/host/grindsim --seed 800044 --scenario sim/mc/scenarios/target_09.json
targets,target_09,800045,SUCCESS (true err < -0.03),SUCCESS,,-0.0337,,sim/out/host/grindsim --seed 800045 --scenario sim/mc/scenarios/target_09.json
targets,target_09,800046,SUCCESS (true err < -0.03),SUCCESS,,-0.0362,,sim/out/host/grindsim --seed 800046 --scenario sim/mc/scenarios/target_09.json
targets,target_09,800047,SUCCESS (true err < -0.03),SUCCESS,,-0.0320,,sim/out/host/grindsim --seed 800047 --scenario sim/mc/scenarios/target_09.json
targets,target_09,800048,SUCCESS (true err < -0.03),SUCCESS,,-0.0373,,sim/out/host/grindsim --seed 800048 --scenario sim/mc/scenarios/target_09.json
targets,target_09,800049,SUCCESS (true err < -0.03),SUCCESS,,-0.0385,,sim/out/host/grindsim --seed 800049 --scenario sim/mc/scenarios/target_09.json
targets,target_09,800050,SUCCESS (true err < -0.03),SUCCESS,,-0.0351,,sim/out/host/grindsim --seed 800050 --scenario sim/mc/scenarios/target_09.json
targets,target_09,800051,SUCCESS (true err < -0.03),SUCCESS,,-0.0315,,sim/out/host/grindsim --seed 800051 --scenario sim/mc/scenarios/target_09.json
targets,target_09,800053,SUCCESS (true err < -0.03),SUCCESS,,-0.0358,,sim/out/host/grindsim --seed 800053 --scenario sim/mc/scenarios/target_09.json
targets,target_09,800055,SUCCESS (true err < -0.03),SUCCESS,,-0.0358,,sim/out/host/grindsim --seed 800055 --scenario sim/mc/scenarios/target_09.json
targets,target_09,800056,SUCCESS (true err < -0.03),SUCCESS,,-0.0332,,sim/out/host/grindsim --seed 800056 --scenario sim/mc/scenarios/target_09.json
targets,target_12,800002,SUCCESS (true err < -0.03),SUCCESS,,-0.0392,,sim/out/host/grindsim --seed 800002 --scenario sim/mc/scenarios/target_12.json
targets,target_12,800003,SUCCESS (true err < -0.03),SUCCESS,,-0.0397,,sim/out/host/grindsim --seed 800003 --scenario sim/mc/scenarios/target_12.json
targets,target_12,800004,SUCCESS (true err < -0.03),SUCCESS,,-0.0313,,sim/out/host/grindsim --seed 800004 --scenario sim/mc/scenarios/target_12.json
targets,target_12,800007,OVERSHOOT,OVERSHOOT,,0.1097,,sim/out/host/grindsim --seed 800007 --scenario sim/mc/scenarios/target_12.json
targets,target_12,800009,SUCCESS (true err < -0.03),SUCCESS,,-0.0310,,sim/out/host/grindsim --seed 800009 --scenario sim/mc/scenarios/target_12.json
targets,target_12,800012,OVERSHOOT,OVERSHOOT,,0.0326,,sim/out/host/grindsim --seed 800012 --scenario sim/mc/scenarios/target_12.json
targets,target_12,800014,SUCCESS (true err < -0.03),SUCCESS,,-0.0302,,sim/out/host/grindsim --seed 800014 --scenario sim/mc/scenarios/target_12.json
targets,target_12,800015,SUCCESS (true err < -0.03),SUCCESS,,-0.0334,,sim/out/host/grindsim --seed 800015 --scenario sim/mc/scenarios/target_12.json
targets,target_12,800016,SUCCESS (true err < -0.03),SUCCESS,,-0.0310,,sim/out/host/grindsim --seed 800016 --scenario sim/mc/scenarios/target_12.json
targets,target_12,800018,SUCCESS (true err < -0.03),SUCCESS,,-0.0313,,sim/out/host/grindsim --seed 800018 --scenario sim/mc/scenarios/target_12.json
targets,target_12,800021,SUCCESS (true err < -0.03),SUCCESS,,-0.0301,,sim/out/host/grindsim --seed 800021 --scenario sim/mc/scenarios/target_12.json
targets,target_12,800025,SUCCESS (true err < -0.03),SUCCESS,,-0.0419,,sim/out/host/grindsim --seed 800025 --scenario sim/mc/scenarios/target_12.json
targets,target_12,800026,SUCCESS (true err < -0.03),SUCCESS,,-0.0336,,sim/out/host/grindsim --seed 800026 --scenario sim/mc/scenarios/target_12.json
targets,target_12,800027,SUCCESS (true err < -0.03),SUCCESS,,-0.0333,,sim/out/host/grindsim --seed 800027 --scenario sim/mc/scenarios/target_12.json
targets,target_12,800028,SUCCESS (true err < -0.03),SUCCESS,,-0.0313,,sim/out/host/grindsim --seed 800028 --scenario sim/mc/scenarios/target_12.json
targets,target_12,800030,SUCCESS (true err < -0.03),SUCCESS,,-0.0320,,sim/out/host/grindsim --seed 800030 --scenario sim/mc/scenarios/target_12.json
targets,target_12,800031,SUCCESS (true err < -0.03),SUCCESS,,-0.0302,,sim/out/host/grindsim --seed 800031 --scenario sim/mc/scenarios/target_12.json
targets,target_12,800032,SUCCESS (true err < -0.03),SUCCESS,,-0.0306,,sim/out/host/grindsim --seed 800032 --scenario sim/mc/scenarios/target_12.json
targets,target_12,800033,SUCCESS (true err < -0.03),SUCCESS,,-0.0368,,sim/out/host/grindsim --seed 800033 --scenario sim/mc/scenarios/target_12.json
targets,target_12,800034,SUCCESS (true err < -0.03),SUCCESS,,-0.0344,,sim/out/host/grindsim --seed 800034 --scenario sim/mc/scenarios/target_12.json
targets,target_12,800036,SUCCESS (true err < -0.03),SUCCESS,,-0.0442,,sim/out/host/grindsim --seed 800036 --scenario sim/mc/scenarios/target_12.json
targets,target_12,800038,OVERSHOOT,OVERSHOOT,,0.0590,,sim/out/host/grindsim --seed 800038 --scenario sim/mc/scenarios/target_12.json
targets,target_12,800039,SUCCESS (true err < -0.03),SUCCESS,,-0.0374,,sim/out/host/grindsim --seed 800039 --scenario sim/mc/scenarios/target_12.json
targets,target_12,800040,SUCCESS (true err < -0.03),SUCCESS,,-0.0318,,sim/out/host/grindsim --seed 800040 --scenario sim/mc/scenarios/target_12.json
targets,target_12,800042,SUCCESS (true err < -0.03),SUCCESS,,-0.0354,,sim/out/host/grindsim --seed 800042 --scenario sim/mc/scenarios/target_12.json
targets,target_12,800043,SUCCESS (true err < -0.03),SUCCESS,,-0.0335,,sim/out/host/grindsim --seed 800043 --scenario sim/mc/scenarios/target_12.json
targets,target_12,800044,SUCCESS (true err < -0.03),SUCCESS,,-0.0335,,sim/out/host/grindsim --seed 800044 --scenario sim/mc/scenarios/target_12.json
targets,target_12,800045,SUCCESS (true err < -0.03),SUCCESS,,-0.0378,,sim/out/host/grindsim --seed 800045 --scenario sim/mc/scenarios/target_12.json
targets,target_12,800046,SUCCESS (true err < -0.03),SUCCESS,,-0.0326,,sim/out/host/grindsim --seed 800046 --scenario sim/mc/scenarios/target_12.json
targets,target_12,800047,SUCCESS (true err < -0.03),SUCCESS,,-0.0352,,sim/out/host/grindsim --seed 800047 --scenario sim/mc/scenarios/target_12.json
targets,target_12,800049,SUCCESS (true err < -0.03),SUCCESS,,-0.0342,,sim/out/host/grindsim --seed 800049 --scenario sim/mc/scenarios/target_12.json
targets,target_12,800050,SUCCESS (true err < -0.03),SUCCESS,,-0.0360,,sim/out/host/grindsim --seed 800050 --scenario sim/mc/scenarios/target_12.json
targets,target_12,800051,SUCCESS (true err < -0.03),SUCCESS,,-0.0330,,sim/out/host/grindsim --seed 800051 --scenario sim/mc/scenarios/target_12.json
targets,target_12,800053,SUCCESS (true err < -0.03),SUCCESS,,-0.0339,,sim/out/host/grindsim --seed 800053 --scenario sim/mc/scenarios/target_12.json
targets,target_12,800055,SUCCESS (true err < -0.03),SUCCESS,,-0.0328,,sim/out/host/grindsim --seed 800055 --scenario sim/mc/scenarios/target_12.json
targets,target_12,800058,SUCCESS (true err < -0.03),SUCCESS,,-0.0332,,sim/out/host/grindsim --seed 800058 --scenario sim/mc/scenarios/target_12.json
targets,target_12,800059,SUCCESS (true err < -0.03),SUCCESS,,-0.0386,,sim/out/host/grindsim --seed 800059 --scenario sim/mc/scenarios/target_12.json
targets,target_15,800000,SUCCESS (true err < -0.03),SUCCESS,,-0.0310,,sim/out/host/grindsim --seed 800000 --scenario sim/mc/scenarios/target_15.json
targets,target_15,800002,SUCCESS (true err < -0.03),SUCCESS,,-0.0333,,sim/out/host/grindsim --seed 800002 --scenario sim/mc/scenarios/target_15.json
targets,target_15,800003,SUCCESS (true err < -0.03),SUCCESS,,-0.0330,,sim/out/host/grindsim --seed 800003 --scenario sim/mc/scenarios/target_15.json
targets,target_15,800006,SUCCESS (true err < -0.03),SUCCESS,,-0.0361,,sim/out/host/grindsim --seed 800006 --scenario sim/mc/scenarios/target_15.json
targets,target_15,800007,SUCCESS (true err < -0.03),SUCCESS,,-0.0329,,sim/out/host/grindsim --seed 800007 --scenario sim/mc/scenarios/target_15.json
targets,target_15,800008,SUCCESS (true err < -0.03),SUCCESS,,-0.0303,,sim/out/host/grindsim --seed 800008 --scenario sim/mc/scenarios/target_15.json
targets,target_15,800009,SUCCESS (true err < -0.03),SUCCESS,,-0.0348,,sim/out/host/grindsim --seed 800009 --scenario sim/mc/scenarios/target_15.json
targets,target_15,800011,SUCCESS (true err < -0.03),SUCCESS,,-0.0359,,sim/out/host/grindsim --seed 800011 --scenario sim/mc/scenarios/target_15.json
targets,target_15,800012,SUCCESS (true err < -0.03),SUCCESS,,-0.0368,,sim/out/host/grindsim --seed 800012 --scenario sim/mc/scenarios/target_15.json
targets,target_15,800013,SUCCESS (true err < -0.03),SUCCESS,,-0.0301,,sim/out/host/grindsim --seed 800013 --scenario sim/mc/scenarios/target_15.json
targets,target_15,800015,SUCCESS (true err < -0.03),SUCCESS,,-0.0305,,sim/out/host/grindsim --seed 800015 --scenario sim/mc/scenarios/target_15.json
targets,target_15,800019,SUCCESS (true err < -0.03),SUCCESS,,-0.0356,,sim/out/host/grindsim --seed 800019 --scenario sim/mc/scenarios/target_15.json
targets,target_15,800020,SUCCESS (true err < -0.03),SUCCESS,,-0.0322,,sim/out/host/grindsim --seed 800020 --scenario sim/mc/scenarios/target_15.json
targets,target_15,800021,SUCCESS (true err < -0.03),SUCCESS,,-0.0333,,sim/out/host/grindsim --seed 800021 --scenario sim/mc/scenarios/target_15.json
targets,target_15,800022,SUCCESS (true err < -0.03),SUCCESS,,-0.0330,,sim/out/host/grindsim --seed 800022 --scenario sim/mc/scenarios/target_15.json
targets,target_15,800023,SUCCESS (true err < -0.03),SUCCESS,,-0.0338,,sim/out/host/grindsim --seed 800023 --scenario sim/mc/scenarios/target_15.json
targets,target_15,800025,SUCCESS (true err < -0.03),SUCCESS,,-0.0329,,sim/out/host/grindsim --seed 800025 --scenario sim/mc/scenarios/target_15.json
targets,target_15,800028,SUCCESS (true err < -0.03),SUCCESS,,-0.0330,,sim/out/host/grindsim --seed 800028 --scenario sim/mc/scenarios/target_15.json
targets,target_15,800029,OVERSHOOT,OVERSHOOT,,0.0416,,sim/out/host/grindsim --seed 800029 --scenario sim/mc/scenarios/target_15.json
targets,target_15,800032,SUCCESS (true err < -0.03),SUCCESS,,-0.0308,,sim/out/host/grindsim --seed 800032 --scenario sim/mc/scenarios/target_15.json
targets,target_15,800033,SUCCESS (true err < -0.03),SUCCESS,,-0.0322,,sim/out/host/grindsim --seed 800033 --scenario sim/mc/scenarios/target_15.json
targets,target_15,800034,SUCCESS (true err < -0.03),SUCCESS,,-0.0379,,sim/out/host/grindsim --seed 800034 --scenario sim/mc/scenarios/target_15.json
targets,target_15,800036,SUCCESS (true err < -0.03),SUCCESS,,-0.0409,,sim/out/host/grindsim --seed 800036 --scenario sim/mc/scenarios/target_15.json
targets,target_15,800037,SUCCESS (true err < -0.03),SUCCESS,,-0.0303,,sim/out/host/grindsim --seed 800037 --scenario sim/mc/scenarios/target_15.json
targets,target_15,800039,SUCCESS (true err < -0.03),SUCCESS,,-0.0304,,sim/out/host/grindsim --seed 800039 --scenario sim/mc/scenarios/target_15.json
targets,target_15,800041,SUCCESS (true err < -0.03),SUCCESS,,-0.0340,,sim/out/host/grindsim --seed 800041 --scenario sim/mc/scenarios/target_15.json
targets,target_15,800042,SUCCESS (true err < -0.03),SUCCESS,,-0.0326,,sim/out/host/grindsim --seed 800042 --scenario sim/mc/scenarios/target_15.json
targets,target_15,800043,SUCCESS (true err < -0.03),SUCCESS,,-0.0361,,sim/out/host/grindsim --seed 800043 --scenario sim/mc/scenarios/target_15.json
targets,target_15,800044,SUCCESS (true err < -0.03),SUCCESS,,-0.0322,,sim/out/host/grindsim --seed 800044 --scenario sim/mc/scenarios/target_15.json
targets,target_15,800045,SUCCESS (true err < -0.03),SUCCESS,,-0.0387,,sim/out/host/grindsim --seed 800045 --scenario sim/mc/scenarios/target_15.json
targets,target_15,800046,SUCCESS (true err < -0.03),SUCCESS,,-0.0332,,sim/out/host/grindsim --seed 800046 --scenario sim/mc/scenarios/target_15.json
targets,target_15,800048,SUCCESS (true err < -0.03),SUCCESS,,-0.0315,,sim/out/host/grindsim --seed 800048 --scenario sim/mc/scenarios/target_15.json
targets,target_15,800050,SUCCESS (true err < -0.03),SUCCESS,,-0.0368,,sim/out/host/grindsim --seed 800050 --scenario sim/mc/scenarios/target_15.json
targets,target_15,800053,SUCCESS (true err < -0.03),SUCCESS,,-0.0446,,sim/out/host/grindsim --seed 800053 --scenario sim/mc/scenarios/target_15.json
targets,target_15,800054,SUCCESS (true err < -0.03),SUCCESS,,-0.0318,,sim/out/host/grindsim --seed 800054 --scenario sim/mc/scenarios/target_15.json
targets,target_15,800055,SUCCESS (true err < -0.03),SUCCESS,,-0.0302,,sim/out/host/grindsim --seed 800055 --scenario sim/mc/scenarios/target_15.json
targets,target_15,800056,SUCCESS (true err < -0.03),SUCCESS,,-0.0322,,sim/out/host/grindsim --seed 800056 --scenario sim/mc/scenarios/target_15.json
targets,target_15,800058,SUCCESS (true err < -0.03),SUCCESS,,-0.0328,,sim/out/host/grindsim --seed 800058 --scenario sim/mc/scenarios/target_15.json
targets,target_15,800059,SUCCESS (true err < -0.03),SUCCESS,,-0.0327,,sim/out/host/grindsim --seed 800059 --scenario sim/mc/scenarios/target_15.json
targets,target_18,800000,SUCCESS (true err < -0.03),SUCCESS,,-0.0321,,sim/out/host/grindsim --seed 800000 --scenario sim/mc/scenarios/target_18.json
targets,target_18,800001,SUCCESS (true err < -0.03),SUCCESS,,-0.0339,,sim/out/host/grindsim --seed 800001 --scenario sim/mc/scenarios/target_18.json
targets,target_18,800002,SUCCESS (true err < -0.03),SUCCESS,,-0.0325,,sim/out/host/grindsim --seed 800002 --scenario sim/mc/scenarios/target_18.json
targets,target_18,800004,SUCCESS (true err < -0.03),SUCCESS,,-0.0342,,sim/out/host/grindsim --seed 800004 --scenario sim/mc/scenarios/target_18.json
targets,target_18,800006,SUCCESS (true err < -0.03),SUCCESS,,-0.0343,,sim/out/host/grindsim --seed 800006 --scenario sim/mc/scenarios/target_18.json
targets,target_18,800008,SUCCESS (true err < -0.03),SUCCESS,,-0.0347,,sim/out/host/grindsim --seed 800008 --scenario sim/mc/scenarios/target_18.json
targets,target_18,800009,SUCCESS (true err < -0.03),SUCCESS,,-0.0305,,sim/out/host/grindsim --seed 800009 --scenario sim/mc/scenarios/target_18.json
targets,target_18,800010,OVERSHOOT,OVERSHOOT,,0.0436,,sim/out/host/grindsim --seed 800010 --scenario sim/mc/scenarios/target_18.json
targets,target_18,800011,SUCCESS (true err < -0.03),SUCCESS,,-0.0351,,sim/out/host/grindsim --seed 800011 --scenario sim/mc/scenarios/target_18.json
targets,target_18,800014,SUCCESS (true err < -0.03),SUCCESS,,-0.0410,,sim/out/host/grindsim --seed 800014 --scenario sim/mc/scenarios/target_18.json
targets,target_18,800015,SUCCESS (true err < -0.03),SUCCESS,,-0.0350,,sim/out/host/grindsim --seed 800015 --scenario sim/mc/scenarios/target_18.json
targets,target_18,800016,SUCCESS (true err < -0.03),SUCCESS,,-0.0379,,sim/out/host/grindsim --seed 800016 --scenario sim/mc/scenarios/target_18.json
targets,target_18,800017,SUCCESS (true err < -0.03),SUCCESS,,-0.0305,,sim/out/host/grindsim --seed 800017 --scenario sim/mc/scenarios/target_18.json
targets,target_18,800020,SUCCESS (true err < -0.03),SUCCESS,,-0.0377,,sim/out/host/grindsim --seed 800020 --scenario sim/mc/scenarios/target_18.json
targets,target_18,800021,SUCCESS (true err < -0.03),SUCCESS,,-0.0371,,sim/out/host/grindsim --seed 800021 --scenario sim/mc/scenarios/target_18.json
targets,target_18,800022,SUCCESS (true err < -0.03),SUCCESS,,-0.0327,,sim/out/host/grindsim --seed 800022 --scenario sim/mc/scenarios/target_18.json
targets,target_18,800025,SUCCESS (true err < -0.03),SUCCESS,,-0.0385,,sim/out/host/grindsim --seed 800025 --scenario sim/mc/scenarios/target_18.json
targets,target_18,800026,SUCCESS (true err < -0.03),SUCCESS,,-0.0383,,sim/out/host/grindsim --seed 800026 --scenario sim/mc/scenarios/target_18.json
targets,target_18,800032,SUCCESS (true err < -0.03),SUCCESS,,-0.0372,,sim/out/host/grindsim --seed 800032 --scenario sim/mc/scenarios/target_18.json
targets,target_18,800033,SUCCESS (true err < -0.03),SUCCESS,,-0.0321,,sim/out/host/grindsim --seed 800033 --scenario sim/mc/scenarios/target_18.json
targets,target_18,800034,SUCCESS (true err < -0.03),SUCCESS,,-0.0312,,sim/out/host/grindsim --seed 800034 --scenario sim/mc/scenarios/target_18.json
targets,target_18,800035,SUCCESS (true err < -0.03),SUCCESS,,-0.0306,,sim/out/host/grindsim --seed 800035 --scenario sim/mc/scenarios/target_18.json
targets,target_18,800036,SUCCESS (true err < -0.03),SUCCESS,,-0.0338,,sim/out/host/grindsim --seed 800036 --scenario sim/mc/scenarios/target_18.json
targets,target_18,800039,SUCCESS (true err < -0.03),SUCCESS,,-0.0360,,sim/out/host/grindsim --seed 800039 --scenario sim/mc/scenarios/target_18.json
targets,target_18,800040,SUCCESS (true err < -0.03),SUCCESS,,-0.0333,,sim/out/host/grindsim --seed 800040 --scenario sim/mc/scenarios/target_18.json
targets,target_18,800041,SUCCESS (true err < -0.03),SUCCESS,,-0.0304,,sim/out/host/grindsim --seed 800041 --scenario sim/mc/scenarios/target_18.json
targets,target_18,800042,SUCCESS (true err < -0.03),SUCCESS,,-0.0329,,sim/out/host/grindsim --seed 800042 --scenario sim/mc/scenarios/target_18.json
targets,target_18,800043,SUCCESS (true err < -0.03),SUCCESS,,-0.0421,,sim/out/host/grindsim --seed 800043 --scenario sim/mc/scenarios/target_18.json
targets,target_18,800044,SUCCESS (true err < -0.03),SUCCESS,,-0.0329,,sim/out/host/grindsim --seed 800044 --scenario sim/mc/scenarios/target_18.json
targets,target_18,800045,SUCCESS (true err < -0.03),SUCCESS,,-0.0329,,sim/out/host/grindsim --seed 800045 --scenario sim/mc/scenarios/target_18.json
targets,target_18,800046,SUCCESS (true err < -0.03),SUCCESS,,-0.0362,,sim/out/host/grindsim --seed 800046 --scenario sim/mc/scenarios/target_18.json
targets,target_18,800048,SUCCESS (true err < -0.03),SUCCESS,,-0.0319,,sim/out/host/grindsim --seed 800048 --scenario sim/mc/scenarios/target_18.json
targets,target_18,800049,SUCCESS (true err < -0.03),SUCCESS,,-0.0382,,sim/out/host/grindsim --seed 800049 --scenario sim/mc/scenarios/target_18.json
targets,target_18,800050,SUCCESS (true err < -0.03),SUCCESS,,-0.0352,,sim/out/host/grindsim --seed 800050 --scenario sim/mc/scenarios/target_18.json
targets,target_18,800052,SUCCESS (true err < -0.03),SUCCESS,,-0.0374,,sim/out/host/grindsim --seed 800052 --scenario sim/mc/scenarios/target_18.json
targets,target_18,800053,SUCCESS (true err < -0.03),SUCCESS,,-0.0352,,sim/out/host/grindsim --seed 800053 --scenario sim/mc/scenarios/target_18.json
targets,target_18,800054,SUCCESS (true err < -0.03),SUCCESS,,-0.0365,,sim/out/host/grindsim --seed 800054 --scenario sim/mc/scenarios/target_18.json
targets,target_18,800055,SUCCESS (true err < -0.03),SUCCESS,,-0.0353,,sim/out/host/grindsim --seed 800055 --scenario sim/mc/scenarios/target_18.json
targets,target_18,800056,SUCCESS (true err < -0.03),SUCCESS,,-0.0371,,sim/out/host/grindsim --seed 800056 --scenario sim/mc/scenarios/target_18.json
targets,target_18,800057,OVERSHOOT,OVERSHOOT,,0.0505,,sim/out/host/grindsim --seed 800057 --scenario sim/mc/scenarios/target_18.json
targets,target_18,800058,SUCCESS (true err < -0.03),SUCCESS,,-0.0341,,sim/out/host/grindsim --seed 800058 --scenario sim/mc/scenarios/target_18.json
targets,target_21,800000,SUCCESS (true err < -0.03),SUCCESS,,-0.0328,,sim/out/host/grindsim --seed 800000 --scenario sim/mc/scenarios/target_21.json
targets,target_21,800001,SUCCESS (true err < -0.03),SUCCESS,,-0.0327,,sim/out/host/grindsim --seed 800001 --scenario sim/mc/scenarios/target_21.json
targets,target_21,800002,SUCCESS (true err < -0.03),SUCCESS,,-0.0355,,sim/out/host/grindsim --seed 800002 --scenario sim/mc/scenarios/target_21.json
targets,target_21,800003,SUCCESS (true err < -0.03),SUCCESS,,-0.0358,,sim/out/host/grindsim --seed 800003 --scenario sim/mc/scenarios/target_21.json
targets,target_21,800004,SUCCESS (true err < -0.03),SUCCESS,,-0.0388,,sim/out/host/grindsim --seed 800004 --scenario sim/mc/scenarios/target_21.json
targets,target_21,800005,SUCCESS (true err < -0.03),SUCCESS,,-0.0316,,sim/out/host/grindsim --seed 800005 --scenario sim/mc/scenarios/target_21.json
targets,target_21,800007,SUCCESS (true err < -0.03),SUCCESS,,-0.0350,,sim/out/host/grindsim --seed 800007 --scenario sim/mc/scenarios/target_21.json
targets,target_21,800010,SUCCESS (true err < -0.03),SUCCESS,,-0.0336,,sim/out/host/grindsim --seed 800010 --scenario sim/mc/scenarios/target_21.json
targets,target_21,800011,SUCCESS (true err < -0.03),SUCCESS,,-0.0377,,sim/out/host/grindsim --seed 800011 --scenario sim/mc/scenarios/target_21.json
targets,target_21,800013,SUCCESS (true err < -0.03),SUCCESS,,-0.0312,,sim/out/host/grindsim --seed 800013 --scenario sim/mc/scenarios/target_21.json
targets,target_21,800014,SUCCESS (true err < -0.03),SUCCESS,,-0.0344,,sim/out/host/grindsim --seed 800014 --scenario sim/mc/scenarios/target_21.json
targets,target_21,800015,SUCCESS (true err < -0.03),SUCCESS,,-0.0330,,sim/out/host/grindsim --seed 800015 --scenario sim/mc/scenarios/target_21.json
targets,target_21,800016,SUCCESS (true err < -0.03),SUCCESS,,-0.0394,,sim/out/host/grindsim --seed 800016 --scenario sim/mc/scenarios/target_21.json
targets,target_21,800017,SUCCESS (true err < -0.03),SUCCESS,,-0.0374,,sim/out/host/grindsim --seed 800017 --scenario sim/mc/scenarios/target_21.json
targets,target_21,800019,SUCCESS (true err < -0.03),SUCCESS,,-0.0309,,sim/out/host/grindsim --seed 800019 --scenario sim/mc/scenarios/target_21.json
targets,target_21,800020,SUCCESS (true err < -0.03),SUCCESS,,-0.0343,,sim/out/host/grindsim --seed 800020 --scenario sim/mc/scenarios/target_21.json
targets,target_21,800021,SUCCESS (true err < -0.03),SUCCESS,,-0.0324,,sim/out/host/grindsim --seed 800021 --scenario sim/mc/scenarios/target_21.json
targets,target_21,800022,SUCCESS (true err < -0.03),SUCCESS,,-0.0337,,sim/out/host/grindsim --seed 800022 --scenario sim/mc/scenarios/target_21.json
targets,target_21,800023,SUCCESS (true err < -0.03),SUCCESS,,-0.0325,,sim/out/host/grindsim --seed 800023 --scenario sim/mc/scenarios/target_21.json
targets,target_21,800024,SUCCESS (true err < -0.03),SUCCESS,,-0.0316,,sim/out/host/grindsim --seed 800024 --scenario sim/mc/scenarios/target_21.json
targets,target_21,800025,SUCCESS (true err < -0.03),SUCCESS,,-0.0311,,sim/out/host/grindsim --seed 800025 --scenario sim/mc/scenarios/target_21.json
targets,target_21,800026,SUCCESS (true err < -0.03),SUCCESS,,-0.0316,,sim/out/host/grindsim --seed 800026 --scenario sim/mc/scenarios/target_21.json
targets,target_21,800031,SUCCESS (true err < -0.03),SUCCESS,,-0.0304,,sim/out/host/grindsim --seed 800031 --scenario sim/mc/scenarios/target_21.json
targets,target_21,800032,SUCCESS (true err < -0.03),SUCCESS,,-0.0326,,sim/out/host/grindsim --seed 800032 --scenario sim/mc/scenarios/target_21.json
targets,target_21,800033,SUCCESS (true err < -0.03),SUCCESS,,-0.0352,,sim/out/host/grindsim --seed 800033 --scenario sim/mc/scenarios/target_21.json
targets,target_21,800034,SUCCESS (true err < -0.03),SUCCESS,,-0.0321,,sim/out/host/grindsim --seed 800034 --scenario sim/mc/scenarios/target_21.json
targets,target_21,800035,SUCCESS (true err < -0.03),SUCCESS,,-0.0389,,sim/out/host/grindsim --seed 800035 --scenario sim/mc/scenarios/target_21.json
targets,target_21,800036,SUCCESS (true err < -0.03),SUCCESS,,-0.0343,,sim/out/host/grindsim --seed 800036 --scenario sim/mc/scenarios/target_21.json
targets,target_21,800038,SUCCESS (true err < -0.03),SUCCESS,,-0.0318,,sim/out/host/grindsim --seed 800038 --scenario sim/mc/scenarios/target_21.json
targets,target_21,800039,SUCCESS (true err < -0.03),SUCCESS,,-0.0309,,sim/out/host/grindsim --seed 800039 --scenario sim/mc/scenarios/target_21.json
targets,target_21,800040,SUCCESS (true err < -0.03),SUCCESS,,-0.0363,,sim/out/host/grindsim --seed 800040 --scenario sim/mc/scenarios/target_21.json
targets,target_21,800041,SUCCESS (true err < -0.03),SUCCESS,,-0.0368,,sim/out/host/grindsim --seed 800041 --scenario sim/mc/scenarios/target_21.json
targets,target_21,800042,SUCCESS (true err < -0.03),SUCCESS,,-0.0399,,sim/out/host/grindsim --seed 800042 --scenario sim/mc/scenarios/target_21.json
targets,target_21,800043,SUCCESS (true err < -0.03),SUCCESS,,-0.0411,,sim/out/host/grindsim --seed 800043 --scenario sim/mc/scenarios/target_21.json
targets,target_21,800044,SUCCESS (true err < -0.03),SUCCESS,,-0.0402,,sim/out/host/grindsim --seed 800044 --scenario sim/mc/scenarios/target_21.json
targets,target_21,800045,SUCCESS (true err < -0.03),SUCCESS,,-0.0399,,sim/out/host/grindsim --seed 800045 --scenario sim/mc/scenarios/target_21.json
targets,target_21,800046,SUCCESS (true err < -0.03),SUCCESS,,-0.0395,,sim/out/host/grindsim --seed 800046 --scenario sim/mc/scenarios/target_21.json
targets,target_21,800047,SUCCESS (true err < -0.03),SUCCESS,,-0.0352,,sim/out/host/grindsim --seed 800047 --scenario sim/mc/scenarios/target_21.json
targets,target_21,800049,SUCCESS (true err < -0.03),SUCCESS,,-0.0317,,sim/out/host/grindsim --seed 800049 --scenario sim/mc/scenarios/target_21.json
targets,target_21,800052,SUCCESS (true err < -0.03),SUCCESS,,-0.0398,,sim/out/host/grindsim --seed 800052 --scenario sim/mc/scenarios/target_21.json
targets,target_21,800053,SUCCESS (true err < -0.03),SUCCESS,,-0.0393,,sim/out/host/grindsim --seed 800053 --scenario sim/mc/scenarios/target_21.json
targets,target_21,800054,SUCCESS (true err < -0.03),SUCCESS,,-0.0376,,sim/out/host/grindsim --seed 800054 --scenario sim/mc/scenarios/target_21.json
targets,target_21,800059,SUCCESS (true err < -0.03),SUCCESS,,-0.0311,,sim/out/host/grindsim --seed 800059 --scenario sim/mc/scenarios/target_21.json
targets,target_25,800000,SUCCESS (true err < -0.03),SUCCESS,,-0.0327,,sim/out/host/grindsim --seed 800000 --scenario sim/mc/scenarios/target_25.json
targets,target_25,800002,SUCCESS (true err < -0.03),SUCCESS,,-0.0434,,sim/out/host/grindsim --seed 800002 --scenario sim/mc/scenarios/target_25.json
targets,target_25,800003,SUCCESS (true err < -0.03),SUCCESS,,-0.0363,,sim/out/host/grindsim --seed 800003 --scenario sim/mc/scenarios/target_25.json
targets,target_25,800004,SUCCESS (true err < -0.03),SUCCESS,,-0.0330,,sim/out/host/grindsim --seed 800004 --scenario sim/mc/scenarios/target_25.json
targets,target_25,800005,SUCCESS (true err < -0.03),SUCCESS,,-0.0376,,sim/out/host/grindsim --seed 800005 --scenario sim/mc/scenarios/target_25.json
targets,target_25,800006,SUCCESS (true err < -0.03),SUCCESS,,-0.0424,,sim/out/host/grindsim --seed 800006 --scenario sim/mc/scenarios/target_25.json
targets,target_25,800009,SUCCESS (true err < -0.03),SUCCESS,,-0.0365,,sim/out/host/grindsim --seed 800009 --scenario sim/mc/scenarios/target_25.json
targets,target_25,800010,SUCCESS (true err < -0.03),SUCCESS,,-0.0308,,sim/out/host/grindsim --seed 800010 --scenario sim/mc/scenarios/target_25.json
targets,target_25,800012,SUCCESS (true err < -0.03),SUCCESS,,-0.0305,,sim/out/host/grindsim --seed 800012 --scenario sim/mc/scenarios/target_25.json
targets,target_25,800014,SUCCESS (true err < -0.03),SUCCESS,,-0.0325,,sim/out/host/grindsim --seed 800014 --scenario sim/mc/scenarios/target_25.json
targets,target_25,800016,SUCCESS (true err < -0.03),SUCCESS,,-0.0415,,sim/out/host/grindsim --seed 800016 --scenario sim/mc/scenarios/target_25.json
targets,target_25,800017,SUCCESS (true err < -0.03),SUCCESS,,-0.0332,,sim/out/host/grindsim --seed 800017 --scenario sim/mc/scenarios/target_25.json
targets,target_25,800018,SUCCESS (true err < -0.03),SUCCESS,,-0.0307,,sim/out/host/grindsim --seed 800018 --scenario sim/mc/scenarios/target_25.json
targets,target_25,800019,SUCCESS (true err < -0.03),SUCCESS,,-0.0320,,sim/out/host/grindsim --seed 800019 --scenario sim/mc/scenarios/target_25.json
targets,target_25,800020,SUCCESS (true err < -0.03),SUCCESS,,-0.0364,,sim/out/host/grindsim --seed 800020 --scenario sim/mc/scenarios/target_25.json
targets,target_25,800021,SUCCESS (true err < -0.03),SUCCESS,,-0.0302,,sim/out/host/grindsim --seed 800021 --scenario sim/mc/scenarios/target_25.json
targets,target_25,800024,SUCCESS (true err < -0.03),SUCCESS,,-0.0439,,sim/out/host/grindsim --seed 800024 --scenario sim/mc/scenarios/target_25.json
targets,target_25,800026,SUCCESS (true err < -0.03),SUCCESS,,-0.0337,,sim/out/host/grindsim --seed 800026 --scenario sim/mc/scenarios/target_25.json
targets,target_25,800027,SUCCESS (true err < -0.03),SUCCESS,,-0.0353,,sim/out/host/grindsim --seed 800027 --scenario sim/mc/scenarios/target_25.json
targets,target_25,800028,SUCCESS (true err < -0.03),SUCCESS,,-0.0344,,sim/out/host/grindsim --seed 800028 --scenario sim/mc/scenarios/target_25.json
targets,target_25,800034,SUCCESS (true err < -0.03),SUCCESS,,-0.0324,,sim/out/host/grindsim --seed 800034 --scenario sim/mc/scenarios/target_25.json
targets,target_25,800035,SUCCESS (true err < -0.03),SUCCESS,,-0.0337,,sim/out/host/grindsim --seed 800035 --scenario sim/mc/scenarios/target_25.json
targets,target_25,800036,SUCCESS (true err < -0.03),SUCCESS,,-0.0436,,sim/out/host/grindsim --seed 800036 --scenario sim/mc/scenarios/target_25.json
targets,target_25,800039,SUCCESS (true err < -0.03),SUCCESS,,-0.0333,,sim/out/host/grindsim --seed 800039 --scenario sim/mc/scenarios/target_25.json
targets,target_25,800041,SUCCESS (true err < -0.03),SUCCESS,,-0.0322,,sim/out/host/grindsim --seed 800041 --scenario sim/mc/scenarios/target_25.json
targets,target_25,800043,SUCCESS (true err < -0.03),SUCCESS,,-0.0442,,sim/out/host/grindsim --seed 800043 --scenario sim/mc/scenarios/target_25.json
targets,target_25,800045,SUCCESS (true err < -0.03),SUCCESS,,-0.0328,,sim/out/host/grindsim --seed 800045 --scenario sim/mc/scenarios/target_25.json
targets,target_25,800046,SUCCESS (true err < -0.03),SUCCESS,,-0.0326,,sim/out/host/grindsim --seed 800046 --scenario sim/mc/scenarios/target_25.json
targets,target_25,800048,SUCCESS (true err < -0.03),SUCCESS,,-0.0342,,sim/out/host/grindsim --seed 800048 --scenario sim/mc/scenarios/target_25.json
targets,target_25,800052,SUCCESS (true err < -0.03),SUCCESS,,-0.0353,,sim/out/host/grindsim --seed 800052 --scenario sim/mc/scenarios/target_25.json
targets,target_25,800053,SUCCESS (true err < -0.03),SUCCESS,,-0.0349,,sim/out/host/grindsim --seed 800053 --scenario sim/mc/scenarios/target_25.json
targets,target_25,800056,SUCCESS (true err < -0.03),SUCCESS,,-0.0321,,sim/out/host/grindsim --seed 800056 --scenario sim/mc/scenarios/target_25.json
targets,target_25,800058,SUCCESS (true err < -0.03),SUCCESS,,-0.0386,,sim/out/host/grindsim --seed 800058 --scenario sim/mc/scenarios/target_25.json
targets,target_25,800059,SUCCESS (true err < -0.03),SUCCESS,,-0.0362,,sim/out/host/grindsim --seed 800059 --scenario sim/mc/scenarios/target_25.json
targets,target_30,800000,SUCCESS (true err < -0.03),SUCCESS,,-0.0390,,sim/out/host/grindsim --seed 800000 --scenario sim/mc/scenarios/target_30.json
targets,target_30,800002,SUCCESS (true err < -0.03),SUCCESS,,-0.0329,,sim/out/host/grindsim --seed 800002 --scenario sim/mc/scenarios/target_30.json
targets,target_30,800003,SUCCESS (true err < -0.03),SUCCESS,,-0.0351,,sim/out/host/grindsim --seed 800003 --scenario sim/mc/scenarios/target_30.json
targets,target_30,800004,SUCCESS (true err < -0.03),SUCCESS,,-0.0400,,sim/out/host/grindsim --seed 800004 --scenario sim/mc/scenarios/target_30.json
targets,target_30,800005,SUCCESS (true err < -0.03),SUCCESS,,-0.0321,,sim/out/host/grindsim --seed 800005 --scenario sim/mc/scenarios/target_30.json
targets,target_30,800006,SUCCESS (true err < -0.03),SUCCESS,,-0.0302,,sim/out/host/grindsim --seed 800006 --scenario sim/mc/scenarios/target_30.json
targets,target_30,800008,SUCCESS (true err < -0.03),SUCCESS,,-0.0315,,sim/out/host/grindsim --seed 800008 --scenario sim/mc/scenarios/target_30.json
targets,target_30,800009,OVERSHOOT,OVERSHOOT,,0.0240,,sim/out/host/grindsim --seed 800009 --scenario sim/mc/scenarios/target_30.json
targets,target_30,800013,OVERSHOOT,OVERSHOOT,,0.0492,,sim/out/host/grindsim --seed 800013 --scenario sim/mc/scenarios/target_30.json
targets,target_30,800014,SUCCESS (true err < -0.03),SUCCESS,,-0.0410,,sim/out/host/grindsim --seed 800014 --scenario sim/mc/scenarios/target_30.json
targets,target_30,800015,SUCCESS (true err < -0.03),SUCCESS,,-0.0347,,sim/out/host/grindsim --seed 800015 --scenario sim/mc/scenarios/target_30.json
targets,target_30,800016,SUCCESS (true err < -0.03),SUCCESS,,-0.0376,,sim/out/host/grindsim --seed 800016 --scenario sim/mc/scenarios/target_30.json
targets,target_30,800017,SUCCESS (true err < -0.03),SUCCESS,,-0.0321,,sim/out/host/grindsim --seed 800017 --scenario sim/mc/scenarios/target_30.json
targets,target_30,800020,SUCCESS (true err < -0.03),SUCCESS,,-0.0389,,sim/out/host/grindsim --seed 800020 --scenario sim/mc/scenarios/target_30.json
targets,target_30,800021,SUCCESS (true err < -0.03),SUCCESS,,-0.0322,,sim/out/host/grindsim --seed 800021 --scenario sim/mc/scenarios/target_30.json
targets,target_30,800022,SUCCESS (true err < -0.03),SUCCESS,,-0.0356,,sim/out/host/grindsim --seed 800022 --scenario sim/mc/scenarios/target_30.json
targets,target_30,800024,SUCCESS (true err < -0.03),SUCCESS,,-0.0391,,sim/out/host/grindsim --seed 800024 --scenario sim/mc/scenarios/target_30.json
targets,target_30,800025,SUCCESS (true err < -0.03),SUCCESS,,-0.0380,,sim/out/host/grindsim --seed 800025 --scenario sim/mc/scenarios/target_30.json
targets,target_30,800026,SUCCESS (true err < -0.03),SUCCESS,,-0.0379,,sim/out/host/grindsim --seed 800026 --scenario sim/mc/scenarios/target_30.json
targets,target_30,800027,SUCCESS (true err < -0.03),SUCCESS,,-0.0316,,sim/out/host/grindsim --seed 800027 --scenario sim/mc/scenarios/target_30.json
targets,target_30,800028,SUCCESS (true err < -0.03),SUCCESS,,-0.0320,,sim/out/host/grindsim --seed 800028 --scenario sim/mc/scenarios/target_30.json
targets,target_30,800030,SUCCESS (true err < -0.03),SUCCESS,,-0.0347,,sim/out/host/grindsim --seed 800030 --scenario sim/mc/scenarios/target_30.json
targets,target_30,800031,SUCCESS (true err < -0.03),SUCCESS,,-0.0305,,sim/out/host/grindsim --seed 800031 --scenario sim/mc/scenarios/target_30.json
targets,target_30,800033,SUCCESS (true err < -0.03),SUCCESS,,-0.0384,,sim/out/host/grindsim --seed 800033 --scenario sim/mc/scenarios/target_30.json
targets,target_30,800034,SUCCESS (true err < -0.03),SUCCESS,,-0.0397,,sim/out/host/grindsim --seed 800034 --scenario sim/mc/scenarios/target_30.json
targets,target_30,800036,SUCCESS (true err < -0.03),SUCCESS,,-0.0331,,sim/out/host/grindsim --seed 800036 --scenario sim/mc/scenarios/target_30.json
targets,target_30,800037,OVERSHOOT,OVERSHOOT,,0.0462,,sim/out/host/grindsim --seed 800037 --scenario sim/mc/scenarios/target_30.json
targets,target_30,800039,SUCCESS (true err < -0.03),SUCCESS,,-0.0405,,sim/out/host/grindsim --seed 800039 --scenario sim/mc/scenarios/target_30.json
targets,target_30,800040,SUCCESS (true err < -0.03),SUCCESS,,-0.0385,,sim/out/host/grindsim --seed 800040 --scenario sim/mc/scenarios/target_30.json
targets,target_30,800041,SUCCESS (true err < -0.03),SUCCESS,,-0.0348,,sim/out/host/grindsim --seed 800041 --scenario sim/mc/scenarios/target_30.json
targets,target_30,800042,SUCCESS (true err < -0.03),SUCCESS,,-0.0335,,sim/out/host/grindsim --seed 800042 --scenario sim/mc/scenarios/target_30.json
targets,target_30,800043,SUCCESS (true err < -0.03),SUCCESS,,-0.0458,,sim/out/host/grindsim --seed 800043 --scenario sim/mc/scenarios/target_30.json
targets,target_30,800044,SUCCESS (true err < -0.03),SUCCESS,,-0.0373,,sim/out/host/grindsim --seed 800044 --scenario sim/mc/scenarios/target_30.json
targets,target_30,800045,SUCCESS (true err < -0.03),SUCCESS,,-0.0427,,sim/out/host/grindsim --seed 800045 --scenario sim/mc/scenarios/target_30.json
targets,target_30,800047,SUCCESS (true err < -0.03),SUCCESS,,-0.0307,,sim/out/host/grindsim --seed 800047 --scenario sim/mc/scenarios/target_30.json
targets,target_30,800048,SUCCESS (true err < -0.03),SUCCESS,,-0.0364,,sim/out/host/grindsim --seed 800048 --scenario sim/mc/scenarios/target_30.json
targets,target_30,800049,SUCCESS (true err < -0.03),SUCCESS,,-0.0307,,sim/out/host/grindsim --seed 800049 --scenario sim/mc/scenarios/target_30.json
targets,target_30,800051,SUCCESS (true err < -0.03),SUCCESS,,-0.0408,,sim/out/host/grindsim --seed 800051 --scenario sim/mc/scenarios/target_30.json
targets,target_30,800053,SUCCESS (true err < -0.03),SUCCESS,,-0.0356,,sim/out/host/grindsim --seed 800053 --scenario sim/mc/scenarios/target_30.json
targets,target_30,800054,SUCCESS (true err < -0.03),SUCCESS,,-0.0314,,sim/out/host/grindsim --seed 800054 --scenario sim/mc/scenarios/target_30.json
targets,target_30,800058,SUCCESS (true err < -0.03),SUCCESS,,-0.0356,,sim/out/host/grindsim --seed 800058 --scenario sim/mc/scenarios/target_30.json
targets,target_30,800059,SUCCESS (true err < -0.03),SUCCESS,,-0.0355,,sim/out/host/grindsim --seed 800059 --scenario sim/mc/scenarios/target_30.json
targets,target_40,800000,SUCCESS (true err < -0.03),SUCCESS,,-0.0331,,sim/out/host/grindsim --seed 800000 --scenario sim/mc/scenarios/target_40.json
targets,target_40,800001,SUCCESS (true err < -0.03),SUCCESS,,-0.0367,,sim/out/host/grindsim --seed 800001 --scenario sim/mc/scenarios/target_40.json
targets,target_40,800002,SUCCESS (true err < -0.03),SUCCESS,,-0.0336,,sim/out/host/grindsim --seed 800002 --scenario sim/mc/scenarios/target_40.json
targets,target_40,800003,SUCCESS (true err < -0.03),SUCCESS,,-0.0371,,sim/out/host/grindsim --seed 800003 --scenario sim/mc/scenarios/target_40.json
targets,target_40,800004,OVERSHOOT,OVERSHOOT,,0.0985,,sim/out/host/grindsim --seed 800004 --scenario sim/mc/scenarios/target_40.json
targets,target_40,800006,SUCCESS (true err < -0.03),SUCCESS,,-0.0345,,sim/out/host/grindsim --seed 800006 --scenario sim/mc/scenarios/target_40.json
targets,target_40,800008,OVERSHOOT,OVERSHOOT,,0.0293,,sim/out/host/grindsim --seed 800008 --scenario sim/mc/scenarios/target_40.json
targets,target_40,800009,SUCCESS (true err < -0.03),SUCCESS,,-0.0388,,sim/out/host/grindsim --seed 800009 --scenario sim/mc/scenarios/target_40.json
targets,target_40,800012,SUCCESS (true err < -0.03),SUCCESS,,-0.0322,,sim/out/host/grindsim --seed 800012 --scenario sim/mc/scenarios/target_40.json
targets,target_40,800014,SUCCESS (true err < -0.03),SUCCESS,,-0.0317,,sim/out/host/grindsim --seed 800014 --scenario sim/mc/scenarios/target_40.json
targets,target_40,800015,SUCCESS (true err < -0.03),SUCCESS,,-0.0370,,sim/out/host/grindsim --seed 800015 --scenario sim/mc/scenarios/target_40.json
targets,target_40,800016,SUCCESS (true err < -0.03),SUCCESS,,-0.0352,,sim/out/host/grindsim --seed 800016 --scenario sim/mc/scenarios/target_40.json
targets,target_40,800017,SUCCESS (true err < -0.03),SUCCESS,,-0.0345,,sim/out/host/grindsim --seed 800017 --scenario sim/mc/scenarios/target_40.json
targets,target_40,800018,SUCCESS (true err < -0.03),SUCCESS,,-0.0304,,sim/out/host/grindsim --seed 800018 --scenario sim/mc/scenarios/target_40.json
targets,target_40,800019,SUCCESS (true err < -0.03),SUCCESS,,-0.0346,,sim/out/host/grindsim --seed 800019 --scenario sim/mc/scenarios/target_40.json
targets,target_40,800020,SUCCESS (true err < -0.03),SUCCESS,,-0.0367,,sim/out/host/grindsim --seed 800020 --scenario sim/mc/scenarios/target_40.json
targets,target_40,800023,SUCCESS (true err < -0.03),SUCCESS,,-0.0320,,sim/out/host/grindsim --seed 800023 --scenario sim/mc/scenarios/target_40.json
targets,target_40,800024,SUCCESS (true err < -0.03),SUCCESS,,-0.0350,,sim/out/host/grindsim --seed 800024 --scenario sim/mc/scenarios/target_40.json
targets,target_40,800025,SUCCESS (true err < -0.03),SUCCESS,,-0.0406,,sim/out/host/grindsim --seed 800025 --scenario sim/mc/scenarios/target_40.json
targets,target_40,800027,SUCCESS (true err < -0.03),SUCCESS,,-0.0401,,sim/out/host/grindsim --seed 800027 --scenario sim/mc/scenarios/target_40.json
targets,target_40,800028,SUCCESS (true err < -0.03),SUCCESS,,-0.0324,,sim/out/host/grindsim --seed 800028 --scenario sim/mc/scenarios/target_40.json
targets,target_40,800031,SUCCESS (true err < -0.03),SUCCESS,,-0.0340,,sim/out/host/grindsim --seed 800031 --scenario sim/mc/scenarios/target_40.json
targets,target_40,800033,SUCCESS (true err < -0.03),SUCCESS,,-0.0380,,sim/out/host/grindsim --seed 800033 --scenario sim/mc/scenarios/target_40.json
targets,target_40,800036,SUCCESS (true err < -0.03),SUCCESS,,-0.0373,,sim/out/host/grindsim --seed 800036 --scenario sim/mc/scenarios/target_40.json
targets,target_40,800038,SUCCESS (true err < -0.03),SUCCESS,,-0.0329,,sim/out/host/grindsim --seed 800038 --scenario sim/mc/scenarios/target_40.json
targets,target_40,800039,SUCCESS (true err < -0.03),SUCCESS,,-0.0457,,sim/out/host/grindsim --seed 800039 --scenario sim/mc/scenarios/target_40.json
targets,target_40,800040,SUCCESS (true err < -0.03),SUCCESS,,-0.0379,,sim/out/host/grindsim --seed 800040 --scenario sim/mc/scenarios/target_40.json
targets,target_40,800041,OVERSHOOT,OVERSHOOT,,0.1432,,sim/out/host/grindsim --seed 800041 --scenario sim/mc/scenarios/target_40.json
targets,target_40,800043,SUCCESS (true err < -0.03),SUCCESS,,-0.0385,,sim/out/host/grindsim --seed 800043 --scenario sim/mc/scenarios/target_40.json
targets,target_40,800044,SUCCESS (true err < -0.03),SUCCESS,,-0.0350,,sim/out/host/grindsim --seed 800044 --scenario sim/mc/scenarios/target_40.json
targets,target_40,800045,SUCCESS (true err < -0.03),SUCCESS,,-0.0392,,sim/out/host/grindsim --seed 800045 --scenario sim/mc/scenarios/target_40.json
targets,target_40,800046,SUCCESS (true err < -0.03),SUCCESS,,-0.0388,,sim/out/host/grindsim --seed 800046 --scenario sim/mc/scenarios/target_40.json
targets,target_40,800047,SUCCESS (true err < -0.03),SUCCESS,,-0.0334,,sim/out/host/grindsim --seed 800047 --scenario sim/mc/scenarios/target_40.json
targets,target_40,800049,SUCCESS (true err < -0.03),SUCCESS,,-0.0354,,sim/out/host/grindsim --seed 800049 --scenario sim/mc/scenarios/target_40.json
targets,target_40,800051,SUCCESS (true err < -0.03),SUCCESS,,-0.0383,,sim/out/host/grindsim --seed 800051 --scenario sim/mc/scenarios/target_40.json
targets,target_40,800052,SUCCESS (true err < -0.03),SUCCESS,,-0.0419,,sim/out/host/grindsim --seed 800052 --scenario sim/mc/scenarios/target_40.json
targets,target_40,800053,SUCCESS (true err < -0.03),SUCCESS,,-0.0364,,sim/out/host/grindsim --seed 800053 --scenario sim/mc/scenarios/target_40.json
targets,target_40,800054,SUCCESS (true err < -0.03),SUCCESS,,-0.0339,,sim/out/host/grindsim --seed 800054 --scenario sim/mc/scenarios/target_40.json
targets,target_40,800059,SUCCESS (true err < -0.03),SUCCESS,,-0.0342,,sim/out/host/grindsim --seed 800059 --scenario sim/mc/scenarios/target_40.json
rundry,rundry_discard_b17.0,500000,ERROR 'No beans?',ERROR,No beans?,-3.4907,,sim/out/host/grindsim --seed 500000 --scenario sim/mc/scenarios/rundry_discard_b17.0.json
rundry,rundry_discard_b17.0,500001,ERROR 'No beans?',ERROR,No beans?,-3.3012,,sim/out/host/grindsim --seed 500001 --scenario sim/mc/scenarios/rundry_discard_b17.0.json
rundry,rundry_discard_b17.0,500002,ERROR 'No beans?',ERROR,No beans?,-3.3066,,sim/out/host/grindsim --seed 500002 --scenario sim/mc/scenarios/rundry_discard_b17.0.json
rundry,rundry_discard_b17.0,500003,ERROR 'No beans?',ERROR,No beans?,-3.4521,,sim/out/host/grindsim --seed 500003 --scenario sim/mc/scenarios/rundry_discard_b17.0.json
rundry,rundry_discard_b17.0,500004,ERROR 'No beans?',ERROR,No beans?,-3.2792,,sim/out/host/grindsim --seed 500004 --scenario sim/mc/scenarios/rundry_discard_b17.0.json
rundry,rundry_discard_b17.0,500005,ERROR 'No beans?',ERROR,No beans?,-3.4425,,sim/out/host/grindsim --seed 500005 --scenario sim/mc/scenarios/rundry_discard_b17.0.json
rundry,rundry_discard_b17.0,500006,ERROR 'No beans?',ERROR,No beans?,-3.3464,,sim/out/host/grindsim --seed 500006 --scenario sim/mc/scenarios/rundry_discard_b17.0.json
rundry,rundry_discard_b17.0,500007,ERROR 'No beans?',ERROR,No beans?,-3.1968,,sim/out/host/grindsim --seed 500007 --scenario sim/mc/scenarios/rundry_discard_b17.0.json
rundry,rundry_discard_b17.0,500008,ERROR 'No beans?',ERROR,No beans?,-3.3658,,sim/out/host/grindsim --seed 500008 --scenario sim/mc/scenarios/rundry_discard_b17.0.json
rundry,rundry_discard_b17.0,500009,ERROR 'No beans?',ERROR,No beans?,-3.3692,,sim/out/host/grindsim --seed 500009 --scenario sim/mc/scenarios/rundry_discard_b17.0.json
rundry,rundry_discard_b17.0,500010,ERROR 'No beans?',ERROR,No beans?,-3.2767,,sim/out/host/grindsim --seed 500010 --scenario sim/mc/scenarios/rundry_discard_b17.0.json
rundry,rundry_discard_b17.0,500011,ERROR 'No beans?',ERROR,No beans?,-3.2795,,sim/out/host/grindsim --seed 500011 --scenario sim/mc/scenarios/rundry_discard_b17.0.json
rundry,rundry_discard_b17.0,500012,ERROR 'No beans?',ERROR,No beans?,-3.2940,,sim/out/host/grindsim --seed 500012 --scenario sim/mc/scenarios/rundry_discard_b17.0.json
rundry,rundry_discard_b17.0,500013,ERROR 'No beans?',ERROR,No beans?,-3.3386,,sim/out/host/grindsim --seed 500013 --scenario sim/mc/scenarios/rundry_discard_b17.0.json
rundry,rundry_discard_b17.0,500014,ERROR 'No beans?',ERROR,No beans?,-3.2942,,sim/out/host/grindsim --seed 500014 --scenario sim/mc/scenarios/rundry_discard_b17.0.json
rundry,rundry_discard_b17.0,500015,ERROR 'No beans?',ERROR,No beans?,-3.2977,,sim/out/host/grindsim --seed 500015 --scenario sim/mc/scenarios/rundry_discard_b17.0.json
rundry,rundry_discard_b17.0,500016,ERROR 'No beans?',ERROR,No beans?,-3.3364,,sim/out/host/grindsim --seed 500016 --scenario sim/mc/scenarios/rundry_discard_b17.0.json
rundry,rundry_discard_b17.0,500017,ERROR 'No beans?',ERROR,No beans?,-3.3390,,sim/out/host/grindsim --seed 500017 --scenario sim/mc/scenarios/rundry_discard_b17.0.json
rundry,rundry_discard_b17.0,500018,ERROR 'No beans?',ERROR,No beans?,-3.4269,,sim/out/host/grindsim --seed 500018 --scenario sim/mc/scenarios/rundry_discard_b17.0.json
rundry,rundry_discard_b17.0,500019,ERROR 'No beans?',ERROR,No beans?,-3.2777,,sim/out/host/grindsim --seed 500019 --scenario sim/mc/scenarios/rundry_discard_b17.0.json
rundry,rundry_discard_b17.0,500020,ERROR 'No beans?',ERROR,No beans?,-3.2934,,sim/out/host/grindsim --seed 500020 --scenario sim/mc/scenarios/rundry_discard_b17.0.json
rundry,rundry_discard_b17.0,500021,ERROR 'No beans?',ERROR,No beans?,-3.3855,,sim/out/host/grindsim --seed 500021 --scenario sim/mc/scenarios/rundry_discard_b17.0.json
rundry,rundry_discard_b17.0,500022,ERROR 'No beans?',ERROR,No beans?,-3.3090,,sim/out/host/grindsim --seed 500022 --scenario sim/mc/scenarios/rundry_discard_b17.0.json
rundry,rundry_discard_b17.0,500023,ERROR 'No beans?',ERROR,No beans?,-3.3925,,sim/out/host/grindsim --seed 500023 --scenario sim/mc/scenarios/rundry_discard_b17.0.json
rundry,rundry_discard_b17.0,500024,ERROR 'No beans?',ERROR,No beans?,-3.3299,,sim/out/host/grindsim --seed 500024 --scenario sim/mc/scenarios/rundry_discard_b17.0.json
rundry,rundry_discard_b17.0,500025,ERROR 'No beans?',ERROR,No beans?,-3.2900,,sim/out/host/grindsim --seed 500025 --scenario sim/mc/scenarios/rundry_discard_b17.0.json
rundry,rundry_discard_b17.0,500026,ERROR 'No beans?',ERROR,No beans?,-3.4961,,sim/out/host/grindsim --seed 500026 --scenario sim/mc/scenarios/rundry_discard_b17.0.json
rundry,rundry_discard_b17.0,500027,ERROR 'No beans?',ERROR,No beans?,-3.2977,,sim/out/host/grindsim --seed 500027 --scenario sim/mc/scenarios/rundry_discard_b17.0.json
rundry,rundry_discard_b17.0,500028,ERROR 'No beans?',ERROR,No beans?,-3.3661,,sim/out/host/grindsim --seed 500028 --scenario sim/mc/scenarios/rundry_discard_b17.0.json
rundry,rundry_discard_b17.0,500029,ERROR 'No beans?',ERROR,No beans?,-3.2265,,sim/out/host/grindsim --seed 500029 --scenario sim/mc/scenarios/rundry_discard_b17.0.json
rundry,rundry_discard_b17.5,500000,ERROR 'No beans?',ERROR,No beans?,-2.9915,,sim/out/host/grindsim --seed 500000 --scenario sim/mc/scenarios/rundry_discard_b17.5.json
rundry,rundry_discard_b17.5,500001,ERROR 'No beans?',ERROR,No beans?,-2.7999,,sim/out/host/grindsim --seed 500001 --scenario sim/mc/scenarios/rundry_discard_b17.5.json
rundry,rundry_discard_b17.5,500002,ERROR 'No beans?',ERROR,No beans?,-2.8041,,sim/out/host/grindsim --seed 500002 --scenario sim/mc/scenarios/rundry_discard_b17.5.json
rundry,rundry_discard_b17.5,500003,ERROR 'No beans?',ERROR,No beans?,-2.9532,,sim/out/host/grindsim --seed 500003 --scenario sim/mc/scenarios/rundry_discard_b17.5.json
rundry,rundry_discard_b17.5,500004,ERROR 'No beans?',ERROR,No beans?,-2.7780,,sim/out/host/grindsim --seed 500004 --scenario sim/mc/scenarios/rundry_discard_b17.5.json
rundry,rundry_discard_b17.5,500005,ERROR 'No beans?',ERROR,No beans?,-2.9408,,sim/out/host/grindsim --seed 500005 --scenario sim/mc/scenarios/rundry_discard_b17.5.json
rundry,rundry_discard_b17.5,500006,ERROR 'No beans?',ERROR,No beans?,-2.8469,,sim/out/host/grindsim --seed 500006 --scenario sim/mc/scenarios/rundry_discard_b17.5.json
rundry,rundry_discard_b17.5,500007,ERROR 'No beans?',ERROR,No beans?,-2.6962,,sim/out/host/grindsim --seed 500007 --scenario sim/mc/scenarios/rundry_discard_b17.5.json
rundry,rundry_discard_b17.5,500008,ERROR 'No beans?',ERROR,No beans?,-2.8632,,sim/out/host/grindsim --seed 500008 --scenario sim/mc/scenarios/rundry_discard_b17.5.json
rundry,rundry_discard_b17.5,500009,ERROR 'No beans?',ERROR,No beans?,-2.8682,,sim/out/host/grindsim --seed 500009 --scenario sim/mc/scenarios/rundry_discard_b17.5.json
rundry,rundry_discard_b17.5,500010,ERROR 'No beans?',ERROR,No beans?,-2.7749,,sim/out/host/grindsim --seed 500010 --scenario sim/mc/scenarios/rundry_discard_b17.5.json
rundry,rundry_discard_b17.5,500011,ERROR 'No beans?',ERROR,No beans?,-2.7803,,sim/out/host/grindsim --seed 500011 --scenario sim/mc/scenarios/rundry_discard_b17.5.json
rundry,rundry_discard_b17.5,500012,ERROR 'No beans?',ERROR,No beans?,-2.7963,,sim/out/host/grindsim --seed 500012 --scenario sim/mc/scenarios/rundry_discard_b17.5.json
rundry,rundry_discard_b17.5,500013,ERROR 'No beans?',ERROR,No beans?,-2.8389,,sim/out/host/grindsim --seed 500013 --scenario sim/mc/scenarios/rundry_discard_b17.5.json
rundry,rundry_discard_b17.5,500014,ERROR 'No beans?',ERROR,No beans?,-2.7961,,sim/out/host/grindsim --seed 500014 --scenario sim/mc/scenarios/rundry_discard_b17.5.json
rundry,rundry_discard_b17.5,500015,ERROR 'No beans?',ERROR,No beans?,-2.7981,,sim/out/host/grindsim --seed 500015 --scenario sim/mc/scenarios/rundry_discard_b17.5.json
rundry,rundry_discard_b17.5,500016,ERROR 'No beans?',ERROR,No beans?,-2.8380,,sim/out/host/grindsim --seed 500016 --scenario sim/mc/scenarios/rundry_discard_b17.5.json
rundry,rundry_discard_b17.5,500017,ERROR 'No beans?',ERROR,No beans?,-2.8366,,sim/out/host/grindsim --seed 500017 --scenario sim/mc/scenarios/rundry_discard_b17.5.json
rundry,rundry_discard_b17.5,500018,ERROR 'No beans?',ERROR,No beans?,-2.9256,,sim/out/host/grindsim --seed 500018 --scenario sim/mc/scenarios/rundry_discard_b17.5.json
rundry,rundry_discard_b17.5,500019,ERROR 'No beans?',ERROR,No beans?,-2.7777,,sim/out/host/grindsim --seed 500019 --scenario sim/mc/scenarios/rundry_discard_b17.5.json
rundry,rundry_discard_b17.5,500020,ERROR 'No beans?',ERROR,No beans?,-2.7958,,sim/out/host/grindsim --seed 500020 --scenario sim/mc/scenarios/rundry_discard_b17.5.json
rundry,rundry_discard_b17.5,500021,ERROR 'No beans?',ERROR,No beans?,-2.8876,,sim/out/host/grindsim --seed 500021 --scenario sim/mc/scenarios/rundry_discard_b17.5.json
rundry,rundry_discard_b17.5,500022,ERROR 'No beans?',ERROR,No beans?,-2.8088,,sim/out/host/grindsim --seed 500022 --scenario sim/mc/scenarios/rundry_discard_b17.5.json
rundry,rundry_discard_b17.5,500023,ERROR 'No beans?',ERROR,No beans?,-2.8925,,sim/out/host/grindsim --seed 500023 --scenario sim/mc/scenarios/rundry_discard_b17.5.json
rundry,rundry_discard_b17.5,500024,ERROR 'No beans?',ERROR,No beans?,-2.8290,,sim/out/host/grindsim --seed 500024 --scenario sim/mc/scenarios/rundry_discard_b17.5.json
rundry,rundry_discard_b17.5,500025,ERROR 'No beans?',ERROR,No beans?,-2.7892,,sim/out/host/grindsim --seed 500025 --scenario sim/mc/scenarios/rundry_discard_b17.5.json
rundry,rundry_discard_b17.5,500026,ERROR 'No beans?',ERROR,No beans?,-2.9935,,sim/out/host/grindsim --seed 500026 --scenario sim/mc/scenarios/rundry_discard_b17.5.json
rundry,rundry_discard_b17.5,500027,ERROR 'No beans?',ERROR,No beans?,-2.7954,,sim/out/host/grindsim --seed 500027 --scenario sim/mc/scenarios/rundry_discard_b17.5.json
rundry,rundry_discard_b17.5,500028,ERROR 'No beans?',ERROR,No beans?,-2.8653,,sim/out/host/grindsim --seed 500028 --scenario sim/mc/scenarios/rundry_discard_b17.5.json
rundry,rundry_discard_b17.5,500029,ERROR 'No beans?',ERROR,No beans?,-2.7235,,sim/out/host/grindsim --seed 500029 --scenario sim/mc/scenarios/rundry_discard_b17.5.json
rundry,rundry_discard_b18.0,500000,ERROR 'No beans?',ERROR,No beans?,-2.4931,,sim/out/host/grindsim --seed 500000 --scenario sim/mc/scenarios/rundry_discard_b18.0.json
rundry,rundry_discard_b18.0,500001,ERROR 'No beans?',ERROR,No beans?,-2.3004,,sim/out/host/grindsim --seed 500001 --scenario sim/mc/scenarios/rundry_discard_b18.0.json
rundry,rundry_discard_b18.0,500002,ERROR 'No beans?',ERROR,No beans?,-2.3050,,sim/out/host/grindsim --seed 500002 --scenario sim/mc/scenarios/rundry_discard_b18.0.json
rundry,rundry_discard_b18.0,500003,ERROR 'No beans?',ERROR,No beans?,-2.4535,,sim/out/host/grindsim --seed 500003 --scenario sim/mc/scenarios/rundry_discard_b18.0.json
rundry,rundry_discard_b18.0,500004,ERROR 'No beans?',ERROR,No beans?,-2.2789,,sim/out/host/grindsim --seed 500004 --scenario sim/mc/scenarios/rundry_discard_b18.0.json
rundry,rundry_discard_b18.0,500005,ERROR 'No beans?',ERROR,No beans?,-2.4383,,sim/out/host/grindsim --seed 500005 --scenario sim/mc/scenarios/rundry_discard_b18.0.json
rundry,rundry_discard_b18.0,500006,ERROR 'No beans?',ERROR,No beans?,-2.3493,,sim/out/host/grindsim --seed 500006 --scenario sim/mc/scenarios/rundry_discard_b18.0.json
rundry,rundry_discard_b18.0,500007,ERROR 'No beans?',ERROR,No beans?,-2.1955,,sim/out/host/grindsim --seed 500007 --scenario sim/mc/scenarios/rundry_discard_b18.0.json
rundry,rundry_discard_b18.0,500008,ERROR 'No beans?',ERROR,No beans?,-2.3635,,sim/out/host/grindsim --seed 500008 --scenario sim/mc/scenarios/rundry_discard_b18.0.json
rundry,rundry_discard_b18.0,500009,ERROR 'No beans?',ERROR,No beans?,-2.3674,,sim/out/host/grindsim --seed 500009 --scenario sim/mc/scenarios/rundry_discard_b18.0.json
rundry,rundry_discard_b18.0,500010,ERROR 'No beans?',ERROR,No beans?,-2.2754,,sim/out/host/grindsim --seed 500010 --scenario sim/mc/scenarios/rundry_discard_b18.0.json
rundry,rundry_discard_b18.0,500011,ERROR 'No beans?',ERROR,No beans?,-2.2795,,sim/out/host/grindsim --seed 500011 --scenario sim/mc/scenarios/rundry_discard_b18.0.json
rundry,rundry_discard_b18.0,500012,ERROR 'No beans?',ERROR,No beans?,-2.2948,,sim/out/host/grindsim --seed 500012 --scenario sim/mc/scenarios/rundry_discard_b18.0.json
rundry,rundry_discard_b18.0,500013,ERROR 'No beans?',ERROR,No beans?,-2.3425,,sim/out/host/grindsim --seed 500013 --scenario sim/mc/scenarios/rundry_discard_b18.0.json
rundry,rundry_discard_b18.0,500014,ERROR 'No beans?',ERROR,No beans?,-2.2987,,sim/out/host/grindsim --seed 500014 --scenario sim/mc/scenarios/rundry_discard_b18.0.json
rundry,rundry_discard_b18.0,500015,ERROR 'No beans?',ERROR,No beans?,-2.2978,,sim/out/host/grindsim --seed 500015 --scenario sim/mc/scenarios/rundry_discard_b18.0.json
rundry,rundry_discard_b18.0,500016,ERROR 'No beans?',ERROR,No beans?,-2.3360,,sim/out/host/grindsim --seed 500016 --scenario sim/mc/scenarios/rundry_discard_b18.0.json
rundry,rundry_discard_b18.0,500017,ERROR 'No beans?',ERROR,No beans?,-2.3386,,sim/out/host/grindsim --seed 500017 --scenario sim/mc/scenarios/rundry_discard_b18.0.json
rundry,rundry_discard_b18.0,500018,ERROR 'No beans?',ERROR,No beans?,-2.4260,,sim/out/host/grindsim --seed 500018 --scenario sim/mc/scenarios/rundry_discard_b18.0.json
rundry,rundry_discard_b18.0,500019,ERROR 'No beans?',ERROR,No beans?,-2.2821,,sim/out/host/grindsim --seed 500019 --scenario sim/mc/scenarios/rundry_discard_b18.0.json
rundry,rundry_discard_b18.0,500020,ERROR 'No beans?',ERROR,No beans?,-2.2918,,sim/out/host/grindsim --seed 500020 --scenario sim/mc/scenarios/rundry_discard_b18.0.json
rundry,rundry_discard_b18.0,500021,ERROR 'No beans?',ERROR,No beans?,-2.3862,,sim/out/host/grindsim --seed 500021 --scenario sim/mc/scenarios/rundry_discard_b18.0.json
rundry,rundry_discard_b18.0,500022,ERROR 'No beans?',ERROR,No beans?,-2.3085,,sim/out/host/grindsim --seed 500022 --scenario sim/mc/scenarios/rundry_discard_b18.0.json
rundry,rundry_discard_b18.0,500023,ERROR 'No beans?',ERROR,No beans?,-2.3938,,sim/out/host/grindsim --seed 500023 --scenario sim/mc/scenarios/rundry_discard_b18.0.json
rundry,rundry_discard_b18.0,500024,ERROR 'No beans?',ERROR,No beans?,-2.3290,,sim/out/host/grindsim --seed 500024 --scenario sim/mc/scenarios/rundry_discard_b18.0.json
rundry,rundry_discard_b18.0,500025,ERROR 'No beans?',ERROR,No beans?,-2.2893,,sim/out/host/grindsim --seed 500025 --scenario sim/mc/scenarios/rundry_discard_b18.0.json
rundry,rundry_discard_b18.0,500026,ERROR 'No beans?',ERROR,No beans?,-2.4951,,sim/out/host/grindsim --seed 500026 --scenario sim/mc/scenarios/rundry_discard_b18.0.json
rundry,rundry_discard_b18.0,500027,ERROR 'No beans?',ERROR,No beans?,-2.2946,,sim/out/host/grindsim --seed 500027 --scenario sim/mc/scenarios/rundry_discard_b18.0.json
rundry,rundry_discard_b18.0,500028,ERROR 'No beans?',ERROR,No beans?,-2.3622,,sim/out/host/grindsim --seed 500028 --scenario sim/mc/scenarios/rundry_discard_b18.0.json
rundry,rundry_discard_b18.0,500029,ERROR 'No beans?',ERROR,No beans?,-2.2252,,sim/out/host/grindsim --seed 500029 --scenario sim/mc/scenarios/rundry_discard_b18.0.json
rundry,rundry_discard_b18.5,500000,ERROR 'No beans?',ERROR,No beans?,-1.9953,,sim/out/host/grindsim --seed 500000 --scenario sim/mc/scenarios/rundry_discard_b18.5.json
rundry,rundry_discard_b18.5,500001,ERROR 'No beans?',ERROR,No beans?,-1.8009,,sim/out/host/grindsim --seed 500001 --scenario sim/mc/scenarios/rundry_discard_b18.5.json
rundry,rundry_discard_b18.5,500002,ERROR 'No beans?',ERROR,No beans?,-1.8069,,sim/out/host/grindsim --seed 500002 --scenario sim/mc/scenarios/rundry_discard_b18.5.json
rundry,rundry_discard_b18.5,500003,ERROR 'No beans?',ERROR,No beans?,-1.9523,,sim/out/host/grindsim --seed 500003 --scenario sim/mc/scenarios/rundry_discard_b18.5.json
rundry,rundry_discard_b18.5,500004,ERROR 'No beans?',ERROR,No beans?,-1.7788,,sim/out/host/grindsim --seed 500004 --scenario sim/mc/scenarios/rundry_discard_b18.5.json
rundry,rundry_discard_b18.5,500005,ERROR 'No beans?',ERROR,No beans?,-1.9408,,sim/out/host/grindsim --seed 500005 --scenario sim/mc/scenarios/rundry_discard_b18.5.json
rundry,rundry_discard_b18.5,500006,ERROR 'No beans?',ERROR,No beans?,-1.8466,,sim/out/host/grindsim --seed 500006 --scenario sim/mc/scenarios/rundry_discard_b18.5.json
rundry,rundry_discard_b18.5,500007,ERROR 'No beans?',ERROR,No beans?,-1.6971,,sim/out/host/grindsim --seed 500007 --scenario sim/mc/scenarios/rundry_discard_b18.5.json
rundry,rundry_discard_b18.5,500008,ERROR 'No beans?',ERROR,No beans?,-1.8643,,sim/out/host/grindsim --seed 500008 --scenario sim/mc/scenarios/rundry_discard_b18.5.json
rundry,rundry_discard_b18.5,500009,ERROR 'No beans?',ERROR,No beans?,-1.8684,,sim/out/host/grindsim --seed 500009 --scenario sim/mc/scenarios/rundry_discard_b18.5.json
rundry,rundry_discard_b18.5,500010,ERROR 'No beans?',ERROR,No beans?,-1.7756,,sim/out/host/grindsim --seed 500010 --scenario sim/mc/scenarios/rundry_discard_b18.5.json
rundry,rundry_discard_b18.5,500011,ERROR 'No beans?',ERROR,No beans?,-1.7811,,sim/out/host/grindsim --seed 500011 --scenario sim/mc/scenarios/rundry_discard_b18.5.json
rundry,rundry_discard_b18.5,500012,ERROR 'No beans?',ERROR,No beans?,-1.7953,,sim/out/host/grindsim --seed 500012 --scenario sim/mc/scenarios/rundry_discard_b18.5.json
rundry,rundry_discard_b18.5,500013,ERROR 'No beans?',ERROR,No beans?,-1.8433,,sim/out/host/grindsim --seed 500013 --scenario sim/mc/scenarios/rundry_discard_b18.5.json
rundry,rundry_discard_b18.5,500014,ERROR 'No beans?',ERROR,No beans?,-1.7949,,sim/out/host/grindsim --seed 500014 --scenario sim/mc/scenarios/rundry_discard_b18.5.json
rundry,rundry_discard_b18.5,500015,ERROR 'No beans?',ERROR,No beans?,-1.8011,,sim/out/host/grindsim --seed 500015 --scenario sim/mc/scenarios/rundry_discard_b18.5.json
rundry,rundry_discard_b18.5,500016,ERROR 'No beans?',ERROR,No beans?,-1.8373,,sim/out/host/grindsim --seed 500016 --scenario sim/mc/scenarios/rundry_discard_b18.5.json
rundry,rundry_discard_b18.5,500017,ERROR 'No beans?',ERROR,No beans?,-1.8374,,sim/out/host/grindsim --seed 500017 --scenario sim/mc/scenarios/rundry_discard_b18.5.json
rundry,rundry_discard_b18.5,500018,ERROR 'No beans?',ERROR,No beans?,-1.9289,,sim/out/host/grindsim --seed 500018 --scenario sim/mc/scenarios/rundry_discard_b18.5.json
rundry,rundry_discard_b18.5,500019,ERROR 'No beans?',ERROR,No beans?,-1.7767,,sim/out/host/grindsim --seed 500019 --scenario sim/mc/scenarios/rundry_discard_b18.5.json
rundry,rundry_discard_b18.5,500020,ERROR 'No beans?',ERROR,No beans?,-1.7924,,sim/out/host/grindsim --seed 500020 --scenario sim/mc/scenarios/rundry_discard_b18.5.json
rundry,rundry_discard_b18.5,500021,ERROR 'No beans?',ERROR,No beans?,-1.8849,,sim/out/host/grindsim --seed 500021 --scenario sim/mc/scenarios/rundry_discard_b18.5.json
rundry,rundry_discard_b18.5,500022,ERROR 'No beans?',ERROR,No beans?,-1.8100,,sim/out/host/grindsim --seed 500022 --scenario sim/mc/scenarios/rundry_discard_b18.5.json
rundry,rundry_discard_b18.5,500023,ERROR 'No beans?',ERROR,No beans?,-1.8925,,sim/out/host/grindsim --seed 500023 --scenario sim/mc/scenarios/rundry_discard_b18.5.json
rundry,rundry_discard_b18.5,500024,ERROR 'No beans?',ERROR,No beans?,-1.8295,,sim/out/host/grindsim --seed 500024 --scenario sim/mc/scenarios/rundry_discard_b18.5.json
rundry,rundry_discard_b18.5,500025,ERROR 'No beans?',ERROR,No beans?,-1.7921,,sim/out/host/grindsim --seed 500025 --scenario sim/mc/scenarios/rundry_discard_b18.5.json
rundry,rundry_discard_b18.5,500026,ERROR 'No beans?',ERROR,No beans?,-1.9936,,sim/out/host/grindsim --seed 500026 --scenario sim/mc/scenarios/rundry_discard_b18.5.json
rundry,rundry_discard_b18.5,500027,ERROR 'No beans?',ERROR,No beans?,-1.7963,,sim/out/host/grindsim --seed 500027 --scenario sim/mc/scenarios/rundry_discard_b18.5.json
rundry,rundry_discard_b18.5,500028,ERROR 'No beans?',ERROR,No beans?,-1.8654,,sim/out/host/grindsim --seed 500028 --scenario sim/mc/scenarios/rundry_discard_b18.5.json
rundry,rundry_discard_b18.5,500029,ERROR 'No beans?',ERROR,No beans?,-1.7273,,sim/out/host/grindsim --seed 500029 --scenario sim/mc/scenarios/rundry_discard_b18.5.json
rundry,rundry_discard_b19.0,500000,ERROR 'No beans?',ERROR,No beans?,-1.4943,,sim/out/host/grindsim --seed 500000 --scenario sim/mc/scenarios/rundry_discard_b19.0.json
rundry,rundry_discard_b19.0,500001,ERROR 'No beans?',ERROR,No beans?,-1.3016,,sim/out/host/grindsim --seed 500001 --scenario sim/mc/scenarios/rundry_discard_b19.0.json
rundry,rundry_discard_b19.0,500002,ERROR 'No beans?',ERROR,No beans?,-1.3035,,sim/out/host/grindsim --seed 500002 --scenario sim/mc/scenarios/rundry_discard_b19.0.json
rundry,rundry_discard_b19.0,500003,ERROR 'No beans?',ERROR,No beans?,-1.4535,,sim/out/host/grindsim --seed 500003 --scenario sim/mc/scenarios/rundry_discard_b19.0.json
rundry,rundry_discard_b19.0,500004,ERROR 'No beans?',ERROR,No beans?,-1.2774,,sim/out/host/grindsim --seed 500004 --scenario sim/mc/scenarios/rundry_discard_b19.0.json
rundry,rundry_discard_b19.0,500005,ERROR 'No beans?',ERROR,No beans?,-1.4380,,sim/out/host/grindsim --seed 500005 --scenario sim/mc/scenarios/rundry_discard_b19.0.json
rundry,rundry_discard_b19.0,500006,ERROR 'No beans?',ERROR,No beans?,-1.3502,,sim/out/host/grindsim --seed 500006 --scenario sim/mc/scenarios/rundry_discard_b19.0.json
rundry,rundry_discard_b19.0,500007,ERROR 'No beans?',ERROR,No beans?,-1.1986,,sim/out/host/grindsim --seed 500007 --scenario sim/mc/scenarios/rundry_discard_b19.0.json
rundry,rundry_discard_b19.0,500008,ERROR 'No beans?',ERROR,No beans?,-1.3634,,sim/out/host/grindsim --seed 500008 --scenario sim/mc/scenarios/rundry_discard_b19.0.json
rundry,rundry_discard_b19.0,500009,ERROR 'No beans?',ERROR,No beans?,-1.3677,,sim/out/host/grindsim --seed 500009 --scenario sim/mc/scenarios/rundry_discard_b19.0.json
rundry,rundry_discard_b19.0,500010,ERROR 'No beans?',ERROR,No beans?,-1.2744,,sim/out/host/grindsim --seed 500010 --scenario sim/mc/scenarios/rundry_discard_b19.0.json
rundry,rundry_discard_b19.0,500011,ERROR 'No beans?',ERROR,No beans?,-1.2817,,sim/out/host/grindsim --seed 500011 --scenario sim/mc/scenarios/rundry_discard_b19.0.json
rundry,rundry_discard_b19.0,500012,ERROR 'No beans?',ERROR,No beans?,-1.2942,,sim/out/host/grindsim --seed 500012 --scenario sim/mc/scenarios/rundry_discard_b19.0.json
rundry,rundry_discard_b19.0,500013,ERROR 'No beans?',ERROR,No beans?,-1.3391,,sim/out/host/grindsim --seed 500013 --scenario sim/mc/scenarios/rundry_discard_b19.0.json
rundry,rundry_discard_b19.0,500014,ERROR 'No beans?',ERROR,No beans?,-1.2954,,sim/out/host/grindsim --seed 500014 --scenario sim/mc/scenarios/rundry_discard_b19.0.json
rundry,rundry_discard_b19.0,500015,ERROR 'No beans?',ERROR,No beans?,-1.3010,,sim/out/host/grindsim --seed 500015 --scenario sim/mc/scenarios/rundry_discard_b19.0.json
rundry,rundry_discard_b19.0,500016,ERROR 'No beans?',ERROR,No beans?,-1.3355,,sim/out/host/grindsim --seed 500016 --scenario sim/mc/scenarios/rundry_discard_b19.0.json
rundry,rundry_discard_b19.0,500017,ERROR 'No beans?',ERROR,No beans?,-1.3374,,sim/out/host/grindsim --seed 500017 --scenario sim/mc/scenarios/rundry_discard_b19.0.json
rundry,rundry_discard_b19.0,500018,ERROR 'No beans?',ERROR,No beans?,-1.4246,,sim/out/host/grindsim --seed 500018 --scenario sim/mc/scenarios/rundry_discard_b19.0.json
rundry,rundry_discard_b19.0,500019,ERROR 'No beans?',ERROR,No beans?,-1.2767,,sim/out/host/grindsim --seed 500019 --scenario sim/mc/scenarios/rundry_discard_b19.0.json
rundry,rundry_discard_b19.0,500020,ERROR 'No beans?',ERROR,No beans?,-1.2953,,sim/out/host/grindsim --seed 500020 --scenario sim/mc/scenarios/rundry_discard_b19.0.json
rundry,rundry_discard_b19.0,500021,ERROR 'No beans?',ERROR,No beans?,-1.3872,,sim/out/host/grindsim --seed 500021 --scenario sim/mc/scenarios/rundry_discard_b19.0.json
rundry,rundry_discard_b19.0,500022,ERROR 'No beans?',ERROR,No beans?,-1.3105,,sim/out/host/grindsim --seed 500022 --scenario sim/mc/scenarios/rundry_discard_b19.0.json
rundry,rundry_discard_b19.0,500023,ERROR 'No beans?',ERROR,No beans?,-1.3959,,sim/out/host/grindsim --seed 500023 --scenario sim/mc/scenarios/rundry_discard_b19.0.json
rundry,rundry_discard_b19.0,500024,ERROR 'No beans?',ERROR,No beans?,-1.3284,,sim/out/host/grindsim --seed 500024 --scenario sim/mc/scenarios/rundry_discard_b19.0.json
rundry,rundry_discard_b19.0,500025,ERROR 'No beans?',ERROR,No beans?,-1.2896,,sim/out/host/grindsim --seed 500025 --scenario sim/mc/scenarios/rundry_discard_b19.0.json
rundry,rundry_discard_b19.0,500026,ERROR 'No beans?',ERROR,No beans?,-1.4947,,sim/out/host/grindsim --seed 500026 --scenario sim/mc/scenarios/rundry_discard_b19.0.json
rundry,rundry_discard_b19.0,500027,ERROR 'No beans?',ERROR,No beans?,-1.2942,,sim/out/host/grindsim --seed 500027 --scenario sim/mc/scenarios/rundry_discard_b19.0.json
rundry,rundry_discard_b19.0,500028,ERROR 'No beans?',ERROR,No beans?,-1.3642,,sim/out/host/grindsim --seed 500028 --scenario sim/mc/scenarios/rundry_discard_b19.0.json
rundry,rundry_discard_b19.0,500029,ERROR 'No beans?',ERROR,No beans?,-1.2263,,sim/out/host/grindsim --seed 500029 --scenario sim/mc/scenarios/rundry_discard_b19.0.json
rundry,rundry_discard_b19.5,500000,ERROR 'No beans?',ERROR,No beans?,-0.9950,,sim/out/host/grindsim --seed 500000 --scenario sim/mc/scenarios/rundry_discard_b19.5.json
rundry,rundry_discard_b19.5,500001,ERROR 'No beans?',ERROR,No beans?,-0.8024,,sim/out/host/grindsim --seed 500001 --scenario sim/mc/scenarios/rundry_discard_b19.5.json
rundry,rundry_discard_b19.5,500002,ERROR 'No beans?',ERROR,No beans?,-0.8025,,sim/out/host/grindsim --seed 500002 --scenario sim/mc/scenarios/rundry_discard_b19.5.json
rundry,rundry_discard_b19.5,500003,ERROR 'No beans?',ERROR,No beans?,-0.9542,,sim/out/host/grindsim --seed 500003 --scenario sim/mc/scenarios/rundry_discard_b19.5.json
rundry,rundry_discard_b19.5,500004,ERROR 'No beans?',ERROR,No beans?,-0.7798,,sim/out/host/grindsim --seed 500004 --scenario sim/mc/scenarios/rundry_discard_b19.5.json
rundry,rundry_discard_b19.5,500005,ERROR 'No beans?',ERROR,No beans?,-0.9418,,sim/out/host/grindsim --seed 500005 --scenario sim/mc/scenarios/rundry_discard_b19.5.json
rundry,rundry_discard_b19.5,500006,ERROR 'No beans?',ERROR,No beans?,-0.8463,,sim/out/host/grindsim --seed 500006 --scenario sim/mc/scenarios/rundry_discard_b19.5.json
rundry,rundry_discard_b19.5,500007,ERROR 'No beans?',ERROR,No beans?,-0.6965,,sim/out/host/grindsim --seed 500007 --scenario sim/mc/scenarios/rundry_discard_b19.5.json
rundry,rundry_discard_b19.5,500008,ERROR 'No beans?',ERROR,No beans?,-0.8619,,sim/out/host/grindsim --seed 500008 --scenario sim/mc/scenarios/rundry_discard_b19.5.json
rundry,rundry_discard_b19.5,500009,ERROR 'No beans?',ERROR,No beans?,-0.8684,,sim/out/host/grindsim --seed 500009 --scenario sim/mc/scenarios/rundry_discard_b19.5.json
rundry,rundry_discard_b19.5,500010,ERROR 'No beans?',ERROR,No beans?,-0.7754,,sim/out/host/grindsim --seed 500010 --scenario sim/mc/scenarios/rundry_discard_b19.5.json
rundry,rundry_discard_b19.5,500011,ERROR 'No beans?',ERROR,No beans?,-0.7808,,sim/out/host/grindsim --seed 500011 --scenario sim/mc/scenarios/rundry_discard_b19.5.json
rundry,rundry_discard_b19.5,500012,ERROR 'No beans?',ERROR,No beans?,-0.7946,,sim/out/host/grindsim --seed 500012 --scenario sim/mc/scenarios/rundry_discard_b19.5.json
rundry,rundry_discard_b19.5,500013,ERROR 'No beans?',ERROR,No beans?,-0.8394,,sim/out/host/grindsim --seed 500013 --scenario sim/mc/scenarios/rundry_discard_b19.5.json
rundry,rundry_discard_b19.5,500014,ERROR 'No beans?',ERROR,No beans?,-0.7978,,sim/out/host/grindsim --seed 500014 --scenario sim/mc/scenarios/rundry_discard_b19.5.json
rundry,rundry_discard_b19.5,500015,ERROR 'No beans?',ERROR,No beans?,-0.7975,,sim/out/host/grindsim --seed 500015 --scenario sim/mc/scenarios/rundry_discard_b19.5.json
rundry,rundry_discard_b19.5,500016,ERROR 'No beans?',ERROR,No beans?,-0.8372,,sim/out/host/grindsim --seed 500016 --scenario sim/mc/scenarios/rundry_discard_b19.5.json
rundry,rundry_discard_b19.5,500017,ERROR 'No beans?',ERROR,No beans?,-0.8362,,sim/out/host/grindsim --seed 500017 --scenario sim/mc/scenarios/rundry_discard_b19.5.json
rundry,rundry_discard_b19.5,500018,ERROR 'No beans?',ERROR,No beans?,-0.9267,,sim/out/host/grindsim --seed 500018 --scenario sim/mc/scenarios/rundry_discard_b19.5.json
rundry,rundry_discard_b19.5,500019,ERROR 'No beans?',ERROR,No beans?,-0.7772,,sim/out/host/grindsim --seed 500019 --scenario sim/mc/scenarios/rundry_discard_b19.5.json
rundry,rundry_discard_b19.5,500020,ERROR 'No beans?',ERROR,No beans?,-0.7957,,sim/out/host/grindsim --seed 500020 --scenario sim/mc/scenarios/rundry_discard_b19.5.json
rundry,rundry_discard_b19.5,500021,ERROR 'No beans?',ERROR,No beans?,-0.8881,,sim/out/host/grindsim --seed 500021 --scenario sim/mc/scenarios/rundry_discard_b19.5.json
rundry,rundry_discard_b19.5,500022,ERROR 'No beans?',ERROR,No beans?,-0.8082,,sim/out/host/grindsim --seed 500022 --scenario sim/mc/scenarios/rundry_discard_b19.5.json
rundry,rundry_discard_b19.5,500023,ERROR 'No beans?',ERROR,No beans?,-0.8954,,sim/out/host/grindsim --seed 500023 --scenario sim/mc/scenarios/rundry_discard_b19.5.json
rundry,rundry_discard_b19.5,500024,ERROR 'No beans?',ERROR,No beans?,-0.8323,,sim/out/host/grindsim --seed 500024 --scenario sim/mc/scenarios/rundry_discard_b19.5.json
rundry,rundry_discard_b19.5,500025,ERROR 'No beans?',ERROR,No beans?,-0.7930,,sim/out/host/grindsim --seed 500025 --scenario sim/mc/scenarios/rundry_discard_b19.5.json
rundry,rundry_discard_b19.5,500026,ERROR 'No beans?',ERROR,No beans?,-0.9947,,sim/out/host/grindsim --seed 500026 --scenario sim/mc/scenarios/rundry_discard_b19.5.json
rundry,rundry_discard_b19.5,500027,ERROR 'No beans?',ERROR,No beans?,-0.7964,,sim/out/host/grindsim --seed 500027 --scenario sim/mc/scenarios/rundry_discard_b19.5.json
rundry,rundry_discard_b19.5,500028,ERROR 'No beans?',ERROR,No beans?,-0.8662,,sim/out/host/grindsim --seed 500028 --scenario sim/mc/scenarios/rundry_discard_b19.5.json
rundry,rundry_discard_b19.5,500029,ERROR 'No beans?',ERROR,No beans?,-0.7237,,sim/out/host/grindsim --seed 500029 --scenario sim/mc/scenarios/rundry_discard_b19.5.json
rundry,rundry_discard_b20.0,500000,ERROR 'No beans?',ERROR,No beans?,-0.4912,,sim/out/host/grindsim --seed 500000 --scenario sim/mc/scenarios/rundry_discard_b20.0.json
rundry,rundry_discard_b20.0,500001,MAX_PULSES,MAX_PULSES,,-0.3048,,sim/out/host/grindsim --seed 500001 --scenario sim/mc/scenarios/rundry_discard_b20.0.json
rundry,rundry_discard_b20.0,500002,MAX_PULSES,MAX_PULSES,,-0.3165,,sim/out/host/grindsim --seed 500002 --scenario sim/mc/scenarios/rundry_discard_b20.0.json
rundry,rundry_discard_b20.0,500003,ERROR 'No beans?',ERROR,No beans?,-0.4548,,sim/out/host/grindsim --seed 500003 --scenario sim/mc/scenarios/rundry_discard_b20.0.json
rundry,rundry_discard_b20.0,500004,MAX_PULSES,MAX_PULSES,,-0.2789,,sim/out/host/grindsim --seed 500004 --scenario sim/mc/scenarios/rundry_discard_b20.0.json
rundry,rundry_discard_b20.0,500005,ERROR 'No beans?',ERROR,No beans?,-0.4379,,sim/out/host/grindsim --seed 500005 --scenario sim/mc/scenarios/rundry_discard_b20.0.json
rundry,rundry_discard_b20.0,500006,MAX_PULSES,MAX_PULSES,,-0.3492,,sim/out/host/grindsim --seed 500006 --scenario sim/mc/scenarios/rundry_discard_b20.0.json
rundry,rundry_discard_b20.0,500007,MAX_PULSES,MAX_PULSES,,-0.2312,,sim/out/host/grindsim --seed 500007 --scenario sim/mc/scenarios/rundry_discard_b20.0.json
rundry,rundry_discard_b20.0,500008,MAX_PULSES,MAX_PULSES,,-0.3632,,sim/out/host/grindsim --seed 500008 --scenario sim/mc/scenarios/rundry_discard_b20.0.json
rundry,rundry_discard_b20.0,500009,MAX_PULSES,MAX_PULSES,,-0.3686,,sim/out/host/grindsim --seed 500009 --scenario sim/mc/scenarios/rundry_discard_b20.0.json
rundry,rundry_discard_b20.0,500010,MAX_PULSES,MAX_PULSES,,-0.2898,,sim/out/host/grindsim --seed 500010 --scenario sim/mc/scenarios/rundry_discard_b20.0.json
rundry,rundry_discard_b20.0,500011,MAX_PULSES,MAX_PULSES,,-0.2906,,sim/out/host/grindsim --seed 500011 --scenario sim/mc/scenarios/rundry_discard_b20.0.json
rundry,rundry_discard_b20.0,500012,MAX_PULSES,MAX_PULSES,,-0.3069,,sim/out/host/grindsim --seed 500012 --scenario sim/mc/scenarios/rundry_discard_b20.0.json
rundry,rundry_discard_b20.0,500013,MAX_PULSES,MAX_PULSES,,-0.3498,,sim/out/host/grindsim --seed 500013 --scenario sim/mc/scenarios/rundry_discard_b20.0.json
rundry,rundry_discard_b20.0,500014,MAX_PULSES,MAX_PULSES,,-0.3071,,sim/out/host/grindsim --seed 500014 --scenario sim/mc/scenarios/rundry_discard_b20.0.json
rundry,rundry_discard_b20.0,500015,MAX_PULSES,MAX_PULSES,,-0.3050,,sim/out/host/grindsim --seed 500015 --scenario sim/mc/scenarios/rundry_discard_b20.0.json
rundry,rundry_discard_b20.0,500016,MAX_PULSES,MAX_PULSES,,-0.3365,,sim/out/host/grindsim --seed 500016 --scenario sim/mc/scenarios/rundry_discard_b20.0.json
rundry,rundry_discard_b20.0,500017,MAX_PULSES,MAX_PULSES,,-0.3419,,sim/out/host/grindsim --seed 500017 --scenario sim/mc/scenarios/rundry_discard_b20.0.json
rundry,rundry_discard_b20.0,500018,ERROR 'No beans?',ERROR,No beans?,-0.4253,,sim/out/host/grindsim --seed 500018 --scenario sim/mc/scenarios/rundry_discard_b20.0.json
rundry,rundry_discard_b20.0,500019,MAX_PULSES,MAX_PULSES,,-0.2864,,sim/out/host/grindsim --seed 500019 --scenario sim/mc/scenarios/rundry_discard_b20.0.json
rundry,rundry_discard_b20.0,500020,MAX_PULSES,MAX_PULSES,,-0.2965,,sim/out/host/grindsim --seed 500020 --scenario sim/mc/scenarios/rundry_discard_b20.0.json
rundry,rundry_discard_b20.0,500021,ERROR 'No beans?',ERROR,No beans?,-0.3843,,sim/out/host/grindsim --seed 500021 --scenario sim/mc/scenarios/rundry_discard_b20.0.json
rundry,rundry_discard_b20.0,500022,MAX_PULSES,MAX_PULSES,,-0.3181,,sim/out/host/grindsim --seed 500022 --scenario sim/mc/scenarios/rundry_discard_b20.0.json
rundry,rundry_discard_b20.0,500023,ERROR 'No beans?',ERROR,No beans?,-0.3927,,sim/out/host/grindsim --seed 500023 --scenario sim/mc/scenarios/rundry_discard_b20.0.json
rundry,rundry_discard_b20.0,500024,MAX_PULSES,MAX_PULSES,,-0.3284,,sim/out/host/grindsim --seed 500024 --scenario sim/mc/scenarios/rundry_discard_b20.0.json
rundry,rundry_discard_b20.0,500025,MAX_PULSES,MAX_PULSES,,-0.3002,,sim/out/host/grindsim --seed 500025 --scenario sim/mc/scenarios/rundry_discard_b20.0.json
rundry,rundry_discard_b20.0,500026,ERROR 'No beans?',ERROR,No beans?,-0.4915,,sim/out/host/grindsim --seed 500026 --scenario sim/mc/scenarios/rundry_discard_b20.0.json
rundry,rundry_discard_b20.0,500027,MAX_PULSES,MAX_PULSES,,-0.3028,,sim/out/host/grindsim --seed 500027 --scenario sim/mc/scenarios/rundry_discard_b20.0.json
rundry,rundry_discard_b20.0,500028,ERROR 'No beans?',ERROR,No beans?,-0.3659,,sim/out/host/grindsim --seed 500028 --scenario sim/mc/scenarios/rundry_discard_b20.0.json
rundry,rundry_discard_b20.0,500029,MAX_PULSES,MAX_PULSES,,-0.2526,,sim/out/host/grindsim --seed 500029 --scenario sim/mc/scenarios/rundry_discard_b20.0.json
rundry,rundry_discard_b20.5,500000,MAX_PULSES,MAX_PULSES,,-0.1355,,sim/out/host/grindsim --seed 500000 --scenario sim/mc/scenarios/rundry_discard_b20.5.json
rundry,rundry_discard_b20.5,500001,MAX_PULSES,MAX_PULSES,,-0.1036,,sim/out/host/grindsim --seed 500001 --scenario sim/mc/scenarios/rundry_discard_b20.5.json
rundry,rundry_discard_b20.5,500002,MAX_PULSES,MAX_PULSES,,-0.0861,,sim/out/host/grindsim --seed 500002 --scenario sim/mc/scenarios/rundry_discard_b20.5.json
rundry,rundry_discard_b20.5,500003,MAX_PULSES,MAX_PULSES,,-0.0910,,sim/out/host/grindsim --seed 500003 --scenario sim/mc/scenarios/rundry_discard_b20.5.json
rundry,rundry_discard_b20.5,500004,MAX_PULSES,MAX_PULSES,,-0.0726,,sim/out/host/grindsim --seed 500004 --scenario sim/mc/scenarios/rundry_discard_b20.5.json
rundry,rundry_discard_b20.5,500005,MAX_PULSES,MAX_PULSES,,-0.0975,,sim/out/host/grindsim --seed 500005 --scenario sim/mc/scenarios/rundry_discard_b20.5.json
rundry,rundry_discard_b20.5,500006,MAX_PULSES,MAX_PULSES,,-0.1105,,sim/out/host/grindsim --seed 500006 --scenario sim/mc/scenarios/rundry_discard_b20.5.json
rundry,rundry_discard_b20.5,500007,MAX_PULSES,MAX_PULSES,,-0.0551,,sim/out/host/grindsim --seed 500007 --scenario sim/mc/scenarios/rundry_discard_b20.5.json
rundry,rundry_discard_b20.5,500008,MAX_PULSES,MAX_PULSES,,-0.0918,,sim/out/host/grindsim --seed 500008 --scenario sim/mc/scenarios/rundry_discard_b20.5.json
rundry,rundry_discard_b20.5,500009,MAX_PULSES,MAX_PULSES,,-0.1016,,sim/out/host/grindsim --seed 500009 --scenario sim/mc/scenarios/rundry_discard_b20.5.json
rundry,rundry_discard_b20.5,500010,MAX_PULSES,MAX_PULSES,,-0.0783,,sim/out/host/grindsim --seed 500010 --scenario sim/mc/scenarios/rundry_discard_b20.5.json
rundry,rundry_discard_b20.5,500011,MAX_PULSES,MAX_PULSES,,-0.0732,,sim/out/host/grindsim --seed 500011 --scenario sim/mc/scenarios/rundry_discard_b20.5.json
rundry,rundry_discard_b20.5,500012,MAX_PULSES,MAX_PULSES,,-0.0719,,sim/out/host/grindsim --seed 500012 --scenario sim/mc/scenarios/rundry_discard_b20.5.json
rundry,rundry_discard_b20.5,500013,MAX_PULSES,MAX_PULSES,,-0.0943,,sim/out/host/grindsim --seed 500013 --scenario sim/mc/scenarios/rundry_discard_b20.5.json
rundry,rundry_discard_b20.5,500014,MAX_PULSES,MAX_PULSES,,-0.0855,,sim/out/host/grindsim --seed 500014 --scenario sim/mc/scenarios/rundry_discard_b20.5.json
rundry,rundry_discard_b20.5,500015,SUCCESS (true err < -0.03),SUCCESS,,-0.0388,,sim/out/host/grindsim --seed 500015 --scenario sim/mc/scenarios/rundry_discard_b20.5.json
rundry,rundry_discard_b20.5,500016,MAX_PULSES,MAX_PULSES,,-0.0931,,sim/out/host/grindsim --seed 500016 --scenario sim/mc/scenarios/rundry_discard_b20.5.json
rundry,rundry_discard_b20.5,500017,MAX_PULSES,MAX_PULSES,,-0.0982,,sim/out/host/grindsim --seed 500017 --scenario sim/mc/scenarios/rundry_discard_b20.5.json
rundry,rundry_discard_b20.5,500018,MAX_PULSES,MAX_PULSES,,-0.0991,,sim/out/host/grindsim --seed 500018 --scenario sim/mc/scenarios/rundry_discard_b20.5.json
rundry,rundry_discard_b20.5,500019,MAX_PULSES,MAX_PULSES,,-0.0998,,sim/out/host/grindsim --seed 500019 --scenario sim/mc/scenarios/rundry_discard_b20.5.json
rundry,rundry_discard_b20.5,500020,MAX_PULSES,MAX_PULSES,,-0.0590,,sim/out/host/grindsim --seed 500020 --scenario sim/mc/scenarios/rundry_discard_b20.5.json
rundry,rundry_discard_b20.5,500021,MAX_PULSES,MAX_PULSES,,-0.0894,,sim/out/host/grindsim --seed 500021 --scenario sim/mc/scenarios/rundry_discard_b20.5.json
rundry,rundry_discard_b20.5,500022,MAX_PULSES,MAX_PULSES,,-0.0772,,sim/out/host/grindsim --seed 500022 --scenario sim/mc/scenarios/rundry_discard_b20.5.json
rundry,rundry_discard_b20.5,500023,MAX_PULSES,MAX_PULSES,,-0.0837,,sim/out/host/grindsim --seed 500023 --scenario sim/mc/scenarios/rundry_discard_b20.5.json
rundry,rundry_discard_b20.5,500024,MAX_PULSES,MAX_PULSES,,-0.0741,,sim/out/host/grindsim --seed 500024 --scenario sim/mc/scenarios/rundry_discard_b20.5.json
rundry,rundry_discard_b20.5,500025,MAX_PULSES,MAX_PULSES,,-0.0555,,sim/out/host/grindsim --seed 500025 --scenario sim/mc/scenarios/rundry_discard_b20.5.json
rundry,rundry_discard_b20.5,500026,MAX_PULSES,MAX_PULSES,,-0.1209,,sim/out/host/grindsim --seed 500026 --scenario sim/mc/scenarios/rundry_discard_b20.5.json
rundry,rundry_discard_b20.5,500027,MAX_PULSES,MAX_PULSES,,-0.0680,,sim/out/host/grindsim --seed 500027 --scenario sim/mc/scenarios/rundry_discard_b20.5.json
rundry,rundry_discard_b20.5,500028,MAX_PULSES,MAX_PULSES,,-0.0930,,sim/out/host/grindsim --seed 500028 --scenario sim/mc/scenarios/rundry_discard_b20.5.json
rundry,rundry_discard_b20.5,500029,MAX_PULSES,MAX_PULSES,,-0.0747,,sim/out/host/grindsim --seed 500029 --scenario sim/mc/scenarios/rundry_discard_b20.5.json
rundry,rundry_discard_b21.0,500000,MAX_PULSES,MAX_PULSES,,-0.0404,,sim/out/host/grindsim --seed 500000 --scenario sim/mc/scenarios/rundry_discard_b21.0.json
rundry,rundry_discard_b21.0,500001,SUCCESS (true err < -0.03),SUCCESS,,-0.0406,,sim/out/host/grindsim --seed 500001 --scenario sim/mc/scenarios/rundry_discard_b21.0.json
rundry,rundry_discard_b21.0,500003,SUCCESS (true err < -0.03),SUCCESS,,-0.0423,,sim/out/host/grindsim --seed 500003 --scenario sim/mc/scenarios/rundry_discard_b21.0.json
rundry,rundry_discard_b21.0,500004,SUCCESS (true err < -0.03),SUCCESS,,-0.0353,,sim/out/host/grindsim --seed 500004 --scenario sim/mc/scenarios/rundry_discard_b21.0.json
rundry,rundry_discard_b21.0,500005,SUCCESS (true err < -0.03),SUCCESS,,-0.0393,,sim/out/host/grindsim --seed 500005 --scenario sim/mc/scenarios/rundry_discard_b21.0.json
rundry,rundry_discard_b21.0,500006,SUCCESS (true err < -0.03),SUCCESS,,-0.0392,,sim/out/host/grindsim --seed 500006 --scenario sim/mc/scenarios/rundry_discard_b21.0.json
rundry,rundry_discard_b21.0,500007,SUCCESS (true err < -0.03),SUCCESS,,-0.0336,,sim/out/host/grindsim --seed 500007 --scenario sim/mc/scenarios/rundry_discard_b21.0.json
rundry,rundry_discard_b21.0,500008,SUCCESS (true err < -0.03),SUCCESS,,-0.0380,,sim/out/host/grindsim --seed 500008 --scenario sim/mc/scenarios/rundry_discard_b21.0.json
rundry,rundry_discard_b21.0,500009,SUCCESS (true err < -0.03),SUCCESS,,-0.0396,,sim/out/host/grindsim --seed 500009 --scenario sim/mc/scenarios/rundry_discard_b21.0.json
rundry,rundry_discard_b21.0,500010,SUCCESS (true err < -0.03),SUCCESS,,-0.0354,,sim/out/host/grindsim --seed 500010 --scenario sim/mc/scenarios/rundry_discard_b21.0.json
rundry,rundry_discard_b21.0,500011,SUCCESS (true err < -0.03),SUCCESS,,-0.0399,,sim/out/host/grindsim --seed 500011 --scenario sim/mc/scenarios/rundry_discard_b21.0.json
rundry,rundry_discard_b21.0,500012,SUCCESS (true err < -0.03),SUCCESS,,-0.0368,,sim/out/host/grindsim --seed 500012 --scenario sim/mc/scenarios/rundry_discard_b21.0.json
rundry,rundry_discard_b21.0,500013,SUCCESS (true err < -0.03),SUCCESS,,-0.0378,,sim/out/host/grindsim --seed 500013 --scenario sim/mc/scenarios/rundry_discard_b21.0.json
rundry,rundry_discard_b21.0,500014,SUCCESS (true err < -0.03),SUCCESS,,-0.0351,,sim/out/host/grindsim --seed 500014 --scenario sim/mc/scenarios/rundry_discard_b21.0.json
rundry,rundry_discard_b21.0,500015,SUCCESS (true err < -0.03),SUCCESS,,-0.0347,,sim/out/host/grindsim --seed 500015 --scenario sim/mc/scenarios/rundry_discard_b21.0.json
rundry,rundry_discard_b21.0,500016,SUCCESS (true err < -0.03),SUCCESS,,-0.0433,,sim/out/host/grindsim --seed 500016 --scenario sim/mc/scenarios/rundry_discard_b21.0.json
rundry,rundry_discard_b21.0,500017,SUCCESS (true err < -0.03),SUCCESS,,-0.0364,,sim/out/host/grindsim --seed 500017 --scenario sim/mc/scenarios/rundry_discard_b21.0.json
rundry,rundry_discard_b21.0,500018,SUCCESS (true err < -0.03),SUCCESS,,-0.0394,,sim/out/host/grindsim --seed 500018 --scenario sim/mc/scenarios/rundry_discard_b21.0.json
rundry,rundry_discard_b21.0,500019,SUCCESS (true err < -0.03),SUCCESS,,-0.0341,,sim/out/host/grindsim --seed 500019 --scenario sim/mc/scenarios/rundry_discard_b21.0.json
rundry,rundry_discard_b21.0,500020,SUCCESS (true err < -0.03),SUCCESS,,-0.0359,,sim/out/host/grindsim --seed 500020 --scenario sim/mc/scenarios/rundry_discard_b21.0.json
rundry,rundry_discard_b21.0,500021,SUCCESS (true err < -0.03),SUCCESS,,-0.0352,,sim/out/host/grindsim --seed 500021 --scenario sim/mc/scenarios/rundry_discard_b21.0.json
rundry,rundry_discard_b21.0,500022,SUCCESS (true err < -0.03),SUCCESS,,-0.0384,,sim/out/host/grindsim --seed 500022 --scenario sim/mc/scenarios/rundry_discard_b21.0.json
rundry,rundry_discard_b21.0,500023,SUCCESS (true err < -0.03),SUCCESS,,-0.0373,,sim/out/host/grindsim --seed 500023 --scenario sim/mc/scenarios/rundry_discard_b21.0.json
rundry,rundry_discard_b21.0,500024,SUCCESS (true err < -0.03),SUCCESS,,-0.0387,,sim/out/host/grindsim --seed 500024 --scenario sim/mc/scenarios/rundry_discard_b21.0.json
rundry,rundry_discard_b21.0,500025,SUCCESS (true err < -0.03),SUCCESS,,-0.0405,,sim/out/host/grindsim --seed 500025 --scenario sim/mc/scenarios/rundry_discard_b21.0.json
rundry,rundry_discard_b21.0,500026,MAX_PULSES,MAX_PULSES,,-0.0423,,sim/out/host/grindsim --seed 500026 --scenario sim/mc/scenarios/rundry_discard_b21.0.json
rundry,rundry_discard_b21.0,500027,SUCCESS (true err < -0.03),SUCCESS,,-0.0427,,sim/out/host/grindsim --seed 500027 --scenario sim/mc/scenarios/rundry_discard_b21.0.json
rundry,rundry_discard_b21.0,500028,SUCCESS (true err < -0.03),SUCCESS,,-0.0402,,sim/out/host/grindsim --seed 500028 --scenario sim/mc/scenarios/rundry_discard_b21.0.json
rundry,rundry_discard_b21.0,500029,SUCCESS (true err < -0.03),SUCCESS,,-0.0364,,sim/out/host/grindsim --seed 500029 --scenario sim/mc/scenarios/rundry_discard_b21.0.json
rundry,rundry_discard_b22.0,500001,SUCCESS (true err < -0.03),SUCCESS,,-0.0379,,sim/out/host/grindsim --seed 500001 --scenario sim/mc/scenarios/rundry_discard_b22.0.json
rundry,rundry_discard_b22.0,500002,SUCCESS (true err < -0.03),SUCCESS,,-0.0311,,sim/out/host/grindsim --seed 500002 --scenario sim/mc/scenarios/rundry_discard_b22.0.json
rundry,rundry_discard_b22.0,500003,SUCCESS (true err < -0.03),SUCCESS,,-0.0426,,sim/out/host/grindsim --seed 500003 --scenario sim/mc/scenarios/rundry_discard_b22.0.json
rundry,rundry_discard_b22.0,500004,SUCCESS (true err < -0.03),SUCCESS,,-0.0357,,sim/out/host/grindsim --seed 500004 --scenario sim/mc/scenarios/rundry_discard_b22.0.json
rundry,rundry_discard_b22.0,500005,SUCCESS (true err < -0.03),SUCCESS,,-0.0351,,sim/out/host/grindsim --seed 500005 --scenario sim/mc/scenarios/rundry_discard_b22.0.json
rundry,rundry_discard_b22.0,500006,SUCCESS (true err < -0.03),SUCCESS,,-0.0416,,sim/out/host/grindsim --seed 500006 --scenario sim/mc/scenarios/rundry_discard_b22.0.json
rundry,rundry_discard_b22.0,500009,SUCCESS (true err < -0.03),SUCCESS,,-0.0371,,sim/out/host/grindsim --seed 500009 --scenario sim/mc/scenarios/rundry_discard_b22.0.json
rundry,rundry_discard_b22.0,500010,SUCCESS (true err < -0.03),SUCCESS,,-0.0301,,sim/out/host/grindsim --seed 500010 --scenario sim/mc/scenarios/rundry_discard_b22.0.json
rundry,rundry_discard_b22.0,500011,SUCCESS (true err < -0.03),SUCCESS,,-0.0334,,sim/out/host/grindsim --seed 500011 --scenario sim/mc/scenarios/rundry_discard_b22.0.json
rundry,rundry_discard_b22.0,500016,SUCCESS (true err < -0.03),SUCCESS,,-0.0333,,sim/out/host/grindsim --seed 500016 --scenario sim/mc/scenarios/rundry_discard_b22.0.json
rundry,rundry_discard_b22.0,500022,SUCCESS (true err < -0.03),SUCCESS,,-0.0376,,sim/out/host/grindsim --seed 500022 --scenario sim/mc/scenarios/rundry_discard_b22.0.json
rundry,rundry_discard_b22.0,500025,SUCCESS (true err < -0.03),SUCCESS,,-0.0353,,sim/out/host/grindsim --seed 500025 --scenario sim/mc/scenarios/rundry_discard_b22.0.json
rundry,rundry_discard_b22.0,500027,SUCCESS (true err < -0.03),SUCCESS,,-0.0357,,sim/out/host/grindsim --seed 500027 --scenario sim/mc/scenarios/rundry_discard_b22.0.json
rundry,rundry_keep_b17.0,500000,ERROR 'No beans?',ERROR,No beans?,-1.5518,,sim/out/host/grindsim --seed 500000 --scenario sim/mc/scenarios/rundry_keep_b17.0.json
rundry,rundry_keep_b17.0,500001,ERROR 'No beans?',ERROR,No beans?,-1.5509,,sim/out/host/grindsim --seed 500001 --scenario sim/mc/scenarios/rundry_keep_b17.0.json
rundry,rundry_keep_b17.0,500002,ERROR 'No beans?',ERROR,No beans?,-1.5538,,sim/out/host/grindsim --seed 500002 --scenario sim/mc/scenarios/rundry_keep_b17.0.json
rundry,rundry_keep_b17.0,500003,ERROR 'No beans?',ERROR,No beans?,-1.5525,,sim/out/host/grindsim --seed 500003 --scenario sim/mc/scenarios/rundry_keep_b17.0.json
rundry,rundry_keep_b17.0,500004,ERROR 'No beans?',ERROR,No beans?,-1.5515,,sim/out/host/grindsim --seed 500004 --scenario sim/mc/scenarios/rundry_keep_b17.0.json
rundry,rundry_keep_b17.0,500005,ERROR 'No beans?',ERROR,No beans?,-1.5523,,sim/out/host/grindsim --seed 500005 --scenario sim/mc/scenarios/rundry_keep_b17.0.json
rundry,rundry_keep_b17.0,500006,ERROR 'No beans?',ERROR,No beans?,-1.5508,,sim/out/host/grindsim --seed 500006 --scenario sim/mc/scenarios/rundry_keep_b17.0.json
rundry,rundry_keep_b17.0,500007,ERROR 'No beans?',ERROR,No beans?,-1.5519,,sim/out/host/grindsim --seed 500007 --scenario sim/mc/scenarios/rundry_keep_b17.0.json
rundry,rundry_keep_b17.0,500008,ERROR 'No beans?',ERROR,No beans?,-1.5505,,sim/out/host/grindsim --seed 500008 --scenario sim/mc/scenarios/rundry_keep_b17.0.json
rundry,rundry_keep_b17.0,500009,ERROR 'No beans?',ERROR,No beans?,-1.5504,,sim/out/host/grindsim --seed 500009 --scenario sim/mc/scenarios/rundry_keep_b17.0.json
rundry,rundry_keep_b17.0,500010,ERROR 'No beans?',ERROR,No beans?,-1.5533,,sim/out/host/grindsim --seed 500010 --scenario sim/mc/scenarios/rundry_keep_b17.0.json
rundry,rundry_keep_b17.0,500011,ERROR 'No beans?',ERROR,No beans?,-1.5518,,sim/out/host/grindsim --seed 500011 --scenario sim/mc/scenarios/rundry_keep_b17.0.json
rundry,rundry_keep_b17.0,500012,ERROR 'No beans?',ERROR,No beans?,-1.5518,,sim/out/host/grindsim --seed 500012 --scenario sim/mc/scenarios/rundry_keep_b17.0.json
rundry,rundry_keep_b17.0,500013,ERROR 'No beans?',ERROR,No beans?,-1.5530,,sim/out/host/grindsim --seed 500013 --scenario sim/mc/scenarios/rundry_keep_b17.0.json
rundry,rundry_keep_b17.0,500014,ERROR 'No beans?',ERROR,No beans?,-1.5513,,sim/out/host/grindsim --seed 500014 --scenario sim/mc/scenarios/rundry_keep_b17.0.json
rundry,rundry_keep_b17.0,500015,ERROR 'No beans?',ERROR,No beans?,-1.5507,,sim/out/host/grindsim --seed 500015 --scenario sim/mc/scenarios/rundry_keep_b17.0.json
rundry,rundry_keep_b17.0,500016,ERROR 'No beans?',ERROR,No beans?,-1.5536,,sim/out/host/grindsim --seed 500016 --scenario sim/mc/scenarios/rundry_keep_b17.0.json
rundry,rundry_keep_b17.0,500017,ERROR 'No beans?',ERROR,No beans?,-1.5509,,sim/out/host/grindsim --seed 500017 --scenario sim/mc/scenarios/rundry_keep_b17.0.json
rundry,rundry_keep_b17.0,500018,ERROR 'No beans?',ERROR,No beans?,-1.5515,,sim/out/host/grindsim --seed 500018 --scenario sim/mc/scenarios/rundry_keep_b17.0.json
rundry,rundry_keep_b17.0,500019,ERROR 'No beans?',ERROR,No beans?,-1.5539,,sim/out/host/grindsim --seed 500019 --scenario sim/mc/scenarios/rundry_keep_b17.0.json
rundry,rundry_keep_b17.0,500020,ERROR 'No beans?',ERROR,No beans?,-1.5506,,sim/out/host/grindsim --seed 500020 --scenario sim/mc/scenarios/rundry_keep_b17.0.json
rundry,rundry_keep_b17.0,500021,ERROR 'No beans?',ERROR,No beans?,-1.5519,,sim/out/host/grindsim --seed 500021 --scenario sim/mc/scenarios/rundry_keep_b17.0.json
rundry,rundry_keep_b17.0,500022,ERROR 'No beans?',ERROR,No beans?,-1.5545,,sim/out/host/grindsim --seed 500022 --scenario sim/mc/scenarios/rundry_keep_b17.0.json
rundry,rundry_keep_b17.0,500023,ERROR 'No beans?',ERROR,No beans?,-1.5510,,sim/out/host/grindsim --seed 500023 --scenario sim/mc/scenarios/rundry_keep_b17.0.json
rundry,rundry_keep_b17.0,500024,ERROR 'No beans?',ERROR,No beans?,-1.5506,,sim/out/host/grindsim --seed 500024 --scenario sim/mc/scenarios/rundry_keep_b17.0.json
rundry,rundry_keep_b17.0,500025,ERROR 'No beans?',ERROR,No beans?,-1.5520,,sim/out/host/grindsim --seed 500025 --scenario sim/mc/scenarios/rundry_keep_b17.0.json
rundry,rundry_keep_b17.0,500026,ERROR 'No beans?',ERROR,No beans?,-1.5528,,sim/out/host/grindsim --seed 500026 --scenario sim/mc/scenarios/rundry_keep_b17.0.json
rundry,rundry_keep_b17.0,500027,ERROR 'No beans?',ERROR,No beans?,-1.5518,,sim/out/host/grindsim --seed 500027 --scenario sim/mc/scenarios/rundry_keep_b17.0.json
rundry,rundry_keep_b17.0,500028,ERROR 'No beans?',ERROR,No beans?,-1.5539,,sim/out/host/grindsim --seed 500028 --scenario sim/mc/scenarios/rundry_keep_b17.0.json
rundry,rundry_keep_b17.0,500029,ERROR 'No beans?',ERROR,No beans?,-1.5544,,sim/out/host/grindsim --seed 500029 --scenario sim/mc/scenarios/rundry_keep_b17.0.json
rundry,rundry_keep_b17.5,500000,ERROR 'No beans?',ERROR,No beans?,-1.0508,,sim/out/host/grindsim --seed 500000 --scenario sim/mc/scenarios/rundry_keep_b17.5.json
rundry,rundry_keep_b17.5,500001,ERROR 'No beans?',ERROR,No beans?,-1.0511,,sim/out/host/grindsim --seed 500001 --scenario sim/mc/scenarios/rundry_keep_b17.5.json
rundry,rundry_keep_b17.5,500002,ERROR 'No beans?',ERROR,No beans?,-1.0526,,sim/out/host/grindsim --seed 500002 --scenario sim/mc/scenarios/rundry_keep_b17.5.json
rundry,rundry_keep_b17.5,500003,ERROR 'No beans?',ERROR,No beans?,-1.0525,,sim/out/host/grindsim --seed 500003 --scenario sim/mc/scenarios/rundry_keep_b17.5.json
rundry,rundry_keep_b17.5,500004,ERROR 'No beans?',ERROR,No beans?,-1.0543,,sim/out/host/grindsim --seed 500004 --scenario sim/mc/scenarios/rundry_keep_b17.5.json
rundry,rundry_keep_b17.5,500005,ERROR 'No beans?',ERROR,No beans?,-1.0503,,sim/out/host/grindsim --seed 500005 --scenario sim/mc/scenarios/rundry_keep_b17.5.json
rundry,rundry_keep_b17.5,500006,ERROR 'No beans?',ERROR,No beans?,-1.0509,,sim/out/host/grindsim --seed 500006 --scenario sim/mc/scenarios/rundry_keep_b17.5.json
rundry,rundry_keep_b17.5,500007,ERROR 'No beans?',ERROR,No beans?,-1.0511,,sim/out/host/grindsim --seed 500007 --scenario sim/mc/scenarios/rundry_keep_b17.5.json
rundry,rundry_keep_b17.5,500008,ERROR 'No beans?',ERROR,No beans?,-1.0504,,sim/out/host/grindsim --seed 500008 --scenario sim/mc/scenarios/rundry_keep_b17.5.json
rundry,rundry_keep_b17.5,500009,ERROR 'No beans?',ERROR,No beans?,-1.0544,,sim/out/host/grindsim --seed 500009 --scenario sim/mc/scenarios/rundry_keep_b17.5.json
rundry,rundry_keep_b17.5,500010,ERROR 'No beans?',ERROR,No beans?,-1.0524,,sim/out/host/grindsim --seed 500010 --scenario sim/mc/scenarios/rundry_keep_b17.5.json
rundry,rundry_keep_b17.5,500011,ERROR 'No beans?',ERROR,No beans?,-1.0545,,sim/out/host/grindsim --seed 500011 --scenario sim/mc/scenarios/rundry_keep_b17.5.json
rundry,rundry_keep_b17.5,500012,ERROR 'No beans?',ERROR,No beans?,-1.0508,,sim/out/host/grindsim --seed 500012 --scenario sim/mc/scenarios/rundry_keep_b17.5.json
rundry,rundry_keep_b17.5,500013,ERROR 'No beans?',ERROR,No beans?,-1.0537,,sim/out/host/grindsim --seed 500013 --scenario sim/mc/scenarios/rundry_keep_b17.5.json
rundry,rundry_keep_b17.5,500014,ERROR 'No beans?',ERROR,No beans?,-1.0502,,sim/out/host/grindsim --seed 500014 --scenario sim/mc/scenarios/rundry_keep_b17.5.json
rundry,rundry_keep_b17.5,500015,ERROR 'No beans?',ERROR,No beans?,-1.0525,,sim/out/host/grindsim --seed 500015 --scenario sim/mc/scenarios/rundry_keep_b17.5.json
rundry,rundry_keep_b17.5,500016,ERROR 'No beans?',ERROR,No beans?,-1.0532,,sim/out/host/grindsim --seed 500016 --scenario sim/mc/scenarios/rundry_keep_b17.5.json
rundry,rundry_keep_b17.5,500017,ERROR 'No beans?',ERROR,No beans?,-1.0522,,sim/out/host/grindsim --seed 500017 --scenario sim/mc/scenarios/rundry_keep_b17.5.json
rundry,rundry_keep_b17.5,500018,ERROR 'No beans?',ERROR,No beans?,-1.0504,,sim/out/host/grindsim --seed 500018 --scenario sim/mc/scenarios/rundry_keep_b17.5.json
rundry,rundry_keep_b17.5,500019,ERROR 'No beans?',ERROR,No beans?,-1.0513,,sim/out/host/grindsim --seed 500019 --scenario sim/mc/scenarios/rundry_keep_b17.5.json
rundry,rundry_keep_b17.5,500020,ERROR 'No beans?',ERROR,No beans?,-1.0537,,sim/out/host/grindsim --seed 500020 --scenario sim/mc/scenarios/rundry_keep_b17.5.json
rundry,rundry_keep_b17.5,500021,ERROR 'No beans?',ERROR,No beans?,-1.0526,,sim/out/host/grindsim --seed 500021 --scenario sim/mc/scenarios/rundry_keep_b17.5.json
rundry,rundry_keep_b17.5,500022,ERROR 'No beans?',ERROR,No beans?,-1.0536,,sim/out/host/grindsim --seed 500022 --scenario sim/mc/scenarios/rundry_keep_b17.5.json
rundry,rundry_keep_b17.5,500023,ERROR 'No beans?',ERROR,No beans?,-1.0546,,sim/out/host/grindsim --seed 500023 --scenario sim/mc/scenarios/rundry_keep_b17.5.json
rundry,rundry_keep_b17.5,500024,ERROR 'No beans?',ERROR,No beans?,-1.0502,,sim/out/host/grindsim --seed 500024 --scenario sim/mc/scenarios/rundry_keep_b17.5.json
rundry,rundry_keep_b17.5,500025,ERROR 'No beans?',ERROR,No beans?,-1.0514,,sim/out/host/grindsim --seed 500025 --scenario sim/mc/scenarios/rundry_keep_b17.5.json
rundry,rundry_keep_b17.5,500026,ERROR 'No beans?',ERROR,No beans?,-1.0536,,sim/out/host/grindsim --seed 500026 --scenario sim/mc/scenarios/rundry_keep_b17.5.json
rundry,rundry_keep_b17.5,500027,ERROR 'No beans?',ERROR,No beans?,-1.0544,,sim/out/host/grindsim --seed 500027 --scenario sim/mc/scenarios/rundry_keep_b17.5.json
rundry,rundry_keep_b17.5,500028,ERROR 'No beans?',ERROR,No beans?,-1.0511,,sim/out/host/grindsim --seed 500028 --scenario sim/mc/scenarios/rundry_keep_b17.5.json
rundry,rundry_keep_b17.5,500029,ERROR 'No beans?',ERROR,No beans?,-1.0517,,sim/out/host/grindsim --seed 500029 --scenario sim/mc/scenarios/rundry_keep_b17.5.json
rundry,rundry_keep_b18.0,500000,ERROR 'No beans?',ERROR,No beans?,-0.5536,,sim/out/host/grindsim --seed 500000 --scenario sim/mc/scenarios/rundry_keep_b18.0.json
rundry,rundry_keep_b18.0,500001,ERROR 'No beans?',ERROR,No beans?,-0.5514,,sim/out/host/grindsim --seed 500001 --scenario sim/mc/scenarios/rundry_keep_b18.0.json
rundry,rundry_keep_b18.0,500002,ERROR 'No beans?',ERROR,No beans?,-0.5531,,sim/out/host/grindsim --seed 500002 --scenario sim/mc/scenarios/rundry_keep_b18.0.json
rundry,rundry_keep_b18.0,500003,ERROR 'No beans?',ERROR,No beans?,-0.5516,,sim/out/host/grindsim --seed 500003 --scenario sim/mc/scenarios/rundry_keep_b18.0.json
rundry,rundry_keep_b18.0,500004,ERROR 'No beans?',ERROR,No beans?,-0.5535,,sim/out/host/grindsim --seed 500004 --scenario sim/mc/scenarios/rundry_keep_b18.0.json
rundry,rundry_keep_b18.0,500005,ERROR 'No beans?',ERROR,No beans?,-0.5533,,sim/out/host/grindsim --seed 500005 --scenario sim/mc/scenarios/rundry_keep_b18.0.json
rundry,rundry_keep_b18.0,500006,ERROR 'No beans?',ERROR,No beans?,-0.5531,,sim/out/host/grindsim --seed 500006 --scenario sim/mc/scenarios/rundry_keep_b18.0.json
rundry,rundry_keep_b18.0,500007,ERROR 'No beans?',ERROR,No beans?,-0.5554,,sim/out/host/grindsim --seed 500007 --scenario sim/mc/scenarios/rundry_keep_b18.0.json
rundry,rundry_keep_b18.0,500008,ERROR 'No beans?',ERROR,No beans?,-0.5537,,sim/out/host/grindsim --seed 500008 --scenario sim/mc/scenarios/rundry_keep_b18.0.json
rundry,rundry_keep_b18.0,500009,ERROR 'No beans?',ERROR,No beans?,-0.5520,,sim/out/host/grindsim --seed 500009 --scenario sim/mc/scenarios/rundry_keep_b18.0.json
rundry,rundry_keep_b18.0,500010,ERROR 'No beans?',ERROR,No beans?,-0.5523,,sim/out/host/grindsim --seed 500010 --scenario sim/mc/scenarios/rundry_keep_b18.0.json
rundry,rundry_keep_b18.0,500011,ERROR 'No beans?',ERROR,No beans?,-0.5520,,sim/out/host/grindsim --seed 500011 --scenario sim/mc/scenarios/rundry_keep_b18.0.json
rundry,rundry_keep_b18.0,500012,ERROR 'No beans?',ERROR,No beans?,-0.5510,,sim/out/host/grindsim --seed 500012 --scenario sim/mc/scenarios/rundry_keep_b18.0.json
rundry,rundry_keep_b18.0,500013,ERROR 'No beans?',ERROR,No beans?,-0.5509,,sim/out/host/grindsim --seed 500013 --scenario sim/mc/scenarios/rundry_keep_b18.0.json
rundry,rundry_keep_b18.0,500014,ERROR 'No beans?',ERROR,No beans?,-0.5503,,sim/out/host/grindsim --seed 500014 --scenario sim/mc/scenarios/rundry_keep_b18.0.json
rundry,rundry_keep_b18.0,500015,ERROR 'No beans?',ERROR,No beans?,-0.5505,,sim/out/host/grindsim --seed 500015 --scenario sim/mc/scenarios/rundry_keep_b18.0.json
rundry,rundry_keep_b18.0,500016,ERROR 'No beans?',ERROR,No beans?,-0.5506,,sim/out/host/grindsim --seed 500016 --scenario sim/mc/scenarios/rundry_keep_b18.0.json
rundry,rundry_keep_b18.0,500017,ERROR 'No beans?',ERROR,No beans?,-0.5518,,sim/out/host/grindsim --seed 500017 --scenario sim/mc/scenarios/rundry_keep_b18.0.json
rundry,rundry_keep_b18.0,500018,ERROR 'No beans?',ERROR,No beans?,-0.5527,,sim/out/host/grindsim --seed 500018 --scenario sim/mc/scenarios/rundry_keep_b18.0.json
rundry,rundry_keep_b18.0,500019,ERROR 'No beans?',ERROR,No beans?,-0.5510,,sim/out/host/grindsim --seed 500019 --scenario sim/mc/scenarios/rundry_keep_b18.0.json
rundry,rundry_keep_b18.0,500020,ERROR 'No beans?',ERROR,No beans?,-0.5534,,sim/out/host/grindsim --seed 500020 --scenario sim/mc/scenarios/rundry_keep_b18.0.json
rundry,rundry_keep_b18.0,500021,ERROR 'No beans?',ERROR,No beans?,-0.5512,,sim/out/host/grindsim --seed 500021 --scenario sim/mc/scenarios/rundry_keep_b18.0.json
rundry,rundry_keep_b18.0,500022,ERROR 'No beans?',ERROR,No beans?,-0.5534,,sim/out/host/grindsim --seed 500022 --scenario sim/mc/scenarios/rundry_keep_b18.0.json
rundry,rundry_keep_b18.0,500023,ERROR 'No beans?',ERROR,No beans?,-0.5504,,sim/out/host/grindsim --seed 500023 --scenario sim/mc/scenarios/rundry_keep_b18.0.json
rundry,rundry_keep_b18.0,500024,ERROR 'No beans?',ERROR,No beans?,-0.5505,,sim/out/host/grindsim --seed 500024 --scenario sim/mc/scenarios/rundry_keep_b18.0.json
rundry,rundry_keep_b18.0,500025,ERROR 'No beans?',ERROR,No beans?,-0.5505,,sim/out/host/grindsim --seed 500025 --scenario sim/mc/scenarios/rundry_keep_b18.0.json
rundry,rundry_keep_b18.0,500026,ERROR 'No beans?',ERROR,No beans?,-0.5543,,sim/out/host/grindsim --seed 500026 --scenario sim/mc/scenarios/rundry_keep_b18.0.json
rundry,rundry_keep_b18.0,500027,ERROR 'No beans?',ERROR,No beans?,-0.5514,,sim/out/host/grindsim --seed 500027 --scenario sim/mc/scenarios/rundry_keep_b18.0.json
rundry,rundry_keep_b18.0,500028,ERROR 'No beans?',ERROR,No beans?,-0.5507,,sim/out/host/grindsim --seed 500028 --scenario sim/mc/scenarios/rundry_keep_b18.0.json
rundry,rundry_keep_b18.0,500029,ERROR 'No beans?',ERROR,No beans?,-0.5538,,sim/out/host/grindsim --seed 500029 --scenario sim/mc/scenarios/rundry_keep_b18.0.json
rundry,rundry_keep_b18.5,500000,MAX_PULSES,MAX_PULSES,,-0.2016,,sim/out/host/grindsim --seed 500000 --scenario sim/mc/scenarios/rundry_keep_b18.5.json
rundry,rundry_keep_b18.5,500001,MAX_PULSES,MAX_PULSES,,-0.1526,,sim/out/host/grindsim --seed 500001 --scenario sim/mc/scenarios/rundry_keep_b18.5.json
rundry,rundry_keep_b18.5,500002,MAX_PULSES,MAX_PULSES,,-0.1418,,sim/out/host/grindsim --seed 500002 --scenario sim/mc/scenarios/rundry_keep_b18.5.json
rundry,rundry_keep_b18.5,500003,MAX_PULSES,MAX_PULSES,,-0.1491,,sim/out/host/grindsim --seed 500003 --scenario sim/mc/scenarios/rundry_keep_b18.5.json
rundry,rundry_keep_b18.5,500004,MAX_PULSES,MAX_PULSES,,-0.1506,,sim/out/host/grindsim --seed 500004 --scenario sim/mc/scenarios/rundry_keep_b18.5.json
rundry,rundry_keep_b18.5,500005,MAX_PULSES,MAX_PULSES,,-0.1429,,sim/out/host/grindsim --seed 500005 --scenario sim/mc/scenarios/rundry_keep_b18.5.json
rundry,rundry_keep_b18.5,500006,MAX_PULSES,MAX_PULSES,,-0.1049,,sim/out/host/grindsim --seed 500006 --scenario sim/mc/scenarios/rundry_keep_b18.5.json
rundry,rundry_keep_b18.5,500007,MAX_PULSES,MAX_PULSES,,-0.1491,,sim/out/host/grindsim --seed 500007 --scenario sim/mc/scenarios/rundry_keep_b18.5.json
rundry,rundry_keep_b18.5,500008,MAX_PULSES,MAX_PULSES,,-0.1450,,sim/out/host/grindsim --seed 500008 --scenario sim/mc/scenarios/rundry_keep_b18.5.json
rundry,rundry_keep_b18.5,500009,MAX_PULSES,MAX_PULSES,,-0.1434,,sim/out/host/grindsim --seed 500009 --scenario sim/mc/scenarios/rundry_keep_b18.5.json
rundry,rundry_keep_b18.5,500010,MAX_PULSES,MAX_PULSES,,-0.1491,,sim/out/host/grindsim --seed 500010 --scenario sim/mc/scenarios/rundry_keep_b18.5.json
rundry,rundry_keep_b18.5,500011,MAX_PULSES,MAX_PULSES,,-0.1451,,sim/out/host/grindsim --seed 500011 --scenario sim/mc/scenarios/rundry_keep_b18.5.json
rundry,rundry_keep_b18.5,500012,MAX_PULSES,MAX_PULSES,,-0.1470,,sim/out/host/grindsim --seed 500012 --scenario sim/mc/scenarios/rundry_keep_b18.5.json
rundry,rundry_keep_b18.5,500013,MAX_PULSES,MAX_PULSES,,-0.1389,,sim/out/host/grindsim --seed 500013 --scenario sim/mc/scenarios/rundry_keep_b18.5.json
rundry,rundry_keep_b18.5,500014,MAX_PULSES,MAX_PULSES,,-0.1448,,sim/out/host/grindsim --seed 500014 --scenario sim/mc/scenarios/rundry_keep_b18.5.json
rundry,rundry_keep_b18.5,500015,MAX_PULSES,MAX_PULSES,,-0.1267,,sim/out/host/grindsim --seed 500015 --scenario sim/mc/scenarios/rundry_keep_b18.5.json
rundry,rundry_keep_b18.5,500016,MAX_PULSES,MAX_PULSES,,-0.1373,,sim/out/host/grindsim --seed 500016 --scenario sim/mc/scenarios/rundry_keep_b18.5.json
rundry,rundry_keep_b18.5,500017,MAX_PULSES,MAX_PULSES,,-0.1430,,sim/out/host/grindsim --seed 500017 --scenario sim/mc/scenarios/rundry_keep_b18.5.json
rundry,rundry_keep_b18.5,500018,MAX_PULSES,MAX_PULSES,,-0.1440,,sim/out/host/grindsim --seed 500018 --scenario sim/mc/scenarios/rundry_keep_b18.5.json
rundry,rundry_keep_b18.5,500019,MAX_PULSES,MAX_PULSES,,-0.1505,,sim/out/host/grindsim --seed 500019 --scenario sim/mc/scenarios/rundry_keep_b18.5.json
rundry,rundry_keep_b18.5,500020,MAX_PULSES,MAX_PULSES,,-0.1366,,sim/out/host/grindsim --seed 500020 --scenario sim/mc/scenarios/rundry_keep_b18.5.json
rundry,rundry_keep_b18.5,500021,MAX_PULSES,MAX_PULSES,,-0.1464,,sim/out/host/grindsim --seed 500021 --scenario sim/mc/scenarios/rundry_keep_b18.5.json
rundry,rundry_keep_b18.5,500022,MAX_PULSES,MAX_PULSES,,-0.1370,,sim/out/host/grindsim --seed 500022 --scenario sim/mc/scenarios/rundry_keep_b18.5.json
rundry,rundry_keep_b18.5,500023,MAX_PULSES,MAX_PULSES,,-0.1473,,sim/out/host/grindsim --seed 500023 --scenario sim/mc/scenarios/rundry_keep_b18.5.json
rundry,rundry_keep_b18.5,500024,MAX_PULSES,MAX_PULSES,,-0.1376,,sim/out/host/grindsim --seed 500024 --scenario sim/mc/scenarios/rundry_keep_b18.5.json
rundry,rundry_keep_b18.5,500025,MAX_PULSES,MAX_PULSES,,-0.1378,,sim/out/host/grindsim --seed 500025 --scenario sim/mc/scenarios/rundry_keep_b18.5.json
rundry,rundry_keep_b18.5,500026,MAX_PULSES,MAX_PULSES,,-0.1409,,sim/out/host/grindsim --seed 500026 --scenario sim/mc/scenarios/rundry_keep_b18.5.json
rundry,rundry_keep_b18.5,500027,MAX_PULSES,MAX_PULSES,,-0.1466,,sim/out/host/grindsim --seed 500027 --scenario sim/mc/scenarios/rundry_keep_b18.5.json
rundry,rundry_keep_b18.5,500028,MAX_PULSES,MAX_PULSES,,-0.1473,,sim/out/host/grindsim --seed 500028 --scenario sim/mc/scenarios/rundry_keep_b18.5.json
rundry,rundry_keep_b18.5,500029,MAX_PULSES,MAX_PULSES,,-0.1481,,sim/out/host/grindsim --seed 500029 --scenario sim/mc/scenarios/rundry_keep_b18.5.json
rundry,rundry_keep_b19.0,500000,MAX_PULSES,MAX_PULSES,,-0.0537,,sim/out/host/grindsim --seed 500000 --scenario sim/mc/scenarios/rundry_keep_b19.0.json
rundry,rundry_keep_b19.0,500001,SUCCESS (true err < -0.03),SUCCESS,,-0.0471,,sim/out/host/grindsim --seed 500001 --scenario sim/mc/scenarios/rundry_keep_b19.0.json
rundry,rundry_keep_b19.0,500002,SUCCESS (true err < -0.03),SUCCESS,,-0.0450,,sim/out/host/grindsim --seed 500002 --scenario sim/mc/scenarios/rundry_keep_b19.0.json
rundry,rundry_keep_b19.0,500003,SUCCESS (true err < -0.03),SUCCESS,,-0.0518,,sim/out/host/grindsim --seed 500003 --scenario sim/mc/scenarios/rundry_keep_b19.0.json
rundry,rundry_keep_b19.0,500004,MAX_PULSES,MAX_PULSES,,-0.0543,,sim/out/host/grindsim --seed 500004 --scenario sim/mc/scenarios/rundry_keep_b19.0.json
rundry,rundry_keep_b19.0,500005,MAX_PULSES,MAX_PULSES,,-0.0536,,sim/out/host/grindsim --seed 500005 --scenario sim/mc/scenarios/rundry_keep_b19.0.json
rundry,rundry_keep_b19.0,500006,MAX_PULSES,MAX_PULSES,,-0.0524,,sim/out/host/grindsim --seed 500006 --scenario sim/mc/scenarios/rundry_keep_b19.0.json
rundry,rundry_keep_b19.0,500007,SUCCESS (true err < -0.03),SUCCESS,,-0.0485,,sim/out/host/grindsim --seed 500007 --scenario sim/mc/scenarios/rundry_keep_b19.0.json
rundry,rundry_keep_b19.0,500008,MAX_PULSES,MAX_PULSES,,-0.0528,,sim/out/host/grindsim --seed 500008 --scenario sim/mc/scenarios/rundry_keep_b19.0.json
rundry,rundry_keep_b19.0,500009,MAX_PULSES,MAX_PULSES,,-0.0447,,sim/out/host/grindsim --seed 500009 --scenario sim/mc/scenarios/rundry_keep_b19.0.json
rundry,rundry_keep_b19.0,500010,MAX_PULSES,MAX_PULSES,,-0.0551,,sim/out/host/grindsim --seed 500010 --scenario sim/mc/scenarios/rundry_keep_b19.0.json
rundry,rundry_keep_b19.0,500011,SUCCESS (true err < -0.03),SUCCESS,,-0.0503,,sim/out/host/grindsim --seed 500011 --scenario sim/mc/scenarios/rundry_keep_b19.0.json
rundry,rundry_keep_b19.0,500012,MAX_PULSES,MAX_PULSES,,-0.0555,,sim/out/host/grindsim --seed 500012 --scenario sim/mc/scenarios/rundry_keep_b19.0.json
rundry,rundry_keep_b19.0,500013,SUCCESS (true err < -0.03),SUCCESS,,-0.0475,,sim/out/host/grindsim --seed 500013 --scenario sim/mc/scenarios/rundry_keep_b19.0.json
rundry,rundry_keep_b19.0,500014,MAX_PULSES,MAX_PULSES,,-0.0515,,sim/out/host/grindsim --seed 500014 --scenario sim/mc/scenarios/rundry_keep_b19.0.json
rundry,rundry_keep_b19.0,500015,SUCCESS (true err < -0.03),SUCCESS,,-0.0514,,sim/out/host/grindsim --seed 500015 --scenario sim/mc/scenarios/rundry_keep_b19.0.json
rundry,rundry_keep_b19.0,500016,MAX_PULSES,MAX_PULSES,,-0.0542,,sim/out/host/grindsim --seed 500016 --scenario sim/mc/scenarios/rundry_keep_b19.0.json
rundry,rundry_keep_b19.0,500017,OVERSHOOT,OVERSHOOT,,0.1709,,sim/out/host/grindsim --seed 500017 --scenario sim/mc/scenarios/rundry_keep_b19.0.json
rundry,rundry_keep_b19.0,500018,MAX_PULSES,MAX_PULSES,,-0.0463,,sim/out/host/grindsim --seed 500018 --scenario sim/mc/scenarios/rundry_keep_b19.0.json
rundry,rundry_keep_b19.0,500019,SUCCESS (true err < -0.03),SUCCESS,,-0.0473,,sim/out/host/grindsim --seed 500019 --scenario sim/mc/scenarios/rundry_keep_b19.0.json
rundry,rundry_keep_b19.0,500020,MAX_PULSES,MAX_PULSES,,-0.0529,,sim/out/host/grindsim --seed 500020 --scenario sim/mc/scenarios/rundry_keep_b19.0.json
rundry,rundry_keep_b19.0,500021,MAX_PULSES,MAX_PULSES,,-0.0488,,sim/out/host/grindsim --seed 500021 --scenario sim/mc/scenarios/rundry_keep_b19.0.json
rundry,rundry_keep_b19.0,500022,MAX_PULSES,MAX_PULSES,,-0.0519,,sim/out/host/grindsim --seed 500022 --scenario sim/mc/scenarios/rundry_keep_b19.0.json
rundry,rundry_keep_b19.0,500023,SUCCESS (true err < -0.03),SUCCESS,,-0.0437,,sim/out/host/grindsim --seed 500023 --scenario sim/mc/scenarios/rundry_keep_b19.0.json
rundry,rundry_keep_b19.0,500024,MAX_PULSES,MAX_PULSES,,-0.0566,,sim/out/host/grindsim --seed 500024 --scenario sim/mc/scenarios/rundry_keep_b19.0.json
rundry,rundry_keep_b19.0,500025,MAX_PULSES,MAX_PULSES,,-0.0537,,sim/out/host/grindsim --seed 500025 --scenario sim/mc/scenarios/rundry_keep_b19.0.json
rundry,rundry_keep_b19.0,500026,MAX_PULSES,MAX_PULSES,,-0.0560,,sim/out/host/grindsim --seed 500026 --scenario sim/mc/scenarios/rundry_keep_b19.0.json
rundry,rundry_keep_b19.0,500027,MAX_PULSES,MAX_PULSES,,-0.0551,,sim/out/host/grindsim --seed 500027 --scenario sim/mc/scenarios/rundry_keep_b19.0.json
rundry,rundry_keep_b19.0,500028,MAX_PULSES,MAX_PULSES,,-0.0504,,sim/out/host/grindsim --seed 500028 --scenario sim/mc/scenarios/rundry_keep_b19.0.json
rundry,rundry_keep_b19.0,500029,SUCCESS (true err < -0.03),SUCCESS,,-0.0558,,sim/out/host/grindsim --seed 500029 --scenario sim/mc/scenarios/rundry_keep_b19.0.json
rundry,rundry_keep_b19.5,500000,SUCCESS (true err < -0.03),SUCCESS,,-0.0434,,sim/out/host/grindsim --seed 500000 --scenario sim/mc/scenarios/rundry_keep_b19.5.json
rundry,rundry_keep_b19.5,500001,SUCCESS (true err < -0.03),SUCCESS,,-0.0406,,sim/out/host/grindsim --seed 500001 --scenario sim/mc/scenarios/rundry_keep_b19.5.json
rundry,rundry_keep_b19.5,500002,SUCCESS (true err < -0.03),SUCCESS,,-0.0440,,sim/out/host/grindsim --seed 500002 --scenario sim/mc/scenarios/rundry_keep_b19.5.json
rundry,rundry_keep_b19.5,500003,SUCCESS (true err < -0.03),SUCCESS,,-0.0369,,sim/out/host/grindsim --seed 500003 --scenario sim/mc/scenarios/rundry_keep_b19.5.json
rundry,rundry_keep_b19.5,500004,SUCCESS (true err < -0.03),SUCCESS,,-0.0409,,sim/out/host/grindsim --seed 500004 --scenario sim/mc/scenarios/rundry_keep_b19.5.json
rundry,rundry_keep_b19.5,500005,SUCCESS (true err < -0.03),SUCCESS,,-0.0380,,sim/out/host/grindsim --seed 500005 --scenario sim/mc/scenarios/rundry_keep_b19.5.json
rundry,rundry_keep_b19.5,500006,SUCCESS (true err < -0.03),SUCCESS,,-0.0396,,sim/out/host/grindsim --seed 500006 --scenario sim/mc/scenarios/rundry_keep_b19.5.json
rundry,rundry_keep_b19.5,500007,SUCCESS (true err < -0.03),SUCCESS,,-0.0439,,sim/out/host/grindsim --seed 500007 --scenario sim/mc/scenarios/rundry_keep_b19.5.json
rundry,rundry_keep_b19.5,500008,SUCCESS (true err < -0.03),SUCCESS,,-0.0390,,sim/out/host/grindsim --seed 500008 --scenario sim/mc/scenarios/rundry_keep_b19.5.json
rundry,rundry_keep_b19.5,500009,SUCCESS (true err < -0.03),SUCCESS,,-0.0408,,sim/out/host/grindsim --seed 500009 --scenario sim/mc/scenarios/rundry_keep_b19.5.json
rundry,rundry_keep_b19.5,500010,SUCCESS (true err < -0.03),SUCCESS,,-0.0408,,sim/out/host/grindsim --seed 500010 --scenario sim/mc/scenarios/rundry_keep_b19.5.json
rundry,rundry_keep_b19.5,500011,SUCCESS (true err < -0.03),SUCCESS,,-0.0411,,sim/out/host/grindsim --seed 500011 --scenario sim/mc/scenarios/rundry_keep_b19.5.json
rundry,rundry_keep_b19.5,500012,SUCCESS (true err < -0.03),SUCCESS,,-0.0439,,sim/out/host/grindsim --seed 500012 --scenario sim/mc/scenarios/rundry_keep_b19.5.json
rundry,rundry_keep_b19.5,500013,SUCCESS (true err < -0.03),SUCCESS,,-0.0388,,sim/out/host/grindsim --seed 500013 --scenario sim/mc/scenarios/rundry_keep_b19.5.json
rundry,rundry_keep_b19.5,500014,SUCCESS (true err < -0.03),SUCCESS,,-0.0404,,sim/out/host/grindsim --seed 500014 --scenario sim/mc/scenarios/rundry_keep_b19.5.json
rundry,rundry_keep_b19.5,500015,SUCCESS (true err < -0.03),SUCCESS,,-0.0381,,sim/out/host/grindsim --seed 500015 --scenario sim/mc/scenarios/rundry_keep_b19.5.json
rundry,rundry_keep_b19.5,500016,SUCCESS (true err < -0.03),SUCCESS,,-0.0312,,sim/out/host/grindsim --seed 500016 --scenario sim/mc/scenarios/rundry_keep_b19.5.json
rundry,rundry_keep_b19.5,500017,SUCCESS (true err < -0.03),SUCCESS,,-0.0421,,sim/out/host/grindsim --seed 500017 --scenario sim/mc/scenarios/rundry_keep_b19.5.json
rundry,rundry_keep_b19.5,500018,SUCCESS (true err < -0.03),SUCCESS,,-0.0462,,sim/out/host/grindsim --seed 500018 --scenario sim/mc/scenarios/rundry_keep_b19.5.json
rundry,rundry_keep_b19.5,500019,SUCCESS (true err < -0.03),SUCCESS,,-0.0384,,sim/out/host/grindsim --seed 500019 --scenario sim/mc/scenarios/rundry_keep_b19.5.json
rundry,rundry_keep_b19.5,500020,SUCCESS (true err < -0.03),SUCCESS,,-0.0397,,sim/out/host/grindsim --seed 500020 --scenario sim/mc/scenarios/rundry_keep_b19.5.json
rundry,rundry_keep_b19.5,500021,SUCCESS (true err < -0.03),SUCCESS,,-0.0364,,sim/out/host/grindsim --seed 500021 --scenario sim/mc/scenarios/rundry_keep_b19.5.json
rundry,rundry_keep_b19.5,500022,SUCCESS (true err < -0.03),SUCCESS,,-0.0488,,sim/out/host/grindsim --seed 500022 --scenario sim/mc/scenarios/rundry_keep_b19.5.json
rundry,rundry_keep_b19.5,500023,SUCCESS (true err < -0.03),SUCCESS,,-0.0405,,sim/out/host/grindsim --seed 500023 --scenario sim/mc/scenarios/rundry_keep_b19.5.json
rundry,rundry_keep_b19.5,500024,SUCCESS (true err < -0.03),SUCCESS,,-0.0439,,sim/out/host/grindsim --seed 500024 --scenario sim/mc/scenarios/rundry_keep_b19.5.json
rundry,rundry_keep_b19.5,500025,SUCCESS (true err < -0.03),SUCCESS,,-0.0424,,sim/out/host/grindsim --seed 500025 --scenario sim/mc/scenarios/rundry_keep_b19.5.json
rundry,rundry_keep_b19.5,500026,SUCCESS (true err < -0.03),SUCCESS,,-0.0430,,sim/out/host/grindsim --seed 500026 --scenario sim/mc/scenarios/rundry_keep_b19.5.json
rundry,rundry_keep_b19.5,500027,SUCCESS (true err < -0.03),SUCCESS,,-0.0480,,sim/out/host/grindsim --seed 500027 --scenario sim/mc/scenarios/rundry_keep_b19.5.json
rundry,rundry_keep_b19.5,500028,SUCCESS (true err < -0.03),SUCCESS,,-0.0389,,sim/out/host/grindsim --seed 500028 --scenario sim/mc/scenarios/rundry_keep_b19.5.json
rundry,rundry_keep_b19.5,500029,SUCCESS (true err < -0.03),SUCCESS,,-0.0464,,sim/out/host/grindsim --seed 500029 --scenario sim/mc/scenarios/rundry_keep_b19.5.json
rundry,rundry_keep_b20.0,500000,SUCCESS (true err < -0.03),SUCCESS,,-0.0334,,sim/out/host/grindsim --seed 500000 --scenario sim/mc/scenarios/rundry_keep_b20.0.json
rundry,rundry_keep_b20.0,500001,SUCCESS (true err < -0.03),SUCCESS,,-0.0311,,sim/out/host/grindsim --seed 500001 --scenario sim/mc/scenarios/rundry_keep_b20.0.json
rundry,rundry_keep_b20.0,500002,SUCCESS (true err < -0.03),SUCCESS,,-0.0412,,sim/out/host/grindsim --seed 500002 --scenario sim/mc/scenarios/rundry_keep_b20.0.json
rundry,rundry_keep_b20.0,500003,SUCCESS (true err < -0.03),SUCCESS,,-0.0447,,sim/out/host/grindsim --seed 500003 --scenario sim/mc/scenarios/rundry_keep_b20.0.json
rundry,rundry_keep_b20.0,500004,SUCCESS (true err < -0.03),SUCCESS,,-0.0369,,sim/out/host/grindsim --seed 500004 --scenario sim/mc/scenarios/rundry_keep_b20.0.json
rundry,rundry_keep_b20.0,500005,SUCCESS (true err < -0.03),SUCCESS,,-0.0374,,sim/out/host/grindsim --seed 500005 --scenario sim/mc/scenarios/rundry_keep_b20.0.json
rundry,rundry_keep_b20.0,500006,SUCCESS (true err < -0.03),SUCCESS,,-0.0387,,sim/out/host/grindsim --seed 500006 --scenario sim/mc/scenarios/rundry_keep_b20.0.json
rundry,rundry_keep_b20.0,500007,SUCCESS (true err < -0.03),SUCCESS,,-0.0372,,sim/out/host/grindsim --seed 500007 --scenario sim/mc/scenarios/rundry_keep_b20.0.json
rundry,rundry_keep_b20.0,500008,SUCCESS (true err < -0.03),SUCCESS,,-0.0399,,sim/out/host/grindsim --seed 500008 --scenario sim/mc/scenarios/rundry_keep_b20.0.json
rundry,rundry_keep_b20.0,500009,SUCCESS (true err < -0.03),SUCCESS,,-0.0321,,sim/out/host/grindsim --seed 500009 --scenario sim/mc/scenarios/rundry_keep_b20.0.json
rundry,rundry_keep_b20.0,500010,SUCCESS (true err < -0.03),SUCCESS,,-0.0371,,sim/out/host/grindsim --seed 500010 --scenario sim/mc/scenarios/rundry_keep_b20.0.json
rundry,rundry_keep_b20.0,500011,SUCCESS (true err < -0.03),SUCCESS,,-0.0424,,sim/out/host/grindsim --seed 500011 --scenario sim/mc/scenarios/rundry_keep_b20.0.json
rundry,rundry_keep_b20.0,500012,SUCCESS (true err < -0.03),SUCCESS,,-0.0393,,sim/out/host/grindsim --seed 500012 --scenario sim/mc/scenarios/rundry_keep_b20.0.json
rundry,rundry_keep_b20.0,500013,SUCCESS (true err < -0.03),SUCCESS,,-0.0355,,sim/out/host/grindsim --seed 500013 --scenario sim/mc/scenarios/rundry_keep_b20.0.json
rundry,rundry_keep_b20.0,500014,SUCCESS (true err < -0.03),SUCCESS,,-0.0308,,sim/out/host/grindsim --seed 500014 --scenario sim/mc/scenarios/rundry_keep_b20.0.json
rundry,rundry_keep_b20.0,500015,SUCCESS (true err < -0.03),SUCCESS,,-0.0361,,sim/out/host/grindsim --seed 500015 --scenario sim/mc/scenarios/rundry_keep_b20.0.json
rundry,rundry_keep_b20.0,500016,SUCCESS (true err < -0.03),SUCCESS,,-0.0343,,sim/out/host/grindsim --seed 500016 --scenario sim/mc/scenarios/rundry_keep_b20.0.json
rundry,rundry_keep_b20.0,500017,SUCCESS (true err < -0.03),SUCCESS,,-0.0388,,sim/out/host/grindsim --seed 500017 --scenario sim/mc/scenarios/rundry_keep_b20.0.json
rundry,rundry_keep_b20.0,500018,SUCCESS (true err < -0.03),SUCCESS,,-0.0359,,sim/out/host/grindsim --seed 500018 --scenario sim/mc/scenarios/rundry_keep_b20.0.json
rundry,rundry_keep_b20.0,500019,SUCCESS (true err < -0.03),SUCCESS,,-0.0324,,sim/out/host/grindsim --seed 500019 --scenario sim/mc/scenarios/rundry_keep_b20.0.json
rundry,rundry_keep_b20.0,500020,SUCCESS (true err < -0.03),SUCCESS,,-0.0402,,sim/out/host/grindsim --seed 500020 --scenario sim/mc/scenarios/rundry_keep_b20.0.json
rundry,rundry_keep_b20.0,500021,SUCCESS (true err < -0.03),SUCCESS,,-0.0357,,sim/out/host/grindsim --seed 500021 --scenario sim/mc/scenarios/rundry_keep_b20.0.json
rundry,rundry_keep_b20.0,500022,SUCCESS (true err < -0.03),SUCCESS,,-0.0391,,sim/out/host/grindsim --seed 500022 --scenario sim/mc/scenarios/rundry_keep_b20.0.json
rundry,rundry_keep_b20.0,500023,SUCCESS (true err < -0.03),SUCCESS,,-0.0371,,sim/out/host/grindsim --seed 500023 --scenario sim/mc/scenarios/rundry_keep_b20.0.json
rundry,rundry_keep_b20.0,500024,SUCCESS (true err < -0.03),SUCCESS,,-0.0416,,sim/out/host/grindsim --seed 500024 --scenario sim/mc/scenarios/rundry_keep_b20.0.json
rundry,rundry_keep_b20.0,500025,SUCCESS (true err < -0.03),SUCCESS,,-0.0429,,sim/out/host/grindsim --seed 500025 --scenario sim/mc/scenarios/rundry_keep_b20.0.json
rundry,rundry_keep_b20.0,500026,SUCCESS (true err < -0.03),SUCCESS,,-0.0374,,sim/out/host/grindsim --seed 500026 --scenario sim/mc/scenarios/rundry_keep_b20.0.json
rundry,rundry_keep_b20.0,500027,SUCCESS (true err < -0.03),SUCCESS,,-0.0381,,sim/out/host/grindsim --seed 500027 --scenario sim/mc/scenarios/rundry_keep_b20.0.json
rundry,rundry_keep_b20.0,500028,SUCCESS (true err < -0.03),SUCCESS,,-0.0396,,sim/out/host/grindsim --seed 500028 --scenario sim/mc/scenarios/rundry_keep_b20.0.json
rundry,rundry_keep_b20.0,500029,SUCCESS (true err < -0.03),SUCCESS,,-0.0472,,sim/out/host/grindsim --seed 500029 --scenario sim/mc/scenarios/rundry_keep_b20.0.json
rundry,rundry_keep_b20.5,500000,SUCCESS (true err < -0.03),SUCCESS,,-0.0364,,sim/out/host/grindsim --seed 500000 --scenario sim/mc/scenarios/rundry_keep_b20.5.json
rundry,rundry_keep_b20.5,500001,SUCCESS (true err < -0.03),SUCCESS,,-0.0335,,sim/out/host/grindsim --seed 500001 --scenario sim/mc/scenarios/rundry_keep_b20.5.json
rundry,rundry_keep_b20.5,500004,OVERSHOOT,OVERSHOOT,,0.0350,,sim/out/host/grindsim --seed 500004 --scenario sim/mc/scenarios/rundry_keep_b20.5.json
rundry,rundry_keep_b20.5,500005,SUCCESS (true err < -0.03),SUCCESS,,-0.0358,,sim/out/host/grindsim --seed 500005 --scenario sim/mc/scenarios/rundry_keep_b20.5.json
rundry,rundry_keep_b20.5,500006,SUCCESS (true err < -0.03),SUCCESS,,-0.0310,,sim/out/host/grindsim --seed 500006 --scenario sim/mc/scenarios/rundry_keep_b20.5.json
rundry,rundry_keep_b20.5,500008,SUCCESS (true err < -0.03),SUCCESS,,-0.0390,,sim/out/host/grindsim --seed 500008 --scenario sim/mc/scenarios/rundry_keep_b20.5.json
rundry,rundry_keep_b20.5,500010,SUCCESS (true err < -0.03),SUCCESS,,-0.0361,,sim/out/host/grindsim --seed 500010 --scenario sim/mc/scenarios/rundry_keep_b20.5.json
rundry,rundry_keep_b20.5,500011,SUCCESS (true err < -0.03),SUCCESS,,-0.0345,,sim/out/host/grindsim --seed 500011 --scenario sim/mc/scenarios/rundry_keep_b20.5.json
rundry,rundry_keep_b20.5,500012,SUCCESS (true err < -0.03),SUCCESS,,-0.0372,,sim/out/host/grindsim --seed 500012 --scenario sim/mc/scenarios/rundry_keep_b20.5.json
rundry,rundry_keep_b20.5,500015,SUCCESS (true err < -0.03),SUCCESS,,-0.0355,,sim/out/host/grindsim --seed 500015 --scenario sim/mc/scenarios/rundry_keep_b20.5.json
rundry,rundry_keep_b20.5,500019,SUCCESS (true err < -0.03),SUCCESS,,-0.0315,,sim/out/host/grindsim --seed 500019 --scenario sim/mc/scenarios/rundry_keep_b20.5.json
rundry,rundry_keep_b20.5,500024,OVERSHOOT,OVERSHOOT,,0.0288,,sim/out/host/grindsim --seed 500024 --scenario sim/mc/scenarios/rundry_keep_b20.5.json
rundry,rundry_keep_b20.5,500025,SUCCESS (true err < -0.03),SUCCESS,,-0.0316,,sim/out/host/grindsim --seed 500025 --scenario sim/mc/scenarios/rundry_keep_b20.5.json
rundry,rundry_keep_b20.5,500026,SUCCESS (true err < -0.03),SUCCESS,,-0.0384,,sim/out/host/grindsim --seed 500026 --scenario sim/mc/scenarios/rundry_keep_b20.5.json
rundry,rundry_keep_b20.5,500027,SUCCESS (true err < -0.03),SUCCESS,,-0.0318,,sim/out/host/grindsim --seed 500027 --scenario sim/mc/scenarios/rundry_keep_b20.5.json
rundry,rundry_keep_b20.5,500028,SUCCESS (true err < -0.03),SUCCESS,,-0.0340,,sim/out/host/grindsim --seed 500028 --scenario sim/mc/scenarios/rundry_keep_b20.5.json
rundry,rundry_keep_b20.5,500029,SUCCESS (true err < -0.03),SUCCESS,,-0.0429,,sim/out/host/grindsim --seed 500029 --scenario sim/mc/scenarios/rundry_keep_b20.5.json
rundry,rundry_keep_b21.0,500002,OVERSHOOT,OVERSHOOT,,0.0326,,sim/out/host/grindsim --seed 500002 --scenario sim/mc/scenarios/rundry_keep_b21.0.json
rundry,rundry_keep_b21.0,500003,OVERSHOOT,OVERSHOOT,,0.0650,,sim/out/host/grindsim --seed 500003 --scenario sim/mc/scenarios/rundry_keep_b21.0.json
rundry,rundry_keep_b21.0,500004,OVERSHOOT,OVERSHOOT,,0.0852,,sim/out/host/grindsim --seed 500004 --scenario sim/mc/scenarios/rundry_keep_b21.0.json
rundry,rundry_keep_b21.0,500006,OVERSHOOT,OVERSHOOT,,0.0404,,sim/out/host/grindsim --seed 500006 --scenario sim/mc/scenarios/rundry_keep_b21.0.json
rundry,rundry_keep_b21.0,500007,OVERSHOOT,OVERSHOOT,,0.0972,,sim/out/host/grindsim --seed 500007 --scenario sim/mc/scenarios/rundry_keep_b21.0.json
rundry,rundry_keep_b21.0,500009,OVERSHOOT,OVERSHOOT,,0.0360,,sim/out/host/grindsim --seed 500009 --scenario sim/mc/scenarios/rundry_keep_b21.0.json
rundry,rundry_keep_b21.0,500013,OVERSHOOT,OVERSHOOT,,0.0342,,sim/out/host/grindsim --seed 500013 --scenario sim/mc/scenarios/rundry_keep_b21.0.json
rundry,rundry_keep_b21.0,500016,OVERSHOOT,OVERSHOOT,,0.0517,,sim/out/host/grindsim --seed 500016 --scenario sim/mc/scenarios/rundry_keep_b21.0.json
rundry,rundry_keep_b21.0,500017,OVERSHOOT,OVERSHOOT,,0.0841,,sim/out/host/grindsim --seed 500017 --scenario sim/mc/scenarios/rundry_keep_b21.0.json
rundry,rundry_keep_b21.0,500018,OVERSHOOT,OVERSHOOT,,0.0427,,sim/out/host/grindsim --seed 500018 --scenario sim/mc/scenarios/rundry_keep_b21.0.json
rundry,rundry_keep_b21.0,500020,OVERSHOOT,OVERSHOOT,,0.0602,,sim/out/host/grindsim --seed 500020 --scenario sim/mc/scenarios/rundry_keep_b21.0.json
rundry,rundry_keep_b21.0,500022,OVERSHOOT,OVERSHOOT,,0.0244,,sim/out/host/grindsim --seed 500022 --scenario sim/mc/scenarios/rundry_keep_b21.0.json
rundry,rundry_keep_b21.0,500023,OVERSHOOT,OVERSHOOT,,0.0484,,sim/out/host/grindsim --seed 500023 --scenario sim/mc/scenarios/rundry_keep_b21.0.json
rundry,rundry_keep_b21.0,500024,OVERSHOOT,OVERSHOOT,,0.0906,,sim/out/host/grindsim --seed 500024 --scenario sim/mc/scenarios/rundry_keep_b21.0.json
rundry,rundry_keep_b21.0,500027,OVERSHOOT,OVERSHOOT,,0.0258,,sim/out/host/grindsim --seed 500027 --scenario sim/mc/scenarios/rundry_keep_b21.0.json
rundry,rundry_keep_b22.0,500002,OVERSHOOT,OVERSHOOT,,0.0484,,sim/out/host/grindsim --seed 500002 --scenario sim/mc/scenarios/rundry_keep_b22.0.json
rundry,rundry_keep_b22.0,500003,OVERSHOOT,OVERSHOOT,,0.0820,,sim/out/host/grindsim --seed 500003 --scenario sim/mc/scenarios/rundry_keep_b22.0.json
rundry,rundry_keep_b22.0,500004,OVERSHOOT,OVERSHOOT,,0.1013,,sim/out/host/grindsim --seed 500004 --scenario sim/mc/scenarios/rundry_keep_b22.0.json
rundry,rundry_keep_b22.0,500006,OVERSHOOT,OVERSHOOT,,0.0571,,sim/out/host/grindsim --seed 500006 --scenario sim/mc/scenarios/rundry_keep_b22.0.json
rundry,rundry_keep_b22.0,500007,OVERSHOOT,OVERSHOOT,,0.1215,,sim/out/host/grindsim --seed 500007 --scenario sim/mc/scenarios/rundry_keep_b22.0.json
rundry,rundry_keep_b22.0,500009,OVERSHOOT,OVERSHOOT,,0.0522,,sim/out/host/grindsim --seed 500009 --scenario sim/mc/scenarios/rundry_keep_b22.0.json
rundry,rundry_keep_b22.0,500012,OVERSHOOT,OVERSHOOT,,0.0281,,sim/out/host/grindsim --seed 500012 --scenario sim/mc/scenarios/rundry_keep_b22.0.json
rundry,rundry_keep_b22.0,500013,OVERSHOOT,OVERSHOOT,,0.0502,,sim/out/host/grindsim --seed 500013 --scenario sim/mc/scenarios/rundry_keep_b22.0.json
rundry,rundry_keep_b22.0,500014,OVERSHOOT,OVERSHOOT,,0.0236,,sim/out/host/grindsim --seed 500014 --scenario sim/mc/scenarios/rundry_keep_b22.0.json
rundry,rundry_keep_b22.0,500016,OVERSHOOT,OVERSHOOT,,0.0698,,sim/out/host/grindsim --seed 500016 --scenario sim/mc/scenarios/rundry_keep_b22.0.json
rundry,rundry_keep_b22.0,500017,OVERSHOOT,OVERSHOOT,,0.1066,,sim/out/host/grindsim --seed 500017 --scenario sim/mc/scenarios/rundry_keep_b22.0.json
rundry,rundry_keep_b22.0,500018,OVERSHOOT,OVERSHOOT,,0.0597,,sim/out/host/grindsim --seed 500018 --scenario sim/mc/scenarios/rundry_keep_b22.0.json
rundry,rundry_keep_b22.0,500020,OVERSHOOT,OVERSHOOT,,0.0794,,sim/out/host/grindsim --seed 500020 --scenario sim/mc/scenarios/rundry_keep_b22.0.json
rundry,rundry_keep_b22.0,500021,OVERSHOOT,OVERSHOOT,,0.0283,,sim/out/host/grindsim --seed 500021 --scenario sim/mc/scenarios/rundry_keep_b22.0.json
rundry,rundry_keep_b22.0,500022,OVERSHOOT,OVERSHOOT,,0.0393,,sim/out/host/grindsim --seed 500022 --scenario sim/mc/scenarios/rundry_keep_b22.0.json
rundry,rundry_keep_b22.0,500023,OVERSHOOT,OVERSHOOT,,0.0660,,sim/out/host/grindsim --seed 500023 --scenario sim/mc/scenarios/rundry_keep_b22.0.json
rundry,rundry_keep_b22.0,500024,OVERSHOOT,OVERSHOOT,,0.1112,,sim/out/host/grindsim --seed 500024 --scenario sim/mc/scenarios/rundry_keep_b22.0.json
rundry,rundry_keep_b22.0,500027,OVERSHOOT,OVERSHOOT,,0.0409,,sim/out/host/grindsim --seed 500027 --scenario sim/mc/scenarios/rundry_keep_b22.0.json
rundry,rundry_prime_b17.0,500000,ERROR 'No beans?',ERROR,No beans?,-1.5528,,sim/out/host/grindsim --seed 500000 --scenario sim/mc/scenarios/rundry_prime_b17.0.json
rundry,rundry_prime_b17.0,500001,ERROR 'No beans?',ERROR,No beans?,-1.5543,,sim/out/host/grindsim --seed 500001 --scenario sim/mc/scenarios/rundry_prime_b17.0.json
rundry,rundry_prime_b17.0,500002,ERROR 'No beans?',ERROR,No beans?,-1.5521,,sim/out/host/grindsim --seed 500002 --scenario sim/mc/scenarios/rundry_prime_b17.0.json
rundry,rundry_prime_b17.0,500003,ERROR 'No beans?',ERROR,No beans?,-1.5512,,sim/out/host/grindsim --seed 500003 --scenario sim/mc/scenarios/rundry_prime_b17.0.json
rundry,rundry_prime_b17.0,500004,ERROR 'No beans?',ERROR,No beans?,-1.5523,,sim/out/host/grindsim --seed 500004 --scenario sim/mc/scenarios/rundry_prime_b17.0.json
rundry,rundry_prime_b17.0,500005,ERROR 'No beans?',ERROR,No beans?,-1.5515,,sim/out/host/grindsim --seed 500005 --scenario sim/mc/scenarios/rundry_prime_b17.0.json
rundry,rundry_prime_b17.0,500006,ERROR 'No beans?',ERROR,No beans?,-1.5535,,sim/out/host/grindsim --seed 500006 --scenario sim/mc/scenarios/rundry_prime_b17.0.json
rundry,rundry_prime_b17.0,500007,ERROR 'No beans?',ERROR,No beans?,-1.5500,,sim/out/host/grindsim --seed 500007 --scenario sim/mc/scenarios/rundry_prime_b17.0.json
rundry,rundry_prime_b17.0,500008,ERROR 'No beans?',ERROR,No beans?,-1.5514,,sim/out/host/grindsim --seed 500008 --scenario sim/mc/scenarios/rundry_prime_b17.0.json
rundry,rundry_prime_b17.0,500009,ERROR 'No beans?',ERROR,No beans?,-1.5532,,sim/out/host/grindsim --seed 500009 --scenario sim/mc/scenarios/rundry_prime_b17.0.json
rundry,rundry_prime_b17.0,500010,ERROR 'No beans?',ERROR,No beans?,-1.5519,,sim/out/host/grindsim --seed 500010 --scenario sim/mc/scenarios/rundry_prime_b17.0.json
rundry,rundry_prime_b17.0,500011,ERROR 'No beans?',ERROR,No beans?,-1.5549,,sim/out/host/grindsim --seed 500011 --scenario sim/mc/scenarios/rundry_prime_b17.0.json
rundry,rundry_prime_b17.0,500012,ERROR 'No beans?',ERROR,No beans?,-1.5539,,sim/out/host/grindsim --seed 500012 --scenario sim/mc/scenarios/rundry_prime_b17.0.json
rundry,rundry_prime_b17.0,500013,ERROR 'No beans?',ERROR,No beans?,-1.5534,,sim/out/host/grindsim --seed 500013 --scenario sim/mc/scenarios/rundry_prime_b17.0.json
rundry,rundry_prime_b17.0,500014,ERROR 'No beans?',ERROR,No beans?,-1.5507,,sim/out/host/grindsim --seed 500014 --scenario sim/mc/scenarios/rundry_prime_b17.0.json
rundry,rundry_prime_b17.0,500015,ERROR 'No beans?',ERROR,No beans?,-1.5525,,sim/out/host/grindsim --seed 500015 --scenario sim/mc/scenarios/rundry_prime_b17.0.json
rundry,rundry_prime_b17.0,500016,ERROR 'No beans?',ERROR,No beans?,-1.5522,,sim/out/host/grindsim --seed 500016 --scenario sim/mc/scenarios/rundry_prime_b17.0.json
rundry,rundry_prime_b17.0,500017,ERROR 'No beans?',ERROR,No beans?,-1.5530,,sim/out/host/grindsim --seed 500017 --scenario sim/mc/scenarios/rundry_prime_b17.0.json
rundry,rundry_prime_b17.0,500018,ERROR 'No beans?',ERROR,No beans?,-1.5547,,sim/out/host/grindsim --seed 500018 --scenario sim/mc/scenarios/rundry_prime_b17.0.json
rundry,rundry_prime_b17.0,500019,ERROR 'No beans?',ERROR,No beans?,-1.5503,,sim/out/host/grindsim --seed 500019 --scenario sim/mc/scenarios/rundry_prime_b17.0.json
rundry,rundry_prime_b17.0,500020,ERROR 'No beans?',ERROR,No beans?,-1.5521,,sim/out/host/grindsim --seed 500020 --scenario sim/mc/scenarios/rundry_prime_b17.0.json
rundry,rundry_prime_b17.0,500021,ERROR 'No beans?',ERROR,No beans?,-1.5529,,sim/out/host/grindsim --seed 500021 --scenario sim/mc/scenarios/rundry_prime_b17.0.json
rundry,rundry_prime_b17.0,500022,ERROR 'No beans?',ERROR,No beans?,-1.5512,,sim/out/host/grindsim --seed 500022 --scenario sim/mc/scenarios/rundry_prime_b17.0.json
rundry,rundry_prime_b17.0,500023,ERROR 'No beans?',ERROR,No beans?,-1.5513,,sim/out/host/grindsim --seed 500023 --scenario sim/mc/scenarios/rundry_prime_b17.0.json
rundry,rundry_prime_b17.0,500024,ERROR 'No beans?',ERROR,No beans?,-1.5502,,sim/out/host/grindsim --seed 500024 --scenario sim/mc/scenarios/rundry_prime_b17.0.json
rundry,rundry_prime_b17.0,500025,ERROR 'No beans?',ERROR,No beans?,-1.5533,,sim/out/host/grindsim --seed 500025 --scenario sim/mc/scenarios/rundry_prime_b17.0.json
rundry,rundry_prime_b17.0,500026,ERROR 'No beans?',ERROR,No beans?,-1.5515,,sim/out/host/grindsim --seed 500026 --scenario sim/mc/scenarios/rundry_prime_b17.0.json
rundry,rundry_prime_b17.0,500027,ERROR 'No beans?',ERROR,No beans?,-1.5526,,sim/out/host/grindsim --seed 500027 --scenario sim/mc/scenarios/rundry_prime_b17.0.json
rundry,rundry_prime_b17.0,500028,ERROR 'No beans?',ERROR,No beans?,-1.5536,,sim/out/host/grindsim --seed 500028 --scenario sim/mc/scenarios/rundry_prime_b17.0.json
rundry,rundry_prime_b17.0,500029,ERROR 'No beans?',ERROR,No beans?,-1.5532,,sim/out/host/grindsim --seed 500029 --scenario sim/mc/scenarios/rundry_prime_b17.0.json
rundry,rundry_prime_b17.5,500000,ERROR 'No beans?',ERROR,No beans?,-1.0513,,sim/out/host/grindsim --seed 500000 --scenario sim/mc/scenarios/rundry_prime_b17.5.json
rundry,rundry_prime_b17.5,500001,ERROR 'No beans?',ERROR,No beans?,-1.0521,,sim/out/host/grindsim --seed 500001 --scenario sim/mc/scenarios/rundry_prime_b17.5.json
rundry,rundry_prime_b17.5,500002,ERROR 'No beans?',ERROR,No beans?,-1.0503,,sim/out/host/grindsim --seed 500002 --scenario sim/mc/scenarios/rundry_prime_b17.5.json
rundry,rundry_prime_b17.5,500003,ERROR 'No beans?',ERROR,No beans?,-1.0538,,sim/out/host/grindsim --seed 500003 --scenario sim/mc/scenarios/rundry_prime_b17.5.json
rundry,rundry_prime_b17.5,500004,ERROR 'No beans?',ERROR,No beans?,-1.0510,,sim/out/host/grindsim --seed 500004 --scenario sim/mc/scenarios/rundry_prime_b17.5.json
rundry,rundry_prime_b17.5,500005,ERROR 'No beans?',ERROR,No beans?,-1.0521,,sim/out/host/grindsim --seed 500005 --scenario sim/mc/scenarios/rundry_prime_b17.5.json
rundry,rundry_prime_b17.5,500006,ERROR 'No beans?',ERROR,No beans?,-1.0534,,sim/out/host/grindsim --seed 500006 --scenario sim/mc/scenarios/rundry_prime_b17.5.json
rundry,rundry_prime_b17.5,500007,ERROR 'No beans?',ERROR,No beans?,-1.0517,,sim/out/host/grindsim --seed 500007 --scenario sim/mc/scenarios/rundry_prime_b17.5.json
rundry,rundry_prime_b17.5,500008,ERROR 'No beans?',ERROR,No beans?,-1.0519,,sim/out/host/grindsim --seed 500008 --scenario sim/mc/scenarios/rundry_prime_b17.5.json
rundry,rundry_prime_b17.5,500009,ERROR 'No beans?',ERROR,No beans?,-1.0510,,sim/out/host/grindsim --seed 500009 --scenario sim/mc/scenarios/rundry_prime_b17.5.json
rundry,rundry_prime_b17.5,500010,ERROR 'No beans?',ERROR,No beans?,-1.0508,,sim/out/host/grindsim --seed 500010 --scenario sim/mc/scenarios/rundry_prime_b17.5.json
rundry,rundry_prime_b17.5,500011,ERROR 'No beans?',ERROR,No beans?,-1.0510,,sim/out/host/grindsim --seed 500011 --scenario sim/mc/scenarios/rundry_prime_b17.5.json
rundry,rundry_prime_b17.5,500012,ERROR 'No beans?',ERROR,No beans?,-1.0513,,sim/out/host/grindsim --seed 500012 --scenario sim/mc/scenarios/rundry_prime_b17.5.json
rundry,rundry_prime_b17.5,500013,ERROR 'No beans?',ERROR,No beans?,-1.0504,,sim/out/host/grindsim --seed 500013 --scenario sim/mc/scenarios/rundry_prime_b17.5.json
rundry,rundry_prime_b17.5,500014,ERROR 'No beans?',ERROR,No beans?,-1.0521,,sim/out/host/grindsim --seed 500014 --scenario sim/mc/scenarios/rundry_prime_b17.5.json
rundry,rundry_prime_b17.5,500015,ERROR 'No beans?',ERROR,No beans?,-1.0507,,sim/out/host/grindsim --seed 500015 --scenario sim/mc/scenarios/rundry_prime_b17.5.json
rundry,rundry_prime_b17.5,500016,ERROR 'No beans?',ERROR,No beans?,-1.0509,,sim/out/host/grindsim --seed 500016 --scenario sim/mc/scenarios/rundry_prime_b17.5.json
rundry,rundry_prime_b17.5,500017,ERROR 'No beans?',ERROR,No beans?,-1.0502,,sim/out/host/grindsim --seed 500017 --scenario sim/mc/scenarios/rundry_prime_b17.5.json
rundry,rundry_prime_b17.5,500018,ERROR 'No beans?',ERROR,No beans?,-1.0516,,sim/out/host/grindsim --seed 500018 --scenario sim/mc/scenarios/rundry_prime_b17.5.json
rundry,rundry_prime_b17.5,500019,ERROR 'No beans?',ERROR,No beans?,-1.0507,,sim/out/host/grindsim --seed 500019 --scenario sim/mc/scenarios/rundry_prime_b17.5.json
rundry,rundry_prime_b17.5,500020,ERROR 'No beans?',ERROR,No beans?,-1.0534,,sim/out/host/grindsim --seed 500020 --scenario sim/mc/scenarios/rundry_prime_b17.5.json
rundry,rundry_prime_b17.5,500021,ERROR 'No beans?',ERROR,No beans?,-1.0501,,sim/out/host/grindsim --seed 500021 --scenario sim/mc/scenarios/rundry_prime_b17.5.json
rundry,rundry_prime_b17.5,500022,ERROR 'No beans?',ERROR,No beans?,-1.0506,,sim/out/host/grindsim --seed 500022 --scenario sim/mc/scenarios/rundry_prime_b17.5.json
rundry,rundry_prime_b17.5,500023,ERROR 'No beans?',ERROR,No beans?,-1.0528,,sim/out/host/grindsim --seed 500023 --scenario sim/mc/scenarios/rundry_prime_b17.5.json
rundry,rundry_prime_b17.5,500024,ERROR 'No beans?',ERROR,No beans?,-1.0503,,sim/out/host/grindsim --seed 500024 --scenario sim/mc/scenarios/rundry_prime_b17.5.json
rundry,rundry_prime_b17.5,500025,ERROR 'No beans?',ERROR,No beans?,-1.0529,,sim/out/host/grindsim --seed 500025 --scenario sim/mc/scenarios/rundry_prime_b17.5.json
rundry,rundry_prime_b17.5,500026,ERROR 'No beans?',ERROR,No beans?,-1.0510,,sim/out/host/grindsim --seed 500026 --scenario sim/mc/scenarios/rundry_prime_b17.5.json
rundry,rundry_prime_b17.5,500027,ERROR 'No beans?',ERROR,No beans?,-1.0517,,sim/out/host/grindsim --seed 500027 --scenario sim/mc/scenarios/rundry_prime_b17.5.json
rundry,rundry_prime_b17.5,500028,ERROR 'No beans?',ERROR,No beans?,-1.0544,,sim/out/host/grindsim --seed 500028 --scenario sim/mc/scenarios/rundry_prime_b17.5.json
rundry,rundry_prime_b17.5,500029,ERROR 'No beans?',ERROR,No beans?,-1.0522,,sim/out/host/grindsim --seed 500029 --scenario sim/mc/scenarios/rundry_prime_b17.5.json
rundry,rundry_prime_b18.0,500000,ERROR 'No beans?',ERROR,No beans?,-0.5544,,sim/out/host/grindsim --seed 500000 --scenario sim/mc/scenarios/rundry_prime_b18.0.json
rundry,rundry_prime_b18.0,500001,ERROR 'No beans?',ERROR,No beans?,-0.5523,,sim/out/host/grindsim --seed 500001 --scenario sim/mc/scenarios/rundry_prime_b18.0.json
rundry,rundry_prime_b18.0,500002,ERROR 'No beans?',ERROR,No beans?,-0.5528,,sim/out/host/grindsim --seed 500002 --scenario sim/mc/scenarios/rundry_prime_b18.0.json
rundry,rundry_prime_b18.0,500003,ERROR 'No beans?',ERROR,No beans?,-0.5543,,sim/out/host/grindsim --seed 500003 --scenario sim/mc/scenarios/rundry_prime_b18.0.json
rundry,rundry_prime_b18.0,500004,ERROR 'No beans?',ERROR,No beans?,-0.5544,,sim/out/host/grindsim --seed 500004 --scenario sim/mc/scenarios/rundry_prime_b18.0.json
rundry,rundry_prime_b18.0,500005,ERROR 'No beans?',ERROR,No beans?,-0.5514,,sim/out/host/grindsim --seed 500005 --scenario sim/mc/scenarios/rundry_prime_b18.0.json
rundry,rundry_prime_b18.0,500006,ERROR 'No beans?',ERROR,No beans?,-0.5504,,sim/out/host/grindsim --seed 500006 --scenario sim/mc/scenarios/rundry_prime_b18.0.json
rundry,rundry_prime_b18.0,500007,ERROR 'No beans?',ERROR,No beans?,-0.5543,,sim/out/host/grindsim --seed 500007 --scenario sim/mc/scenarios/rundry_prime_b18.0.json
rundry,rundry_prime_b18.0,500008,ERROR 'No beans?',ERROR,No beans?,-0.5508,,sim/out/host/grindsim --seed 500008 --scenario sim/mc/scenarios/rundry_prime_b18.0.json
rundry,rundry_prime_b18.0,500009,ERROR 'No beans?',ERROR,No beans?,-0.5506,,sim/out/host/grindsim --seed 500009 --scenario sim/mc/scenarios/rundry_prime_b18.0.json
rundry,rundry_prime_b18.0,500010,ERROR 'No beans?',ERROR,No beans?,-0.5515,,sim/out/host/grindsim --seed 500010 --scenario sim/mc/scenarios/rundry_prime_b18.0.json
rundry,rundry_prime_b18.0,500011,ERROR 'No beans?',ERROR,No beans?,-0.5534,,sim/out/host/grindsim --seed 500011 --scenario sim/mc/scenarios/rundry_prime_b18.0.json
rundry,rundry_prime_b18.0,500012,ERROR 'No beans?',ERROR,No beans?,-0.5511,,sim/out/host/grindsim --seed 500012 --scenario sim/mc/scenarios/rundry_prime_b18.0.json
rundry,rundry_prime_b18.0,500013,ERROR 'No beans?',ERROR,No beans?,-0.5519,,sim/out/host/grindsim --seed 500013 --scenario sim/mc/scenarios/rundry_prime_b18.0.json
rundry,rundry_prime_b18.0,500014,ERROR 'No beans?',ERROR,No beans?,-0.5526,,sim/out/host/grindsim --seed 500014 --scenario sim/mc/scenarios/rundry_prime_b18.0.json
rundry,rundry_prime_b18.0,500015,ERROR 'No beans?',ERROR,No beans?,-0.5507,,sim/out/host/grindsim --seed 500015 --scenario sim/mc/scenarios/rundry_prime_b18.0.json
rundry,rundry_prime_b18.0,500016,ERROR 'No beans?',ERROR,No beans?,-0.5522,,sim/out/host/grindsim --seed 500016 --scenario sim/mc/scenarios/rundry_prime_b18.0.json
rundry,rundry_prime_b18.0,500017,ERROR 'No beans?',ERROR,No beans?,-0.5506,,sim/out/host/grindsim --seed 500017 --scenario sim/mc/scenarios/rundry_prime_b18.0.json
rundry,rundry_prime_b18.0,500018,ERROR 'No beans?',ERROR,No beans?,-0.5530,,sim/out/host/grindsim --seed 500018 --scenario sim/mc/scenarios/rundry_prime_b18.0.json
rundry,rundry_prime_b18.0,500019,ERROR 'No beans?',ERROR,No beans?,-0.5520,,sim/out/host/grindsim --seed 500019 --scenario sim/mc/scenarios/rundry_prime_b18.0.json
rundry,rundry_prime_b18.0,500020,ERROR 'No beans?',ERROR,No beans?,-0.5542,,sim/out/host/grindsim --seed 500020 --scenario sim/mc/scenarios/rundry_prime_b18.0.json
rundry,rundry_prime_b18.0,500021,ERROR 'No beans?',ERROR,No beans?,-0.5507,,sim/out/host/grindsim --seed 500021 --scenario sim/mc/scenarios/rundry_prime_b18.0.json
rundry,rundry_prime_b18.0,500022,ERROR 'No beans?',ERROR,No beans?,-0.5519,,sim/out/host/grindsim --seed 500022 --scenario sim/mc/scenarios/rundry_prime_b18.0.json
rundry,rundry_prime_b18.0,500023,ERROR 'No beans?',ERROR,No beans?,-0.5503,,sim/out/host/grindsim --seed 500023 --scenario sim/mc/scenarios/rundry_prime_b18.0.json
rundry,rundry_prime_b18.0,500024,ERROR 'No beans?',ERROR,No beans?,-0.5505,,sim/out/host/grindsim --seed 500024 --scenario sim/mc/scenarios/rundry_prime_b18.0.json
rundry,rundry_prime_b18.0,500025,ERROR 'No beans?',ERROR,No beans?,-0.5510,,sim/out/host/grindsim --seed 500025 --scenario sim/mc/scenarios/rundry_prime_b18.0.json
rundry,rundry_prime_b18.0,500026,ERROR 'No beans?',ERROR,No beans?,-0.5529,,sim/out/host/grindsim --seed 500026 --scenario sim/mc/scenarios/rundry_prime_b18.0.json
rundry,rundry_prime_b18.0,500027,ERROR 'No beans?',ERROR,No beans?,-0.5514,,sim/out/host/grindsim --seed 500027 --scenario sim/mc/scenarios/rundry_prime_b18.0.json
rundry,rundry_prime_b18.0,500028,ERROR 'No beans?',ERROR,No beans?,-0.5535,,sim/out/host/grindsim --seed 500028 --scenario sim/mc/scenarios/rundry_prime_b18.0.json
rundry,rundry_prime_b18.0,500029,ERROR 'No beans?',ERROR,No beans?,-0.5530,,sim/out/host/grindsim --seed 500029 --scenario sim/mc/scenarios/rundry_prime_b18.0.json
rundry,rundry_prime_b18.5,500000,MAX_PULSES,MAX_PULSES,,-0.1554,,sim/out/host/grindsim --seed 500000 --scenario sim/mc/scenarios/rundry_prime_b18.5.json
rundry,rundry_prime_b18.5,500001,MAX_PULSES,MAX_PULSES,,-0.1688,,sim/out/host/grindsim --seed 500001 --scenario sim/mc/scenarios/rundry_prime_b18.5.json
rundry,rundry_prime_b18.5,500002,MAX_PULSES,MAX_PULSES,,-0.1392,,sim/out/host/grindsim --seed 500002 --scenario sim/mc/scenarios/rundry_prime_b18.5.json
rundry,rundry_prime_b18.5,500003,MAX_PULSES,MAX_PULSES,,-0.1474,,sim/out/host/grindsim --seed 500003 --scenario sim/mc/scenarios/rundry_prime_b18.5.json
rundry,rundry_prime_b18.5,500004,MAX_PULSES,MAX_PULSES,,-0.1404,,sim/out/host/grindsim --seed 500004 --scenario sim/mc/scenarios/rundry_prime_b18.5.json
rundry,rundry_prime_b18.5,500005,MAX_PULSES,MAX_PULSES,,-0.1493,,sim/out/host/grindsim --seed 500005 --scenario sim/mc/scenarios/rundry_prime_b18.5.json
rundry,rundry_prime_b18.5,500006,MAX_PULSES,MAX_PULSES,,-0.1439,,sim/out/host/grindsim --seed 500006 --scenario sim/mc/scenarios/rundry_prime_b18.5.json
rundry,rundry_prime_b18.5,500007,MAX_PULSES,MAX_PULSES,,-0.1458,,sim/out/host/grindsim --seed 500007 --scenario sim/mc/scenarios/rundry_prime_b18.5.json
rundry,rundry_prime_b18.5,500008,MAX_PULSES,MAX_PULSES,,-0.1400,,sim/out/host/grindsim --seed 500008 --scenario sim/mc/scenarios/rundry_prime_b18.5.json
rundry,rundry_prime_b18.5,500009,MAX_PULSES,MAX_PULSES,,-0.1410,,sim/out/host/grindsim --seed 500009 --scenario sim/mc/scenarios/rundry_prime_b18.5.json
rundry,rundry_prime_b18.5,500010,MAX_PULSES,MAX_PULSES,,-0.1635,,sim/out/host/grindsim --seed 500010 --scenario sim/mc/scenarios/rundry_prime_b18.5.json
rundry,rundry_prime_b18.5,500011,MAX_PULSES,MAX_PULSES,,-0.1505,,sim/out/host/grindsim --seed 500011 --scenario sim/mc/scenarios/rundry_prime_b18.5.json
rundry,rundry_prime_b18.5,500012,MAX_PULSES,MAX_PULSES,,-0.1449,,sim/out/host/grindsim --seed 500012 --scenario sim/mc/scenarios/rundry_prime_b18.5.json
rundry,rundry_prime_b18.5,500013,MAX_PULSES,MAX_PULSES,,-0.1447,,sim/out/host/grindsim --seed 500013 --scenario sim/mc/scenarios/rundry_prime_b18.5.json
rundry,rundry_prime_b18.5,500014,MAX_PULSES,MAX_PULSES,,-0.1389,,sim/out/host/grindsim --seed 500014 --scenario sim/mc/scenarios/rundry_prime_b18.5.json
rundry,rundry_prime_b18.5,500015,MAX_PULSES,MAX_PULSES,,-0.1384,,sim/out/host/grindsim --seed 500015 --scenario sim/mc/scenarios/rundry_prime_b18.5.json
rundry,rundry_prime_b18.5,500016,MAX_PULSES,MAX_PULSES,,-0.1486,,sim/out/host/grindsim --seed 500016 --scenario sim/mc/scenarios/rundry_prime_b18.5.json
rundry,rundry_prime_b18.5,500017,MAX_PULSES,MAX_PULSES,,-0.1499,,sim/out/host/grindsim --seed 500017 --scenario sim/mc/scenarios/rundry_prime_b18.5.json
rundry,rundry_prime_b18.5,500018,MAX_PULSES,MAX_PULSES,,-0.1466,,sim/out/host/grindsim --seed 500018 --scenario sim/mc/scenarios/rundry_prime_b18.5.json
rundry,rundry_prime_b18.5,500019,MAX_PULSES,MAX_PULSES,,-0.1517,,sim/out/host/grindsim --seed 500019 --scenario sim/mc/scenarios/rundry_prime_b18.5.json
rundry,rundry_prime_b18.5,500020,MAX_PULSES,MAX_PULSES,,-0.1357,,sim/out/host/grindsim --seed 500020 --scenario sim/mc/scenarios/rundry_prime_b18.5.json
rundry,rundry_prime_b18.5,500021,MAX_PULSES,MAX_PULSES,,-0.1397,,sim/out/host/grindsim --seed 500021 --scenario sim/mc/scenarios/rundry_prime_b18.5.json
rundry,rundry_prime_b18.5,500022,MAX_PULSES,MAX_PULSES,,-0.1491,,sim/out/host/grindsim --seed 500022 --scenario sim/mc/scenarios/rundry_prime_b18.5.json
rundry,rundry_prime_b18.5,500023,MAX_PULSES,MAX_PULSES,,-0.1445,,sim/out/host/grindsim --seed 500023 --scenario sim/mc/scenarios/rundry_prime_b18.5.json
rundry,rundry_prime_b18.5,500024,MAX_PULSES,MAX_PULSES,,-0.1409,,sim/out/host/grindsim --seed 500024 --scenario sim/mc/scenarios/rundry_prime_b18.5.json
rundry,rundry_prime_b18.5,500025,MAX_PULSES,MAX_PULSES,,-0.1430,,sim/out/host/grindsim --seed 500025 --scenario sim/mc/scenarios/rundry_prime_b18.5.json
rundry,rundry_prime_b18.5,500026,MAX_PULSES,MAX_PULSES,,-0.1455,,sim/out/host/grindsim --seed 500026 --scenario sim/mc/scenarios/rundry_prime_b18.5.json
rundry,rundry_prime_b18.5,500027,MAX_PULSES,MAX_PULSES,,-0.1427,,sim/out/host/grindsim --seed 500027 --scenario sim/mc/scenarios/rundry_prime_b18.5.json
rundry,rundry_prime_b18.5,500028,MAX_PULSES,MAX_PULSES,,-0.1484,,sim/out/host/grindsim --seed 500028 --scenario sim/mc/scenarios/rundry_prime_b18.5.json
rundry,rundry_prime_b18.5,500029,MAX_PULSES,MAX_PULSES,,-0.1506,,sim/out/host/grindsim --seed 500029 --scenario sim/mc/scenarios/rundry_prime_b18.5.json
rundry,rundry_prime_b19.0,500000,SUCCESS (true err < -0.03),SUCCESS,,-0.0519,,sim/out/host/grindsim --seed 500000 --scenario sim/mc/scenarios/rundry_prime_b19.0.json
rundry,rundry_prime_b19.0,500001,MAX_PULSES,MAX_PULSES,,-0.0591,,sim/out/host/grindsim --seed 500001 --scenario sim/mc/scenarios/rundry_prime_b19.0.json
rundry,rundry_prime_b19.0,500002,MAX_PULSES,MAX_PULSES,,-0.0516,,sim/out/host/grindsim --seed 500002 --scenario sim/mc/scenarios/rundry_prime_b19.0.json
rundry,rundry_prime_b19.0,500003,SUCCESS (true err < -0.03),SUCCESS,,-0.0477,,sim/out/host/grindsim --seed 500003 --scenario sim/mc/scenarios/rundry_prime_b19.0.json
rundry,rundry_prime_b19.0,500004,MAX_PULSES,MAX_PULSES,,-0.0480,,sim/out/host/grindsim --seed 500004 --scenario sim/mc/scenarios/rundry_prime_b19.0.json
rundry,rundry_prime_b19.0,500005,MAX_PULSES,MAX_PULSES,,-0.0524,,sim/out/host/grindsim --seed 500005 --scenario sim/mc/scenarios/rundry_prime_b19.0.json
rundry,rundry_prime_b19.0,500006,MAX_PULSES,MAX_PULSES,,-0.0549,,sim/out/host/grindsim --seed 500006 --scenario sim/mc/scenarios/rundry_prime_b19.0.json
rundry,rundry_prime_b19.0,500007,MAX_PULSES,MAX_PULSES,,-0.0556,,sim/out/host/grindsim --seed 500007 --scenario sim/mc/scenarios/rundry_prime_b19.0.json
rundry,rundry_prime_b19.0,500008,MAX_PULSES,MAX_PULSES,,-0.0511,,sim/out/host/grindsim --seed 500008 --scenario sim/mc/scenarios/rundry_prime_b19.0.json
rundry,rundry_prime_b19.0,500009,MAX_PULSES,MAX_PULSES,,-0.0493,,sim/out/host/grindsim --seed 500009 --scenario sim/mc/scenarios/rundry_prime_b19.0.json
rundry,rundry_prime_b19.0,500010,SUCCESS (true err < -0.03),SUCCESS,,-0.0430,,sim/out/host/grindsim --seed 500010 --scenario sim/mc/scenarios/rundry_prime_b19.0.json
rundry,rundry_prime_b19.0,500011,MAX_PULSES,MAX_PULSES,,-0.0469,,sim/out/host/grindsim --seed 500011 --scenario sim/mc/scenarios/rundry_prime_b19.0.json
rundry,rundry_prime_b19.0,500012,SUCCESS (true err < -0.03),SUCCESS,,-0.0499,,sim/out/host/grindsim --seed 500012 --scenario sim/mc/scenarios/rundry_prime_b19.0.json
rundry,rundry_prime_b19.0,500013,SUCCESS (true err < -0.03),SUCCESS,,-0.0453,,sim/out/host/grindsim --seed 500013 --scenario sim/mc/scenarios/rundry_prime_b19.0.json
rundry,rundry_prime_b19.0,500014,MAX_PULSES,MAX_PULSES,,-0.0484,,sim/out/host/grindsim --seed 500014 --scenario sim/mc/scenarios/rundry_prime_b19.0.json
rundry,rundry_prime_b19.0,500015,SUCCESS (true err < -0.03),SUCCESS,,-0.0466,,sim/out/host/grindsim --seed 500015 --scenario sim/mc/scenarios/rundry_prime_b19.0.json
rundry,rundry_prime_b19.0,500016,MAX_PULSES,MAX_PULSES,,-0.0443,,sim/out/host/grindsim --seed 500016 --scenario sim/mc/scenarios/rundry_prime_b19.0.json
rundry,rundry_prime_b19.0,500017,MAX_PULSES,MAX_PULSES,,-0.0514,,sim/out/host/grindsim --seed 500017 --scenario sim/mc/scenarios/rundry_prime_b19.0.json
rundry,rundry_prime_b19.0,500018,MAX_PULSES,MAX_PULSES,,-0.0527,,sim/out/host/grindsim --seed 500018 --scenario sim/mc/scenarios/rundry_prime_b19.0.json
rundry,rundry_prime_b19.0,500019,MAX_PULSES,MAX_PULSES,,-0.0515,,sim/out/host/grindsim --seed 500019 --scenario sim/mc/scenarios/rundry_prime_b19.0.json
rundry,rundry_prime_b19.0,500020,SUCCESS (true err < -0.03),SUCCESS,,-0.0447,,sim/out/host/grindsim --seed 500020 --scenario sim/mc/scenarios/rundry_prime_b19.0.json
rundry,rundry_prime_b19.0,500021,MAX_PULSES,MAX_PULSES,,-0.0468,,sim/out/host/grindsim --seed 500021 --scenario sim/mc/scenarios/rundry_prime_b19.0.json
rundry,rundry_prime_b19.0,500022,MAX_PULSES,MAX_PULSES,,-0.0584,,sim/out/host/grindsim --seed 500022 --scenario sim/mc/scenarios/rundry_prime_b19.0.json
rundry,rundry_prime_b19.0,500023,SUCCESS (true err < -0.03),SUCCESS,,-0.0483,,sim/out/host/grindsim --seed 500023 --scenario sim/mc/scenarios/rundry_prime_b19.0.json
rundry,rundry_prime_b19.0,500024,SUCCESS (true err < -0.03),SUCCESS,,-0.0486,,sim/out/host/grindsim --seed 500024 --scenario sim/mc/scenarios/rundry_prime_b19.0.json
rundry,rundry_prime_b19.0,500025,MAX_PULSES,MAX_PULSES,,-0.0487,,sim/out/host/grindsim --seed 500025 --scenario sim/mc/scenarios/rundry_prime_b19.0.json
rundry,rundry_prime_b19.0,500026,SUCCESS (true err < -0.03),SUCCESS,,-0.0507,,sim/out/host/grindsim --seed 500026 --scenario sim/mc/scenarios/rundry_prime_b19.0.json
rundry,rundry_prime_b19.0,500027,MAX_PULSES,MAX_PULSES,,-0.0511,,sim/out/host/grindsim --seed 500027 --scenario sim/mc/scenarios/rundry_prime_b19.0.json
rundry,rundry_prime_b19.0,500028,SUCCESS (true err < -0.03),SUCCESS,,-0.0498,,sim/out/host/grindsim --seed 500028 --scenario sim/mc/scenarios/rundry_prime_b19.0.json
rundry,rundry_prime_b19.0,500029,SUCCESS (true err < -0.03),SUCCESS,,-0.0529,,sim/out/host/grindsim --seed 500029 --scenario sim/mc/scenarios/rundry_prime_b19.0.json
rundry,rundry_prime_b19.5,500000,SUCCESS (true err < -0.03),SUCCESS,,-0.0427,,sim/out/host/grindsim --seed 500000 --scenario sim/mc/scenarios/rundry_prime_b19.5.json
rundry,rundry_prime_b19.5,500001,SUCCESS (true err < -0.03),SUCCESS,,-0.0368,,sim/out/host/grindsim --seed 500001 --scenario sim/mc/scenarios/rundry_prime_b19.5.json
rundry,rundry_prime_b19.5,500002,SUCCESS (true err < -0.03),SUCCESS,,-0.0394,,sim/out/host/grindsim --seed 500002 --scenario sim/mc/scenarios/rundry_prime_b19.5.json
rundry,rundry_prime_b19.5,500003,SUCCESS (true err < -0.03),SUCCESS,,-0.0391,,sim/out/host/grindsim --seed 500003 --scenario sim/mc/scenarios/rundry_prime_b19.5.json
rundry,rundry_prime_b19.5,500004,SUCCESS (true err < -0.03),SUCCESS,,-0.0353,,sim/out/host/grindsim --seed 500004 --scenario sim/mc/scenarios/rundry_prime_b19.5.json
rundry,rundry_prime_b19.5,500005,SUCCESS (true err < -0.03),SUCCESS,,-0.0423,,sim/out/host/grindsim --seed 500005 --scenario sim/mc/scenarios/rundry_prime_b19.5.json
rundry,rundry_prime_b19.5,500006,SUCCESS (true err < -0.03),SUCCESS,,-0.0332,,sim/out/host/grindsim --seed 500006 --scenario sim/mc/scenarios/rundry_prime_b19.5.json
rundry,rundry_prime_b19.5,500007,SUCCESS (true err < -0.03),SUCCESS,,-0.0411,,sim/out/host/grindsim --seed 500007 --scenario sim/mc/scenarios/rundry_prime_b19.5.json
rundry,rundry_prime_b19.5,500008,SUCCESS (true err < -0.03),SUCCESS,,-0.0407,,sim/out/host/grindsim --seed 500008 --scenario sim/mc/scenarios/rundry_prime_b19.5.json
rundry,rundry_prime_b19.5,500009,SUCCESS (true err < -0.03),SUCCESS,,-0.0487,,sim/out/host/grindsim --seed 500009 --scenario sim/mc/scenarios/rundry_prime_b19.5.json
rundry,rundry_prime_b19.5,500010,SUCCESS (true err < -0.03),SUCCESS,,-0.0412,,sim/out/host/grindsim --seed 500010 --scenario sim/mc/scenarios/rundry_prime_b19.5.json
rundry,rundry_prime_b19.5,500011,SUCCESS (true err < -0.03),SUCCESS,,-0.0398,,sim/out/host/grindsim --seed 500011 --scenario sim/mc/scenarios/rundry_prime_b19.5.json
rundry,rundry_prime_b19.5,500012,SUCCESS (true err < -0.03),SUCCESS,,-0.0347,,sim/out/host/grindsim --seed 500012 --scenario sim/mc/scenarios/rundry_prime_b19.5.json
rundry,rundry_prime_b19.5,500013,SUCCESS (true err < -0.03),SUCCESS,,-0.0413,,sim/out/host/grindsim --seed 500013 --scenario sim/mc/scenarios/rundry_prime_b19.5.json
rundry,rundry_prime_b19.5,500014,SUCCESS (true err < -0.03),SUCCESS,,-0.0398,,sim/out/host/grindsim --seed 500014 --scenario sim/mc/scenarios/rundry_prime_b19.5.json
rundry,rundry_prime_b19.5,500015,SUCCESS (true err < -0.03),SUCCESS,,-0.0443,,sim/out/host/grindsim --seed 500015 --scenario sim/mc/scenarios/rundry_prime_b19.5.json
rundry,rundry_prime_b19.5,500017,SUCCESS (true err < -0.03),SUCCESS,,-0.0459,,sim/out/host/grindsim --seed 500017 --scenario sim/mc/scenarios/rundry_prime_b19.5.json
rundry,rundry_prime_b19.5,500018,SUCCESS (true err < -0.03),SUCCESS,,-0.0439,,sim/out/host/grindsim --seed 500018 --scenario sim/mc/scenarios/rundry_prime_b19.5.json
rundry,rundry_prime_b19.5,500019,SUCCESS (true err < -0.03),SUCCESS,,-0.0358,,sim/out/host/grindsim --seed 500019 --scenario sim/mc/scenarios/rundry_prime_b19.5.json
rundry,rundry_prime_b19.5,500020,SUCCESS (true err < -0.03),SUCCESS,,-0.0402,,sim/out/host/grindsim --seed 500020 --scenario sim/mc/scenarios/rundry_prime_b19.5.json
rundry,rundry_prime_b19.5,500021,SUCCESS (true err < -0.03),SUCCESS,,-0.0333,,sim/out/host/grindsim --seed 500021 --scenario sim/mc/scenarios/rundry_prime_b19.5.json
rundry,rundry_prime_b19.5,500022,SUCCESS (true err < -0.03),SUCCESS,,-0.0453,,sim/out/host/grindsim --seed 500022 --scenario sim/mc/scenarios/rundry_prime_b19.5.json
rundry,rundry_prime_b19.5,500023,SUCCESS (true err < -0.03),SUCCESS,,-0.0391,,sim/out/host/grindsim --seed 500023 --scenario sim/mc/scenarios/rundry_prime_b19.5.json
rundry,rundry_prime_b19.5,500024,SUCCESS (true err < -0.03),SUCCESS,,-0.0418,,sim/out/host/grindsim --seed 500024 --scenario sim/mc/scenarios/rundry_prime_b19.5.json
rundry,rundry_prime_b19.5,500025,SUCCESS (true err < -0.03),SUCCESS,,-0.0423,,sim/out/host/grindsim --seed 500025 --scenario sim/mc/scenarios/rundry_prime_b19.5.json
rundry,rundry_prime_b19.5,500026,SUCCESS (true err < -0.03),SUCCESS,,-0.0432,,sim/out/host/grindsim --seed 500026 --scenario sim/mc/scenarios/rundry_prime_b19.5.json
rundry,rundry_prime_b19.5,500027,SUCCESS (true err < -0.03),SUCCESS,,-0.0392,,sim/out/host/grindsim --seed 500027 --scenario sim/mc/scenarios/rundry_prime_b19.5.json
rundry,rundry_prime_b19.5,500028,SUCCESS (true err < -0.03),SUCCESS,,-0.0422,,sim/out/host/grindsim --seed 500028 --scenario sim/mc/scenarios/rundry_prime_b19.5.json
rundry,rundry_prime_b19.5,500029,SUCCESS (true err < -0.03),SUCCESS,,-0.0482,,sim/out/host/grindsim --seed 500029 --scenario sim/mc/scenarios/rundry_prime_b19.5.json
rundry,rundry_prime_b20.0,500000,SUCCESS (true err < -0.03),SUCCESS,,-0.0442,,sim/out/host/grindsim --seed 500000 --scenario sim/mc/scenarios/rundry_prime_b20.0.json
rundry,rundry_prime_b20.0,500001,SUCCESS (true err < -0.03),SUCCESS,,-0.0391,,sim/out/host/grindsim --seed 500001 --scenario sim/mc/scenarios/rundry_prime_b20.0.json
rundry,rundry_prime_b20.0,500002,SUCCESS (true err < -0.03),SUCCESS,,-0.0361,,sim/out/host/grindsim --seed 500002 --scenario sim/mc/scenarios/rundry_prime_b20.0.json
rundry,rundry_prime_b20.0,500003,SUCCESS (true err < -0.03),SUCCESS,,-0.0371,,sim/out/host/grindsim --seed 500003 --scenario sim/mc/scenarios/rundry_prime_b20.0.json
rundry,rundry_prime_b20.0,500004,SUCCESS (true err < -0.03),SUCCESS,,-0.0349,,sim/out/host/grindsim --seed 500004 --scenario sim/mc/scenarios/rundry_prime_b20.0.json
rundry,rundry_prime_b20.0,500005,SUCCESS (true err < -0.03),SUCCESS,,-0.0393,,sim/out/host/grindsim --seed 500005 --scenario sim/mc/scenarios/rundry_prime_b20.0.json
rundry,rundry_prime_b20.0,500007,SUCCESS (true err < -0.03),SUCCESS,,-0.0418,,sim/out/host/grindsim --seed 500007 --scenario sim/mc/scenarios/rundry_prime_b20.0.json
rundry,rundry_prime_b20.0,500008,SUCCESS (true err < -0.03),SUCCESS,,-0.0331,,sim/out/host/grindsim --seed 500008 --scenario sim/mc/scenarios/rundry_prime_b20.0.json
rundry,rundry_prime_b20.0,500009,SUCCESS (true err < -0.03),SUCCESS,,-0.0365,,sim/out/host/grindsim --seed 500009 --scenario sim/mc/scenarios/rundry_prime_b20.0.json
rundry,rundry_prime_b20.0,500010,SUCCESS (true err < -0.03),SUCCESS,,-0.0360,,sim/out/host/grindsim --seed 500010 --scenario sim/mc/scenarios/rundry_prime_b20.0.json
rundry,rundry_prime_b20.0,500011,SUCCESS (true err < -0.03),SUCCESS,,-0.0320,,sim/out/host/grindsim --seed 500011 --scenario sim/mc/scenarios/rundry_prime_b20.0.json
rundry,rundry_prime_b20.0,500012,OVERSHOOT,OVERSHOOT,,0.0345,,sim/out/host/grindsim --seed 500012 --scenario sim/mc/scenarios/rundry_prime_b20.0.json
rundry,rundry_prime_b20.0,500013,SUCCESS (true err < -0.03),SUCCESS,,-0.0330,,sim/out/host/grindsim --seed 500013 --scenario sim/mc/scenarios/rundry_prime_b20.0.json
rundry,rundry_prime_b20.0,500014,SUCCESS (true err < -0.03),SUCCESS,,-0.0316,,sim/out/host/grindsim --seed 500014 --scenario sim/mc/scenarios/rundry_prime_b20.0.json
rundry,rundry_prime_b20.0,500015,SUCCESS (true err < -0.03),SUCCESS,,-0.0434,,sim/out/host/grindsim --seed 500015 --scenario sim/mc/scenarios/rundry_prime_b20.0.json
rundry,rundry_prime_b20.0,500016,SUCCESS (true err < -0.03),SUCCESS,,-0.0304,,sim/out/host/grindsim --seed 500016 --scenario sim/mc/scenarios/rundry_prime_b20.0.json
rundry,rundry_prime_b20.0,500017,SUCCESS (true err < -0.03),SUCCESS,,-0.0383,,sim/out/host/grindsim --seed 500017 --scenario sim/mc/scenarios/rundry_prime_b20.0.json
rundry,rundry_prime_b20.0,500018,SUCCESS (true err < -0.03),SUCCESS,,-0.0363,,sim/out/host/grindsim --seed 500018 --scenario sim/mc/scenarios/rundry_prime_b20.0.json
rundry,rundry_prime_b20.0,500019,SUCCESS (true err < -0.03),SUCCESS,,-0.0412,,sim/out/host/grindsim --seed 500019 --scenario sim/mc/scenarios/rundry_prime_b20.0.json
rundry,rundry_prime_b20.0,500021,SUCCESS (true err < -0.03),SUCCESS,,-0.0365,,sim/out/host/grindsim --seed 500021 --scenario sim/mc/scenarios/rundry_prime_b20.0.json
rundry,rundry_prime_b20.0,500022,SUCCESS (true err < -0.03),SUCCESS,,-0.0398,,sim/out/host/grindsim --seed 500022 --scenario sim/mc/scenarios/rundry_prime_b20.0.json
rundry,rundry_prime_b20.0,500023,SUCCESS (true err < -0.03),SUCCESS,,-0.0326,,sim/out/host/grindsim --seed 500023 --scenario sim/mc/scenarios/rundry_prime_b20.0.json
rundry,rundry_prime_b20.0,500024,SUCCESS (true err < -0.03),SUCCESS,,-0.0449,,sim/out/host/grindsim --seed 500024 --scenario sim/mc/scenarios/rundry_prime_b20.0.json
rundry,rundry_prime_b20.0,500025,SUCCESS (true err < -0.03),SUCCESS,,-0.0496,,sim/out/host/grindsim --seed 500025 --scenario sim/mc/scenarios/rundry_prime_b20.0.json
rundry,rundry_prime_b20.0,500026,SUCCESS (true err < -0.03),SUCCESS,,-0.0402,,sim/out/host/grindsim --seed 500026 --scenario sim/mc/scenarios/rundry_prime_b20.0.json
rundry,rundry_prime_b20.0,500027,SUCCESS (true err < -0.03),SUCCESS,,-0.0387,,sim/out/host/grindsim --seed 500027 --scenario sim/mc/scenarios/rundry_prime_b20.0.json
rundry,rundry_prime_b20.0,500029,SUCCESS (true err < -0.03),SUCCESS,,-0.0429,,sim/out/host/grindsim --seed 500029 --scenario sim/mc/scenarios/rundry_prime_b20.0.json
rundry,rundry_prime_b20.5,500000,SUCCESS (true err < -0.03),SUCCESS,,-0.0322,,sim/out/host/grindsim --seed 500000 --scenario sim/mc/scenarios/rundry_prime_b20.5.json
rundry,rundry_prime_b20.5,500003,OVERSHOOT,OVERSHOOT,,0.0689,,sim/out/host/grindsim --seed 500003 --scenario sim/mc/scenarios/rundry_prime_b20.5.json
rundry,rundry_prime_b20.5,500009,SUCCESS (true err < -0.03),SUCCESS,,-0.0348,,sim/out/host/grindsim --seed 500009 --scenario sim/mc/scenarios/rundry_prime_b20.5.json
rundry,rundry_prime_b20.5,500011,SUCCESS (true err < -0.03),SUCCESS,,-0.0328,,sim/out/host/grindsim --seed 500011 --scenario sim/mc/scenarios/rundry_prime_b20.5.json
rundry,rundry_prime_b20.5,500012,SUCCESS (true err < -0.03),SUCCESS,,-0.0383,,sim/out/host/grindsim --seed 500012 --scenario sim/mc/scenarios/rundry_prime_b20.5.json
rundry,rundry_prime_b20.5,500013,SUCCESS (true err < -0.03),SUCCESS,,-0.0303,,sim/out/host/grindsim --seed 500013 --scenario sim/mc/scenarios/rundry_prime_b20.5.json
rundry,rundry_prime_b20.5,500014,SUCCESS (true err < -0.03),SUCCESS,,-0.0336,,sim/out/host/grindsim --seed 500014 --scenario sim/mc/scenarios/rundry_prime_b20.5.json
rundry,rundry_prime_b20.5,500015,SUCCESS (true err < -0.03),SUCCESS,,-0.0320,,sim/out/host/grindsim --seed 500015 --scenario sim/mc/scenarios/rundry_prime_b20.5.json
rundry,rundry_prime_b20.5,500017,SUCCESS (true err < -0.03),SUCCESS,,-0.0317,,sim/out/host/grindsim --seed 500017 --scenario sim/mc/scenarios/rundry_prime_b20.5.json
rundry,rundry_prime_b20.5,500028,OVERSHOOT,OVERSHOOT,,0.1365,,sim/out/host/grindsim --seed 500028 --scenario sim/mc/scenarios/rundry_prime_b20.5.json
rundry,rundry_prime_b21.0,500000,OVERSHOOT,OVERSHOOT,,0.0272,,sim/out/host/grindsim --seed 500000 --scenario sim/mc/scenarios/rundry_prime_b21.0.json
rundry,rundry_prime_b21.0,500002,OVERSHOOT,OVERSHOOT,,0.0704,,sim/out/host/grindsim --seed 500002 --scenario sim/mc/scenarios/rundry_prime_b21.0.json
rundry,rundry_prime_b21.0,500003,OVERSHOOT,OVERSHOOT,,0.1353,,sim/out/host/grindsim --seed 500003 --scenario sim/mc/scenarios/rundry_prime_b21.0.json
rundry,rundry_prime_b21.0,500004,OVERSHOOT,OVERSHOOT,,0.0317,,sim/out/host/grindsim --seed 500004 --scenario sim/mc/scenarios/rundry_prime_b21.0.json
rundry,rundry_prime_b21.0,500006,OVERSHOOT,OVERSHOOT,,0.0330,,sim/out/host/grindsim --seed 500006 --scenario sim/mc/scenarios/rundry_prime_b21.0.json
rundry,rundry_prime_b21.0,500008,OVERSHOOT,OVERSHOOT,,0.0897,,sim/out/host/grindsim --seed 500008 --scenario sim/mc/scenarios/rundry_prime_b21.0.json
rundry,rundry_prime_b21.0,500010,OVERSHOOT,OVERSHOOT,,0.0723,,sim/out/host/grindsim --seed 500010 --scenario sim/mc/scenarios/rundry_prime_b21.0.json
rundry,rundry_prime_b21.0,500011,OVERSHOOT,OVERSHOOT,,0.0244,,sim/out/host/grindsim --seed 500011 --scenario sim/mc/scenarios/rundry_prime_b21.0.json
rundry,rundry_prime_b21.0,500012,OVERSHOOT,OVERSHOOT,,0.0333,,sim/out/host/grindsim --seed 500012 --scenario sim/mc/scenarios/rundry_prime_b21.0.json
rundry,rundry_prime_b21.0,500016,OVERSHOOT,OVERSHOOT,,0.0285,,sim/out/host/grindsim --seed 500016 --scenario sim/mc/scenarios/rundry_prime_b21.0.json
rundry,rundry_prime_b21.0,500018,OVERSHOOT,OVERSHOOT,,0.0298,,sim/out/host/grindsim --seed 500018 --scenario sim/mc/scenarios/rundry_prime_b21.0.json
rundry,rundry_prime_b21.0,500020,OVERSHOOT,OVERSHOOT,,0.0976,,sim/out/host/grindsim --seed 500020 --scenario sim/mc/scenarios/rundry_prime_b21.0.json
rundry,rundry_prime_b21.0,500021,OVERSHOOT,OVERSHOOT,,0.0380,,sim/out/host/grindsim --seed 500021 --scenario sim/mc/scenarios/rundry_prime_b21.0.json
rundry,rundry_prime_b21.0,500022,OVERSHOOT,OVERSHOOT,,0.0320,,sim/out/host/grindsim --seed 500022 --scenario sim/mc/scenarios/rundry_prime_b21.0.json
rundry,rundry_prime_b21.0,500023,OVERSHOOT,OVERSHOOT,,0.0789,,sim/out/host/grindsim --seed 500023 --scenario sim/mc/scenarios/rundry_prime_b21.0.json
rundry,rundry_prime_b21.0,500024,OVERSHOOT,OVERSHOOT,,0.0230,,sim/out/host/grindsim --seed 500024 --scenario sim/mc/scenarios/rundry_prime_b21.0.json
rundry,rundry_prime_b21.0,500025,OVERSHOOT,OVERSHOOT,,0.0700,,sim/out/host/grindsim --seed 500025 --scenario sim/mc/scenarios/rundry_prime_b21.0.json
rundry,rundry_prime_b21.0,500026,OVERSHOOT,OVERSHOOT,,0.0974,,sim/out/host/grindsim --seed 500026 --scenario sim/mc/scenarios/rundry_prime_b21.0.json
rundry,rundry_prime_b21.0,500027,OVERSHOOT,OVERSHOOT,,0.0383,,sim/out/host/grindsim --seed 500027 --scenario sim/mc/scenarios/rundry_prime_b21.0.json
rundry,rundry_prime_b21.0,500028,OVERSHOOT,OVERSHOOT,,0.2001,,sim/out/host/grindsim --seed 500028 --scenario sim/mc/scenarios/rundry_prime_b21.0.json
rundry,rundry_prime_b21.0,500029,OVERSHOOT,OVERSHOOT,,0.0332,,sim/out/host/grindsim --seed 500029 --scenario sim/mc/scenarios/rundry_prime_b21.0.json
rundry,rundry_prime_b22.0,500000,OVERSHOOT,OVERSHOOT,,0.0424,,sim/out/host/grindsim --seed 500000 --scenario sim/mc/scenarios/rundry_prime_b22.0.json
rundry,rundry_prime_b22.0,500001,OVERSHOOT,OVERSHOOT,,0.0228,,sim/out/host/grindsim --seed 500001 --scenario sim/mc/scenarios/rundry_prime_b22.0.json
rundry,rundry_prime_b22.0,500002,OVERSHOOT,OVERSHOOT,,0.0910,,sim/out/host/grindsim --seed 500002 --scenario sim/mc/scenarios/rundry_prime_b22.0.json
rundry,rundry_prime_b22.0,500003,OVERSHOOT,OVERSHOOT,,0.1637,,sim/out/host/grindsim --seed 500003 --scenario sim/mc/scenarios/rundry_prime_b22.0.json
rundry,rundry_prime_b22.0,500004,OVERSHOOT,OVERSHOOT,,0.0454,,sim/out/host/grindsim --seed 500004 --scenario sim/mc/scenarios/rundry_prime_b22.0.json
rundry,rundry_prime_b22.0,500006,OVERSHOOT,OVERSHOOT,,0.0489,,sim/out/host/grindsim --seed 500006 --scenario sim/mc/scenarios/rundry_prime_b22.0.json
rundry,rundry_prime_b22.0,500008,OVERSHOOT,OVERSHOOT,,0.1122,,sim/out/host/grindsim --seed 500008 --scenario sim/mc/scenarios/rundry_prime_b22.0.json
rundry,rundry_prime_b22.0,500009,OVERSHOOT,OVERSHOOT,,0.0274,,sim/out/host/grindsim --seed 500009 --scenario sim/mc/scenarios/rundry_prime_b22.0.json
rundry,rundry_prime_b22.0,500010,OVERSHOOT,OVERSHOOT,,0.0931,,sim/out/host/grindsim --seed 500010 --scenario sim/mc/scenarios/rundry_prime_b22.0.json
rundry,rundry_prime_b22.0,500011,OVERSHOOT,OVERSHOOT,,0.0393,,sim/out/host/grindsim --seed 500011 --scenario sim/mc/scenarios/rundry_prime_b22.0.json
rundry,rundry_prime_b22.0,500012,OVERSHOOT,OVERSHOOT,,0.0493,,sim/out/host/grindsim --seed 500012 --scenario sim/mc/scenarios/rundry_prime_b22.0.json
rundry,rundry_prime_b22.0,500016,OVERSHOOT,OVERSHOOT,,0.0438,,sim/out/host/grindsim --seed 500016 --scenario sim/mc/scenarios/rundry_prime_b22.0.json
rundry,rundry_prime_b22.0,500018,OVERSHOOT,OVERSHOOT,,0.0453,,sim/out/host/grindsim --seed 500018 --scenario sim/mc/scenarios/rundry_prime_b22.0.json
rundry,rundry_prime_b22.0,500020,OVERSHOOT,OVERSHOOT,,0.1211,,sim/out/host/grindsim --seed 500020 --scenario sim/mc/scenarios/rundry_prime_b22.0.json
rundry,rundry_prime_b22.0,500021,OVERSHOOT,OVERSHOOT,,0.0545,,sim/out/host/grindsim --seed 500021 --scenario sim/mc/scenarios/rundry_prime_b22.0.json
rundry,rundry_prime_b22.0,500022,OVERSHOOT,OVERSHOOT,,0.0478,,sim/out/host/grindsim --seed 500022 --scenario sim/mc/scenarios/rundry_prime_b22.0.json
rundry,rundry_prime_b22.0,500023,OVERSHOOT,OVERSHOOT,,0.1006,,sim/out/host/grindsim --seed 500023 --scenario sim/mc/scenarios/rundry_prime_b22.0.json
rundry,rundry_prime_b22.0,500024,OVERSHOOT,OVERSHOOT,,0.0377,,sim/out/host/grindsim --seed 500024 --scenario sim/mc/scenarios/rundry_prime_b22.0.json
rundry,rundry_prime_b22.0,500025,OVERSHOOT,OVERSHOOT,,0.0905,,sim/out/host/grindsim --seed 500025 --scenario sim/mc/scenarios/rundry_prime_b22.0.json
rundry,rundry_prime_b22.0,500026,OVERSHOOT,OVERSHOOT,,0.1217,,sim/out/host/grindsim --seed 500026 --scenario sim/mc/scenarios/rundry_prime_b22.0.json
rundry,rundry_prime_b22.0,500027,OVERSHOOT,OVERSHOOT,,0.0548,,sim/out/host/grindsim --seed 500027 --scenario sim/mc/scenarios/rundry_prime_b22.0.json
rundry,rundry_prime_b22.0,500028,OVERSHOOT,OVERSHOOT,,0.2288,,sim/out/host/grindsim --seed 500028 --scenario sim/mc/scenarios/rundry_prime_b22.0.json
rundry,rundry_prime_b22.0,500029,OVERSHOOT,OVERSHOOT,,0.0491,,sim/out/host/grindsim --seed 500029 --scenario sim/mc/scenarios/rundry_prime_b22.0.json
faults,fault_beans10,600000,ERROR 'No beans?',ERROR,No beans?,-10.2743,,sim/out/host/grindsim --seed 600000 --scenario sim/mc/scenarios/fault_beans10.json
faults,fault_beans10,600001,ERROR 'No beans?',ERROR,No beans?,-10.3331,,sim/out/host/grindsim --seed 600001 --scenario sim/mc/scenarios/fault_beans10.json
faults,fault_beans10,600002,ERROR 'No beans?',ERROR,No beans?,-10.3892,,sim/out/host/grindsim --seed 600002 --scenario sim/mc/scenarios/fault_beans10.json
faults,fault_beans10,600003,ERROR 'No beans?',ERROR,No beans?,-10.3061,,sim/out/host/grindsim --seed 600003 --scenario sim/mc/scenarios/fault_beans10.json
faults,fault_beans10,600004,ERROR 'No beans?',ERROR,No beans?,-10.3280,,sim/out/host/grindsim --seed 600004 --scenario sim/mc/scenarios/fault_beans10.json
faults,fault_beans10,600005,ERROR 'No beans?',ERROR,No beans?,-10.2820,,sim/out/host/grindsim --seed 600005 --scenario sim/mc/scenarios/fault_beans10.json
faults,fault_beans10,600006,ERROR 'No beans?',ERROR,No beans?,-10.2163,,sim/out/host/grindsim --seed 600006 --scenario sim/mc/scenarios/fault_beans10.json
faults,fault_beans10,600007,ERROR 'No beans?',ERROR,No beans?,-10.2725,,sim/out/host/grindsim --seed 600007 --scenario sim/mc/scenarios/fault_beans10.json
faults,fault_beans10,600008,ERROR 'No beans?',ERROR,No beans?,-10.3177,,sim/out/host/grindsim --seed 600008 --scenario sim/mc/scenarios/fault_beans10.json
faults,fault_beans10,600009,ERROR 'No beans?',ERROR,No beans?,-10.4549,,sim/out/host/grindsim --seed 600009 --scenario sim/mc/scenarios/fault_beans10.json
faults,fault_beans10,600010,ERROR 'No beans?',ERROR,No beans?,-10.3491,,sim/out/host/grindsim --seed 600010 --scenario sim/mc/scenarios/fault_beans10.json
faults,fault_beans10,600011,ERROR 'No beans?',ERROR,No beans?,-10.4265,,sim/out/host/grindsim --seed 600011 --scenario sim/mc/scenarios/fault_beans10.json
faults,fault_beans10,600012,ERROR 'No beans?',ERROR,No beans?,-10.4384,,sim/out/host/grindsim --seed 600012 --scenario sim/mc/scenarios/fault_beans10.json
faults,fault_beans10,600013,ERROR 'No beans?',ERROR,No beans?,-10.2882,,sim/out/host/grindsim --seed 600013 --scenario sim/mc/scenarios/fault_beans10.json
faults,fault_beans10,600014,ERROR 'No beans?',ERROR,No beans?,-10.3837,,sim/out/host/grindsim --seed 600014 --scenario sim/mc/scenarios/fault_beans10.json
faults,fault_beans10,600015,ERROR 'No beans?',ERROR,No beans?,-10.3294,,sim/out/host/grindsim --seed 600015 --scenario sim/mc/scenarios/fault_beans10.json
faults,fault_beans10,600016,ERROR 'No beans?',ERROR,No beans?,-10.3276,,sim/out/host/grindsim --seed 600016 --scenario sim/mc/scenarios/fault_beans10.json
faults,fault_beans10,600017,ERROR 'No beans?',ERROR,No beans?,-10.2512,,sim/out/host/grindsim --seed 600017 --scenario sim/mc/scenarios/fault_beans10.json
faults,fault_beans10,600018,ERROR 'No beans?',ERROR,No beans?,-10.2604,,sim/out/host/grindsim --seed 600018 --scenario sim/mc/scenarios/fault_beans10.json
faults,fault_beans10,600019,ERROR 'No beans?',ERROR,No beans?,-10.3475,,sim/out/host/grindsim --seed 600019 --scenario sim/mc/scenarios/fault_beans10.json
faults,fault_bump200_pdec0,600000,SUCCESS (true err < -0.03),SUCCESS,,-0.0313,,sim/out/host/grindsim --seed 600000 --scenario sim/mc/scenarios/fault_bump200_pdec0.json
faults,fault_bump200_pdec0,600002,SUCCESS (true err < -0.03),SUCCESS,,-0.0307,,sim/out/host/grindsim --seed 600002 --scenario sim/mc/scenarios/fault_bump200_pdec0.json
faults,fault_bump200_pdec0,600003,SUCCESS (true err < -0.03),SUCCESS,,-0.0319,,sim/out/host/grindsim --seed 600003 --scenario sim/mc/scenarios/fault_bump200_pdec0.json
faults,fault_bump200_pdec0,600006,SUCCESS (true err < -0.03),SUCCESS,,-0.0349,,sim/out/host/grindsim --seed 600006 --scenario sim/mc/scenarios/fault_bump200_pdec0.json
faults,fault_bump200_pdec0,600007,SUCCESS (true err < -0.03),SUCCESS,,-0.0333,,sim/out/host/grindsim --seed 600007 --scenario sim/mc/scenarios/fault_bump200_pdec0.json
faults,fault_bump200_pdec0,600009,SUCCESS (true err < -0.03),SUCCESS,,-0.0358,,sim/out/host/grindsim --seed 600009 --scenario sim/mc/scenarios/fault_bump200_pdec0.json
faults,fault_bump200_pdec0,600010,SUCCESS (true err < -0.03),SUCCESS,,-0.0384,,sim/out/host/grindsim --seed 600010 --scenario sim/mc/scenarios/fault_bump200_pdec0.json
faults,fault_bump200_pdec0,600011,SUCCESS (true err < -0.03),SUCCESS,,-0.0316,,sim/out/host/grindsim --seed 600011 --scenario sim/mc/scenarios/fault_bump200_pdec0.json
faults,fault_bump200_pdec0,600012,SUCCESS (true err < -0.03),SUCCESS,,-0.0355,,sim/out/host/grindsim --seed 600012 --scenario sim/mc/scenarios/fault_bump200_pdec0.json
faults,fault_bump200_pdec0,600014,SUCCESS (true err < -0.03),SUCCESS,,-0.0383,,sim/out/host/grindsim --seed 600014 --scenario sim/mc/scenarios/fault_bump200_pdec0.json
faults,fault_bump200_pdec0,600015,SUCCESS (true err < -0.03),SUCCESS,,-0.0395,,sim/out/host/grindsim --seed 600015 --scenario sim/mc/scenarios/fault_bump200_pdec0.json
faults,fault_bump200_pdec0,600016,SUCCESS (true err < -0.03),SUCCESS,,-0.0329,,sim/out/host/grindsim --seed 600016 --scenario sim/mc/scenarios/fault_bump200_pdec0.json
faults,fault_bump200_pdec0,600019,SUCCESS (true err < -0.03),SUCCESS,,-0.0318,,sim/out/host/grindsim --seed 600019 --scenario sim/mc/scenarios/fault_bump200_pdec0.json
faults,fault_bump200_pred0_5,600000,MAX_PULSES,MAX_PULSES,,-12.1071,,sim/out/host/grindsim --seed 600000 --scenario sim/mc/scenarios/fault_bump200_pred0_5.json
faults,fault_bump200_pred0_5,600001,MAX_PULSES,MAX_PULSES,,-11.9067,,sim/out/host/grindsim --seed 600001 --scenario sim/mc/scenarios/fault_bump200_pred0_5.json
faults,fault_bump200_pred0_5,600002,MAX_PULSES,MAX_PULSES,,-11.9162,,sim/out/host/grindsim --seed 600002 --scenario sim/mc/scenarios/fault_bump200_pred0_5.json
faults,fault_bump200_pred0_5,600003,MAX_PULSES,MAX_PULSES,,-11.9464,,sim/out/host/grindsim --seed 600003 --scenario sim/mc/scenarios/fault_bump200_pred0_5.json
faults,fault_bump200_pred0_5,600004,MAX_PULSES,MAX_PULSES,,-11.6852,,sim/out/host/grindsim --seed 600004 --scenario sim/mc/scenarios/fault_bump200_pred0_5.json
faults,fault_bump200_pred0_5,600005,MAX_PULSES,MAX_PULSES,,-11.6152,,sim/out/host/grindsim --seed 600005 --scenario sim/mc/scenarios/fault_bump200_pred0_5.json
faults,fault_bump200_pred0_5,600006,MAX_PULSES,MAX_PULSES,,-12.0378,,sim/out/host/grindsim --seed 600006 --scenario sim/mc/scenarios/fault_bump200_pred0_5.json
faults,fault_bump200_pred0_5,600007,MAX_PULSES,MAX_PULSES,,-11.6935,,sim/out/host/grindsim --seed 600007 --scenario sim/mc/scenarios/fault_bump200_pred0_5.json
faults,fault_bump200_pred0_5,600008,MAX_PULSES,MAX_PULSES,,-11.9994,,sim/out/host/grindsim --seed 600008 --scenario sim/mc/scenarios/fault_bump200_pred0_5.json
faults,fault_bump200_pred0_5,600009,MAX_PULSES,MAX_PULSES,,-12.0666,,sim/out/host/grindsim --seed 600009 --scenario sim/mc/scenarios/fault_bump200_pred0_5.json
faults,fault_bump200_pred0_5,600010,MAX_PULSES,MAX_PULSES,,-11.8746,,sim/out/host/grindsim --seed 600010 --scenario sim/mc/scenarios/fault_bump200_pred0_5.json
faults,fault_bump200_pred0_5,600011,MAX_PULSES,MAX_PULSES,,-11.9563,,sim/out/host/grindsim --seed 600011 --scenario sim/mc/scenarios/fault_bump200_pred0_5.json
faults,fault_bump200_pred0_5,600012,MAX_PULSES,MAX_PULSES,,-11.8546,,sim/out/host/grindsim --seed 600012 --scenario sim/mc/scenarios/fault_bump200_pred0_5.json
faults,fault_bump200_pred0_5,600013,MAX_PULSES,MAX_PULSES,,-11.9340,,sim/out/host/grindsim --seed 600013 --scenario sim/mc/scenarios/fault_bump200_pred0_5.json
faults,fault_bump200_pred0_5,600014,MAX_PULSES,MAX_PULSES,,-11.8239,,sim/out/host/grindsim --seed 600014 --scenario sim/mc/scenarios/fault_bump200_pred0_5.json
faults,fault_bump200_pred0_5,600015,MAX_PULSES,MAX_PULSES,,-11.8851,,sim/out/host/grindsim --seed 600015 --scenario sim/mc/scenarios/fault_bump200_pred0_5.json
faults,fault_bump200_pred0_5,600016,MAX_PULSES,MAX_PULSES,,-12.0148,,sim/out/host/grindsim --seed 600016 --scenario sim/mc/scenarios/fault_bump200_pred0_5.json
faults,fault_bump200_pred0_5,600017,MAX_PULSES,MAX_PULSES,,-12.0723,,sim/out/host/grindsim --seed 600017 --scenario sim/mc/scenarios/fault_bump200_pred0_5.json
faults,fault_bump200_pred0_5,600018,MAX_PULSES,MAX_PULSES,,-11.9574,,sim/out/host/grindsim --seed 600018 --scenario sim/mc/scenarios/fault_bump200_pred0_5.json
faults,fault_bump200_pred0_5,600019,MAX_PULSES,MAX_PULSES,,-11.7582,,sim/out/host/grindsim --seed 600019 --scenario sim/mc/scenarios/fault_bump200_pred0_5.json
faults,fault_bump200_pred2,600000,MAX_PULSES,MAX_PULSES,,-8.8867,,sim/out/host/grindsim --seed 600000 --scenario sim/mc/scenarios/fault_bump200_pred2.json
faults,fault_bump200_pred2,600001,MAX_PULSES,MAX_PULSES,,-9.0527,,sim/out/host/grindsim --seed 600001 --scenario sim/mc/scenarios/fault_bump200_pred2.json
faults,fault_bump200_pred2,600002,MAX_PULSES,MAX_PULSES,,-9.1388,,sim/out/host/grindsim --seed 600002 --scenario sim/mc/scenarios/fault_bump200_pred2.json
faults,fault_bump200_pred2,600003,MAX_PULSES,MAX_PULSES,,-8.8962,,sim/out/host/grindsim --seed 600003 --scenario sim/mc/scenarios/fault_bump200_pred2.json
faults,fault_bump200_pred2,600004,MAX_PULSES,MAX_PULSES,,-9.0001,,sim/out/host/grindsim --seed 600004 --scenario sim/mc/scenarios/fault_bump200_pred2.json
faults,fault_bump200_pred2,600005,MAX_PULSES,MAX_PULSES,,-9.1873,,sim/out/host/grindsim --seed 600005 --scenario sim/mc/scenarios/fault_bump200_pred2.json
faults,fault_bump200_pred2,600006,MAX_PULSES,MAX_PULSES,,-8.7137,,sim/out/host/grindsim --seed 600006 --scenario sim/mc/scenarios/fault_bump200_pred2.json
faults,fault_bump200_pred2,600007,MAX_PULSES,MAX_PULSES,,-9.1398,,sim/out/host/grindsim --seed 600007 --scenario sim/mc/scenarios/fault_bump200_pred2.json
faults,fault_bump200_pred2,600008,MAX_PULSES,MAX_PULSES,,-8.9536,,sim/out/host/grindsim --seed 600008 --scenario sim/mc/scenarios/fault_bump200_pred2.json
faults,fault_bump200_pred2,600009,MAX_PULSES,MAX_PULSES,,-8.8687,,sim/out/host/grindsim --seed 600009 --scenario sim/mc/scenarios/fault_bump200_pred2.json
faults,fault_bump200_pred2,600010,MAX_PULSES,MAX_PULSES,,-8.8413,,sim/out/host/grindsim --seed 600010 --scenario sim/mc/scenarios/fault_bump200_pred2.json
faults,fault_bump200_pred2,600011,MAX_PULSES,MAX_PULSES,,-9.1412,,sim/out/host/grindsim --seed 600011 --scenario sim/mc/scenarios/fault_bump200_pred2.json
faults,fault_bump200_pred2,600012,MAX_PULSES,MAX_PULSES,,-9.0908,,sim/out/host/grindsim --seed 600012 --scenario sim/mc/scenarios/fault_bump200_pred2.json
faults,fault_bump200_pred2,600013,MAX_PULSES,MAX_PULSES,,-8.6633,,sim/out/host/grindsim --seed 600013 --scenario sim/mc/scenarios/fault_bump200_pred2.json
faults,fault_bump200_pred2,600014,MAX_PULSES,MAX_PULSES,,-9.2383,,sim/out/host/grindsim --seed 600014 --scenario sim/mc/scenarios/fault_bump200_pred2.json
faults,fault_bump200_pred2,600015,MAX_PULSES,MAX_PULSES,,-8.7559,,sim/out/host/grindsim --seed 600015 --scenario sim/mc/scenarios/fault_bump200_pred2.json
faults,fault_bump200_pred2,600016,MAX_PULSES,MAX_PULSES,,-9.0623,,sim/out/host/grindsim --seed 600016 --scenario sim/mc/scenarios/fault_bump200_pred2.json
faults,fault_bump200_pred2,600017,MAX_PULSES,MAX_PULSES,,-9.0848,,sim/out/host/grindsim --seed 600017 --scenario sim/mc/scenarios/fault_bump200_pred2.json
faults,fault_bump200_pred2,600018,MAX_PULSES,MAX_PULSES,,-8.7039,,sim/out/host/grindsim --seed 600018 --scenario sim/mc/scenarios/fault_bump200_pred2.json
faults,fault_bump200_pred2,600019,MAX_PULSES,MAX_PULSES,,-8.9134,,sim/out/host/grindsim --seed 600019 --scenario sim/mc/scenarios/fault_bump200_pred2.json
faults,fault_bump200_pred5,600000,MAX_PULSES,MAX_PULSES,,-3.2202,,sim/out/host/grindsim --seed 600000 --scenario sim/mc/scenarios/fault_bump200_pred5.json
faults,fault_bump200_pred5,600001,MAX_PULSES,MAX_PULSES,,-3.3680,,sim/out/host/grindsim --seed 600001 --scenario sim/mc/scenarios/fault_bump200_pred5.json
faults,fault_bump200_pred5,600002,MAX_PULSES,MAX_PULSES,,-3.3957,,sim/out/host/grindsim --seed 600002 --scenario sim/mc/scenarios/fault_bump200_pred5.json
faults,fault_bump200_pred5,600003,MAX_PULSES,MAX_PULSES,,-3.1272,,sim/out/host/grindsim --seed 600003 --scenario sim/mc/scenarios/fault_bump200_pred5.json
faults,fault_bump200_pred5,600004,MAX_PULSES,MAX_PULSES,,-3.5539,,sim/out/host/grindsim --seed 600004 --scenario sim/mc/scenarios/fault_bump200_pred5.json
faults,fault_bump200_pred5,600005,MAX_PULSES,MAX_PULSES,,-3.2882,,sim/out/host/grindsim --seed 600005 --scenario sim/mc/scenarios/fault_bump200_pred5.json
faults,fault_bump200_pred5,600006,MAX_PULSES,MAX_PULSES,,-3.3412,,sim/out/host/grindsim --seed 600006 --scenario sim/mc/scenarios/fault_bump200_pred5.json
faults,fault_bump200_pred5,600007,MAX_PULSES,MAX_PULSES,,-3.1997,,sim/out/host/grindsim --seed 600007 --scenario sim/mc/scenarios/fault_bump200_pred5.json
faults,fault_bump200_pred5,600008,MAX_PULSES,MAX_PULSES,,-2.9782,,sim/out/host/grindsim --seed 600008 --scenario sim/mc/scenarios/fault_bump200_pred5.json
faults,fault_bump200_pred5,600009,MAX_PULSES,MAX_PULSES,,-3.6578,,sim/out/host/grindsim --seed 600009 --scenario sim/mc/scenarios/fault_bump200_pred5.json
faults,fault_bump200_pred5,600010,MAX_PULSES,MAX_PULSES,,-3.1183,,sim/out/host/grindsim --seed 600010 --scenario sim/mc/scenarios/fault_bump200_pred5.json
faults,fault_bump200_pred5,600011,MAX_PULSES,MAX_PULSES,,-3.3429,,sim/out/host/grindsim --seed 600011 --scenario sim/mc/scenarios/fault_bump200_pred5.json
faults,fault_bump200_pred5,600012,MAX_PULSES,MAX_PULSES,,-3.6217,,sim/out/host/grindsim --seed 600012 --scenario sim/mc/scenarios/fault_bump200_pred5.json
faults,fault_bump200_pred5,600013,MAX_PULSES,MAX_PULSES,,-2.7835,,sim/out/host/grindsim --seed 600013 --scenario sim/mc/scenarios/fault_bump200_pred5.json
faults,fault_bump200_pred5,600014,MAX_PULSES,MAX_PULSES,,-3.3933,,sim/out/host/grindsim --seed 600014 --scenario sim/mc/scenarios/fault_bump200_pred5.json
faults,fault_bump200_pred5,600015,MAX_PULSES,MAX_PULSES,,-3.0412,,sim/out/host/grindsim --seed 600015 --scenario sim/mc/scenarios/fault_bump200_pred5.json
faults,fault_bump200_pred5,600016,MAX_PULSES,MAX_PULSES,,-3.6429,,sim/out/host/grindsim --seed 600016 --scenario sim/mc/scenarios/fault_bump200_pred5.json
faults,fault_bump200_pred5,600017,MAX_PULSES,MAX_PULSES,,-3.5489,,sim/out/host/grindsim --seed 600017 --scenario sim/mc/scenarios/fault_bump200_pred5.json
faults,fault_bump200_pred5,600018,MAX_PULSES,MAX_PULSES,,-3.2964,,sim/out/host/grindsim --seed 600018 --scenario sim/mc/scenarios/fault_bump200_pred5.json
faults,fault_bump200_pred5,600019,MAX_PULSES,MAX_PULSES,,-3.0606,,sim/out/host/grindsim --seed 600019 --scenario sim/mc/scenarios/fault_bump200_pred5.json
faults,fault_bump200_rnd1,600000,SUCCESS (true err < -0.03),SUCCESS,,-0.0378,,sim/out/host/grindsim --seed 600000 --scenario sim/mc/scenarios/fault_bump200_rnd1.json
faults,fault_bump200_rnd1,600001,SUCCESS (true err < -0.03),SUCCESS,,-0.0324,,sim/out/host/grindsim --seed 600001 --scenario sim/mc/scenarios/fault_bump200_rnd1.json
faults,fault_bump200_rnd1,600002,SUCCESS (true err < -0.03),SUCCESS,,-0.0380,,sim/out/host/grindsim --seed 600002 --scenario sim/mc/scenarios/fault_bump200_rnd1.json
faults,fault_bump200_rnd1,600003,SUCCESS (true err < -0.03),SUCCESS,,-0.0337,,sim/out/host/grindsim --seed 600003 --scenario sim/mc/scenarios/fault_bump200_rnd1.json
faults,fault_bump200_rnd1,600005,SUCCESS (true err < -0.03),SUCCESS,,-0.0356,,sim/out/host/grindsim --seed 600005 --scenario sim/mc/scenarios/fault_bump200_rnd1.json
faults,fault_bump200_rnd1,600006,SUCCESS (true err < -0.03),SUCCESS,,-0.0356,,sim/out/host/grindsim --seed 600006 --scenario sim/mc/scenarios/fault_bump200_rnd1.json
faults,fault_bump200_rnd1,600007,SUCCESS (true err < -0.03),SUCCESS,,-0.0374,,sim/out/host/grindsim --seed 600007 --scenario sim/mc/scenarios/fault_bump200_rnd1.json
faults,fault_bump200_rnd1,600009,SUCCESS (true err < -0.03),SUCCESS,,-0.0401,,sim/out/host/grindsim --seed 600009 --scenario sim/mc/scenarios/fault_bump200_rnd1.json
faults,fault_bump200_rnd1,600010,SUCCESS (true err < -0.03),SUCCESS,,-0.0382,,sim/out/host/grindsim --seed 600010 --scenario sim/mc/scenarios/fault_bump200_rnd1.json
faults,fault_bump200_rnd1,600011,SUCCESS (true err < -0.03),SUCCESS,,-0.0357,,sim/out/host/grindsim --seed 600011 --scenario sim/mc/scenarios/fault_bump200_rnd1.json
faults,fault_bump200_rnd1,600012,SUCCESS (true err < -0.03),SUCCESS,,-0.0324,,sim/out/host/grindsim --seed 600012 --scenario sim/mc/scenarios/fault_bump200_rnd1.json
faults,fault_bump200_rnd1,600013,SUCCESS (true err < -0.03),SUCCESS,,-0.0356,,sim/out/host/grindsim --seed 600013 --scenario sim/mc/scenarios/fault_bump200_rnd1.json
faults,fault_bump200_rnd1,600014,SUCCESS (true err < -0.03),SUCCESS,,-0.0419,,sim/out/host/grindsim --seed 600014 --scenario sim/mc/scenarios/fault_bump200_rnd1.json
faults,fault_bump200_rnd1,600015,SUCCESS (true err < -0.03),SUCCESS,,-0.0321,,sim/out/host/grindsim --seed 600015 --scenario sim/mc/scenarios/fault_bump200_rnd1.json
faults,fault_bump200_rnd1,600016,SUCCESS (true err < -0.03),SUCCESS,,-0.0377,,sim/out/host/grindsim --seed 600016 --scenario sim/mc/scenarios/fault_bump200_rnd1.json
faults,fault_bump200_rnd1,600017,SUCCESS (true err < -0.03),SUCCESS,,-0.0343,,sim/out/host/grindsim --seed 600017 --scenario sim/mc/scenarios/fault_bump200_rnd1.json
faults,fault_bump200_rnd1,600019,SUCCESS (true err < -0.03),SUCCESS,,-0.0351,,sim/out/host/grindsim --seed 600019 --scenario sim/mc/scenarios/fault_bump200_rnd1.json
faults,fault_bump200_rnd2,600000,MAX_PULSES,MAX_PULSES,,-10.3805,,sim/out/host/grindsim --seed 600000 --scenario sim/mc/scenarios/fault_bump200_rnd2.json
faults,fault_bump200_rnd2,600001,MAX_PULSES,MAX_PULSES,,-10.4323,,sim/out/host/grindsim --seed 600001 --scenario sim/mc/scenarios/fault_bump200_rnd2.json
faults,fault_bump200_rnd2,600002,MAX_PULSES,MAX_PULSES,,-10.2979,,sim/out/host/grindsim --seed 600002 --scenario sim/mc/scenarios/fault_bump200_rnd2.json
faults,fault_bump200_rnd2,600003,MAX_PULSES,MAX_PULSES,,-10.2546,,sim/out/host/grindsim --seed 600003 --scenario sim/mc/scenarios/fault_bump200_rnd2.json
faults,fault_bump200_rnd2,600004,MAX_PULSES,MAX_PULSES,,-10.3113,,sim/out/host/grindsim --seed 600004 --scenario sim/mc/scenarios/fault_bump200_rnd2.json
faults,fault_bump200_rnd2,600005,MAX_PULSES,MAX_PULSES,,-10.2445,,sim/out/host/grindsim --seed 600005 --scenario sim/mc/scenarios/fault_bump200_rnd2.json
faults,fault_bump200_rnd2,600006,MAX_PULSES,MAX_PULSES,,-10.4030,,sim/out/host/grindsim --seed 600006 --scenario sim/mc/scenarios/fault_bump200_rnd2.json
faults,fault_bump200_rnd2,600007,MAX_PULSES,MAX_PULSES,,-10.5325,,sim/out/host/grindsim --seed 600007 --scenario sim/mc/scenarios/fault_bump200_rnd2.json
faults,fault_bump200_rnd2,600008,MAX_PULSES,MAX_PULSES,,-10.3832,,sim/out/host/grindsim --seed 600008 --scenario sim/mc/scenarios/fault_bump200_rnd2.json
faults,fault_bump200_rnd2,600009,MAX_PULSES,MAX_PULSES,,-10.3778,,sim/out/host/grindsim --seed 600009 --scenario sim/mc/scenarios/fault_bump200_rnd2.json
faults,fault_bump200_rnd2,600010,MAX_PULSES,MAX_PULSES,,-10.3332,,sim/out/host/grindsim --seed 600010 --scenario sim/mc/scenarios/fault_bump200_rnd2.json
faults,fault_bump200_rnd2,600011,MAX_PULSES,MAX_PULSES,,-10.4200,,sim/out/host/grindsim --seed 600011 --scenario sim/mc/scenarios/fault_bump200_rnd2.json
faults,fault_bump200_rnd2,600012,MAX_PULSES,MAX_PULSES,,-10.1857,,sim/out/host/grindsim --seed 600012 --scenario sim/mc/scenarios/fault_bump200_rnd2.json
faults,fault_bump200_rnd2,600013,MAX_PULSES,MAX_PULSES,,-10.5604,,sim/out/host/grindsim --seed 600013 --scenario sim/mc/scenarios/fault_bump200_rnd2.json
faults,fault_bump200_rnd2,600014,MAX_PULSES,MAX_PULSES,,-10.2796,,sim/out/host/grindsim --seed 600014 --scenario sim/mc/scenarios/fault_bump200_rnd2.json
faults,fault_bump200_rnd2,600015,MAX_PULSES,MAX_PULSES,,-10.1897,,sim/out/host/grindsim --seed 600015 --scenario sim/mc/scenarios/fault_bump200_rnd2.json
faults,fault_bump200_rnd2,600016,MAX_PULSES,MAX_PULSES,,-10.5673,,sim/out/host/grindsim --seed 600016 --scenario sim/mc/scenarios/fault_bump200_rnd2.json
faults,fault_bump200_rnd2,600017,MAX_PULSES,MAX_PULSES,,-10.4629,,sim/out/host/grindsim --seed 600017 --scenario sim/mc/scenarios/fault_bump200_rnd2.json
faults,fault_bump200_rnd2,600018,MAX_PULSES,MAX_PULSES,,-10.2094,,sim/out/host/grindsim --seed 600018 --scenario sim/mc/scenarios/fault_bump200_rnd2.json
faults,fault_bump200_rnd2,600019,MAX_PULSES,MAX_PULSES,,-10.4922,,sim/out/host/grindsim --seed 600019 --scenario sim/mc/scenarios/fault_bump200_rnd2.json
faults,fault_bump200_rnd3,600000,SUCCESS (true err < -0.03),SUCCESS,,-0.0361,,sim/out/host/grindsim --seed 600000 --scenario sim/mc/scenarios/fault_bump200_rnd3.json
faults,fault_bump200_rnd3,600001,SUCCESS (true err < -0.03),SUCCESS,,-0.0436,,sim/out/host/grindsim --seed 600001 --scenario sim/mc/scenarios/fault_bump200_rnd3.json
faults,fault_bump200_rnd3,600002,SUCCESS (true err < -0.03),SUCCESS,,-0.0465,,sim/out/host/grindsim --seed 600002 --scenario sim/mc/scenarios/fault_bump200_rnd3.json
faults,fault_bump200_rnd3,600003,OVERSHOOT,OVERSHOOT,,0.0335,,sim/out/host/grindsim --seed 600003 --scenario sim/mc/scenarios/fault_bump200_rnd3.json
faults,fault_bump200_rnd3,600004,SUCCESS (true err < -0.03),SUCCESS,,-0.0362,,sim/out/host/grindsim --seed 600004 --scenario sim/mc/scenarios/fault_bump200_rnd3.json
faults,fault_bump200_rnd3,600005,SUCCESS (true err < -0.03),SUCCESS,,-0.0357,,sim/out/host/grindsim --seed 600005 --scenario sim/mc/scenarios/fault_bump200_rnd3.json
faults,fault_bump200_rnd3,600006,SUCCESS (true err < -0.03),SUCCESS,,-0.0469,,sim/out/host/grindsim --seed 600006 --scenario sim/mc/scenarios/fault_bump200_rnd3.json
faults,fault_bump200_rnd3,600007,SUCCESS (true err < -0.03),SUCCESS,,-0.0359,,sim/out/host/grindsim --seed 600007 --scenario sim/mc/scenarios/fault_bump200_rnd3.json
faults,fault_bump200_rnd3,600008,SUCCESS (true err < -0.03),SUCCESS,,-0.0398,,sim/out/host/grindsim --seed 600008 --scenario sim/mc/scenarios/fault_bump200_rnd3.json
faults,fault_bump200_rnd3,600009,MAX_PULSES,MAX_PULSES,,-0.0452,,sim/out/host/grindsim --seed 600009 --scenario sim/mc/scenarios/fault_bump200_rnd3.json
faults,fault_bump200_rnd3,600010,SUCCESS (true err < -0.03),SUCCESS,,-0.0415,,sim/out/host/grindsim --seed 600010 --scenario sim/mc/scenarios/fault_bump200_rnd3.json
faults,fault_bump200_rnd3,600011,SUCCESS (true err < -0.03),SUCCESS,,-0.0392,,sim/out/host/grindsim --seed 600011 --scenario sim/mc/scenarios/fault_bump200_rnd3.json
faults,fault_bump200_rnd3,600012,MAX_PULSES,MAX_PULSES,,-0.0518,,sim/out/host/grindsim --seed 600012 --scenario sim/mc/scenarios/fault_bump200_rnd3.json
faults,fault_bump200_rnd3,600013,OVERSHOOT,OVERSHOOT,,0.0464,,sim/out/host/grindsim --seed 600013 --scenario sim/mc/scenarios/fault_bump200_rnd3.json
faults,fault_bump200_rnd3,600014,SUCCESS (true err < -0.03),SUCCESS,,-0.0413,,sim/out/host/grindsim --seed 600014 --scenario sim/mc/scenarios/fault_bump200_rnd3.json
faults,fault_bump200_rnd3,600015,SUCCESS (true err < -0.03),SUCCESS,,-0.0431,,sim/out/host/grindsim --seed 600015 --scenario sim/mc/scenarios/fault_bump200_rnd3.json
faults,fault_bump200_rnd3,600016,MAX_PULSES,MAX_PULSES,,-0.0428,,sim/out/host/grindsim --seed 600016 --scenario sim/mc/scenarios/fault_bump200_rnd3.json
faults,fault_bump200_rnd3,600017,SUCCESS (true err < -0.03),SUCCESS,,-0.0331,,sim/out/host/grindsim --seed 600017 --scenario sim/mc/scenarios/fault_bump200_rnd3.json
faults,fault_bump200_rnd3,600018,SUCCESS (true err < -0.03),SUCCESS,,-0.0322,,sim/out/host/grindsim --seed 600018 --scenario sim/mc/scenarios/fault_bump200_rnd3.json
faults,fault_bump200_rnd3,600019,SUCCESS (true err < -0.03),SUCCESS,,-0.0322,,sim/out/host/grindsim --seed 600019 --scenario sim/mc/scenarios/fault_bump200_rnd3.json
faults,fault_bump200_rnd4,600000,SUCCESS (true err < -0.03),SUCCESS,,-0.0378,,sim/out/host/grindsim --seed 600000 --scenario sim/mc/scenarios/fault_bump200_rnd4.json
faults,fault_bump200_rnd4,600001,SUCCESS (true err < -0.03),SUCCESS,,-0.0324,,sim/out/host/grindsim --seed 600001 --scenario sim/mc/scenarios/fault_bump200_rnd4.json
faults,fault_bump200_rnd4,600002,SUCCESS (true err < -0.03),SUCCESS,,-0.0380,,sim/out/host/grindsim --seed 600002 --scenario sim/mc/scenarios/fault_bump200_rnd4.json
faults,fault_bump200_rnd4,600003,SUCCESS (true err < -0.03),SUCCESS,,-0.0342,,sim/out/host/grindsim --seed 600003 --scenario sim/mc/scenarios/fault_bump200_rnd4.json
faults,fault_bump200_rnd4,600005,SUCCESS (true err < -0.03),SUCCESS,,-0.0356,,sim/out/host/grindsim --seed 600005 --scenario sim/mc/scenarios/fault_bump200_rnd4.json
faults,fault_bump200_rnd4,600006,SUCCESS (true err < -0.03),SUCCESS,,-0.0334,,sim/out/host/grindsim --seed 600006 --scenario sim/mc/scenarios/fault_bump200_rnd4.json
faults,fault_bump200_rnd4,600007,SUCCESS (true err < -0.03),SUCCESS,,-0.0374,,sim/out/host/grindsim --seed 600007 --scenario sim/mc/scenarios/fault_bump200_rnd4.json
faults,fault_bump200_rnd4,600009,SUCCESS (true err < -0.03),SUCCESS,,-0.0353,,sim/out/host/grindsim --seed 600009 --scenario sim/mc/scenarios/fault_bump200_rnd4.json
faults,fault_bump200_rnd4,600010,SUCCESS (true err < -0.03),SUCCESS,,-0.0382,,sim/out/host/grindsim --seed 600010 --scenario sim/mc/scenarios/fault_bump200_rnd4.json
faults,fault_bump200_rnd4,600011,SUCCESS (true err < -0.03),SUCCESS,,-0.0357,,sim/out/host/grindsim --seed 600011 --scenario sim/mc/scenarios/fault_bump200_rnd4.json
faults,fault_bump200_rnd4,600012,SUCCESS (true err < -0.03),SUCCESS,,-0.0324,,sim/out/host/grindsim --seed 600012 --scenario sim/mc/scenarios/fault_bump200_rnd4.json
faults,fault_bump200_rnd4,600013,SUCCESS (true err < -0.03),SUCCESS,,-0.0356,,sim/out/host/grindsim --seed 600013 --scenario sim/mc/scenarios/fault_bump200_rnd4.json
faults,fault_bump200_rnd4,600014,SUCCESS (true err < -0.03),SUCCESS,,-0.0419,,sim/out/host/grindsim --seed 600014 --scenario sim/mc/scenarios/fault_bump200_rnd4.json
faults,fault_bump200_rnd4,600015,SUCCESS (true err < -0.03),SUCCESS,,-0.0321,,sim/out/host/grindsim --seed 600015 --scenario sim/mc/scenarios/fault_bump200_rnd4.json
faults,fault_bump200_rnd4,600016,SUCCESS (true err < -0.03),SUCCESS,,-0.0377,,sim/out/host/grindsim --seed 600016 --scenario sim/mc/scenarios/fault_bump200_rnd4.json
faults,fault_bump200_rnd4,600017,SUCCESS (true err < -0.03),SUCCESS,,-0.0343,,sim/out/host/grindsim --seed 600017 --scenario sim/mc/scenarios/fault_bump200_rnd4.json
faults,fault_bump200_rnd4,600019,SUCCESS (true err < -0.03),SUCCESS,,-0.0381,,sim/out/host/grindsim --seed 600019 --scenario sim/mc/scenarios/fault_bump200_rnd4.json
faults,fault_bump30_pdec0,600002,SUCCESS (true err < -0.03),SUCCESS,,-0.0335,,sim/out/host/grindsim --seed 600002 --scenario sim/mc/scenarios/fault_bump30_pdec0.json
faults,fault_bump30_pdec0,600003,SUCCESS (true err < -0.03),SUCCESS,,-0.0333,,sim/out/host/grindsim --seed 600003 --scenario sim/mc/scenarios/fault_bump30_pdec0.json
faults,fault_bump30_pdec0,600004,OVERSHOOT,OVERSHOOT,,0.0329,,sim/out/host/grindsim --seed 600004 --scenario sim/mc/scenarios/fault_bump30_pdec0.json
faults,fault_bump30_pdec0,600006,SUCCESS (true err < -0.03),SUCCESS,,-0.0316,,sim/out/host/grindsim --seed 600006 --scenario sim/mc/scenarios/fault_bump30_pdec0.json
faults,fault_bump30_pdec0,600007,SUCCESS (true err < -0.03),SUCCESS,,-0.0344,,sim/out/host/grindsim --seed 600007 --scenario sim/mc/scenarios/fault_bump30_pdec0.json
faults,fault_bump30_pdec0,600008,SUCCESS (true err < -0.03),SUCCESS,,-0.0324,,sim/out/host/grindsim --seed 600008 --scenario sim/mc/scenarios/fault_bump30_pdec0.json
faults,fault_bump30_pdec0,600009,SUCCESS (true err < -0.03),SUCCESS,,-0.0393,,sim/out/host/grindsim --seed 600009 --scenario sim/mc/scenarios/fault_bump30_pdec0.json
faults,fault_bump30_pdec0,600011,SUCCESS (true err < -0.03),SUCCESS,,-0.0344,,sim/out/host/grindsim --seed 600011 --scenario sim/mc/scenarios/fault_bump30_pdec0.json
faults,fault_bump30_pdec0,600012,SUCCESS (true err < -0.03),SUCCESS,,-0.0341,,sim/out/host/grindsim --seed 600012 --scenario sim/mc/scenarios/fault_bump30_pdec0.json
faults,fault_bump30_pdec0,600013,SUCCESS (true err < -0.03),SUCCESS,,-0.0346,,sim/out/host/grindsim --seed 600013 --scenario sim/mc/scenarios/fault_bump30_pdec0.json
faults,fault_bump30_pdec0,600014,SUCCESS (true err < -0.03),SUCCESS,,-0.0363,,sim/out/host/grindsim --seed 600014 --scenario sim/mc/scenarios/fault_bump30_pdec0.json
faults,fault_bump30_pdec0,600015,SUCCESS (true err < -0.03),SUCCESS,,-0.0372,,sim/out/host/grindsim --seed 600015 --scenario sim/mc/scenarios/fault_bump30_pdec0.json
faults,fault_bump30_pdec0,600016,SUCCESS (true err < -0.03),SUCCESS,,-0.0435,,sim/out/host/grindsim --seed 600016 --scenario sim/mc/scenarios/fault_bump30_pdec0.json
faults,fault_bump30_pdec0,600019,SUCCESS (true err < -0.03),SUCCESS,,-0.0373,,sim/out/host/grindsim --seed 600019 --scenario sim/mc/scenarios/fault_bump30_pdec0.json
faults,fault_bump30_pred0_5,600000,SUCCESS (true err < -0.03),SUCCESS,,-0.0378,,sim/out/host/grindsim --seed 600000 --scenario sim/mc/scenarios/fault_bump30_pred0_5.json
faults,fault_bump30_pred0_5,600001,SUCCESS (true err < -0.03),SUCCESS,,-0.0324,,sim/out/host/grindsim --seed 600001 --scenario sim/mc/scenarios/fault_bump30_pred0_5.json
faults,fault_bump30_pred0_5,600002,SUCCESS (true err < -0.03),SUCCESS,,-0.0380,,sim/out/host/grindsim --seed 600002 --scenario sim/mc/scenarios/fault_bump30_pred0_5.json
faults,fault_bump30_pred0_5,600003,SUCCESS (true err < -0.03),SUCCESS,,-0.0337,,sim/out/host/grindsim --seed 600003 --scenario sim/mc/scenarios/fault_bump30_pred0_5.json
faults,fault_bump30_pred0_5,600005,SUCCESS (true err < -0.03),SUCCESS,,-0.0356,,sim/out/host/grindsim --seed 600005 --scenario sim/mc/scenarios/fault_bump30_pred0_5.json
faults,fault_bump30_pred0_5,600006,SUCCESS (true err < -0.03),SUCCESS,,-0.0356,,sim/out/host/grindsim --seed 600006 --scenario sim/mc/scenarios/fault_bump30_pred0_5.json
faults,fault_bump30_pred0_5,600007,SUCCESS (true err < -0.03),SUCCESS,,-0.0374,,sim/out/host/grindsim --seed 600007 --scenario sim/mc/scenarios/fault_bump30_pred0_5.json
faults,fault_bump30_pred0_5,600009,SUCCESS (true err < -0.03),SUCCESS,,-0.0401,,sim/out/host/grindsim --seed 600009 --scenario sim/mc/scenarios/fault_bump30_pred0_5.json
faults,fault_bump30_pred0_5,600010,SUCCESS (true err < -0.03),SUCCESS,,-0.0382,,sim/out/host/grindsim --seed 600010 --scenario sim/mc/scenarios/fault_bump30_pred0_5.json
faults,fault_bump30_pred0_5,600011,SUCCESS (true err < -0.03),SUCCESS,,-0.0357,,sim/out/host/grindsim --seed 600011 --scenario sim/mc/scenarios/fault_bump30_pred0_5.json
faults,fault_bump30_pred0_5,600012,SUCCESS (true err < -0.03),SUCCESS,,-0.0324,,sim/out/host/grindsim --seed 600012 --scenario sim/mc/scenarios/fault_bump30_pred0_5.json
faults,fault_bump30_pred0_5,600013,SUCCESS (true err < -0.03),SUCCESS,,-0.0356,,sim/out/host/grindsim --seed 600013 --scenario sim/mc/scenarios/fault_bump30_pred0_5.json
faults,fault_bump30_pred0_5,600014,SUCCESS (true err < -0.03),SUCCESS,,-0.0419,,sim/out/host/grindsim --seed 600014 --scenario sim/mc/scenarios/fault_bump30_pred0_5.json
faults,fault_bump30_pred0_5,600015,SUCCESS (true err < -0.03),SUCCESS,,-0.0321,,sim/out/host/grindsim --seed 600015 --scenario sim/mc/scenarios/fault_bump30_pred0_5.json
faults,fault_bump30_pred0_5,600016,SUCCESS (true err < -0.03),SUCCESS,,-0.0377,,sim/out/host/grindsim --seed 600016 --scenario sim/mc/scenarios/fault_bump30_pred0_5.json
faults,fault_bump30_pred0_5,600017,SUCCESS (true err < -0.03),SUCCESS,,-0.0343,,sim/out/host/grindsim --seed 600017 --scenario sim/mc/scenarios/fault_bump30_pred0_5.json
faults,fault_bump30_pred0_5,600019,SUCCESS (true err < -0.03),SUCCESS,,-0.0351,,sim/out/host/grindsim --seed 600019 --scenario sim/mc/scenarios/fault_bump30_pred0_5.json
faults,fault_bump30_pred2,600000,SUCCESS (true err < -0.03),SUCCESS,,-0.0378,,sim/out/host/grindsim --seed 600000 --scenario sim/mc/scenarios/fault_bump30_pred2.json
faults,fault_bump30_pred2,600001,SUCCESS (true err < -0.03),SUCCESS,,-0.0324,,sim/out/host/grindsim --seed 600001 --scenario sim/mc/scenarios/fault_bump30_pred2.json
faults,fault_bump30_pred2,600002,SUCCESS (true err < -0.03),SUCCESS,,-0.0380,,sim/out/host/grindsim --seed 600002 --scenario sim/mc/scenarios/fault_bump30_pred2.json
faults,fault_bump30_pred2,600003,SUCCESS (true err < -0.03),SUCCESS,,-0.0337,,sim/out/host/grindsim --seed 600003 --scenario sim/mc/scenarios/fault_bump30_pred2.json
faults,fault_bump30_pred2,600005,SUCCESS (true err < -0.03),SUCCESS,,-0.0356,,sim/out/host/grindsim --seed 600005 --scenario sim/mc/scenarios/fault_bump30_pred2.json
faults,fault_bump30_pred2,600006,SUCCESS (true err < -0.03),SUCCESS,,-0.0356,,sim/out/host/grindsim --seed 600006 --scenario sim/mc/scenarios/fault_bump30_pred2.json
faults,fault_bump30_pred2,600007,SUCCESS (true err < -0.03),SUCCESS,,-0.0374,,sim/out/host/grindsim --seed 600007 --scenario sim/mc/scenarios/fault_bump30_pred2.json
faults,fault_bump30_pred2,600009,SUCCESS (true err < -0.03),SUCCESS,,-0.0401,,sim/out/host/grindsim --seed 600009 --scenario sim/mc/scenarios/fault_bump30_pred2.json
faults,fault_bump30_pred2,600010,SUCCESS (true err < -0.03),SUCCESS,,-0.0382,,sim/out/host/grindsim --seed 600010 --scenario sim/mc/scenarios/fault_bump30_pred2.json
faults,fault_bump30_pred2,600011,SUCCESS (true err < -0.03),SUCCESS,,-0.0357,,sim/out/host/grindsim --seed 600011 --scenario sim/mc/scenarios/fault_bump30_pred2.json
faults,fault_bump30_pred2,600012,SUCCESS (true err < -0.03),SUCCESS,,-0.0324,,sim/out/host/grindsim --seed 600012 --scenario sim/mc/scenarios/fault_bump30_pred2.json
faults,fault_bump30_pred2,600013,SUCCESS (true err < -0.03),SUCCESS,,-0.0356,,sim/out/host/grindsim --seed 600013 --scenario sim/mc/scenarios/fault_bump30_pred2.json
faults,fault_bump30_pred2,600014,SUCCESS (true err < -0.03),SUCCESS,,-0.0419,,sim/out/host/grindsim --seed 600014 --scenario sim/mc/scenarios/fault_bump30_pred2.json
faults,fault_bump30_pred2,600015,SUCCESS (true err < -0.03),SUCCESS,,-0.0321,,sim/out/host/grindsim --seed 600015 --scenario sim/mc/scenarios/fault_bump30_pred2.json
faults,fault_bump30_pred2,600016,SUCCESS (true err < -0.03),SUCCESS,,-0.0377,,sim/out/host/grindsim --seed 600016 --scenario sim/mc/scenarios/fault_bump30_pred2.json
faults,fault_bump30_pred2,600017,SUCCESS (true err < -0.03),SUCCESS,,-0.0343,,sim/out/host/grindsim --seed 600017 --scenario sim/mc/scenarios/fault_bump30_pred2.json
faults,fault_bump30_pred2,600019,SUCCESS (true err < -0.03),SUCCESS,,-0.0351,,sim/out/host/grindsim --seed 600019 --scenario sim/mc/scenarios/fault_bump30_pred2.json
faults,fault_bump30_pred5,600000,MAX_PULSES,MAX_PULSES,,-3.1559,,sim/out/host/grindsim --seed 600000 --scenario sim/mc/scenarios/fault_bump30_pred5.json
faults,fault_bump30_pred5,600001,MAX_PULSES,MAX_PULSES,,-3.3544,,sim/out/host/grindsim --seed 600001 --scenario sim/mc/scenarios/fault_bump30_pred5.json
faults,fault_bump30_pred5,600002,MAX_PULSES,MAX_PULSES,,-3.3345,,sim/out/host/grindsim --seed 600002 --scenario sim/mc/scenarios/fault_bump30_pred5.json
faults,fault_bump30_pred5,600003,MAX_PULSES,MAX_PULSES,,-3.1272,,sim/out/host/grindsim --seed 600003 --scenario sim/mc/scenarios/fault_bump30_pred5.json
faults,fault_bump30_pred5,600004,MAX_PULSES,MAX_PULSES,,-3.4333,,sim/out/host/grindsim --seed 600004 --scenario sim/mc/scenarios/fault_bump30_pred5.json
faults,fault_bump30_pred5,600005,MAX_PULSES,MAX_PULSES,,-3.4687,,sim/out/host/grindsim --seed 600005 --scenario sim/mc/scenarios/fault_bump30_pred5.json
faults,fault_bump30_pred5,600006,MAX_PULSES,MAX_PULSES,,-3.2647,,sim/out/host/grindsim --seed 600006 --scenario sim/mc/scenarios/fault_bump30_pred5.json
faults,fault_bump30_pred5,600007,MAX_PULSES,MAX_PULSES,,-3.0137,,sim/out/host/grindsim --seed 600007 --scenario sim/mc/scenarios/fault_bump30_pred5.json
faults,fault_bump30_pred5,600008,MAX_PULSES,MAX_PULSES,,-2.9381,,sim/out/host/grindsim --seed 600008 --scenario sim/mc/scenarios/fault_bump30_pred5.json
faults,fault_bump30_pred5,600009,MAX_PULSES,MAX_PULSES,,-3.5551,,sim/out/host/grindsim --seed 600009 --scenario sim/mc/scenarios/fault_bump30_pred5.json
faults,fault_bump30_pred5,600010,MAX_PULSES,MAX_PULSES,,-2.5855,,sim/out/host/grindsim --seed 600010 --scenario sim/mc/scenarios/fault_bump30_pred5.json
faults,fault_bump30_pred5,600011,MAX_PULSES,MAX_PULSES,,-3.2826,,sim/out/host/grindsim --seed 600011 --scenario sim/mc/scenarios/fault_bump30_pred5.json
faults,fault_bump30_pred5,600012,MAX_PULSES,MAX_PULSES,,-3.6437,,sim/out/host/grindsim --seed 600012 --scenario sim/mc/scenarios/fault_bump30_pred5.json
faults,fault_bump30_pred5,600013,MAX_PULSES,MAX_PULSES,,-2.7835,,sim/out/host/grindsim --seed 600013 --scenario sim/mc/scenarios/fault_bump30_pred5.json
faults,fault_bump30_pred5,600014,MAX_PULSES,MAX_PULSES,,-3.5154,,sim/out/host/grindsim --seed 600014 --scenario sim/mc/scenarios/fault_bump30_pred5.json
faults,fault_bump30_pred5,600015,MAX_PULSES,MAX_PULSES,,-3.2211,,sim/out/host/grindsim --seed 600015 --scenario sim/mc/scenarios/fault_bump30_pred5.json
faults,fault_bump30_pred5,600016,MAX_PULSES,MAX_PULSES,,-3.4742,,sim/out/host/grindsim --seed 600016 --scenario sim/mc/scenarios/fault_bump30_pred5.json
faults,fault_bump30_pred5,600017,MAX_PULSES,MAX_PULSES,,-3.4491,,sim/out/host/grindsim --seed 600017 --scenario sim/mc/scenarios/fault_bump30_pred5.json
faults,fault_bump30_pred5,600018,MAX_PULSES,MAX_PULSES,,-3.2298,,sim/out/host/grindsim --seed 600018 --scenario sim/mc/scenarios/fault_bump30_pred5.json
faults,fault_bump30_pred5,600019,MAX_PULSES,MAX_PULSES,,-3.2843,,sim/out/host/grindsim --seed 600019 --scenario sim/mc/scenarios/fault_bump30_pred5.json
faults,fault_bump30_rnd1,600000,SUCCESS (true err < -0.03),SUCCESS,,-0.0378,,sim/out/host/grindsim --seed 600000 --scenario sim/mc/scenarios/fault_bump30_rnd1.json
faults,fault_bump30_rnd1,600001,SUCCESS (true err < -0.03),SUCCESS,,-0.0324,,sim/out/host/grindsim --seed 600001 --scenario sim/mc/scenarios/fault_bump30_rnd1.json
faults,fault_bump30_rnd1,600002,SUCCESS (true err < -0.03),SUCCESS,,-0.0380,,sim/out/host/grindsim --seed 600002 --scenario sim/mc/scenarios/fault_bump30_rnd1.json
faults,fault_bump30_rnd1,600003,SUCCESS (true err < -0.03),SUCCESS,,-0.0337,,sim/out/host/grindsim --seed 600003 --scenario sim/mc/scenarios/fault_bump30_rnd1.json
faults,fault_bump30_rnd1,600005,SUCCESS (true err < -0.03),SUCCESS,,-0.0356,,sim/out/host/grindsim --seed 600005 --scenario sim/mc/scenarios/fault_bump30_rnd1.json
faults,fault_bump30_rnd1,600006,SUCCESS (true err < -0.03),SUCCESS,,-0.0356,,sim/out/host/grindsim --seed 600006 --scenario sim/mc/scenarios/fault_bump30_rnd1.json
faults,fault_bump30_rnd1,600007,SUCCESS (true err < -0.03),SUCCESS,,-0.0374,,sim/out/host/grindsim --seed 600007 --scenario sim/mc/scenarios/fault_bump30_rnd1.json
faults,fault_bump30_rnd1,600009,SUCCESS (true err < -0.03),SUCCESS,,-0.0401,,sim/out/host/grindsim --seed 600009 --scenario sim/mc/scenarios/fault_bump30_rnd1.json
faults,fault_bump30_rnd1,600010,SUCCESS (true err < -0.03),SUCCESS,,-0.0382,,sim/out/host/grindsim --seed 600010 --scenario sim/mc/scenarios/fault_bump30_rnd1.json
faults,fault_bump30_rnd1,600011,SUCCESS (true err < -0.03),SUCCESS,,-0.0357,,sim/out/host/grindsim --seed 600011 --scenario sim/mc/scenarios/fault_bump30_rnd1.json
faults,fault_bump30_rnd1,600012,SUCCESS (true err < -0.03),SUCCESS,,-0.0324,,sim/out/host/grindsim --seed 600012 --scenario sim/mc/scenarios/fault_bump30_rnd1.json
faults,fault_bump30_rnd1,600013,SUCCESS (true err < -0.03),SUCCESS,,-0.0356,,sim/out/host/grindsim --seed 600013 --scenario sim/mc/scenarios/fault_bump30_rnd1.json
faults,fault_bump30_rnd1,600014,SUCCESS (true err < -0.03),SUCCESS,,-0.0419,,sim/out/host/grindsim --seed 600014 --scenario sim/mc/scenarios/fault_bump30_rnd1.json
faults,fault_bump30_rnd1,600015,SUCCESS (true err < -0.03),SUCCESS,,-0.0321,,sim/out/host/grindsim --seed 600015 --scenario sim/mc/scenarios/fault_bump30_rnd1.json
faults,fault_bump30_rnd1,600016,SUCCESS (true err < -0.03),SUCCESS,,-0.0377,,sim/out/host/grindsim --seed 600016 --scenario sim/mc/scenarios/fault_bump30_rnd1.json
faults,fault_bump30_rnd1,600017,SUCCESS (true err < -0.03),SUCCESS,,-0.0343,,sim/out/host/grindsim --seed 600017 --scenario sim/mc/scenarios/fault_bump30_rnd1.json
faults,fault_bump30_rnd1,600019,SUCCESS (true err < -0.03),SUCCESS,,-0.0351,,sim/out/host/grindsim --seed 600019 --scenario sim/mc/scenarios/fault_bump30_rnd1.json
faults,fault_bump30_rnd2,600000,SUCCESS (true err < -0.03),SUCCESS,,-0.0378,,sim/out/host/grindsim --seed 600000 --scenario sim/mc/scenarios/fault_bump30_rnd2.json
faults,fault_bump30_rnd2,600001,SUCCESS (true err < -0.03),SUCCESS,,-0.0324,,sim/out/host/grindsim --seed 600001 --scenario sim/mc/scenarios/fault_bump30_rnd2.json
faults,fault_bump30_rnd2,600002,SUCCESS (true err < -0.03),SUCCESS,,-0.0380,,sim/out/host/grindsim --seed 600002 --scenario sim/mc/scenarios/fault_bump30_rnd2.json
faults,fault_bump30_rnd2,600003,SUCCESS (true err < -0.03),SUCCESS,,-0.0337,,sim/out/host/grindsim --seed 600003 --scenario sim/mc/scenarios/fault_bump30_rnd2.json
faults,fault_bump30_rnd2,600005,SUCCESS (true err < -0.03),SUCCESS,,-0.0356,,sim/out/host/grindsim --seed 600005 --scenario sim/mc/scenarios/fault_bump30_rnd2.json
faults,fault_bump30_rnd2,600006,SUCCESS (true err < -0.03),SUCCESS,,-0.0356,,sim/out/host/grindsim --seed 600006 --scenario sim/mc/scenarios/fault_bump30_rnd2.json
faults,fault_bump30_rnd2,600007,SUCCESS (true err < -0.03),SUCCESS,,-0.0374,,sim/out/host/grindsim --seed 600007 --scenario sim/mc/scenarios/fault_bump30_rnd2.json
faults,fault_bump30_rnd2,600009,SUCCESS (true err < -0.03),SUCCESS,,-0.0401,,sim/out/host/grindsim --seed 600009 --scenario sim/mc/scenarios/fault_bump30_rnd2.json
faults,fault_bump30_rnd2,600010,SUCCESS (true err < -0.03),SUCCESS,,-0.0382,,sim/out/host/grindsim --seed 600010 --scenario sim/mc/scenarios/fault_bump30_rnd2.json
faults,fault_bump30_rnd2,600011,SUCCESS (true err < -0.03),SUCCESS,,-0.0357,,sim/out/host/grindsim --seed 600011 --scenario sim/mc/scenarios/fault_bump30_rnd2.json
faults,fault_bump30_rnd2,600012,SUCCESS (true err < -0.03),SUCCESS,,-0.0324,,sim/out/host/grindsim --seed 600012 --scenario sim/mc/scenarios/fault_bump30_rnd2.json
faults,fault_bump30_rnd2,600013,SUCCESS (true err < -0.03),SUCCESS,,-0.0356,,sim/out/host/grindsim --seed 600013 --scenario sim/mc/scenarios/fault_bump30_rnd2.json
faults,fault_bump30_rnd2,600014,SUCCESS (true err < -0.03),SUCCESS,,-0.0419,,sim/out/host/grindsim --seed 600014 --scenario sim/mc/scenarios/fault_bump30_rnd2.json
faults,fault_bump30_rnd2,600015,SUCCESS (true err < -0.03),SUCCESS,,-0.0321,,sim/out/host/grindsim --seed 600015 --scenario sim/mc/scenarios/fault_bump30_rnd2.json
faults,fault_bump30_rnd2,600016,SUCCESS (true err < -0.03),SUCCESS,,-0.0377,,sim/out/host/grindsim --seed 600016 --scenario sim/mc/scenarios/fault_bump30_rnd2.json
faults,fault_bump30_rnd2,600017,SUCCESS (true err < -0.03),SUCCESS,,-0.0343,,sim/out/host/grindsim --seed 600017 --scenario sim/mc/scenarios/fault_bump30_rnd2.json
faults,fault_bump30_rnd2,600019,SUCCESS (true err < -0.03),SUCCESS,,-0.0351,,sim/out/host/grindsim --seed 600019 --scenario sim/mc/scenarios/fault_bump30_rnd2.json
faults,fault_bump30_rnd3,600000,SUCCESS (true err < -0.03),SUCCESS,,-0.0361,,sim/out/host/grindsim --seed 600000 --scenario sim/mc/scenarios/fault_bump30_rnd3.json
faults,fault_bump30_rnd3,600001,SUCCESS (true err < -0.03),SUCCESS,,-0.0436,,sim/out/host/grindsim --seed 600001 --scenario sim/mc/scenarios/fault_bump30_rnd3.json
faults,fault_bump30_rnd3,600002,SUCCESS (true err < -0.03),SUCCESS,,-0.0465,,sim/out/host/grindsim --seed 600002 --scenario sim/mc/scenarios/fault_bump30_rnd3.json
faults,fault_bump30_rnd3,600003,OVERSHOOT,OVERSHOOT,,0.0335,,sim/out/host/grindsim --seed 600003 --scenario sim/mc/scenarios/fault_bump30_rnd3.json
faults,fault_bump30_rnd3,600004,SUCCESS (true err < -0.03),SUCCESS,,-0.0362,,sim/out/host/grindsim --seed 600004 --scenario sim/mc/scenarios/fault_bump30_rnd3.json
faults,fault_bump30_rnd3,600005,SUCCESS (true err < -0.03),SUCCESS,,-0.0357,,sim/out/host/grindsim --seed 600005 --scenario sim/mc/scenarios/fault_bump30_rnd3.json
faults,fault_bump30_rnd3,600006,SUCCESS (true err < -0.03),SUCCESS,,-0.0469,,sim/out/host/grindsim --seed 600006 --scenario sim/mc/scenarios/fault_bump30_rnd3.json
faults,fault_bump30_rnd3,600007,SUCCESS (true err < -0.03),SUCCESS,,-0.0359,,sim/out/host/grindsim --seed 600007 --scenario sim/mc/scenarios/fault_bump30_rnd3.json
faults,fault_bump30_rnd3,600008,SUCCESS (true err < -0.03),SUCCESS,,-0.0398,,sim/out/host/grindsim --seed 600008 --scenario sim/mc/scenarios/fault_bump30_rnd3.json
faults,fault_bump30_rnd3,600009,MAX_PULSES,MAX_PULSES,,-0.0452,,sim/out/host/grindsim --seed 600009 --scenario sim/mc/scenarios/fault_bump30_rnd3.json
faults,fault_bump30_rnd3,600010,SUCCESS (true err < -0.03),SUCCESS,,-0.0415,,sim/out/host/grindsim --seed 600010 --scenario sim/mc/scenarios/fault_bump30_rnd3.json
faults,fault_bump30_rnd3,600011,SUCCESS (true err < -0.03),SUCCESS,,-0.0392,,sim/out/host/grindsim --seed 600011 --scenario sim/mc/scenarios/fault_bump30_rnd3.json
faults,fault_bump30_rnd3,600012,MAX_PULSES,MAX_PULSES,,-0.0518,,sim/out/host/grindsim --seed 600012 --scenario sim/mc/scenarios/fault_bump30_rnd3.json
faults,fault_bump30_rnd3,600013,OVERSHOOT,OVERSHOOT,,0.0464,,sim/out/host/grindsim --seed 600013 --scenario sim/mc/scenarios/fault_bump30_rnd3.json
faults,fault_bump30_rnd3,600014,SUCCESS (true err < -0.03),SUCCESS,,-0.0413,,sim/out/host/grindsim --seed 600014 --scenario sim/mc/scenarios/fault_bump30_rnd3.json
faults,fault_bump30_rnd3,600015,SUCCESS (true err < -0.03),SUCCESS,,-0.0431,,sim/out/host/grindsim --seed 600015 --scenario sim/mc/scenarios/fault_bump30_rnd3.json
faults,fault_bump30_rnd3,600016,MAX_PULSES,MAX_PULSES,,-0.0428,,sim/out/host/grindsim --seed 600016 --scenario sim/mc/scenarios/fault_bump30_rnd3.json
faults,fault_bump30_rnd3,600017,SUCCESS (true err < -0.03),SUCCESS,,-0.0331,,sim/out/host/grindsim --seed 600017 --scenario sim/mc/scenarios/fault_bump30_rnd3.json
faults,fault_bump30_rnd3,600018,SUCCESS (true err < -0.03),SUCCESS,,-0.0322,,sim/out/host/grindsim --seed 600018 --scenario sim/mc/scenarios/fault_bump30_rnd3.json
faults,fault_bump30_rnd3,600019,SUCCESS (true err < -0.03),SUCCESS,,-0.0322,,sim/out/host/grindsim --seed 600019 --scenario sim/mc/scenarios/fault_bump30_rnd3.json
faults,fault_bump30_rnd4,600000,SUCCESS (true err < -0.03),SUCCESS,,-0.0378,,sim/out/host/grindsim --seed 600000 --scenario sim/mc/scenarios/fault_bump30_rnd4.json
faults,fault_bump30_rnd4,600001,SUCCESS (true err < -0.03),SUCCESS,,-0.0324,,sim/out/host/grindsim --seed 600001 --scenario sim/mc/scenarios/fault_bump30_rnd4.json
faults,fault_bump30_rnd4,600002,SUCCESS (true err < -0.03),SUCCESS,,-0.0380,,sim/out/host/grindsim --seed 600002 --scenario sim/mc/scenarios/fault_bump30_rnd4.json
faults,fault_bump30_rnd4,600003,SUCCESS (true err < -0.03),SUCCESS,,-0.0342,,sim/out/host/grindsim --seed 600003 --scenario sim/mc/scenarios/fault_bump30_rnd4.json
faults,fault_bump30_rnd4,600005,SUCCESS (true err < -0.03),SUCCESS,,-0.0356,,sim/out/host/grindsim --seed 600005 --scenario sim/mc/scenarios/fault_bump30_rnd4.json
faults,fault_bump30_rnd4,600006,SUCCESS (true err < -0.03),SUCCESS,,-0.0372,,sim/out/host/grindsim --seed 600006 --scenario sim/mc/scenarios/fault_bump30_rnd4.json
faults,fault_bump30_rnd4,600007,SUCCESS (true err < -0.03),SUCCESS,,-0.0374,,sim/out/host/grindsim --seed 600007 --scenario sim/mc/scenarios/fault_bump30_rnd4.json
faults,fault_bump30_rnd4,600009,SUCCESS (true err < -0.03),SUCCESS,,-0.0401,,sim/out/host/grindsim --seed 600009 --scenario sim/mc/scenarios/fault_bump30_rnd4.json
faults,fault_bump30_rnd4,600010,SUCCESS (true err < -0.03),SUCCESS,,-0.0382,,sim/out/host/grindsim --seed 600010 --scenario sim/mc/scenarios/fault_bump30_rnd4.json
faults,fault_bump30_rnd4,600011,SUCCESS (true err < -0.03),SUCCESS,,-0.0357,,sim/out/host/grindsim --seed 600011 --scenario sim/mc/scenarios/fault_bump30_rnd4.json
faults,fault_bump30_rnd4,600012,SUCCESS (true err < -0.03),SUCCESS,,-0.0324,,sim/out/host/grindsim --seed 600012 --scenario sim/mc/scenarios/fault_bump30_rnd4.json
faults,fault_bump30_rnd4,600013,SUCCESS (true err < -0.03),SUCCESS,,-0.0356,,sim/out/host/grindsim --seed 600013 --scenario sim/mc/scenarios/fault_bump30_rnd4.json
faults,fault_bump30_rnd4,600014,SUCCESS (true err < -0.03),SUCCESS,,-0.0419,,sim/out/host/grindsim --seed 600014 --scenario sim/mc/scenarios/fault_bump30_rnd4.json
faults,fault_bump30_rnd4,600015,SUCCESS (true err < -0.03),SUCCESS,,-0.0341,,sim/out/host/grindsim --seed 600015 --scenario sim/mc/scenarios/fault_bump30_rnd4.json
faults,fault_bump30_rnd4,600016,SUCCESS (true err < -0.03),SUCCESS,,-0.0377,,sim/out/host/grindsim --seed 600016 --scenario sim/mc/scenarios/fault_bump30_rnd4.json
faults,fault_bump30_rnd4,600017,SUCCESS (true err < -0.03),SUCCESS,,-0.0343,,sim/out/host/grindsim --seed 600017 --scenario sim/mc/scenarios/fault_bump30_rnd4.json
faults,fault_bump30_rnd4,600019,SUCCESS (true err < -0.03),SUCCESS,,-0.0364,,sim/out/host/grindsim --seed 600019 --scenario sim/mc/scenarios/fault_bump30_rnd4.json
faults,fault_feed_block_boot0,600000,ERROR 'No beans?',ERROR,No beans?,-18.0000,,sim/out/host/grindsim --seed 600000 --scenario sim/mc/scenarios/fault_feed_block_boot0.json
faults,fault_feed_block_boot0,600001,ERROR 'No beans?',ERROR,No beans?,-18.0000,,sim/out/host/grindsim --seed 600001 --scenario sim/mc/scenarios/fault_feed_block_boot0.json
faults,fault_feed_block_boot0,600002,ERROR 'No beans?',ERROR,No beans?,-18.0000,,sim/out/host/grindsim --seed 600002 --scenario sim/mc/scenarios/fault_feed_block_boot0.json
faults,fault_feed_block_boot0,600003,ERROR 'No beans?',ERROR,No beans?,-18.0000,,sim/out/host/grindsim --seed 600003 --scenario sim/mc/scenarios/fault_feed_block_boot0.json
faults,fault_feed_block_boot0,600004,ERROR 'No beans?',ERROR,No beans?,-18.0000,,sim/out/host/grindsim --seed 600004 --scenario sim/mc/scenarios/fault_feed_block_boot0.json
faults,fault_feed_block_boot0,600005,ERROR 'No beans?',ERROR,No beans?,-18.0000,,sim/out/host/grindsim --seed 600005 --scenario sim/mc/scenarios/fault_feed_block_boot0.json
faults,fault_feed_block_boot0,600006,ERROR 'No beans?',ERROR,No beans?,-18.0000,,sim/out/host/grindsim --seed 600006 --scenario sim/mc/scenarios/fault_feed_block_boot0.json
faults,fault_feed_block_boot0,600007,ERROR 'No beans?',ERROR,No beans?,-18.0000,,sim/out/host/grindsim --seed 600007 --scenario sim/mc/scenarios/fault_feed_block_boot0.json
faults,fault_feed_block_boot0,600008,ERROR 'No beans?',ERROR,No beans?,-18.0000,,sim/out/host/grindsim --seed 600008 --scenario sim/mc/scenarios/fault_feed_block_boot0.json
faults,fault_feed_block_boot0,600009,ERROR 'No beans?',ERROR,No beans?,-18.0000,,sim/out/host/grindsim --seed 600009 --scenario sim/mc/scenarios/fault_feed_block_boot0.json
faults,fault_feed_block_boot0,600010,ERROR 'No beans?',ERROR,No beans?,-18.0000,,sim/out/host/grindsim --seed 600010 --scenario sim/mc/scenarios/fault_feed_block_boot0.json
faults,fault_feed_block_boot0,600011,ERROR 'No beans?',ERROR,No beans?,-18.0000,,sim/out/host/grindsim --seed 600011 --scenario sim/mc/scenarios/fault_feed_block_boot0.json
faults,fault_feed_block_boot0,600012,ERROR 'No beans?',ERROR,No beans?,-18.0000,,sim/out/host/grindsim --seed 600012 --scenario sim/mc/scenarios/fault_feed_block_boot0.json
faults,fault_feed_block_boot0,600013,ERROR 'No beans?',ERROR,No beans?,-18.0000,,sim/out/host/grindsim --seed 600013 --scenario sim/mc/scenarios/fault_feed_block_boot0.json
faults,fault_feed_block_boot0,600014,ERROR 'No beans?',ERROR,No beans?,-18.0000,,sim/out/host/grindsim --seed 600014 --scenario sim/mc/scenarios/fault_feed_block_boot0.json
faults,fault_feed_block_boot0,600015,ERROR 'No beans?',ERROR,No beans?,-18.0000,,sim/out/host/grindsim --seed 600015 --scenario sim/mc/scenarios/fault_feed_block_boot0.json
faults,fault_feed_block_boot0,600016,ERROR 'No beans?',ERROR,No beans?,-18.0000,,sim/out/host/grindsim --seed 600016 --scenario sim/mc/scenarios/fault_feed_block_boot0.json
faults,fault_feed_block_boot0,600017,ERROR 'No beans?',ERROR,No beans?,-18.0000,,sim/out/host/grindsim --seed 600017 --scenario sim/mc/scenarios/fault_feed_block_boot0.json
faults,fault_feed_block_boot0,600018,ERROR 'No beans?',ERROR,No beans?,-18.0000,,sim/out/host/grindsim --seed 600018 --scenario sim/mc/scenarios/fault_feed_block_boot0.json
faults,fault_feed_block_boot0,600019,ERROR 'No beans?',ERROR,No beans?,-18.0000,,sim/out/host/grindsim --seed 600019 --scenario sim/mc/scenarios/fault_feed_block_boot0.json
faults,fault_feed_block_pdec0,600000,SUCCESS (true err < -0.03),SUCCESS,,-0.0378,,sim/out/host/grindsim --seed 600000 --scenario sim/mc/scenarios/fault_feed_block_pdec0.json
faults,fault_feed_block_pdec0,600001,SUCCESS (true err < -0.03),SUCCESS,,-0.0324,,sim/out/host/grindsim --seed 600001 --scenario sim/mc/scenarios/fault_feed_block_pdec0.json
faults,fault_feed_block_pdec0,600002,SUCCESS (true err < -0.03),SUCCESS,,-0.0380,,sim/out/host/grindsim --seed 600002 --scenario sim/mc/scenarios/fault_feed_block_pdec0.json
faults,fault_feed_block_pdec0,600003,SUCCESS (true err < -0.03),SUCCESS,,-0.0337,,sim/out/host/grindsim --seed 600003 --scenario sim/mc/scenarios/fault_feed_block_pdec0.json
faults,fault_feed_block_pdec0,600005,SUCCESS (true err < -0.03),SUCCESS,,-0.0356,,sim/out/host/grindsim --seed 600005 --scenario sim/mc/scenarios/fault_feed_block_pdec0.json
faults,fault_feed_block_pdec0,600006,SUCCESS (true err < -0.03),SUCCESS,,-0.0356,,sim/out/host/grindsim --seed 600006 --scenario sim/mc/scenarios/fault_feed_block_pdec0.json
faults,fault_feed_block_pdec0,600007,SUCCESS (true err < -0.03),SUCCESS,,-0.0374,,sim/out/host/grindsim --seed 600007 --scenario sim/mc/scenarios/fault_feed_block_pdec0.json
faults,fault_feed_block_pdec0,600009,SUCCESS (true err < -0.03),SUCCESS,,-0.0401,,sim/out/host/grindsim --seed 600009 --scenario sim/mc/scenarios/fault_feed_block_pdec0.json
faults,fault_feed_block_pdec0,600010,SUCCESS (true err < -0.03),SUCCESS,,-0.0382,,sim/out/host/grindsim --seed 600010 --scenario sim/mc/scenarios/fault_feed_block_pdec0.json
faults,fault_feed_block_pdec0,600011,SUCCESS (true err < -0.03),SUCCESS,,-0.0357,,sim/out/host/grindsim --seed 600011 --scenario sim/mc/scenarios/fault_feed_block_pdec0.json
faults,fault_feed_block_pdec0,600012,SUCCESS (true err < -0.03),SUCCESS,,-0.0324,,sim/out/host/grindsim --seed 600012 --scenario sim/mc/scenarios/fault_feed_block_pdec0.json
faults,fault_feed_block_pdec0,600013,SUCCESS (true err < -0.03),SUCCESS,,-0.0356,,sim/out/host/grindsim --seed 600013 --scenario sim/mc/scenarios/fault_feed_block_pdec0.json
faults,fault_feed_block_pdec0,600014,SUCCESS (true err < -0.03),SUCCESS,,-0.0419,,sim/out/host/grindsim --seed 600014 --scenario sim/mc/scenarios/fault_feed_block_pdec0.json
faults,fault_feed_block_pdec0,600015,SUCCESS (true err < -0.03),SUCCESS,,-0.0321,,sim/out/host/grindsim --seed 600015 --scenario sim/mc/scenarios/fault_feed_block_pdec0.json
faults,fault_feed_block_pdec0,600016,SUCCESS (true err < -0.03),SUCCESS,,-0.0377,,sim/out/host/grindsim --seed 600016 --scenario sim/mc/scenarios/fault_feed_block_pdec0.json
faults,fault_feed_block_pdec0,600017,SUCCESS (true err < -0.03),SUCCESS,,-0.0343,,sim/out/host/grindsim --seed 600017 --scenario sim/mc/scenarios/fault_feed_block_pdec0.json
faults,fault_feed_block_pdec0,600019,SUCCESS (true err < -0.03),SUCCESS,,-0.0351,,sim/out/host/grindsim --seed 600019 --scenario sim/mc/scenarios/fault_feed_block_pdec0.json
faults,fault_feed_block_pred0_5,600000,SUCCESS (true err < -0.03),SUCCESS,,-0.0378,,sim/out/host/grindsim --seed 600000 --scenario sim/mc/scenarios/fault_feed_block_pred0_5.json
faults,fault_feed_block_pred0_5,600001,SUCCESS (true err < -0.03),SUCCESS,,-0.0324,,sim/out/host/grindsim --seed 600001 --scenario sim/mc/scenarios/fault_feed_block_pred0_5.json
faults,fault_feed_block_pred0_5,600002,SUCCESS (true err < -0.03),SUCCESS,,-0.0380,,sim/out/host/grindsim --seed 600002 --scenario sim/mc/scenarios/fault_feed_block_pred0_5.json
faults,fault_feed_block_pred0_5,600003,SUCCESS (true err < -0.03),SUCCESS,,-0.0337,,sim/out/host/grindsim --seed 600003 --scenario sim/mc/scenarios/fault_feed_block_pred0_5.json
faults,fault_feed_block_pred0_5,600005,SUCCESS (true err < -0.03),SUCCESS,,-0.0356,,sim/out/host/grindsim --seed 600005 --scenario sim/mc/scenarios/fault_feed_block_pred0_5.json
faults,fault_feed_block_pred0_5,600006,SUCCESS (true err < -0.03),SUCCESS,,-0.0356,,sim/out/host/grindsim --seed 600006 --scenario sim/mc/scenarios/fault_feed_block_pred0_5.json
faults,fault_feed_block_pred0_5,600007,SUCCESS (true err < -0.03),SUCCESS,,-0.0374,,sim/out/host/grindsim --seed 600007 --scenario sim/mc/scenarios/fault_feed_block_pred0_5.json
faults,fault_feed_block_pred0_5,600009,SUCCESS (true err < -0.03),SUCCESS,,-0.0401,,sim/out/host/grindsim --seed 600009 --scenario sim/mc/scenarios/fault_feed_block_pred0_5.json
faults,fault_feed_block_pred0_5,600010,SUCCESS (true err < -0.03),SUCCESS,,-0.0382,,sim/out/host/grindsim --seed 600010 --scenario sim/mc/scenarios/fault_feed_block_pred0_5.json
faults,fault_feed_block_pred0_5,600011,SUCCESS (true err < -0.03),SUCCESS,,-0.0357,,sim/out/host/grindsim --seed 600011 --scenario sim/mc/scenarios/fault_feed_block_pred0_5.json
faults,fault_feed_block_pred0_5,600012,SUCCESS (true err < -0.03),SUCCESS,,-0.0324,,sim/out/host/grindsim --seed 600012 --scenario sim/mc/scenarios/fault_feed_block_pred0_5.json
faults,fault_feed_block_pred0_5,600013,SUCCESS (true err < -0.03),SUCCESS,,-0.0356,,sim/out/host/grindsim --seed 600013 --scenario sim/mc/scenarios/fault_feed_block_pred0_5.json
faults,fault_feed_block_pred0_5,600014,SUCCESS (true err < -0.03),SUCCESS,,-0.0419,,sim/out/host/grindsim --seed 600014 --scenario sim/mc/scenarios/fault_feed_block_pred0_5.json
faults,fault_feed_block_pred0_5,600015,SUCCESS (true err < -0.03),SUCCESS,,-0.0321,,sim/out/host/grindsim --seed 600015 --scenario sim/mc/scenarios/fault_feed_block_pred0_5.json
faults,fault_feed_block_pred0_5,600016,SUCCESS (true err < -0.03),SUCCESS,,-0.0377,,sim/out/host/grindsim --seed 600016 --scenario sim/mc/scenarios/fault_feed_block_pred0_5.json
faults,fault_feed_block_pred0_5,600017,SUCCESS (true err < -0.03),SUCCESS,,-0.0343,,sim/out/host/grindsim --seed 600017 --scenario sim/mc/scenarios/fault_feed_block_pred0_5.json
faults,fault_feed_block_pred0_5,600019,SUCCESS (true err < -0.03),SUCCESS,,-0.0351,,sim/out/host/grindsim --seed 600019 --scenario sim/mc/scenarios/fault_feed_block_pred0_5.json
faults,fault_feed_block_pred2,600000,SUCCESS (true err < -0.03),SUCCESS,,-0.0378,,sim/out/host/grindsim --seed 600000 --scenario sim/mc/scenarios/fault_feed_block_pred2.json
faults,fault_feed_block_pred2,600001,SUCCESS (true err < -0.03),SUCCESS,,-0.0324,,sim/out/host/grindsim --seed 600001 --scenario sim/mc/scenarios/fault_feed_block_pred2.json
faults,fault_feed_block_pred2,600002,SUCCESS (true err < -0.03),SUCCESS,,-0.0380,,sim/out/host/grindsim --seed 600002 --scenario sim/mc/scenarios/fault_feed_block_pred2.json
faults,fault_feed_block_pred2,600003,SUCCESS (true err < -0.03),SUCCESS,,-0.0337,,sim/out/host/grindsim --seed 600003 --scenario sim/mc/scenarios/fault_feed_block_pred2.json
faults,fault_feed_block_pred2,600005,SUCCESS (true err < -0.03),SUCCESS,,-0.0356,,sim/out/host/grindsim --seed 600005 --scenario sim/mc/scenarios/fault_feed_block_pred2.json
faults,fault_feed_block_pred2,600006,SUCCESS (true err < -0.03),SUCCESS,,-0.0356,,sim/out/host/grindsim --seed 600006 --scenario sim/mc/scenarios/fault_feed_block_pred2.json
faults,fault_feed_block_pred2,600007,SUCCESS (true err < -0.03),SUCCESS,,-0.0374,,sim/out/host/grindsim --seed 600007 --scenario sim/mc/scenarios/fault_feed_block_pred2.json
faults,fault_feed_block_pred2,600009,SUCCESS (true err < -0.03),SUCCESS,,-0.0401,,sim/out/host/grindsim --seed 600009 --scenario sim/mc/scenarios/fault_feed_block_pred2.json
faults,fault_feed_block_pred2,600010,SUCCESS (true err < -0.03),SUCCESS,,-0.0382,,sim/out/host/grindsim --seed 600010 --scenario sim/mc/scenarios/fault_feed_block_pred2.json
faults,fault_feed_block_pred2,600011,SUCCESS (true err < -0.03),SUCCESS,,-0.0357,,sim/out/host/grindsim --seed 600011 --scenario sim/mc/scenarios/fault_feed_block_pred2.json
faults,fault_feed_block_pred2,600012,SUCCESS (true err < -0.03),SUCCESS,,-0.0324,,sim/out/host/grindsim --seed 600012 --scenario sim/mc/scenarios/fault_feed_block_pred2.json
faults,fault_feed_block_pred2,600013,SUCCESS (true err < -0.03),SUCCESS,,-0.0356,,sim/out/host/grindsim --seed 600013 --scenario sim/mc/scenarios/fault_feed_block_pred2.json
faults,fault_feed_block_pred2,600014,SUCCESS (true err < -0.03),SUCCESS,,-0.0419,,sim/out/host/grindsim --seed 600014 --scenario sim/mc/scenarios/fault_feed_block_pred2.json
faults,fault_feed_block_pred2,600015,SUCCESS (true err < -0.03),SUCCESS,,-0.0321,,sim/out/host/grindsim --seed 600015 --scenario sim/mc/scenarios/fault_feed_block_pred2.json
faults,fault_feed_block_pred2,600016,SUCCESS (true err < -0.03),SUCCESS,,-0.0377,,sim/out/host/grindsim --seed 600016 --scenario sim/mc/scenarios/fault_feed_block_pred2.json
faults,fault_feed_block_pred2,600017,SUCCESS (true err < -0.03),SUCCESS,,-0.0343,,sim/out/host/grindsim --seed 600017 --scenario sim/mc/scenarios/fault_feed_block_pred2.json
faults,fault_feed_block_pred2,600019,SUCCESS (true err < -0.03),SUCCESS,,-0.0351,,sim/out/host/grindsim --seed 600019 --scenario sim/mc/scenarios/fault_feed_block_pred2.json
faults,fault_feed_block_pred5,600000,SUCCESS (true err < -0.03),SUCCESS,,-0.0378,,sim/out/host/grindsim --seed 600000 --scenario sim/mc/scenarios/fault_feed_block_pred5.json
faults,fault_feed_block_pred5,600001,SUCCESS (true err < -0.03),SUCCESS,,-0.0324,,sim/out/host/grindsim --seed 600001 --scenario sim/mc/scenarios/fault_feed_block_pred5.json
faults,fault_feed_block_pred5,600002,SUCCESS (true err < -0.03),SUCCESS,,-0.0380,,sim/out/host/grindsim --seed 600002 --scenario sim/mc/scenarios/fault_feed_block_pred5.json
faults,fault_feed_block_pred5,600003,SUCCESS (true err < -0.03),SUCCESS,,-0.0337,,sim/out/host/grindsim --seed 600003 --scenario sim/mc/scenarios/fault_feed_block_pred5.json
faults,fault_feed_block_pred5,600005,SUCCESS (true err < -0.03),SUCCESS,,-0.0356,,sim/out/host/grindsim --seed 600005 --scenario sim/mc/scenarios/fault_feed_block_pred5.json
faults,fault_feed_block_pred5,600006,SUCCESS (true err < -0.03),SUCCESS,,-0.0356,,sim/out/host/grindsim --seed 600006 --scenario sim/mc/scenarios/fault_feed_block_pred5.json
faults,fault_feed_block_pred5,600007,SUCCESS (true err < -0.03),SUCCESS,,-0.0374,,sim/out/host/grindsim --seed 600007 --scenario sim/mc/scenarios/fault_feed_block_pred5.json
faults,fault_feed_block_pred5,600009,SUCCESS (true err < -0.03),SUCCESS,,-0.0401,,sim/out/host/grindsim --seed 600009 --scenario sim/mc/scenarios/fault_feed_block_pred5.json
faults,fault_feed_block_pred5,600010,SUCCESS (true err < -0.03),SUCCESS,,-0.0382,,sim/out/host/grindsim --seed 600010 --scenario sim/mc/scenarios/fault_feed_block_pred5.json
faults,fault_feed_block_pred5,600011,SUCCESS (true err < -0.03),SUCCESS,,-0.0357,,sim/out/host/grindsim --seed 600011 --scenario sim/mc/scenarios/fault_feed_block_pred5.json
faults,fault_feed_block_pred5,600012,SUCCESS (true err < -0.03),SUCCESS,,-0.0324,,sim/out/host/grindsim --seed 600012 --scenario sim/mc/scenarios/fault_feed_block_pred5.json
faults,fault_feed_block_pred5,600013,SUCCESS (true err < -0.03),SUCCESS,,-0.0356,,sim/out/host/grindsim --seed 600013 --scenario sim/mc/scenarios/fault_feed_block_pred5.json
faults,fault_feed_block_pred5,600014,SUCCESS (true err < -0.03),SUCCESS,,-0.0419,,sim/out/host/grindsim --seed 600014 --scenario sim/mc/scenarios/fault_feed_block_pred5.json
faults,fault_feed_block_pred5,600015,SUCCESS (true err < -0.03),SUCCESS,,-0.0321,,sim/out/host/grindsim --seed 600015 --scenario sim/mc/scenarios/fault_feed_block_pred5.json
faults,fault_feed_block_pred5,600016,SUCCESS (true err < -0.03),SUCCESS,,-0.0377,,sim/out/host/grindsim --seed 600016 --scenario sim/mc/scenarios/fault_feed_block_pred5.json
faults,fault_feed_block_pred5,600017,SUCCESS (true err < -0.03),SUCCESS,,-0.0343,,sim/out/host/grindsim --seed 600017 --scenario sim/mc/scenarios/fault_feed_block_pred5.json
faults,fault_feed_block_pred5,600019,SUCCESS (true err < -0.03),SUCCESS,,-0.0351,,sim/out/host/grindsim --seed 600019 --scenario sim/mc/scenarios/fault_feed_block_pred5.json
faults,fault_feed_block_rnd1,600000,SUCCESS (true err < -0.03),SUCCESS,,-0.0378,,sim/out/host/grindsim --seed 600000 --scenario sim/mc/scenarios/fault_feed_block_rnd1.json
faults,fault_feed_block_rnd1,600001,SUCCESS (true err < -0.03),SUCCESS,,-0.0324,,sim/out/host/grindsim --seed 600001 --scenario sim/mc/scenarios/fault_feed_block_rnd1.json
faults,fault_feed_block_rnd1,600002,SUCCESS (true err < -0.03),SUCCESS,,-0.0380,,sim/out/host/grindsim --seed 600002 --scenario sim/mc/scenarios/fault_feed_block_rnd1.json
faults,fault_feed_block_rnd1,600003,SUCCESS (true err < -0.03),SUCCESS,,-0.0337,,sim/out/host/grindsim --seed 600003 --scenario sim/mc/scenarios/fault_feed_block_rnd1.json
faults,fault_feed_block_rnd1,600005,SUCCESS (true err < -0.03),SUCCESS,,-0.0356,,sim/out/host/grindsim --seed 600005 --scenario sim/mc/scenarios/fault_feed_block_rnd1.json
faults,fault_feed_block_rnd1,600006,SUCCESS (true err < -0.03),SUCCESS,,-0.0356,,sim/out/host/grindsim --seed 600006 --scenario sim/mc/scenarios/fault_feed_block_rnd1.json
faults,fault_feed_block_rnd1,600007,SUCCESS (true err < -0.03),SUCCESS,,-0.0374,,sim/out/host/grindsim --seed 600007 --scenario sim/mc/scenarios/fault_feed_block_rnd1.json
faults,fault_feed_block_rnd1,600009,SUCCESS (true err < -0.03),SUCCESS,,-0.0401,,sim/out/host/grindsim --seed 600009 --scenario sim/mc/scenarios/fault_feed_block_rnd1.json
faults,fault_feed_block_rnd1,600010,SUCCESS (true err < -0.03),SUCCESS,,-0.0382,,sim/out/host/grindsim --seed 600010 --scenario sim/mc/scenarios/fault_feed_block_rnd1.json
faults,fault_feed_block_rnd1,600011,SUCCESS (true err < -0.03),SUCCESS,,-0.0357,,sim/out/host/grindsim --seed 600011 --scenario sim/mc/scenarios/fault_feed_block_rnd1.json
faults,fault_feed_block_rnd1,600012,SUCCESS (true err < -0.03),SUCCESS,,-0.0324,,sim/out/host/grindsim --seed 600012 --scenario sim/mc/scenarios/fault_feed_block_rnd1.json
faults,fault_feed_block_rnd1,600013,SUCCESS (true err < -0.03),SUCCESS,,-0.0356,,sim/out/host/grindsim --seed 600013 --scenario sim/mc/scenarios/fault_feed_block_rnd1.json
faults,fault_feed_block_rnd1,600014,SUCCESS (true err < -0.03),SUCCESS,,-0.0419,,sim/out/host/grindsim --seed 600014 --scenario sim/mc/scenarios/fault_feed_block_rnd1.json
faults,fault_feed_block_rnd1,600015,SUCCESS (true err < -0.03),SUCCESS,,-0.0321,,sim/out/host/grindsim --seed 600015 --scenario sim/mc/scenarios/fault_feed_block_rnd1.json
faults,fault_feed_block_rnd1,600016,SUCCESS (true err < -0.03),SUCCESS,,-0.0377,,sim/out/host/grindsim --seed 600016 --scenario sim/mc/scenarios/fault_feed_block_rnd1.json
faults,fault_feed_block_rnd1,600017,SUCCESS (true err < -0.03),SUCCESS,,-0.0343,,sim/out/host/grindsim --seed 600017 --scenario sim/mc/scenarios/fault_feed_block_rnd1.json
faults,fault_feed_block_rnd1,600019,SUCCESS (true err < -0.03),SUCCESS,,-0.0351,,sim/out/host/grindsim --seed 600019 --scenario sim/mc/scenarios/fault_feed_block_rnd1.json
faults,fault_feed_block_rnd2,600000,SUCCESS (true err < -0.03),SUCCESS,,-0.0378,,sim/out/host/grindsim --seed 600000 --scenario sim/mc/scenarios/fault_feed_block_rnd2.json
faults,fault_feed_block_rnd2,600001,SUCCESS (true err < -0.03),SUCCESS,,-0.0324,,sim/out/host/grindsim --seed 600001 --scenario sim/mc/scenarios/fault_feed_block_rnd2.json
faults,fault_feed_block_rnd2,600002,SUCCESS (true err < -0.03),SUCCESS,,-0.0380,,sim/out/host/grindsim --seed 600002 --scenario sim/mc/scenarios/fault_feed_block_rnd2.json
faults,fault_feed_block_rnd2,600003,SUCCESS (true err < -0.03),SUCCESS,,-0.0337,,sim/out/host/grindsim --seed 600003 --scenario sim/mc/scenarios/fault_feed_block_rnd2.json
faults,fault_feed_block_rnd2,600005,SUCCESS (true err < -0.03),SUCCESS,,-0.0356,,sim/out/host/grindsim --seed 600005 --scenario sim/mc/scenarios/fault_feed_block_rnd2.json
faults,fault_feed_block_rnd2,600006,SUCCESS (true err < -0.03),SUCCESS,,-0.0356,,sim/out/host/grindsim --seed 600006 --scenario sim/mc/scenarios/fault_feed_block_rnd2.json
faults,fault_feed_block_rnd2,600007,SUCCESS (true err < -0.03),SUCCESS,,-0.0374,,sim/out/host/grindsim --seed 600007 --scenario sim/mc/scenarios/fault_feed_block_rnd2.json
faults,fault_feed_block_rnd2,600009,SUCCESS (true err < -0.03),SUCCESS,,-0.0401,,sim/out/host/grindsim --seed 600009 --scenario sim/mc/scenarios/fault_feed_block_rnd2.json
faults,fault_feed_block_rnd2,600010,SUCCESS (true err < -0.03),SUCCESS,,-0.0382,,sim/out/host/grindsim --seed 600010 --scenario sim/mc/scenarios/fault_feed_block_rnd2.json
faults,fault_feed_block_rnd2,600011,SUCCESS (true err < -0.03),SUCCESS,,-0.0357,,sim/out/host/grindsim --seed 600011 --scenario sim/mc/scenarios/fault_feed_block_rnd2.json
faults,fault_feed_block_rnd2,600012,SUCCESS (true err < -0.03),SUCCESS,,-0.0324,,sim/out/host/grindsim --seed 600012 --scenario sim/mc/scenarios/fault_feed_block_rnd2.json
faults,fault_feed_block_rnd2,600013,SUCCESS (true err < -0.03),SUCCESS,,-0.0356,,sim/out/host/grindsim --seed 600013 --scenario sim/mc/scenarios/fault_feed_block_rnd2.json
faults,fault_feed_block_rnd2,600014,SUCCESS (true err < -0.03),SUCCESS,,-0.0419,,sim/out/host/grindsim --seed 600014 --scenario sim/mc/scenarios/fault_feed_block_rnd2.json
faults,fault_feed_block_rnd2,600015,SUCCESS (true err < -0.03),SUCCESS,,-0.0321,,sim/out/host/grindsim --seed 600015 --scenario sim/mc/scenarios/fault_feed_block_rnd2.json
faults,fault_feed_block_rnd2,600016,SUCCESS (true err < -0.03),SUCCESS,,-0.0377,,sim/out/host/grindsim --seed 600016 --scenario sim/mc/scenarios/fault_feed_block_rnd2.json
faults,fault_feed_block_rnd2,600017,SUCCESS (true err < -0.03),SUCCESS,,-0.0343,,sim/out/host/grindsim --seed 600017 --scenario sim/mc/scenarios/fault_feed_block_rnd2.json
faults,fault_feed_block_rnd2,600019,SUCCESS (true err < -0.03),SUCCESS,,-0.0351,,sim/out/host/grindsim --seed 600019 --scenario sim/mc/scenarios/fault_feed_block_rnd2.json
faults,fault_feed_block_rnd3,600000,SUCCESS (true err < -0.03),SUCCESS,,-0.0378,,sim/out/host/grindsim --seed 600000 --scenario sim/mc/scenarios/fault_feed_block_rnd3.json
faults,fault_feed_block_rnd3,600001,SUCCESS (true err < -0.03),SUCCESS,,-0.0324,,sim/out/host/grindsim --seed 600001 --scenario sim/mc/scenarios/fault_feed_block_rnd3.json
faults,fault_feed_block_rnd3,600002,SUCCESS (true err < -0.03),SUCCESS,,-0.0380,,sim/out/host/grindsim --seed 600002 --scenario sim/mc/scenarios/fault_feed_block_rnd3.json
faults,fault_feed_block_rnd3,600003,SUCCESS (true err < -0.03),SUCCESS,,-0.0337,,sim/out/host/grindsim --seed 600003 --scenario sim/mc/scenarios/fault_feed_block_rnd3.json
faults,fault_feed_block_rnd3,600005,SUCCESS (true err < -0.03),SUCCESS,,-0.0356,,sim/out/host/grindsim --seed 600005 --scenario sim/mc/scenarios/fault_feed_block_rnd3.json
faults,fault_feed_block_rnd3,600006,SUCCESS (true err < -0.03),SUCCESS,,-0.0356,,sim/out/host/grindsim --seed 600006 --scenario sim/mc/scenarios/fault_feed_block_rnd3.json
faults,fault_feed_block_rnd3,600007,SUCCESS (true err < -0.03),SUCCESS,,-0.0374,,sim/out/host/grindsim --seed 600007 --scenario sim/mc/scenarios/fault_feed_block_rnd3.json
faults,fault_feed_block_rnd3,600009,SUCCESS (true err < -0.03),SUCCESS,,-0.0401,,sim/out/host/grindsim --seed 600009 --scenario sim/mc/scenarios/fault_feed_block_rnd3.json
faults,fault_feed_block_rnd3,600010,SUCCESS (true err < -0.03),SUCCESS,,-0.0382,,sim/out/host/grindsim --seed 600010 --scenario sim/mc/scenarios/fault_feed_block_rnd3.json
faults,fault_feed_block_rnd3,600011,SUCCESS (true err < -0.03),SUCCESS,,-0.0357,,sim/out/host/grindsim --seed 600011 --scenario sim/mc/scenarios/fault_feed_block_rnd3.json
faults,fault_feed_block_rnd3,600012,SUCCESS (true err < -0.03),SUCCESS,,-0.0324,,sim/out/host/grindsim --seed 600012 --scenario sim/mc/scenarios/fault_feed_block_rnd3.json
faults,fault_feed_block_rnd3,600013,SUCCESS (true err < -0.03),SUCCESS,,-0.0356,,sim/out/host/grindsim --seed 600013 --scenario sim/mc/scenarios/fault_feed_block_rnd3.json
faults,fault_feed_block_rnd3,600014,SUCCESS (true err < -0.03),SUCCESS,,-0.0419,,sim/out/host/grindsim --seed 600014 --scenario sim/mc/scenarios/fault_feed_block_rnd3.json
faults,fault_feed_block_rnd3,600015,SUCCESS (true err < -0.03),SUCCESS,,-0.0321,,sim/out/host/grindsim --seed 600015 --scenario sim/mc/scenarios/fault_feed_block_rnd3.json
faults,fault_feed_block_rnd3,600016,SUCCESS (true err < -0.03),SUCCESS,,-0.0377,,sim/out/host/grindsim --seed 600016 --scenario sim/mc/scenarios/fault_feed_block_rnd3.json
faults,fault_feed_block_rnd3,600017,SUCCESS (true err < -0.03),SUCCESS,,-0.0343,,sim/out/host/grindsim --seed 600017 --scenario sim/mc/scenarios/fault_feed_block_rnd3.json
faults,fault_feed_block_rnd3,600019,SUCCESS (true err < -0.03),SUCCESS,,-0.0351,,sim/out/host/grindsim --seed 600019 --scenario sim/mc/scenarios/fault_feed_block_rnd3.json
faults,fault_feed_block_rnd4,600000,SUCCESS (true err < -0.03),SUCCESS,,-0.0378,,sim/out/host/grindsim --seed 600000 --scenario sim/mc/scenarios/fault_feed_block_rnd4.json
faults,fault_feed_block_rnd4,600001,SUCCESS (true err < -0.03),SUCCESS,,-0.0324,,sim/out/host/grindsim --seed 600001 --scenario sim/mc/scenarios/fault_feed_block_rnd4.json
faults,fault_feed_block_rnd4,600002,SUCCESS (true err < -0.03),SUCCESS,,-0.0380,,sim/out/host/grindsim --seed 600002 --scenario sim/mc/scenarios/fault_feed_block_rnd4.json
faults,fault_feed_block_rnd4,600003,SUCCESS (true err < -0.03),SUCCESS,,-0.0337,,sim/out/host/grindsim --seed 600003 --scenario sim/mc/scenarios/fault_feed_block_rnd4.json
faults,fault_feed_block_rnd4,600005,SUCCESS (true err < -0.03),SUCCESS,,-0.0356,,sim/out/host/grindsim --seed 600005 --scenario sim/mc/scenarios/fault_feed_block_rnd4.json
faults,fault_feed_block_rnd4,600006,SUCCESS (true err < -0.03),SUCCESS,,-0.0356,,sim/out/host/grindsim --seed 600006 --scenario sim/mc/scenarios/fault_feed_block_rnd4.json
faults,fault_feed_block_rnd4,600007,SUCCESS (true err < -0.03),SUCCESS,,-0.0374,,sim/out/host/grindsim --seed 600007 --scenario sim/mc/scenarios/fault_feed_block_rnd4.json
faults,fault_feed_block_rnd4,600009,SUCCESS (true err < -0.03),SUCCESS,,-0.0401,,sim/out/host/grindsim --seed 600009 --scenario sim/mc/scenarios/fault_feed_block_rnd4.json
faults,fault_feed_block_rnd4,600010,SUCCESS (true err < -0.03),SUCCESS,,-0.0382,,sim/out/host/grindsim --seed 600010 --scenario sim/mc/scenarios/fault_feed_block_rnd4.json
faults,fault_feed_block_rnd4,600011,SUCCESS (true err < -0.03),SUCCESS,,-0.0357,,sim/out/host/grindsim --seed 600011 --scenario sim/mc/scenarios/fault_feed_block_rnd4.json
faults,fault_feed_block_rnd4,600012,SUCCESS (true err < -0.03),SUCCESS,,-0.0324,,sim/out/host/grindsim --seed 600012 --scenario sim/mc/scenarios/fault_feed_block_rnd4.json
faults,fault_feed_block_rnd4,600013,SUCCESS (true err < -0.03),SUCCESS,,-0.0356,,sim/out/host/grindsim --seed 600013 --scenario sim/mc/scenarios/fault_feed_block_rnd4.json
faults,fault_feed_block_rnd4,600014,SUCCESS (true err < -0.03),SUCCESS,,-0.0419,,sim/out/host/grindsim --seed 600014 --scenario sim/mc/scenarios/fault_feed_block_rnd4.json
faults,fault_feed_block_rnd4,600015,SUCCESS (true err < -0.03),SUCCESS,,-0.0321,,sim/out/host/grindsim --seed 600015 --scenario sim/mc/scenarios/fault_feed_block_rnd4.json
faults,fault_feed_block_rnd4,600016,SUCCESS (true err < -0.03),SUCCESS,,-0.0377,,sim/out/host/grindsim --seed 600016 --scenario sim/mc/scenarios/fault_feed_block_rnd4.json
faults,fault_feed_block_rnd4,600017,SUCCESS (true err < -0.03),SUCCESS,,-0.0343,,sim/out/host/grindsim --seed 600017 --scenario sim/mc/scenarios/fault_feed_block_rnd4.json
faults,fault_feed_block_rnd4,600019,SUCCESS (true err < -0.03),SUCCESS,,-0.0351,,sim/out/host/grindsim --seed 600019 --scenario sim/mc/scenarios/fault_feed_block_rnd4.json
faults,fault_lc_disconnect_pdec0,600000,SCALE_ERROR 'Scale disconnected',SCALE_ERROR,Scale disconnected,-0.0611,,sim/out/host/grindsim --seed 600000 --scenario sim/mc/scenarios/fault_lc_disconnect_pdec0.json
faults,fault_lc_disconnect_pdec0,600001,SCALE_ERROR 'Scale disconnected',SCALE_ERROR,Scale disconnected,-0.1362,,sim/out/host/grindsim --seed 600001 --scenario sim/mc/scenarios/fault_lc_disconnect_pdec0.json
faults,fault_lc_disconnect_pdec0,600002,SCALE_ERROR 'Scale disconnected',SCALE_ERROR,Scale disconnected,-0.1110,,sim/out/host/grindsim --seed 600002 --scenario sim/mc/scenarios/fault_lc_disconnect_pdec0.json
faults,fault_lc_disconnect_pdec0,600003,SCALE_ERROR 'Scale disconnected',SCALE_ERROR,Scale disconnected,-0.0558,,sim/out/host/grindsim --seed 600003 --scenario sim/mc/scenarios/fault_lc_disconnect_pdec0.json
faults,fault_lc_disconnect_pdec0,600004,SCALE_ERROR 'Scale disconnected',SCALE_ERROR,Scale disconnected,-0.0437,,sim/out/host/grindsim --seed 600004 --scenario sim/mc/scenarios/fault_lc_disconnect_pdec0.json
faults,fault_lc_disconnect_pdec0,600005,SCALE_ERROR 'Scale disconnected',SCALE_ERROR,Scale disconnected,-0.0818,,sim/out/host/grindsim --seed 600005 --scenario sim/mc/scenarios/fault_lc_disconnect_pdec0.json
faults,fault_lc_disconnect_pdec0,600006,SCALE_ERROR 'Scale disconnected',SCALE_ERROR,Scale disconnected,-0.1711,,sim/out/host/grindsim --seed 600006 --scenario sim/mc/scenarios/fault_lc_disconnect_pdec0.json
faults,fault_lc_disconnect_pdec0,600007,SCALE_ERROR 'Scale disconnected',SCALE_ERROR,Scale disconnected,-0.0687,,sim/out/host/grindsim --seed 600007 --scenario sim/mc/scenarios/fault_lc_disconnect_pdec0.json
faults,fault_lc_disconnect_pdec0,600008,SCALE_ERROR 'Scale disconnected',SCALE_ERROR,Scale disconnected,-0.1537,,sim/out/host/grindsim --seed 600008 --scenario sim/mc/scenarios/fault_lc_disconnect_pdec0.json
faults,fault_lc_disconnect_pdec0,600009,SCALE_ERROR 'Scale disconnected',SCALE_ERROR,Scale disconnected,-0.1795,,sim/out/host/grindsim --seed 600009 --scenario sim/mc/scenarios/fault_lc_disconnect_pdec0.json
faults,fault_lc_disconnect_pdec0,600010,SCALE_ERROR 'Scale disconnected',SCALE_ERROR,Scale disconnected,-0.0366,,sim/out/host/grindsim --seed 600010 --scenario sim/mc/scenarios/fault_lc_disconnect_pdec0.json
faults,fault_lc_disconnect_pdec0,600011,SCALE_ERROR 'Scale disconnected',SCALE_ERROR,Scale disconnected,-0.0685,,sim/out/host/grindsim --seed 600011 --scenario sim/mc/scenarios/fault_lc_disconnect_pdec0.json
faults,fault_lc_disconnect_pdec0,600012,SCALE_ERROR 'Scale disconnected',SCALE_ERROR,Scale disconnected,-0.0904,,sim/out/host/grindsim --seed 600012 --scenario sim/mc/scenarios/fault_lc_disconnect_pdec0.json
faults,fault_lc_disconnect_pdec0,600013,SCALE_ERROR 'Scale disconnected',SCALE_ERROR,Scale disconnected,0.0120,,sim/out/host/grindsim --seed 600013 --scenario sim/mc/scenarios/fault_lc_disconnect_pdec0.json
faults,fault_lc_disconnect_pdec0,600014,SCALE_ERROR 'Scale disconnected',SCALE_ERROR,Scale disconnected,-0.1126,,sim/out/host/grindsim --seed 600014 --scenario sim/mc/scenarios/fault_lc_disconnect_pdec0.json
faults,fault_lc_disconnect_pdec0,600015,SCALE_ERROR 'Scale disconnected',SCALE_ERROR,Scale disconnected,-0.1215,,sim/out/host/grindsim --seed 600015 --scenario sim/mc/scenarios/fault_lc_disconnect_pdec0.json
faults,fault_lc_disconnect_pdec0,600016,SCALE_ERROR 'Scale disconnected',SCALE_ERROR,Scale disconnected,-0.0828,,sim/out/host/grindsim --seed 600016 --scenario sim/mc/scenarios/fault_lc_disconnect_pdec0.json
faults,fault_lc_disconnect_pdec0,600017,SCALE_ERROR 'Scale disconnected',SCALE_ERROR,Scale disconnected,0.0198,,sim/out/host/grindsim --seed 600017 --scenario sim/mc/scenarios/fault_lc_disconnect_pdec0.json
faults,fault_lc_disconnect_pdec0,600018,SCALE_ERROR 'Scale disconnected',SCALE_ERROR,Scale disconnected,-0.0396,,sim/out/host/grindsim --seed 600018 --scenario sim/mc/scenarios/fault_lc_disconnect_pdec0.json
faults,fault_lc_disconnect_pdec0,600019,SCALE_ERROR 'Scale disconnected',SCALE_ERROR,Scale disconnected,-0.0702,,sim/out/host/grindsim --seed 600019 --scenario sim/mc/scenarios/fault_lc_disconnect_pdec0.json
faults,fault_lc_disconnect_pred0_5,600000,SCALE_ERROR 'Scale disconnected',SCALE_ERROR,Scale disconnected,-16.2139,SAFETY-SIGNAL,sim/out/host/grindsim --seed 600000 --scenario sim/mc/scenarios/fault_lc_disconnect_pred0_5.json
faults,fault_lc_disconnect_pred0_5,600001,SCALE_ERROR 'Scale disconnected',SCALE_ERROR,Scale disconnected,-16.1000,SAFETY-SIGNAL,sim/out/host/grindsim --seed 600001 --scenario sim/mc/scenarios/fault_lc_disconnect_pred0_5.json
faults,fault_lc_disconnect_pred0_5,600002,SCALE_ERROR 'Scale disconnected',SCALE_ERROR,Scale disconnected,-16.2300,SAFETY-SIGNAL,sim/out/host/grindsim --seed 600002 --scenario sim/mc/scenarios/fault_lc_disconnect_pred0_5.json
faults,fault_lc_disconnect_pred0_5,600003,SCALE_ERROR 'Scale disconnected',SCALE_ERROR,Scale disconnected,-16.0611,SAFETY-SIGNAL,sim/out/host/grindsim --seed 600003 --scenario sim/mc/scenarios/fault_lc_disconnect_pred0_5.json
faults,fault_lc_disconnect_pred0_5,600004,SCALE_ERROR 'Scale disconnected',SCALE_ERROR,Scale disconnected,-16.1758,SAFETY-SIGNAL,sim/out/host/grindsim --seed 600004 --scenario sim/mc/scenarios/fault_lc_disconnect_pred0_5.json
faults,fault_lc_disconnect_pred0_5,600005,SCALE_ERROR 'Scale disconnected',SCALE_ERROR,Scale disconnected,-16.1667,SAFETY-SIGNAL,sim/out/host/grindsim --seed 600005 --scenario sim/mc/scenarios/fault_lc_disconnect_pred0_5.json
faults,fault_lc_disconnect_pred0_5,600006,SCALE_ERROR 'Scale disconnected',SCALE_ERROR,Scale disconnected,-16.1595,SAFETY-SIGNAL,sim/out/host/grindsim --seed 600006 --scenario sim/mc/scenarios/fault_lc_disconnect_pred0_5.json
faults,fault_lc_disconnect_pred0_5,600007,SCALE_ERROR 'Scale disconnected',SCALE_ERROR,Scale disconnected,-16.0045,SAFETY-SIGNAL,sim/out/host/grindsim --seed 600007 --scenario sim/mc/scenarios/fault_lc_disconnect_pred0_5.json
faults,fault_lc_disconnect_pred0_5,600008,SCALE_ERROR 'Scale disconnected',SCALE_ERROR,Scale disconnected,-16.1225,SAFETY-SIGNAL,sim/out/host/grindsim --seed 600008 --scenario sim/mc/scenarios/fault_lc_disconnect_pred0_5.json
faults,fault_lc_disconnect_pred0_5,600009,SCALE_ERROR 'Scale disconnected',SCALE_ERROR,Scale disconnected,-16.1376,SAFETY-SIGNAL,sim/out/host/grindsim --seed 600009 --scenario sim/mc/scenarios/fault_lc_disconnect_pred0_5.json
faults,fault_lc_disconnect_pred0_5,600010,SCALE_ERROR 'Scale disconnected',SCALE_ERROR,Scale disconnected,-16.2043,SAFETY-SIGNAL,sim/out/host/grindsim --seed 600010 --scenario sim/mc/scenarios/fault_lc_disconnect_pred0_5.json
faults,fault_lc_disconnect_pred0_5,600011,SCALE_ERROR 'Scale disconnected',SCALE_ERROR,Scale disconnected,-16.2837,SAFETY-SIGNAL,sim/out/host/grindsim --seed 600011 --scenario sim/mc/scenarios/fault_lc_disconnect_pred0_5.json
faults,fault_lc_disconnect_pred0_5,600012,SCALE_ERROR 'Scale disconnected',SCALE_ERROR,Scale disconnected,-16.0657,SAFETY-SIGNAL,sim/out/host/grindsim --seed 600012 --scenario sim/mc/scenarios/fault_lc_disconnect_pred0_5.json
faults,fault_lc_disconnect_pred0_5,600013,SCALE_ERROR 'Scale disconnected',SCALE_ERROR,Scale disconnected,-16.2178,SAFETY-SIGNAL,sim/out/host/grindsim --seed 600013 --scenario sim/mc/scenarios/fault_lc_disconnect_pred0_5.json
faults,fault_lc_disconnect_pred0_5,600014,SCALE_ERROR 'Scale disconnected',SCALE_ERROR,Scale disconnected,-16.1614,SAFETY-SIGNAL,sim/out/host/grindsim --seed 600014 --scenario sim/mc/scenarios/fault_lc_disconnect_pred0_5.json
faults,fault_lc_disconnect_pred0_5,600015,SCALE_ERROR 'Scale disconnected',SCALE_ERROR,Scale disconnected,-16.1761,SAFETY-SIGNAL,sim/out/host/grindsim --seed 600015 --scenario sim/mc/scenarios/fault_lc_disconnect_pred0_5.json
faults,fault_lc_disconnect_pred0_5,600016,SCALE_ERROR 'Scale disconnected',SCALE_ERROR,Scale disconnected,-16.0707,SAFETY-SIGNAL,sim/out/host/grindsim --seed 600016 --scenario sim/mc/scenarios/fault_lc_disconnect_pred0_5.json
faults,fault_lc_disconnect_pred0_5,600017,SCALE_ERROR 'Scale disconnected',SCALE_ERROR,Scale disconnected,-16.1917,SAFETY-SIGNAL,sim/out/host/grindsim --seed 600017 --scenario sim/mc/scenarios/fault_lc_disconnect_pred0_5.json
faults,fault_lc_disconnect_pred0_5,600018,SCALE_ERROR 'Scale disconnected',SCALE_ERROR,Scale disconnected,-16.1869,SAFETY-SIGNAL,sim/out/host/grindsim --seed 600018 --scenario sim/mc/scenarios/fault_lc_disconnect_pred0_5.json
faults,fault_lc_disconnect_pred0_5,600019,SCALE_ERROR 'Scale disconnected',SCALE_ERROR,Scale disconnected,-16.1794,SAFETY-SIGNAL,sim/out/host/grindsim --seed 600019 --scenario sim/mc/scenarios/fault_lc_disconnect_pred0_5.json
faults,fault_lc_disconnect_pred2,600000,SCALE_ERROR 'Scale disconnected',SCALE_ERROR,Scale disconnected,-13.4119,SAFETY-SIGNAL,sim/out/host/grindsim --seed 600000 --scenario sim/mc/scenarios/fault_lc_disconnect_pred2.json
faults,fault_lc_disconnect_pred2,600001,SCALE_ERROR 'Scale disconnected',SCALE_ERROR,Scale disconnected,-13.4037,SAFETY-SIGNAL,sim/out/host/grindsim --seed 600001 --scenario sim/mc/scenarios/fault_lc_disconnect_pred2.json
faults,fault_lc_disconnect_pred2,600002,SCALE_ERROR 'Scale disconnected',SCALE_ERROR,Scale disconnected,-13.4333,SAFETY-SIGNAL,sim/out/host/grindsim --seed 600002 --scenario sim/mc/scenarios/fault_lc_disconnect_pred2.json
faults,fault_lc_disconnect_pred2,600003,SCALE_ERROR 'Scale disconnected',SCALE_ERROR,Scale disconnected,-13.2941,SAFETY-SIGNAL,sim/out/host/grindsim --seed 600003 --scenario sim/mc/scenarios/fault_lc_disconnect_pred2.json
faults,fault_lc_disconnect_pred2,600004,SCALE_ERROR 'Scale disconnected',SCALE_ERROR,Scale disconnected,-13.4125,SAFETY-SIGNAL,sim/out/host/grindsim --seed 600004 --scenario sim/mc/scenarios/fault_lc_disconnect_pred2.json
faults,fault_lc_disconnect_pred2,600005,SCALE_ERROR 'Scale disconnected',SCALE_ERROR,Scale disconnected,-13.2851,SAFETY-SIGNAL,sim/out/host/grindsim --seed 600005 --scenario sim/mc/scenarios/fault_lc_disconnect_pred2.json
faults,fault_lc_disconnect_pred2,600006,SCALE_ERROR 'Scale disconnected',SCALE_ERROR,Scale disconnected,-13.2620,SAFETY-SIGNAL,sim/out/host/grindsim --seed 600006 --scenario sim/mc/scenarios/fault_lc_disconnect_pred2.json
faults,fault_lc_disconnect_pred2,600007,SCALE_ERROR 'Scale disconnected',SCALE_ERROR,Scale disconnected,-13.3221,SAFETY-SIGNAL,sim/out/host/grindsim --seed 600007 --scenario sim/mc/scenarios/fault_lc_disconnect_pred2.json
faults,fault_lc_disconnect_pred2,600008,SCALE_ERROR 'Scale disconnected',SCALE_ERROR,Scale disconnected,-13.0928,SAFETY-SIGNAL,sim/out/host/grindsim --seed 600008 --scenario sim/mc/scenarios/fault_lc_disconnect_pred2.json
faults,fault_lc_disconnect_pred2,600009,SCALE_ERROR 'Scale disconnected',SCALE_ERROR,Scale disconnected,-13.3200,SAFETY-SIGNAL,sim/out/host/grindsim --seed 600009 --scenario sim/mc/scenarios/fault_lc_disconnect_pred2.json
faults,fault_lc_disconnect_pred2,600010,SCALE_ERROR 'Scale disconnected',SCALE_ERROR,Scale disconnected,-13.2761,SAFETY-SIGNAL,sim/out/host/grindsim --seed 600010 --scenario sim/mc/scenarios/fault_lc_disconnect_pred2.json
faults,fault_lc_disconnect_pred2,600011,SCALE_ERROR 'Scale disconnected',SCALE_ERROR,Scale disconnected,-13.3619,SAFETY-SIGNAL,sim/out/host/grindsim --seed 600011 --scenario sim/mc/scenarios/fault_lc_disconnect_pred2.json
faults,fault_lc_disconnect_pred2,600012,SCALE_ERROR 'Scale disconnected',SCALE_ERROR,Scale disconnected,-13.2945,SAFETY-SIGNAL,sim/out/host/grindsim --seed 600012 --scenario sim/mc/scenarios/fault_lc_disconnect_pred2.json
faults,fault_lc_disconnect_pred2,600013,SCALE_ERROR 'Scale disconnected',SCALE_ERROR,Scale disconnected,-13.1968,SAFETY-SIGNAL,sim/out/host/grindsim --seed 600013 --scenario sim/mc/scenarios/fault_lc_disconnect_pred2.json
faults,fault_lc_disconnect_pred2,600014,SCALE_ERROR 'Scale disconnected',SCALE_ERROR,Scale disconnected,-13.4106,SAFETY-SIGNAL,sim/out/host/grindsim --seed 600014 --scenario sim/mc/scenarios/fault_lc_disconnect_pred2.json
faults,fault_lc_disconnect_pred2,600015,SCALE_ERROR 'Scale disconnected',SCALE_ERROR,Scale disconnected,-13.1469,SAFETY-SIGNAL,sim/out/host/grindsim --seed 600015 --scenario sim/mc/scenarios/fault_lc_disconnect_pred2.json
faults,fault_lc_disconnect_pred2,600016,SCALE_ERROR 'Scale disconnected',SCALE_ERROR,Scale disconnected,-13.4895,SAFETY-SIGNAL,sim/out/host/grindsim --seed 600016 --scenario sim/mc/scenarios/fault_lc_disconnect_pred2.json
faults,fault_lc_disconnect_pred2,600017,SCALE_ERROR 'Scale disconnected',SCALE_ERROR,Scale disconnected,-13.3912,SAFETY-SIGNAL,sim/out/host/grindsim --seed 600017 --scenario sim/mc/scenarios/fault_lc_disconnect_pred2.json
faults,fault_lc_disconnect_pred2,600018,SCALE_ERROR 'Scale disconnected',SCALE_ERROR,Scale disconnected,-13.1527,SAFETY-SIGNAL,sim/out/host/grindsim --seed 600018 --scenario sim/mc/scenarios/fault_lc_disconnect_pred2.json
faults,fault_lc_disconnect_pred2,600019,SCALE_ERROR 'Scale disconnected',SCALE_ERROR,Scale disconnected,-13.3715,SAFETY-SIGNAL,sim/out/host/grindsim --seed 600019 --scenario sim/mc/scenarios/fault_lc_disconnect_pred2.json
faults,fault_lc_disconnect_pred5,600000,SCALE_ERROR 'Scale disconnected',SCALE_ERROR,Scale disconnected,-7.6191,SAFETY-SIGNAL,sim/out/host/grindsim --seed 600000 --scenario sim/mc/scenarios/fault_lc_disconnect_pred5.json
faults,fault_lc_disconnect_pred5,600001,SCALE_ERROR 'Scale disconnected',SCALE_ERROR,Scale disconnected,-7.6526,SAFETY-SIGNAL,sim/out/host/grindsim --seed 600001 --scenario sim/mc/scenarios/fault_lc_disconnect_pred5.json
faults,fault_lc_disconnect_pred5,600002,SCALE_ERROR 'Scale disconnected',SCALE_ERROR,Scale disconnected,-7.4870,SAFETY-SIGNAL,sim/out/host/grindsim --seed 600002 --scenario sim/mc/scenarios/fault_lc_disconnect_pred5.json
faults,fault_lc_disconnect_pred5,600003,SCALE_ERROR 'Scale disconnected',SCALE_ERROR,Scale disconnected,-7.1614,SAFETY-SIGNAL,sim/out/host/grindsim --seed 600003 --scenario sim/mc/scenarios/fault_lc_disconnect_pred5.json
faults,fault_lc_disconnect_pred5,600004,SCALE_ERROR 'Scale disconnected',SCALE_ERROR,Scale disconnected,-7.7183,SAFETY-SIGNAL,sim/out/host/grindsim --seed 600004 --scenario sim/mc/scenarios/fault_lc_disconnect_pred5.json
faults,fault_lc_disconnect_pred5,600005,SCALE_ERROR 'Scale disconnected',SCALE_ERROR,Scale disconnected,-7.7190,SAFETY-SIGNAL,sim/out/host/grindsim --seed 600005 --scenario sim/mc/scenarios/fault_lc_disconnect_pred5.json
faults,fault_lc_disconnect_pred5,600006,SCALE_ERROR 'Scale disconnected',SCALE_ERROR,Scale disconnected,-7.6411,SAFETY-SIGNAL,sim/out/host/grindsim --seed 600006 --scenario sim/mc/scenarios/fault_lc_disconnect_pred5.json
faults,fault_lc_disconnect_pred5,600007,SCALE_ERROR 'Scale disconnected',SCALE_ERROR,Scale disconnected,-7.3104,SAFETY-SIGNAL,sim/out/host/grindsim --seed 600007 --scenario sim/mc/scenarios/fault_lc_disconnect_pred5.json
faults,fault_lc_disconnect_pred5,600008,SCALE_ERROR 'Scale disconnected',SCALE_ERROR,Scale disconnected,-7.4638,SAFETY-SIGNAL,sim/out/host/grindsim --seed 600008 --scenario sim/mc/scenarios/fault_lc_disconnect_pred5.json
faults,fault_lc_disconnect_pred5,600009,SCALE_ERROR 'Scale disconnected',SCALE_ERROR,Scale disconnected,-7.8601,SAFETY-SIGNAL,sim/out/host/grindsim --seed 600009 --scenario sim/mc/scenarios/fault_lc_disconnect_pred5.json
faults,fault_lc_disconnect_pred5,600010,SCALE_ERROR 'Scale disconnected',SCALE_ERROR,Scale disconnected,-7.4382,SAFETY-SIGNAL,sim/out/host/grindsim --seed 600010 --scenario sim/mc/scenarios/fault_lc_disconnect_pred5.json
faults,fault_lc_disconnect_pred5,600011,SCALE_ERROR 'Scale disconnected',SCALE_ERROR,Scale disconnected,-7.5816,SAFETY-SIGNAL,sim/out/host/grindsim --seed 600011 --scenario sim/mc/scenarios/fault_lc_disconnect_pred5.json
faults,fault_lc_disconnect_pred5,600012,SCALE_ERROR 'Scale disconnected',SCALE_ERROR,Scale disconnected,-7.8805,SAFETY-SIGNAL,sim/out/host/grindsim --seed 600012 --scenario sim/mc/scenarios/fault_lc_disconnect_pred5.json
faults,fault_lc_disconnect_pred5,600013,SCALE_ERROR 'Scale disconnected',SCALE_ERROR,Scale disconnected,-7.1836,SAFETY-SIGNAL,sim/out/host/grindsim --seed 600013 --scenario sim/mc/scenarios/fault_lc_disconnect_pred5.json
faults,fault_lc_disconnect_pred5,600014,SCALE_ERROR 'Scale disconnected',SCALE_ERROR,Scale disconnected,-7.7955,SAFETY-SIGNAL,sim/out/host/grindsim --seed 600014 --scenario sim/mc/scenarios/fault_lc_disconnect_pred5.json
faults,fault_lc_disconnect_pred5,600015,SCALE_ERROR 'Scale disconnected',SCALE_ERROR,Scale disconnected,-7.4633,SAFETY-SIGNAL,sim/out/host/grindsim --seed 600015 --scenario sim/mc/scenarios/fault_lc_disconnect_pred5.json
faults,fault_lc_disconnect_pred5,600016,SCALE_ERROR 'Scale disconnected',SCALE_ERROR,Scale disconnected,-7.8472,SAFETY-SIGNAL,sim/out/host/grindsim --seed 600016 --scenario sim/mc/scenarios/fault_lc_disconnect_pred5.json
faults,fault_lc_disconnect_pred5,600017,SCALE_ERROR 'Scale disconnected',SCALE_ERROR,Scale disconnected,-7.7251,SAFETY-SIGNAL,sim/out/host/grindsim --seed 600017 --scenario sim/mc/scenarios/fault_lc_disconnect_pred5.json
faults,fault_lc_disconnect_pred5,600018,SCALE_ERROR 'Scale disconnected',SCALE_ERROR,Scale disconnected,-7.5369,SAFETY-SIGNAL,sim/out/host/grindsim --seed 600018 --scenario sim/mc/scenarios/fault_lc_disconnect_pred5.json
faults,fault_lc_disconnect_pred5,600019,SCALE_ERROR 'Scale disconnected',SCALE_ERROR,Scale disconnected,-7.5732,SAFETY-SIGNAL,sim/out/host/grindsim --seed 600019 --scenario sim/mc/scenarios/fault_lc_disconnect_pred5.json
faults,fault_lc_disconnect_rnd1,600000,SCALE_ERROR 'Scale disconnected',SCALE_ERROR,Scale disconnected,-18.0000,,sim/out/host/grindsim --seed 600000 --scenario sim/mc/scenarios/fault_lc_disconnect_rnd1.json
faults,fault_lc_disconnect_rnd1,600001,SCALE_ERROR 'Scale disconnected',SCALE_ERROR,Scale disconnected,-18.0000,,sim/out/host/grindsim --seed 600001 --scenario sim/mc/scenarios/fault_lc_disconnect_rnd1.json
faults,fault_lc_disconnect_rnd1,600002,SCALE_ERROR 'Scale disconnected',SCALE_ERROR,Scale disconnected,-18.0000,,sim/out/host/grindsim --seed 600002 --scenario sim/mc/scenarios/fault_lc_disconnect_rnd1.json
faults,fault_lc_disconnect_rnd1,600003,SCALE_ERROR 'Scale disconnected',SCALE_ERROR,Scale disconnected,-18.0000,,sim/out/host/grindsim --seed 600003 --scenario sim/mc/scenarios/fault_lc_disconnect_rnd1.json
faults,fault_lc_disconnect_rnd1,600004,SCALE_ERROR 'Scale disconnected',SCALE_ERROR,Scale disconnected,-18.0000,,sim/out/host/grindsim --seed 600004 --scenario sim/mc/scenarios/fault_lc_disconnect_rnd1.json
faults,fault_lc_disconnect_rnd1,600005,SCALE_ERROR 'Scale disconnected',SCALE_ERROR,Scale disconnected,-18.0000,,sim/out/host/grindsim --seed 600005 --scenario sim/mc/scenarios/fault_lc_disconnect_rnd1.json
faults,fault_lc_disconnect_rnd1,600006,SCALE_ERROR 'Scale disconnected',SCALE_ERROR,Scale disconnected,-18.0000,,sim/out/host/grindsim --seed 600006 --scenario sim/mc/scenarios/fault_lc_disconnect_rnd1.json
faults,fault_lc_disconnect_rnd1,600007,SCALE_ERROR 'Scale disconnected',SCALE_ERROR,Scale disconnected,-18.0000,,sim/out/host/grindsim --seed 600007 --scenario sim/mc/scenarios/fault_lc_disconnect_rnd1.json
faults,fault_lc_disconnect_rnd1,600008,SCALE_ERROR 'Scale disconnected',SCALE_ERROR,Scale disconnected,-18.0000,,sim/out/host/grindsim --seed 600008 --scenario sim/mc/scenarios/fault_lc_disconnect_rnd1.json
faults,fault_lc_disconnect_rnd1,600009,SCALE_ERROR 'Scale disconnected',SCALE_ERROR,Scale disconnected,-18.0000,,sim/out/host/grindsim --seed 600009 --scenario sim/mc/scenarios/fault_lc_disconnect_rnd1.json
faults,fault_lc_disconnect_rnd1,600010,SCALE_ERROR 'Scale disconnected',SCALE_ERROR,Scale disconnected,-18.0000,,sim/out/host/grindsim --seed 600010 --scenario sim/mc/scenarios/fault_lc_disconnect_rnd1.json
faults,fault_lc_disconnect_rnd1,600011,SCALE_ERROR 'Scale disconnected',SCALE_ERROR,Scale disconnected,-18.0000,,sim/out/host/grindsim --seed 600011 --scenario sim/mc/scenarios/fault_lc_disconnect_rnd1.json
faults,fault_lc_disconnect_rnd1,600012,SCALE_ERROR 'Scale disconnected',SCALE_ERROR,Scale disconnected,-18.0000,,sim/out/host/grindsim --seed 600012 --scenario sim/mc/scenarios/fault_lc_disconnect_rnd1.json
faults,fault_lc_disconnect_rnd1,600013,SCALE_ERROR 'Scale disconnected',SCALE_ERROR,Scale disconnected,-18.0000,,sim/out/host/grindsim --seed 600013 --scenario sim/mc/scenarios/fault_lc_disconnect_rnd1.json
faults,fault_lc_disconnect_rnd1,600014,SCALE_ERROR 'Scale disconnected',SCALE_ERROR,Scale disconnected,-18.0000,,sim/out/host/grindsim --seed 600014 --scenario sim/mc/scenarios/fault_lc_disconnect_rnd1.json
faults,fault_lc_disconnect_rnd1,600015,SCALE_ERROR 'Scale disconnected',SCALE_ERROR,Scale disconnected,-18.0000,,sim/out/host/grindsim --seed 600015 --scenario sim/mc/scenarios/fault_lc_disconnect_rnd1.json
faults,fault_lc_disconnect_rnd1,600016,SCALE_ERROR 'Scale disconnected',SCALE_ERROR,Scale disconnected,-18.0000,,sim/out/host/grindsim --seed 600016 --scenario sim/mc/scenarios/fault_lc_disconnect_rnd1.json
faults,fault_lc_disconnect_rnd1,600017,SCALE_ERROR 'Scale disconnected',SCALE_ERROR,Scale disconnected,-18.0000,,sim/out/host/grindsim --seed 600017 --scenario sim/mc/scenarios/fault_lc_disconnect_rnd1.json
faults,fault_lc_disconnect_rnd1,600018,SCALE_ERROR 'Scale disconnected',SCALE_ERROR,Scale disconnected,-18.0000,,sim/out/host/grindsim --seed 600018 --scenario sim/mc/scenarios/fault_lc_disconnect_rnd1.json
faults,fault_lc_disconnect_rnd1,600019,SCALE_ERROR 'Scale disconnected',SCALE_ERROR,Scale disconnected,-18.0000,,sim/out/host/grindsim --seed 600019 --scenario sim/mc/scenarios/fault_lc_disconnect_rnd1.json
faults,fault_lc_disconnect_rnd2,600000,SCALE_ERROR 'Scale disconnected',SCALE_ERROR,Scale disconnected,-14.7314,SAFETY-SIGNAL,sim/out/host/grindsim --seed 600000 --scenario sim/mc/scenarios/fault_lc_disconnect_rnd2.json
faults,fault_lc_disconnect_rnd2,600001,SCALE_ERROR 'Scale disconnected',SCALE_ERROR,Scale disconnected,-14.7234,SAFETY-SIGNAL,sim/out/host/grindsim --seed 600001 --scenario sim/mc/scenarios/fault_lc_disconnect_rnd2.json
faults,fault_lc_disconnect_rnd2,600002,SCALE_ERROR 'Scale disconnected',SCALE_ERROR,Scale disconnected,-14.6832,SAFETY-SIGNAL,sim/out/host/grindsim --seed 600002 --scenario sim/mc/scenarios/fault_lc_disconnect_rnd2.json
faults,fault_lc_disconnect_rnd2,600003,SCALE_ERROR 'Scale disconnected',SCALE_ERROR,Scale disconnected,-14.7762,SAFETY-SIGNAL,sim/out/host/grindsim --seed 600003 --scenario sim/mc/scenarios/fault_lc_disconnect_rnd2.json
faults,fault_lc_disconnect_rnd2,600004,SCALE_ERROR 'Scale disconnected',SCALE_ERROR,Scale disconnected,-14.6593,SAFETY-SIGNAL,sim/out/host/grindsim --seed 600004 --scenario sim/mc/scenarios/fault_lc_disconnect_rnd2.json
faults,fault_lc_disconnect_rnd2,600005,SCALE_ERROR 'Scale disconnected',SCALE_ERROR,Scale disconnected,-14.6784,SAFETY-SIGNAL,sim/out/host/grindsim --seed 600005 --scenario sim/mc/scenarios/fault_lc_disconnect_rnd2.json
faults,fault_lc_disconnect_rnd2,600006,SCALE_ERROR 'Scale disconnected',SCALE_ERROR,Scale disconnected,-14.6138,SAFETY-SIGNAL,sim/out/host/grindsim --seed 600006 --scenario sim/mc/scenarios/fault_lc_disconnect_rnd2.json
faults,fault_lc_disconnect_rnd2,600007,SCALE_ERROR 'Scale disconnected',SCALE_ERROR,Scale disconnected,-14.7340,SAFETY-SIGNAL,sim/out/host/grindsim --seed 600007 --scenario sim/mc/scenarios/fault_lc_disconnect_rnd2.json
faults,fault_lc_disconnect_rnd2,600008,SCALE_ERROR 'Scale disconnected',SCALE_ERROR,Scale disconnected,-14.6600,SAFETY-SIGNAL,sim/out/host/grindsim --seed 600008 --scenario sim/mc/scenarios/fault_lc_disconnect_rnd2.json
faults,fault_lc_disconnect_rnd2,600009,SCALE_ERROR 'Scale disconnected',SCALE_ERROR,Scale disconnected,-14.6688,SAFETY-SIGNAL,sim/out/host/grindsim --seed 600009 --scenario sim/mc/scenarios/fault_lc_disconnect_rnd2.json
faults,fault_lc_disconnect_rnd2,600010,SCALE_ERROR 'Scale disconnected',SCALE_ERROR,Scale disconnected,-14.6279,SAFETY-SIGNAL,sim/out/host/grindsim --seed 600010 --scenario sim/mc/scenarios/fault_lc_disconnect_rnd2.json
faults,fault_lc_disconnect_rnd2,600011,SCALE_ERROR 'Scale disconnected',SCALE_ERROR,Scale disconnected,-14.8980,SAFETY-SIGNAL,sim/out/host/grindsim --seed 600011 --scenario sim/mc/scenarios/fault_lc_disconnect_rnd2.json
faults,fault_lc_disconnect_rnd2,600012,SCALE_ERROR 'Scale disconnected',SCALE_ERROR,Scale disconnected,-14.8172,SAFETY-SIGNAL,sim/out/host/grindsim --seed 600012 --scenario sim/mc/scenarios/fault_lc_disconnect_rnd2.json
faults,fault_lc_disconnect_rnd2,600013,SCALE_ERROR 'Scale disconnected',SCALE_ERROR,Scale disconnected,-14.8882,SAFETY-SIGNAL,sim/out/host/grindsim --seed 600013 --scenario sim/mc/scenarios/fault_lc_disconnect_rnd2.json
faults,fault_lc_disconnect_rnd2,600014,SCALE_ERROR 'Scale disconnected',SCALE_ERROR,Scale disconnected,-14.7139,SAFETY-SIGNAL,sim/out/host/grindsim --seed 600014 --scenario sim/mc/scenarios/fault_lc_disconnect_rnd2.json
faults,fault_lc_disconnect_rnd2,600015,SCALE_ERROR 'Scale disconnected',SCALE_ERROR,Scale disconnected,-14.3802,SAFETY-SIGNAL,sim/out/host/grindsim --seed 600015 --scenario sim/mc/scenarios/fault_lc_disconnect_rnd2.json
faults,fault_lc_disconnect_rnd2,600016,SCALE_ERROR 'Scale disconnected',SCALE_ERROR,Scale disconnected,-14.9659,SAFETY-SIGNAL,sim/out/host/grindsim --seed 600016 --scenario sim/mc/scenarios/fault_lc_disconnect_rnd2.json
faults,fault_lc_disconnect_rnd2,600017,SCALE_ERROR 'Scale disconnected',SCALE_ERROR,Scale disconnected,-14.7269,SAFETY-SIGNAL,sim/out/host/grindsim --seed 600017 --scenario sim/mc/scenarios/fault_lc_disconnect_rnd2.json
faults,fault_lc_disconnect_rnd2,600018,SCALE_ERROR 'Scale disconnected',SCALE_ERROR,Scale disconnected,-14.7574,SAFETY-SIGNAL,sim/out/host/grindsim --seed 600018 --scenario sim/mc/scenarios/fault_lc_disconnect_rnd2.json
faults,fault_lc_disconnect_rnd2,600019,SCALE_ERROR 'Scale disconnected',SCALE_ERROR,Scale disconnected,-14.6403,SAFETY-SIGNAL,sim/out/host/grindsim --seed 600019 --scenario sim/mc/scenarios/fault_lc_disconnect_rnd2.json
faults,fault_lc_disconnect_rnd3,600000,SCALE_ERROR 'Scale disconnected',SCALE_ERROR,Scale disconnected,-3.1926,SAFETY-SIGNAL,sim/out/host/grindsim --seed 600000 --scenario sim/mc/scenarios/fault_lc_disconnect_rnd3.json
faults,fault_lc_disconnect_rnd3,600001,SCALE_ERROR 'Scale disconnected',SCALE_ERROR,Scale disconnected,-3.2947,SAFETY-SIGNAL,sim/out/host/grindsim --seed 600001 --scenario sim/mc/scenarios/fault_lc_disconnect_rnd3.json
faults,fault_lc_disconnect_rnd3,600002,SCALE_ERROR 'Scale disconnected',SCALE_ERROR,Scale disconnected,-2.9423,SAFETY-SIGNAL,sim/out/host/grindsim --seed 600002 --scenario sim/mc/scenarios/fault_lc_disconnect_rnd3.json
faults,fault_lc_disconnect_rnd3,600003,SCALE_ERROR 'Scale disconnected',SCALE_ERROR,Scale disconnected,-2.8170,SAFETY-SIGNAL,sim/out/host/grindsim --seed 600003 --scenario sim/mc/scenarios/fault_lc_disconnect_rnd3.json
faults,fault_lc_disconnect_rnd3,600004,SCALE_ERROR 'Scale disconnected',SCALE_ERROR,Scale disconnected,-3.0958,SAFETY-SIGNAL,sim/out/host/grindsim --seed 600004 --scenario sim/mc/scenarios/fault_lc_disconnect_rnd3.json
faults,fault_lc_disconnect_rnd3,600005,SCALE_ERROR 'Scale disconnected',SCALE_ERROR,Scale disconnected,-3.1634,SAFETY-SIGNAL,sim/out/host/grindsim --seed 600005 --scenario sim/mc/scenarios/fault_lc_disconnect_rnd3.json
faults,fault_lc_disconnect_rnd3,600006,SCALE_ERROR 'Scale disconnected',SCALE_ERROR,Scale disconnected,-2.8856,SAFETY-SIGNAL,sim/out/host/grindsim --seed 600006 --scenario sim/mc/scenarios/fault_lc_disconnect_rnd3.json
faults,fault_lc_disconnect_rnd3,600007,SCALE_ERROR 'Scale disconnected',SCALE_ERROR,Scale disconnected,-3.1122,SAFETY-SIGNAL,sim/out/host/grindsim --seed 600007 --scenario sim/mc/scenarios/fault_lc_disconnect_rnd3.json
faults,fault_lc_disconnect_rnd3,600008,SCALE_ERROR 'Scale disconnected',SCALE_ERROR,Scale disconnected,-3.1140,SAFETY-SIGNAL,sim/out/host/grindsim --seed 600008 --scenario sim/mc/scenarios/fault_lc_disconnect_rnd3.json
faults,fault_lc_disconnect_rnd3,600009,SCALE_ERROR 'Scale disconnected',SCALE_ERROR,Scale disconnected,-3.3048,SAFETY-SIGNAL,sim/out/host/grindsim --seed 600009 --scenario sim/mc/scenarios/fault_lc_disconnect_rnd3.json
faults,fault_lc_disconnect_rnd3,600010,SCALE_ERROR 'Scale disconnected',SCALE_ERROR,Scale disconnected,-2.8121,SAFETY-SIGNAL,sim/out/host/grindsim --seed 600010 --scenario sim/mc/scenarios/fault_lc_disconnect_rnd3.json
faults,fault_lc_disconnect_rnd3,600011,SCALE_ERROR 'Scale disconnected',SCALE_ERROR,Scale disconnected,-3.2786,SAFETY-SIGNAL,sim/out/host/grindsim --seed 600011 --scenario sim/mc/scenarios/fault_lc_disconnect_rnd3.json
faults,fault_lc_disconnect_rnd3,600012,SCALE_ERROR 'Scale disconnected',SCALE_ERROR,Scale disconnected,-3.1531,SAFETY-SIGNAL,sim/out/host/grindsim --seed 600012 --scenario sim/mc/scenarios/fault_lc_disconnect_rnd3.json
faults,fault_lc_disconnect_rnd3,600013,SCALE_ERROR 'Scale disconnected',SCALE_ERROR,Scale disconnected,-2.5814,SAFETY-SIGNAL,sim/out/host/grindsim --seed 600013 --scenario sim/mc/scenarios/fault_lc_disconnect_rnd3.json
faults,fault_lc_disconnect_rnd3,600014,SCALE_ERROR 'Scale disconnected',SCALE_ERROR,Scale disconnected,-3.2760,SAFETY-SIGNAL,sim/out/host/grindsim --seed 600014 --scenario sim/mc/scenarios/fault_lc_disconnect_rnd3.json
faults,fault_lc_disconnect_rnd3,600015,SCALE_ERROR 'Scale disconnected',SCALE_ERROR,Scale disconnected,-3.0099,SAFETY-SIGNAL,sim/out/host/grindsim --seed 600015 --scenario sim/mc/scenarios/fault_lc_disconnect_rnd3.json
faults,fault_lc_disconnect_rnd3,600016,SCALE_ERROR 'Scale disconnected',SCALE_ERROR,Scale disconnected,-3.4495,SAFETY-SIGNAL,sim/out/host/grindsim --seed 600016 --scenario sim/mc/scenarios/fault_lc_disconnect_rnd3.json
faults,fault_lc_disconnect_rnd3,600017,SCALE_ERROR 'Scale disconnected',SCALE_ERROR,Scale disconnected,-3.4399,SAFETY-SIGNAL,sim/out/host/grindsim --seed 600017 --scenario sim/mc/scenarios/fault_lc_disconnect_rnd3.json
faults,fault_lc_disconnect_rnd3,600018,SCALE_ERROR 'Scale disconnected',SCALE_ERROR,Scale disconnected,-2.8858,SAFETY-SIGNAL,sim/out/host/grindsim --seed 600018 --scenario sim/mc/scenarios/fault_lc_disconnect_rnd3.json
faults,fault_lc_disconnect_rnd3,600019,SCALE_ERROR 'Scale disconnected',SCALE_ERROR,Scale disconnected,-2.9547,SAFETY-SIGNAL,sim/out/host/grindsim --seed 600019 --scenario sim/mc/scenarios/fault_lc_disconnect_rnd3.json
faults,fault_lc_disconnect_rnd4,600000,SCALE_ERROR 'Scale disconnected',SCALE_ERROR,Scale disconnected,-0.0808,,sim/out/host/grindsim --seed 600000 --scenario sim/mc/scenarios/fault_lc_disconnect_rnd4.json
faults,fault_lc_disconnect_rnd4,600001,SCALE_ERROR 'Scale disconnected',SCALE_ERROR,Scale disconnected,-0.1016,,sim/out/host/grindsim --seed 600001 --scenario sim/mc/scenarios/fault_lc_disconnect_rnd4.json
faults,fault_lc_disconnect_rnd4,600002,SCALE_ERROR 'Scale disconnected',SCALE_ERROR,Scale disconnected,-0.0713,,sim/out/host/grindsim --seed 600002 --scenario sim/mc/scenarios/fault_lc_disconnect_rnd4.json
faults,fault_lc_disconnect_rnd4,600003,SCALE_ERROR 'Scale disconnected',SCALE_ERROR,Scale disconnected,-0.0786,,sim/out/host/grindsim --seed 600003 --scenario sim/mc/scenarios/fault_lc_disconnect_rnd4.json
faults,fault_lc_disconnect_rnd4,600004,SCALE_ERROR 'Scale disconnected',SCALE_ERROR,Scale disconnected,-0.0717,,sim/out/host/grindsim --seed 600004 --scenario sim/mc/scenarios/fault_lc_disconnect_rnd4.json
faults,fault_lc_disconnect_rnd4,600005,SCALE_ERROR 'Scale disconnected',SCALE_ERROR,Scale disconnected,-0.0824,,sim/out/host/grindsim --seed 600005 --scenario sim/mc/scenarios/fault_lc_disconnect_rnd4.json
faults,fault_lc_disconnect_rnd4,600006,SCALE_ERROR 'Scale disconnected',SCALE_ERROR,Scale disconnected,-0.1101,,sim/out/host/grindsim --seed 600006 --scenario sim/mc/scenarios/fault_lc_disconnect_rnd4.json
faults,fault_lc_disconnect_rnd4,600007,SCALE_ERROR 'Scale disconnected',SCALE_ERROR,Scale disconnected,-0.0800,,sim/out/host/grindsim --seed 600007 --scenario sim/mc/scenarios/fault_lc_disconnect_rnd4.json
faults,fault_lc_disconnect_rnd4,600008,SCALE_ERROR 'Scale disconnected',SCALE_ERROR,Scale disconnected,-0.1120,,sim/out/host/grindsim --seed 600008 --scenario sim/mc/scenarios/fault_lc_disconnect_rnd4.json
faults,fault_lc_disconnect_rnd4,600009,SCALE_ERROR 'Scale disconnected',SCALE_ERROR,Scale disconnected,-0.1663,,sim/out/host/grindsim --seed 600009 --scenario sim/mc/scenarios/fault_lc_disconnect_rnd4.json
faults,fault_lc_disconnect_rnd4,600010,SCALE_ERROR 'Scale disconnected',SCALE_ERROR,Scale disconnected,-0.0676,,sim/out/host/grindsim --seed 600010 --scenario sim/mc/scenarios/fault_lc_disconnect_rnd4.json
faults,fault_lc_disconnect_rnd4,600011,SCALE_ERROR 'Scale disconnected',SCALE_ERROR,Scale disconnected,-0.0768,,sim/out/host/grindsim --seed 600011 --scenario sim/mc/scenarios/fault_lc_disconnect_rnd4.json
faults,fault_lc_disconnect_rnd4,600012,SCALE_ERROR 'Scale disconnected',SCALE_ERROR,Scale disconnected,-0.0961,,sim/out/host/grindsim --seed 600012 --scenario sim/mc/scenarios/fault_lc_disconnect_rnd4.json
faults,fault_lc_disconnect_rnd4,600013,SCALE_ERROR 'Scale disconnected',SCALE_ERROR,Scale disconnected,-0.0631,,sim/out/host/grindsim --seed 600013 --scenario sim/mc/scenarios/fault_lc_disconnect_rnd4.json
faults,fault_lc_disconnect_rnd4,600014,SCALE_ERROR 'Scale disconnected',SCALE_ERROR,Scale disconnected,-0.0930,,sim/out/host/grindsim --seed 600014 --scenario sim/mc/scenarios/fault_lc_disconnect_rnd4.json
faults,fault_lc_disconnect_rnd4,600015,SCALE_ERROR 'Scale disconnected',SCALE_ERROR,Scale disconnected,-0.1573,,sim/out/host/grindsim --seed 600015 --scenario sim/mc/scenarios/fault_lc_disconnect_rnd4.json
faults,fault_lc_disconnect_rnd4,600016,SCALE_ERROR 'Scale disconnected',SCALE_ERROR,Scale disconnected,-0.0793,,sim/out/host/grindsim --seed 600016 --scenario sim/mc/scenarios/fault_lc_disconnect_rnd4.json
faults,fault_lc_disconnect_rnd4,600017,SCALE_ERROR 'Scale disconnected',SCALE_ERROR,Scale disconnected,-0.0368,,sim/out/host/grindsim --seed 600017 --scenario sim/mc/scenarios/fault_lc_disconnect_rnd4.json
faults,fault_lc_disconnect_rnd4,600018,SCALE_ERROR 'Scale disconnected',SCALE_ERROR,Scale disconnected,-0.0296,,sim/out/host/grindsim --seed 600018 --scenario sim/mc/scenarios/fault_lc_disconnect_rnd4.json
faults,fault_lc_disconnect_rnd4,600019,SCALE_ERROR 'Scale disconnected',SCALE_ERROR,Scale disconnected,-0.0803,,sim/out/host/grindsim --seed 600019 --scenario sim/mc/scenarios/fault_lc_disconnect_rnd4.json
faults,fault_lc_noise_burst_1s_pdec0,600000,SUCCESS (true err < -0.03),SUCCESS,,-0.0401,,sim/out/host/grindsim --seed 600000 --scenario sim/mc/scenarios/fault_lc_noise_burst_1s_pdec0.json
faults,fault_lc_noise_burst_1s_pdec0,600002,SUCCESS (true err < -0.03),SUCCESS,,-0.0393,,sim/out/host/grindsim --seed 600002 --scenario sim/mc/scenarios/fault_lc_noise_burst_1s_pdec0.json
faults,fault_lc_noise_burst_1s_pdec0,600003,SUCCESS (true err < -0.03),SUCCESS,,-0.0342,,sim/out/host/grindsim --seed 600003 --scenario sim/mc/scenarios/fault_lc_noise_burst_1s_pdec0.json
faults,fault_lc_noise_burst_1s_pdec0,600005,SUCCESS (true err < -0.03),SUCCESS,,-0.0323,,sim/out/host/grindsim --seed 600005 --scenario sim/mc/scenarios/fault_lc_noise_burst_1s_pdec0.json
faults,fault_lc_noise_burst_1s_pdec0,600006,SUCCESS (true err < -0.03),SUCCESS,,-0.0332,,sim/out/host/grindsim --seed 600006 --scenario sim/mc/scenarios/fault_lc_noise_burst_1s_pdec0.json
faults,fault_lc_noise_burst_1s_pdec0,600007,SUCCESS (true err < -0.03),SUCCESS,,-0.0334,,sim/out/host/grindsim --seed 600007 --scenario sim/mc/scenarios/fault_lc_noise_burst_1s_pdec0.json
faults,fault_lc_noise_burst_1s_pdec0,600008,SUCCESS (true err < -0.03),SUCCESS,,-0.0347,,sim/out/host/grindsim --seed 600008 --scenario sim/mc/scenarios/fault_lc_noise_burst_1s_pdec0.json
faults,fault_lc_noise_burst_1s_pdec0,600009,SUCCESS (true err < -0.03),SUCCESS,,-0.0336,,sim/out/host/grindsim --seed 600009 --scenario sim/mc/scenarios/fault_lc_noise_burst_1s_pdec0.json
faults,fault_lc_noise_burst_1s_pdec0,600010,SUCCESS (true err < -0.03),SUCCESS,,-0.0372,,sim/out/host/grindsim --seed 600010 --scenario sim/mc/scenarios/fault_lc_noise_burst_1s_pdec0.json
faults,fault_lc_noise_burst_1s_pdec0,600012,SUCCESS (true err < -0.03),SUCCESS,,-0.0383,,sim/out/host/grindsim --seed 600012 --scenario sim/mc/scenarios/fault_lc_noise_burst_1s_pdec0.json
faults,fault_lc_noise_burst_1s_pdec0,600013,SUCCESS (true err < -0.03),SUCCESS,,-0.0402,,sim/out/host/grindsim --seed 600013 --scenario sim/mc/scenarios/fault_lc_noise_burst_1s_pdec0.json
faults,fault_lc_noise_burst_1s_pdec0,600014,SUCCESS (true err < -0.03),SUCCESS,,-0.0402,,sim/out/host/grindsim --seed 600014 --scenario sim/mc/scenarios/fault_lc_noise_burst_1s_pdec0.json
faults,fault_lc_noise_burst_1s_pdec0,600015,SUCCESS (true err < -0.03),SUCCESS,,-0.0325,,sim/out/host/grindsim --seed 600015 --scenario sim/mc/scenarios/fault_lc_noise_burst_1s_pdec0.json
faults,fault_lc_noise_burst_1s_pdec0,600019,SUCCESS (true err < -0.03),SUCCESS,,-0.0386,,sim/out/host/grindsim --seed 600019 --scenario sim/mc/scenarios/fault_lc_noise_burst_1s_pdec0.json
faults,fault_lc_noise_burst_1s_pred0_5,600000,SUCCESS (true err < -0.03),SUCCESS,,-0.0324,,sim/out/host/grindsim --seed 600000 --scenario sim/mc/scenarios/fault_lc_noise_burst_1s_pred0_5.json
faults,fault_lc_noise_burst_1s_pred0_5,600001,SUCCESS (true err < -0.03),SUCCESS,,-0.0324,,sim/out/host/grindsim --seed 600001 --scenario sim/mc/scenarios/fault_lc_noise_burst_1s_pred0_5.json
faults,fault_lc_noise_burst_1s_pred0_5,600002,SUCCESS (true err < -0.03),SUCCESS,,-0.0398,,sim/out/host/grindsim --seed 600002 --scenario sim/mc/scenarios/fault_lc_noise_burst_1s_pred0_5.json
faults,fault_lc_noise_burst_1s_pred0_5,600003,SUCCESS (true err < -0.03),SUCCESS,,-0.0337,,sim/out/host/grindsim --seed 600003 --scenario sim/mc/scenarios/fault_lc_noise_burst_1s_pred0_5.json
faults,fault_lc_noise_burst_1s_pred0_5,600005,SUCCESS (true err < -0.03),SUCCESS,,-0.0340,,sim/out/host/grindsim --seed 600005 --scenario sim/mc/scenarios/fault_lc_noise_burst_1s_pred0_5.json
faults,fault_lc_noise_burst_1s_pred0_5,600006,SUCCESS (true err < -0.03),SUCCESS,,-0.0356,,sim/out/host/grindsim --seed 600006 --scenario sim/mc/scenarios/fault_lc_noise_burst_1s_pred0_5.json
faults,fault_lc_noise_burst_1s_pred0_5,600007,SUCCESS (true err < -0.03),SUCCESS,,-0.0374,,sim/out/host/grindsim --seed 600007 --scenario sim/mc/scenarios/fault_lc_noise_burst_1s_pred0_5.json
faults,fault_lc_noise_burst_1s_pred0_5,600008,SUCCESS (true err < -0.03),SUCCESS,,-0.0392,,sim/out/host/grindsim --seed 600008 --scenario sim/mc/scenarios/fault_lc_noise_burst_1s_pred0_5.json
faults,fault_lc_noise_burst_1s_pred0_5,600009,SUCCESS (true err < -0.03),SUCCESS,,-0.0336,,sim/out/host/grindsim --seed 600009 --scenario sim/mc/scenarios/fault_lc_noise_burst_1s_pred0_5.json
faults,fault_lc_noise_burst_1s_pred0_5,600010,SUCCESS (true err < -0.03),SUCCESS,,-0.0382,,sim/out/host/grindsim --seed 600010 --scenario sim/mc/scenarios/fault_lc_noise_burst_1s_pred0_5.json
faults,fault_lc_noise_burst_1s_pred0_5,600011,SUCCESS (true err < -0.03),SUCCESS,,-0.0357,,sim/out/host/grindsim --seed 600011 --scenario sim/mc/scenarios/fault_lc_noise_burst_1s_pred0_5.json
faults,fault_lc_noise_burst_1s_pred0_5,600012,SUCCESS (true err < -0.03),SUCCESS,,-0.0324,,sim/out/host/grindsim --seed 600012 --scenario sim/mc/scenarios/fault_lc_noise_burst_1s_pred0_5.json
faults,fault_lc_noise_burst_1s_pred0_5,600013,SUCCESS (true err < -0.03),SUCCESS,,-0.0315,,sim/out/host/grindsim --seed 600013 --scenario sim/mc/scenarios/fault_lc_noise_burst_1s_pred0_5.json
faults,fault_lc_noise_burst_1s_pred0_5,600014,SUCCESS (true err < -0.03),SUCCESS,,-0.0419,,sim/out/host/grindsim --seed 600014 --scenario sim/mc/scenarios/fault_lc_noise_burst_1s_pred0_5.json
faults,fault_lc_noise_burst_1s_pred0_5,600015,SUCCESS (true err < -0.03),SUCCESS,,-0.0306,,sim/out/host/grindsim --seed 600015 --scenario sim/mc/scenarios/fault_lc_noise_burst_1s_pred0_5.json
faults,fault_lc_noise_burst_1s_pred0_5,600016,SUCCESS (true err < -0.03),SUCCESS,,-0.0377,,sim/out/host/grindsim --seed 600016 --scenario sim/mc/scenarios/fault_lc_noise_burst_1s_pred0_5.json
faults,fault_lc_noise_burst_1s_pred0_5,600017,SUCCESS (true err < -0.03),SUCCESS,,-0.0343,,sim/out/host/grindsim --seed 600017 --scenario sim/mc/scenarios/fault_lc_noise_burst_1s_pred0_5.json
faults,fault_lc_noise_burst_1s_pred2,600000,SUCCESS (true err < -0.03),SUCCESS,,-0.0378,,sim/out/host/grindsim --seed 600000 --scenario sim/mc/scenarios/fault_lc_noise_burst_1s_pred2.json
faults,fault_lc_noise_burst_1s_pred2,600001,SUCCESS (true err < -0.03),SUCCESS,,-0.0324,,sim/out/host/grindsim --seed 600001 --scenario sim/mc/scenarios/fault_lc_noise_burst_1s_pred2.json
faults,fault_lc_noise_burst_1s_pred2,600002,SUCCESS (true err < -0.03),SUCCESS,,-0.0380,,sim/out/host/grindsim --seed 600002 --scenario sim/mc/scenarios/fault_lc_noise_burst_1s_pred2.json
faults,fault_lc_noise_burst_1s_pred2,600003,SUCCESS (true err < -0.03),SUCCESS,,-0.0337,,sim/out/host/grindsim --seed 600003 --scenario sim/mc/scenarios/fault_lc_noise_burst_1s_pred2.json
faults,fault_lc_noise_burst_1s_pred2,600005,SUCCESS (true err < -0.03),SUCCESS,,-0.0356,,sim/out/host/grindsim --seed 600005 --scenario sim/mc/scenarios/fault_lc_noise_burst_1s_pred2.json
faults,fault_lc_noise_burst_1s_pred2,600006,SUCCESS (true err < -0.03),SUCCESS,,-0.0356,,sim/out/host/grindsim --seed 600006 --scenario sim/mc/scenarios/fault_lc_noise_burst_1s_pred2.json
faults,fault_lc_noise_burst_1s_pred2,600007,SUCCESS (true err < -0.03),SUCCESS,,-0.0374,,sim/out/host/grindsim --seed 600007 --scenario sim/mc/scenarios/fault_lc_noise_burst_1s_pred2.json
faults,fault_lc_noise_burst_1s_pred2,600009,SUCCESS (true err < -0.03),SUCCESS,,-0.0401,,sim/out/host/grindsim --seed 600009 --scenario sim/mc/scenarios/fault_lc_noise_burst_1s_pred2.json
faults,fault_lc_noise_burst_1s_pred2,600010,SUCCESS (true err < -0.03),SUCCESS,,-0.0382,,sim/out/host/grindsim --seed 600010 --scenario sim/mc/scenarios/fault_lc_noise_burst_1s_pred2.json
faults,fault_lc_noise_burst_1s_pred2,600011,SUCCESS (true err < -0.03),SUCCESS,,-0.0357,,sim/out/host/grindsim --seed 600011 --scenario sim/mc/scenarios/fault_lc_noise_burst_1s_pred2.json
faults,fault_lc_noise_burst_1s_pred2,600012,SUCCESS (true err < -0.03),SUCCESS,,-0.0324,,sim/out/host/grindsim --seed 600012 --scenario sim/mc/scenarios/fault_lc_noise_burst_1s_pred2.json
faults,fault_lc_noise_burst_1s_pred2,600013,SUCCESS (true err < -0.03),SUCCESS,,-0.0356,,sim/out/host/grindsim --seed 600013 --scenario sim/mc/scenarios/fault_lc_noise_burst_1s_pred2.json
faults,fault_lc_noise_burst_1s_pred2,600014,SUCCESS (true err < -0.03),SUCCESS,,-0.0419,,sim/out/host/grindsim --seed 600014 --scenario sim/mc/scenarios/fault_lc_noise_burst_1s_pred2.json
faults,fault_lc_noise_burst_1s_pred2,600015,SUCCESS (true err < -0.03),SUCCESS,,-0.0321,,sim/out/host/grindsim --seed 600015 --scenario sim/mc/scenarios/fault_lc_noise_burst_1s_pred2.json
faults,fault_lc_noise_burst_1s_pred2,600016,SUCCESS (true err < -0.03),SUCCESS,,-0.0377,,sim/out/host/grindsim --seed 600016 --scenario sim/mc/scenarios/fault_lc_noise_burst_1s_pred2.json
faults,fault_lc_noise_burst_1s_pred2,600017,SUCCESS (true err < -0.03),SUCCESS,,-0.0343,,sim/out/host/grindsim --seed 600017 --scenario sim/mc/scenarios/fault_lc_noise_burst_1s_pred2.json
faults,fault_lc_noise_burst_1s_pred2,600019,SUCCESS (true err < -0.03),SUCCESS,,-0.0351,,sim/out/host/grindsim --seed 600019 --scenario sim/mc/scenarios/fault_lc_noise_burst_1s_pred2.json
faults,fault_lc_noise_burst_1s_pred5,600000,SUCCESS (true err < -0.03),SUCCESS,,-0.0378,,sim/out/host/grindsim --seed 600000 --scenario sim/mc/scenarios/fault_lc_noise_burst_1s_pred5.json
faults,fault_lc_noise_burst_1s_pred5,600001,SUCCESS (true err < -0.03),SUCCESS,,-0.0324,,sim/out/host/grindsim --seed 600001 --scenario sim/mc/scenarios/fault_lc_noise_burst_1s_pred5.json
faults,fault_lc_noise_burst_1s_pred5,600002,SUCCESS (true err < -0.03),SUCCESS,,-0.0380,,sim/out/host/grindsim --seed 600002 --scenario sim/mc/scenarios/fault_lc_noise_burst_1s_pred5.json
faults,fault_lc_noise_burst_1s_pred5,600003,SUCCESS (true err < -0.03),SUCCESS,,-0.0337,,sim/out/host/grindsim --seed 600003 --scenario sim/mc/scenarios/fault_lc_noise_burst_1s_pred5.json
faults,fault_lc_noise_burst_1s_pred5,600005,SUCCESS (true err < -0.03),SUCCESS,,-0.0356,,sim/out/host/grindsim --seed 600005 --scenario sim/mc/scenarios/fault_lc_noise_burst_1s_pred5.json
faults,fault_lc_noise_burst_1s_pred5,600006,SUCCESS (true err < -0.03),SUCCESS,,-0.0356,,sim/out/host/grindsim --seed 600006 --scenario sim/mc/scenarios/fault_lc_noise_burst_1s_pred5.json
faults,fault_lc_noise_burst_1s_pred5,600007,SUCCESS (true err < -0.03),SUCCESS,,-0.0374,,sim/out/host/grindsim --seed 600007 --scenario sim/mc/scenarios/fault_lc_noise_burst_1s_pred5.json
faults,fault_lc_noise_burst_1s_pred5,600009,SUCCESS (true err < -0.03),SUCCESS,,-0.0401,,sim/out/host/grindsim --seed 600009 --scenario sim/mc/scenarios/fault_lc_noise_burst_1s_pred5.json
faults,fault_lc_noise_burst_1s_pred5,600010,SUCCESS (true err < -0.03),SUCCESS,,-0.0382,,sim/out/host/grindsim --seed 600010 --scenario sim/mc/scenarios/fault_lc_noise_burst_1s_pred5.json
faults,fault_lc_noise_burst_1s_pred5,600011,SUCCESS (true err < -0.03),SUCCESS,,-0.0357,,sim/out/host/grindsim --seed 600011 --scenario sim/mc/scenarios/fault_lc_noise_burst_1s_pred5.json
faults,fault_lc_noise_burst_1s_pred5,600012,SUCCESS (true err < -0.03),SUCCESS,,-0.0324,,sim/out/host/grindsim --seed 600012 --scenario sim/mc/scenarios/fault_lc_noise_burst_1s_pred5.json
faults,fault_lc_noise_burst_1s_pred5,600013,SUCCESS (true err < -0.03),SUCCESS,,-0.0356,,sim/out/host/grindsim --seed 600013 --scenario sim/mc/scenarios/fault_lc_noise_burst_1s_pred5.json
faults,fault_lc_noise_burst_1s_pred5,600014,SUCCESS (true err < -0.03),SUCCESS,,-0.0419,,sim/out/host/grindsim --seed 600014 --scenario sim/mc/scenarios/fault_lc_noise_burst_1s_pred5.json
faults,fault_lc_noise_burst_1s_pred5,600015,SUCCESS (true err < -0.03),SUCCESS,,-0.0321,,sim/out/host/grindsim --seed 600015 --scenario sim/mc/scenarios/fault_lc_noise_burst_1s_pred5.json
faults,fault_lc_noise_burst_1s_pred5,600016,SUCCESS (true err < -0.03),SUCCESS,,-0.0377,,sim/out/host/grindsim --seed 600016 --scenario sim/mc/scenarios/fault_lc_noise_burst_1s_pred5.json
faults,fault_lc_noise_burst_1s_pred5,600017,SUCCESS (true err < -0.03),SUCCESS,,-0.0343,,sim/out/host/grindsim --seed 600017 --scenario sim/mc/scenarios/fault_lc_noise_burst_1s_pred5.json
faults,fault_lc_noise_burst_1s_pred5,600019,SUCCESS (true err < -0.03),SUCCESS,,-0.0351,,sim/out/host/grindsim --seed 600019 --scenario sim/mc/scenarios/fault_lc_noise_burst_1s_pred5.json
faults,fault_lc_noise_burst_1s_rnd1,600000,SUCCESS (true err < -0.03),SUCCESS,,-0.0378,,sim/out/host/grindsim --seed 600000 --scenario sim/mc/scenarios/fault_lc_noise_burst_1s_rnd1.json
faults,fault_lc_noise_burst_1s_rnd1,600001,SUCCESS (true err < -0.03),SUCCESS,,-0.0324,,sim/out/host/grindsim --seed 600001 --scenario sim/mc/scenarios/fault_lc_noise_burst_1s_rnd1.json
faults,fault_lc_noise_burst_1s_rnd1,600002,SUCCESS (true err < -0.03),SUCCESS,,-0.0380,,sim/out/host/grindsim --seed 600002 --scenario sim/mc/scenarios/fault_lc_noise_burst_1s_rnd1.json
faults,fault_lc_noise_burst_1s_rnd1,600003,SUCCESS (true err < -0.03),SUCCESS,,-0.0337,,sim/out/host/grindsim --seed 600003 --scenario sim/mc/scenarios/fault_lc_noise_burst_1s_rnd1.json
faults,fault_lc_noise_burst_1s_rnd1,600005,SUCCESS (true err < -0.03),SUCCESS,,-0.0356,,sim/out/host/grindsim --seed 600005 --scenario sim/mc/scenarios/fault_lc_noise_burst_1s_rnd1.json
faults,fault_lc_noise_burst_1s_rnd1,600006,SUCCESS (true err < -0.03),SUCCESS,,-0.0356,,sim/out/host/grindsim --seed 600006 --scenario sim/mc/scenarios/fault_lc_noise_burst_1s_rnd1.json
faults,fault_lc_noise_burst_1s_rnd1,600007,SUCCESS (true err < -0.03),SUCCESS,,-0.0374,,sim/out/host/grindsim --seed 600007 --scenario sim/mc/scenarios/fault_lc_noise_burst_1s_rnd1.json
faults,fault_lc_noise_burst_1s_rnd1,600009,SUCCESS (true err < -0.03),SUCCESS,,-0.0401,,sim/out/host/grindsim --seed 600009 --scenario sim/mc/scenarios/fault_lc_noise_burst_1s_rnd1.json
faults,fault_lc_noise_burst_1s_rnd1,600010,SUCCESS (true err < -0.03),SUCCESS,,-0.0382,,sim/out/host/grindsim --seed 600010 --scenario sim/mc/scenarios/fault_lc_noise_burst_1s_rnd1.json
faults,fault_lc_noise_burst_1s_rnd1,600011,SUCCESS (true err < -0.03),SUCCESS,,-0.0357,,sim/out/host/grindsim --seed 600011 --scenario sim/mc/scenarios/fault_lc_noise_burst_1s_rnd1.json
faults,fault_lc_noise_burst_1s_rnd1,600012,SUCCESS (true err < -0.03),SUCCESS,,-0.0324,,sim/out/host/grindsim --seed 600012 --scenario sim/mc/scenarios/fault_lc_noise_burst_1s_rnd1.json
faults,fault_lc_noise_burst_1s_rnd1,600013,SUCCESS (true err < -0.03),SUCCESS,,-0.0356,,sim/out/host/grindsim --seed 600013 --scenario sim/mc/scenarios/fault_lc_noise_burst_1s_rnd1.json
faults,fault_lc_noise_burst_1s_rnd1,600014,SUCCESS (true err < -0.03),SUCCESS,,-0.0419,,sim/out/host/grindsim --seed 600014 --scenario sim/mc/scenarios/fault_lc_noise_burst_1s_rnd1.json
faults,fault_lc_noise_burst_1s_rnd1,600015,SUCCESS (true err < -0.03),SUCCESS,,-0.0321,,sim/out/host/grindsim --seed 600015 --scenario sim/mc/scenarios/fault_lc_noise_burst_1s_rnd1.json
faults,fault_lc_noise_burst_1s_rnd1,600016,SUCCESS (true err < -0.03),SUCCESS,,-0.0377,,sim/out/host/grindsim --seed 600016 --scenario sim/mc/scenarios/fault_lc_noise_burst_1s_rnd1.json
faults,fault_lc_noise_burst_1s_rnd1,600017,SUCCESS (true err < -0.03),SUCCESS,,-0.0343,,sim/out/host/grindsim --seed 600017 --scenario sim/mc/scenarios/fault_lc_noise_burst_1s_rnd1.json
faults,fault_lc_noise_burst_1s_rnd1,600019,SUCCESS (true err < -0.03),SUCCESS,,-0.0351,,sim/out/host/grindsim --seed 600019 --scenario sim/mc/scenarios/fault_lc_noise_burst_1s_rnd1.json
faults,fault_lc_noise_burst_1s_rnd2,600000,SUCCESS (true err < -0.03),SUCCESS,,-0.0378,,sim/out/host/grindsim --seed 600000 --scenario sim/mc/scenarios/fault_lc_noise_burst_1s_rnd2.json
faults,fault_lc_noise_burst_1s_rnd2,600001,SUCCESS (true err < -0.03),SUCCESS,,-0.0324,,sim/out/host/grindsim --seed 600001 --scenario sim/mc/scenarios/fault_lc_noise_burst_1s_rnd2.json
faults,fault_lc_noise_burst_1s_rnd2,600002,SUCCESS (true err < -0.03),SUCCESS,,-0.0380,,sim/out/host/grindsim --seed 600002 --scenario sim/mc/scenarios/fault_lc_noise_burst_1s_rnd2.json
faults,fault_lc_noise_burst_1s_rnd2,600003,SUCCESS (true err < -0.03),SUCCESS,,-0.0337,,sim/out/host/grindsim --seed 600003 --scenario sim/mc/scenarios/fault_lc_noise_burst_1s_rnd2.json
faults,fault_lc_noise_burst_1s_rnd2,600005,SUCCESS (true err < -0.03),SUCCESS,,-0.0356,,sim/out/host/grindsim --seed 600005 --scenario sim/mc/scenarios/fault_lc_noise_burst_1s_rnd2.json
faults,fault_lc_noise_burst_1s_rnd2,600006,SUCCESS (true err < -0.03),SUCCESS,,-0.0356,,sim/out/host/grindsim --seed 600006 --scenario sim/mc/scenarios/fault_lc_noise_burst_1s_rnd2.json
faults,fault_lc_noise_burst_1s_rnd2,600007,SUCCESS (true err < -0.03),SUCCESS,,-0.0374,,sim/out/host/grindsim --seed 600007 --scenario sim/mc/scenarios/fault_lc_noise_burst_1s_rnd2.json
faults,fault_lc_noise_burst_1s_rnd2,600009,SUCCESS (true err < -0.03),SUCCESS,,-0.0401,,sim/out/host/grindsim --seed 600009 --scenario sim/mc/scenarios/fault_lc_noise_burst_1s_rnd2.json
faults,fault_lc_noise_burst_1s_rnd2,600010,SUCCESS (true err < -0.03),SUCCESS,,-0.0382,,sim/out/host/grindsim --seed 600010 --scenario sim/mc/scenarios/fault_lc_noise_burst_1s_rnd2.json
faults,fault_lc_noise_burst_1s_rnd2,600011,SUCCESS (true err < -0.03),SUCCESS,,-0.0357,,sim/out/host/grindsim --seed 600011 --scenario sim/mc/scenarios/fault_lc_noise_burst_1s_rnd2.json
faults,fault_lc_noise_burst_1s_rnd2,600012,SUCCESS (true err < -0.03),SUCCESS,,-0.0324,,sim/out/host/grindsim --seed 600012 --scenario sim/mc/scenarios/fault_lc_noise_burst_1s_rnd2.json
faults,fault_lc_noise_burst_1s_rnd2,600013,SUCCESS (true err < -0.03),SUCCESS,,-0.0356,,sim/out/host/grindsim --seed 600013 --scenario sim/mc/scenarios/fault_lc_noise_burst_1s_rnd2.json
faults,fault_lc_noise_burst_1s_rnd2,600014,SUCCESS (true err < -0.03),SUCCESS,,-0.0419,,sim/out/host/grindsim --seed 600014 --scenario sim/mc/scenarios/fault_lc_noise_burst_1s_rnd2.json
faults,fault_lc_noise_burst_1s_rnd2,600015,SUCCESS (true err < -0.03),SUCCESS,,-0.0321,,sim/out/host/grindsim --seed 600015 --scenario sim/mc/scenarios/fault_lc_noise_burst_1s_rnd2.json
faults,fault_lc_noise_burst_1s_rnd2,600016,SUCCESS (true err < -0.03),SUCCESS,,-0.0377,,sim/out/host/grindsim --seed 600016 --scenario sim/mc/scenarios/fault_lc_noise_burst_1s_rnd2.json
faults,fault_lc_noise_burst_1s_rnd2,600017,SUCCESS (true err < -0.03),SUCCESS,,-0.0343,,sim/out/host/grindsim --seed 600017 --scenario sim/mc/scenarios/fault_lc_noise_burst_1s_rnd2.json
faults,fault_lc_noise_burst_1s_rnd2,600019,SUCCESS (true err < -0.03),SUCCESS,,-0.0351,,sim/out/host/grindsim --seed 600019 --scenario sim/mc/scenarios/fault_lc_noise_burst_1s_rnd2.json
faults,fault_lc_noise_burst_1s_rnd3,600000,SUCCESS (true err < -0.03),SUCCESS,,-0.0319,,sim/out/host/grindsim --seed 600000 --scenario sim/mc/scenarios/fault_lc_noise_burst_1s_rnd3.json
faults,fault_lc_noise_burst_1s_rnd3,600001,SUCCESS (true err < -0.03),SUCCESS,,-0.0334,,sim/out/host/grindsim --seed 600001 --scenario sim/mc/scenarios/fault_lc_noise_burst_1s_rnd3.json
faults,fault_lc_noise_burst_1s_rnd3,600002,SUCCESS (true err < -0.03),SUCCESS,,-0.0392,,sim/out/host/grindsim --seed 600002 --scenario sim/mc/scenarios/fault_lc_noise_burst_1s_rnd3.json
faults,fault_lc_noise_burst_1s_rnd3,600004,SUCCESS (true err < -0.03),SUCCESS,,-0.0329,,sim/out/host/grindsim --seed 600004 --scenario sim/mc/scenarios/fault_lc_noise_burst_1s_rnd3.json
faults,fault_lc_noise_burst_1s_rnd3,600006,SUCCESS (true err < -0.03),SUCCESS,,-0.0340,,sim/out/host/grindsim --seed 600006 --scenario sim/mc/scenarios/fault_lc_noise_burst_1s_rnd3.json
faults,fault_lc_noise_burst_1s_rnd3,600007,SUCCESS (true err < -0.03),SUCCESS,,-0.0335,,sim/out/host/grindsim --seed 600007 --scenario sim/mc/scenarios/fault_lc_noise_burst_1s_rnd3.json
faults,fault_lc_noise_burst_1s_rnd3,600009,SUCCESS (true err < -0.03),SUCCESS,,-0.0410,,sim/out/host/grindsim --seed 600009 --scenario sim/mc/scenarios/fault_lc_noise_burst_1s_rnd3.json
faults,fault_lc_noise_burst_1s_rnd3,600013,SUCCESS (true err < -0.03),SUCCESS,,-0.0338,,sim/out/host/grindsim --seed 600013 --scenario sim/mc/scenarios/fault_lc_noise_burst_1s_rnd3.json
faults,fault_lc_noise_burst_1s_rnd3,600015,SUCCESS (true err < -0.03),SUCCESS,,-0.0363,,sim/out/host/grindsim --seed 600015 --scenario sim/mc/scenarios/fault_lc_noise_burst_1s_rnd3.json
faults,fault_lc_noise_burst_1s_rnd3,600016,SUCCESS (true err < -0.03),SUCCESS,,-0.0321,,sim/out/host/grindsim --seed 600016 --scenario sim/mc/scenarios/fault_lc_noise_burst_1s_rnd3.json
faults,fault_lc_noise_burst_1s_rnd3,600019,SUCCESS (true err < -0.03),SUCCESS,,-0.0353,,sim/out/host/grindsim --seed 600019 --scenario sim/mc/scenarios/fault_lc_noise_burst_1s_rnd3.json
faults,fault_lc_noise_burst_1s_rnd4,600000,SUCCESS (true err < -0.03),SUCCESS,,-0.0344,,sim/out/host/grindsim --seed 600000 --scenario sim/mc/scenarios/fault_lc_noise_burst_1s_rnd4.json
faults,fault_lc_noise_burst_1s_rnd4,600003,SUCCESS (true err < -0.03),SUCCESS,,-0.0305,,sim/out/host/grindsim --seed 600003 --scenario sim/mc/scenarios/fault_lc_noise_burst_1s_rnd4.json
faults,fault_lc_noise_burst_1s_rnd4,600004,SUCCESS (true err < -0.03),SUCCESS,,-0.0333,,sim/out/host/grindsim --seed 600004 --scenario sim/mc/scenarios/fault_lc_noise_burst_1s_rnd4.json
faults,fault_lc_noise_burst_1s_rnd4,600005,SUCCESS (true err < -0.03),SUCCESS,,-0.0332,,sim/out/host/grindsim --seed 600005 --scenario sim/mc/scenarios/fault_lc_noise_burst_1s_rnd4.json
faults,fault_lc_noise_burst_1s_rnd4,600006,SUCCESS (true err < -0.03),SUCCESS,,-0.0381,,sim/out/host/grindsim --seed 600006 --scenario sim/mc/scenarios/fault_lc_noise_burst_1s_rnd4.json
faults,fault_lc_noise_burst_1s_rnd4,600007,SUCCESS (true err < -0.03),SUCCESS,,-0.0352,,sim/out/host/grindsim --seed 600007 --scenario sim/mc/scenarios/fault_lc_noise_burst_1s_rnd4.json
faults,fault_lc_noise_burst_1s_rnd4,600009,SUCCESS (true err < -0.03),SUCCESS,,-0.0400,,sim/out/host/grindsim --seed 600009 --scenario sim/mc/scenarios/fault_lc_noise_burst_1s_rnd4.json
faults,fault_lc_noise_burst_1s_rnd4,600010,SUCCESS (true err < -0.03),SUCCESS,,-0.0385,,sim/out/host/grindsim --seed 600010 --scenario sim/mc/scenarios/fault_lc_noise_burst_1s_rnd4.json
faults,fault_lc_noise_burst_1s_rnd4,600012,SUCCESS (true err < -0.03),SUCCESS,,-0.0343,,sim/out/host/grindsim --seed 600012 --scenario sim/mc/scenarios/fault_lc_noise_burst_1s_rnd4.json
faults,fault_lc_noise_burst_1s_rnd4,600013,SUCCESS (true err < -0.03),SUCCESS,,-0.0345,,sim/out/host/grindsim --seed 600013 --scenario sim/mc/scenarios/fault_lc_noise_burst_1s_rnd4.json
faults,fault_lc_noise_burst_1s_rnd4,600014,SUCCESS (true err < -0.03),SUCCESS,,-0.0451,,sim/out/host/grindsim --seed 600014 --scenario sim/mc/scenarios/fault_lc_noise_burst_1s_rnd4.json
faults,fault_lc_noise_burst_1s_rnd4,600015,SUCCESS (true err < -0.03),SUCCESS,,-0.0353,,sim/out/host/grindsim --seed 600015 --scenario sim/mc/scenarios/fault_lc_noise_burst_1s_rnd4.json
faults,fault_lc_noise_burst_1s_rnd4,600016,SUCCESS (true err < -0.03),SUCCESS,,-0.0359,,sim/out/host/grindsim --seed 600016 --scenario sim/mc/scenarios/fault_lc_noise_burst_1s_rnd4.json
faults,fault_lc_noise_burst_perm_pred2,600000,OVERSHOOT,OVERSHOOT,,0.0596,,sim/out/host/grindsim --seed 600000 --scenario sim/mc/scenarios/fault_lc_noise_burst_perm_pred2.json
faults,fault_lc_noise_burst_perm_pred2,600002,SUCCESS (true err < -0.03),SUCCESS,,-0.0988,,sim/out/host/grindsim --seed 600002 --scenario sim/mc/scenarios/fault_lc_noise_burst_perm_pred2.json
faults,fault_lc_noise_burst_perm_pred2,600004,OVERSHOOT,OVERSHOOT,,0.0179,,sim/out/host/grindsim --seed 600004 --scenario sim/mc/scenarios/fault_lc_noise_burst_perm_pred2.json
faults,fault_lc_noise_burst_perm_pred2,600005,OVERSHOOT,OVERSHOOT,,0.0056,,sim/out/host/grindsim --seed 600005 --scenario sim/mc/scenarios/fault_lc_noise_burst_perm_pred2.json
faults,fault_lc_noise_burst_perm_pred2,600006,SUCCESS (true err < -0.03),SUCCESS,,-0.0411,,sim/out/host/grindsim --seed 600006 --scenario sim/mc/scenarios/fault_lc_noise_burst_perm_pred2.json
faults,fault_lc_noise_burst_perm_pred2,600007,OVERSHOOT,OVERSHOOT,,0.0823,,sim/out/host/grindsim --seed 600007 --scenario sim/mc/scenarios/fault_lc_noise_burst_perm_pred2.json
faults,fault_lc_noise_burst_perm_pred2,600008,OVERSHOOT,OVERSHOOT,,0.0151,,sim/out/host/grindsim --seed 600008 --scenario sim/mc/scenarios/fault_lc_noise_burst_perm_pred2.json
faults,fault_lc_noise_burst_perm_pred2,600010,OVERSHOOT,OVERSHOOT,,0.0128,,sim/out/host/grindsim --seed 600010 --scenario sim/mc/scenarios/fault_lc_noise_burst_perm_pred2.json
faults,fault_lc_noise_burst_perm_pred2,600012,OVERSHOOT,OVERSHOOT,,-0.0063,,sim/out/host/grindsim --seed 600012 --scenario sim/mc/scenarios/fault_lc_noise_burst_perm_pred2.json
faults,fault_lc_noise_burst_perm_pred2,600014,OVERSHOOT,OVERSHOOT,,-0.0302,,sim/out/host/grindsim --seed 600014 --scenario sim/mc/scenarios/fault_lc_noise_burst_perm_pred2.json
faults,fault_lc_noise_burst_perm_pred2,600015,OVERSHOOT,OVERSHOOT,,0.0144,,sim/out/host/grindsim --seed 600015 --scenario sim/mc/scenarios/fault_lc_noise_burst_perm_pred2.json
faults,fault_lc_noise_burst_perm_pred2,600018,SUCCESS (true err > +0.03),SUCCESS,,0.0310,,sim/out/host/grindsim --seed 600018 --scenario sim/mc/scenarios/fault_lc_noise_burst_perm_pred2.json
faults,fault_lc_stuck_pdec0,600000,MAX_PULSES,MAX_PULSES,,1.3808,SAFETY-SIGNAL,sim/out/host/grindsim --seed 600000 --scenario sim/mc/scenarios/fault_lc_stuck_pdec0.json
faults,fault_lc_stuck_pdec0,600001,MAX_PULSES,MAX_PULSES,,1.3256,SAFETY-SIGNAL,sim/out/host/grindsim --seed 600001 --scenario sim/mc/scenarios/fault_lc_stuck_pdec0.json
faults,fault_lc_stuck_pdec0,600002,MAX_PULSES,MAX_PULSES,,1.2867,SAFETY-SIGNAL,sim/out/host/grindsim --seed 600002 --scenario sim/mc/scenarios/fault_lc_stuck_pdec0.json
faults,fault_lc_stuck_pdec0,600003,MAX_PULSES,MAX_PULSES,,1.3838,SAFETY-SIGNAL,sim/out/host/grindsim --seed 600003 --scenario sim/mc/scenarios/fault_lc_stuck_pdec0.json
faults,fault_lc_stuck_pdec0,600004,MAX_PULSES,MAX_PULSES,,1.2543,SAFETY-SIGNAL,sim/out/host/grindsim --seed 600004 --scenario sim/mc/scenarios/fault_lc_stuck_pdec0.json
faults,fault_lc_stuck_pdec0,600005,MAX_PULSES,MAX_PULSES,,1.3707,SAFETY-SIGNAL,sim/out/host/grindsim --seed 600005 --scenario sim/mc/scenarios/fault_lc_stuck_pdec0.json
faults,fault_lc_stuck_pdec0,600006,MAX_PULSES,MAX_PULSES,,1.4390,SAFETY-SIGNAL,sim/out/host/grindsim --seed 600006 --scenario sim/mc/scenarios/fault_lc_stuck_pdec0.json
faults,fault_lc_stuck_pdec0,600007,MAX_PULSES,MAX_PULSES,,1.3109,SAFETY-SIGNAL,sim/out/host/grindsim --seed 600007 --scenario sim/mc/scenarios/fault_lc_stuck_pdec0.json
faults,fault_lc_stuck_pdec0,600008,MAX_PULSES,MAX_PULSES,,1.3387,SAFETY-SIGNAL,sim/out/host/grindsim --seed 600008 --scenario sim/mc/scenarios/fault_lc_stuck_pdec0.json
faults,fault_lc_stuck_pdec0,600009,MAX_PULSES,MAX_PULSES,,1.2099,SAFETY-SIGNAL,sim/out/host/grindsim --seed 600009 --scenario sim/mc/scenarios/fault_lc_stuck_pdec0.json
faults,fault_lc_stuck_pdec0,600010,MAX_PULSES,MAX_PULSES,,1.2053,SAFETY-SIGNAL,sim/out/host/grindsim --seed 600010 --scenario sim/mc/scenarios/fault_lc_stuck_pdec0.json
faults,fault_lc_stuck_pdec0,600011,MAX_PULSES,MAX_PULSES,,1.1953,SAFETY-SIGNAL,sim/out/host/grindsim --seed 600011 --scenario sim/mc/scenarios/fault_lc_stuck_pdec0.json
faults,fault_lc_stuck_pdec0,600012,MAX_PULSES,MAX_PULSES,,1.2140,SAFETY-SIGNAL,sim/out/host/grindsim --seed 600012 --scenario sim/mc/scenarios/fault_lc_stuck_pdec0.json
faults,fault_lc_stuck_pdec0,600013,MAX_PULSES,MAX_PULSES,,1.3770,SAFETY-SIGNAL,sim/out/host/grindsim --seed 600013 --scenario sim/mc/scenarios/fault_lc_stuck_pdec0.json
faults,fault_lc_stuck_pdec0,600014,MAX_PULSES,MAX_PULSES,,1.3004,SAFETY-SIGNAL,sim/out/host/grindsim --seed 600014 --scenario sim/mc/scenarios/fault_lc_stuck_pdec0.json
faults,fault_lc_stuck_pdec0,600015,MAX_PULSES,MAX_PULSES,,1.3661,SAFETY-SIGNAL,sim/out/host/grindsim --seed 600015 --scenario sim/mc/scenarios/fault_lc_stuck_pdec0.json
faults,fault_lc_stuck_pdec0,600016,MAX_PULSES,MAX_PULSES,,1.1760,SAFETY-SIGNAL,sim/out/host/grindsim --seed 600016 --scenario sim/mc/scenarios/fault_lc_stuck_pdec0.json
faults,fault_lc_stuck_pdec0,600017,MAX_PULSES,MAX_PULSES,,1.3642,SAFETY-SIGNAL,sim/out/host/grindsim --seed 600017 --scenario sim/mc/scenarios/fault_lc_stuck_pdec0.json
faults,fault_lc_stuck_pdec0,600018,MAX_PULSES,MAX_PULSES,,1.0671,SAFETY-SIGNAL,sim/out/host/grindsim --seed 600018 --scenario sim/mc/scenarios/fault_lc_stuck_pdec0.json
faults,fault_lc_stuck_pdec0,600019,MAX_PULSES,MAX_PULSES,,1.2982,SAFETY-SIGNAL,sim/out/host/grindsim --seed 600019 --scenario sim/mc/scenarios/fault_lc_stuck_pdec0.json
faults,fault_lc_stuck_pred0_5,600000,ERROR 'No beans?',ERROR,No beans?,-7.6166,SAFETY-SIGNAL,sim/out/host/grindsim --seed 600000 --scenario sim/mc/scenarios/fault_lc_stuck_pred0_5.json
faults,fault_lc_stuck_pred0_5,600001,ERROR 'No beans?',ERROR,No beans?,-8.5592,SAFETY-SIGNAL,sim/out/host/grindsim --seed 600001 --scenario sim/mc/scenarios/fault_lc_stuck_pred0_5.json
faults,fault_lc_stuck_pred0_5,600002,ERROR 'No beans?',ERROR,No beans?,-8.4986,SAFETY-SIGNAL,sim/out/host/grindsim --seed 600002 --scenario sim/mc/scenarios/fault_lc_stuck_pred0_5.json
faults,fault_lc_stuck_pred0_5,600003,ERROR 'No beans?',ERROR,No beans?,-8.2322,SAFETY-SIGNAL,sim/out/host/grindsim --seed 600003 --scenario sim/mc/scenarios/fault_lc_stuck_pred0_5.json
faults,fault_lc_stuck_pred0_5,600004,ERROR 'No beans?',ERROR,No beans?,-8.6283,SAFETY-SIGNAL,sim/out/host/grindsim --seed 600004 --scenario sim/mc/scenarios/fault_lc_stuck_pred0_5.json
faults,fault_lc_stuck_pred0_5,600005,ERROR 'No beans?',ERROR,No beans?,-8.6297,SAFETY-SIGNAL,sim/out/host/grindsim --seed 600005 --scenario sim/mc/scenarios/fault_lc_stuck_pred0_5.json
faults,fault_lc_stuck_pred0_5,600006,ERROR 'No beans?',ERROR,No beans?,-8.6570,SAFETY-SIGNAL,sim/out/host/grindsim --seed 600006 --scenario sim/mc/scenarios/fault_lc_stuck_pred0_5.json
faults,fault_lc_stuck_pred0_5,600007,ERROR 'No beans?',ERROR,No beans?,-7.3218,SAFETY-SIGNAL,sim/out/host/grindsim --seed 600007 --scenario sim/mc/scenarios/fault_lc_stuck_pred0_5.json
faults,fault_lc_stuck_pred0_5,600008,ERROR 'No beans?',ERROR,No beans?,-8.3535,SAFETY-SIGNAL,sim/out/host/grindsim --seed 600008 --scenario sim/mc/scenarios/fault_lc_stuck_pred0_5.json
faults,fault_lc_stuck_pred0_5,600009,ERROR 'No beans?',ERROR,No beans?,-8.7559,SAFETY-SIGNAL,sim/out/host/grindsim --seed 600009 --scenario sim/mc/scenarios/fault_lc_stuck_pred0_5.json
faults,fault_lc_stuck_pred0_5,600010,ERROR 'No beans?',ERROR,No beans?,-8.3800,SAFETY-SIGNAL,sim/out/host/grindsim --seed 600010 --scenario sim/mc/scenarios/fault_lc_stuck_pred0_5.json
faults,fault_lc_stuck_pred0_5,600011,ERROR 'No beans?',ERROR,No beans?,-8.5256,SAFETY-SIGNAL,sim/out/host/grindsim --seed 600011 --scenario sim/mc/scenarios/fault_lc_stuck_pred0_5.json
faults,fault_lc_stuck_pred0_5,600012,ERROR 'No beans?',ERROR,No beans?,-8.7484,SAFETY-SIGNAL,sim/out/host/grindsim --seed 600012 --scenario sim/mc/scenarios/fault_lc_stuck_pred0_5.json
faults,fault_lc_stuck_pred0_5,600013,ERROR 'No beans?',ERROR,No beans?,-8.1216,SAFETY-SIGNAL,sim/out/host/grindsim --seed 600013 --scenario sim/mc/scenarios/fault_lc_stuck_pred0_5.json
faults,fault_lc_stuck_pred0_5,600014,ERROR 'No beans?',ERROR,No beans?,-8.6853,SAFETY-SIGNAL,sim/out/host/grindsim --seed 600014 --scenario sim/mc/scenarios/fault_lc_stuck_pred0_5.json
faults,fault_lc_stuck_pred0_5,600015,ERROR 'No beans?',ERROR,No beans?,-8.5845,SAFETY-SIGNAL,sim/out/host/grindsim --seed 600015 --scenario sim/mc/scenarios/fault_lc_stuck_pred0_5.json
faults,fault_lc_stuck_pred0_5,600016,ERROR 'No beans?',ERROR,No beans?,-8.8028,SAFETY-SIGNAL,sim/out/host/grindsim --seed 600016 --scenario sim/mc/scenarios/fault_lc_stuck_pred0_5.json
faults,fault_lc_stuck_pred0_5,600017,ERROR 'No beans?',ERROR,No beans?,-8.6351,SAFETY-SIGNAL,sim/out/host/grindsim --seed 600017 --scenario sim/mc/scenarios/fault_lc_stuck_pred0_5.json
faults,fault_lc_stuck_pred0_5,600018,ERROR 'No beans?',ERROR,No beans?,-7.4877,SAFETY-SIGNAL,sim/out/host/grindsim --seed 600018 --scenario sim/mc/scenarios/fault_lc_stuck_pred0_5.json
faults,fault_lc_stuck_pred0_5,600019,ERROR 'No beans?',ERROR,No beans?,-8.4796,SAFETY-SIGNAL,sim/out/host/grindsim --seed 600019 --scenario sim/mc/scenarios/fault_lc_stuck_pred0_5.json
faults,fault_lc_stuck_pred2,600000,ERROR 'No beans?',ERROR,No beans?,-5.0342,SAFETY-SIGNAL,sim/out/host/grindsim --seed 600000 --scenario sim/mc/scenarios/fault_lc_stuck_pred2.json
faults,fault_lc_stuck_pred2,600001,ERROR 'No beans?',ERROR,No beans?,-4.7966,SAFETY-SIGNAL,sim/out/host/grindsim --seed 600001 --scenario sim/mc/scenarios/fault_lc_stuck_pred2.json
faults,fault_lc_stuck_pred2,600002,ERROR 'No beans?',ERROR,No beans?,-4.6460,SAFETY-SIGNAL,sim/out/host/grindsim --seed 600002 --scenario sim/mc/scenarios/fault_lc_stuck_pred2.json
faults,fault_lc_stuck_pred2,600003,ERROR 'No beans?',ERROR,No beans?,-4.3409,SAFETY-SIGNAL,sim/out/host/grindsim --seed 600003 --scenario sim/mc/scenarios/fault_lc_stuck_pred2.json
faults,fault_lc_stuck_pred2,600004,ERROR 'No beans?',ERROR,No beans?,-4.7722,SAFETY-SIGNAL,sim/out/host/grindsim --seed 600004 --scenario sim/mc/scenarios/fault_lc_stuck_pred2.json
faults,fault_lc_stuck_pred2,600005,ERROR 'No beans?',ERROR,No beans?,-5.1004,SAFETY-SIGNAL,sim/out/host/grindsim --seed 600005 --scenario sim/mc/scenarios/fault_lc_stuck_pred2.json
faults,fault_lc_stuck_pred2,600006,ERROR 'No beans?',ERROR,No beans?,-4.6560,SAFETY-SIGNAL,sim/out/host/grindsim --seed 600006 --scenario sim/mc/scenarios/fault_lc_stuck_pred2.json
faults,fault_lc_stuck_pred2,600007,ERROR 'No beans?',ERROR,No beans?,-4.7390,SAFETY-SIGNAL,sim/out/host/grindsim --seed 600007 --scenario sim/mc/scenarios/fault_lc_stuck_pred2.json
faults,fault_lc_stuck_pred2,600008,ERROR 'No beans?',ERROR,No beans?,-4.5668,SAFETY-SIGNAL,sim/out/host/grindsim --seed 600008 --scenario sim/mc/scenarios/fault_lc_stuck_pred2.json
faults,fault_lc_stuck_pred2,600009,ERROR 'No beans?',ERROR,No beans?,-5.1814,SAFETY-SIGNAL,sim/out/host/grindsim --seed 600009 --scenario sim/mc/scenarios/fault_lc_stuck_pred2.json
faults,fault_lc_stuck_pred2,600010,ERROR 'No beans?',ERROR,No beans?,-4.6414,SAFETY-SIGNAL,sim/out/host/grindsim --seed 600010 --scenario sim/mc/scenarios/fault_lc_stuck_pred2.json
faults,fault_lc_stuck_pred2,600011,ERROR 'No beans?',ERROR,No beans?,-4.8577,SAFETY-SIGNAL,sim/out/host/grindsim --seed 600011 --scenario sim/mc/scenarios/fault_lc_stuck_pred2.json
faults,fault_lc_stuck_pred2,600012,ERROR 'No beans?',ERROR,No beans?,-4.6780,SAFETY-SIGNAL,sim/out/host/grindsim --seed 600012 --scenario sim/mc/scenarios/fault_lc_stuck_pred2.json
faults,fault_lc_stuck_pred2,600013,ERROR 'No beans?',ERROR,No beans?,-4.3934,SAFETY-SIGNAL,sim/out/host/grindsim --seed 600013 --scenario sim/mc/scenarios/fault_lc_stuck_pred2.json
faults,fault_lc_stuck_pred2,600014,ERROR 'No beans?',ERROR,No beans?,-5.1469,SAFETY-SIGNAL,sim/out/host/grindsim --seed 600014 --scenario sim/mc/scenarios/fault_lc_stuck_pred2.json
faults,fault_lc_stuck_pred2,600015,ERROR 'No beans?',ERROR,No beans?,-4.6868,SAFETY-SIGNAL,sim/out/host/grindsim --seed 600015 --scenario sim/mc/scenarios/fault_lc_stuck_pred2.json
faults,fault_lc_stuck_pred2,600016,ERROR 'No beans?',ERROR,No beans?,-5.1462,SAFETY-SIGNAL,sim/out/host/grindsim --seed 600016 --scenario sim/mc/scenarios/fault_lc_stuck_pred2.json
faults,fault_lc_stuck_pred2,600017,ERROR 'No beans?',ERROR,No beans?,-5.1853,SAFETY-SIGNAL,sim/out/host/grindsim --seed 600017 --scenario sim/mc/scenarios/fault_lc_stuck_pred2.json
faults,fault_lc_stuck_pred2,600018,ERROR 'No beans?',ERROR,No beans?,-4.3830,SAFETY-SIGNAL,sim/out/host/grindsim --seed 600018 --scenario sim/mc/scenarios/fault_lc_stuck_pred2.json
faults,fault_lc_stuck_pred2,600019,ERROR 'No beans?',ERROR,No beans?,-4.6887,SAFETY-SIGNAL,sim/out/host/grindsim --seed 600019 --scenario sim/mc/scenarios/fault_lc_stuck_pred2.json
faults,fault_lc_stuck_pred5,600000,ERROR 'No beans?',ERROR,No beans?,0.2231,SAFETY-SIGNAL,sim/out/host/grindsim --seed 600000 --scenario sim/mc/scenarios/fault_lc_stuck_pred5.json
faults,fault_lc_stuck_pred5,600001,ERROR 'No beans?',ERROR,No beans?,0.1847,SAFETY-SIGNAL,sim/out/host/grindsim --seed 600001 --scenario sim/mc/scenarios/fault_lc_stuck_pred5.json
faults,fault_lc_stuck_pred5,600002,ERROR 'No beans?',ERROR,No beans?,0.3213,SAFETY-SIGNAL,sim/out/host/grindsim --seed 600002 --scenario sim/mc/scenarios/fault_lc_stuck_pred5.json
faults,fault_lc_stuck_pred5,600003,ERROR 'No beans?',ERROR,No beans?,0.6598,SAFETY-SIGNAL,sim/out/host/grindsim --seed 600003 --scenario sim/mc/scenarios/fault_lc_stuck_pred5.json
faults,fault_lc_stuck_pred5,600004,ERROR 'No beans?',ERROR,No beans?,0.3559,SAFETY-SIGNAL,sim/out/host/grindsim --seed 600004 --scenario sim/mc/scenarios/fault_lc_stuck_pred5.json
faults,fault_lc_stuck_pred5,600005,ERROR 'No beans?',ERROR,No beans?,0.3139,SAFETY-SIGNAL,sim/out/host/grindsim --seed 600005 --scenario sim/mc/scenarios/fault_lc_stuck_pred5.json
faults,fault_lc_stuck_pred5,600006,ERROR 'No beans?',ERROR,No beans?,0.5347,SAFETY-SIGNAL,sim/out/host/grindsim --seed 600006 --scenario sim/mc/scenarios/fault_lc_stuck_pred5.json
faults,fault_lc_stuck_pred5,600007,ERROR 'No beans?',ERROR,No beans?,0.4918,SAFETY-SIGNAL,sim/out/host/grindsim --seed 600007 --scenario sim/mc/scenarios/fault_lc_stuck_pred5.json
faults,fault_lc_stuck_pred5,600008,ERROR 'No beans?',ERROR,No beans?,0.5015,SAFETY-SIGNAL,sim/out/host/grindsim --seed 600008 --scenario sim/mc/scenarios/fault_lc_stuck_pred5.json
faults,fault_lc_stuck_pred5,600009,ERROR 'No beans?',ERROR,No beans?,0.3669,SAFETY-SIGNAL,sim/out/host/grindsim --seed 600009 --scenario sim/mc/scenarios/fault_lc_stuck_pred5.json
faults,fault_lc_stuck_pred5,600010,ERROR 'No beans?',ERROR,No beans?,0.4119,SAFETY-SIGNAL,sim/out/host/grindsim --seed 600010 --scenario sim/mc/scenarios/fault_lc_stuck_pred5.json
faults,fault_lc_stuck_pred5,600011,ERROR 'No beans?',ERROR,No beans?,0.3015,SAFETY-SIGNAL,sim/out/host/grindsim --seed 600011 --scenario sim/mc/scenarios/fault_lc_stuck_pred5.json
faults,fault_lc_stuck_pred5,600012,ERROR 'No beans?',ERROR,No beans?,0.3101,SAFETY-SIGNAL,sim/out/host/grindsim --seed 600012 --scenario sim/mc/scenarios/fault_lc_stuck_pred5.json
faults,fault_lc_stuck_pred5,600013,ERROR 'No beans?',ERROR,No beans?,0.4900,SAFETY-SIGNAL,sim/out/host/grindsim --seed 600013 --scenario sim/mc/scenarios/fault_lc_stuck_pred5.json
faults,fault_lc_stuck_pred5,600014,ERROR 'No beans?',ERROR,No beans?,0.2832,SAFETY-SIGNAL,sim/out/host/grindsim --seed 600014 --scenario sim/mc/scenarios/fault_lc_stuck_pred5.json
faults,fault_lc_stuck_pred5,600015,ERROR 'No beans?',ERROR,No beans?,0.5249,SAFETY-SIGNAL,sim/out/host/grindsim --seed 600015 --scenario sim/mc/scenarios/fault_lc_stuck_pred5.json
faults,fault_lc_stuck_pred5,600016,ERROR 'No beans?',ERROR,No beans?,0.2377,SAFETY-SIGNAL,sim/out/host/grindsim --seed 600016 --scenario sim/mc/scenarios/fault_lc_stuck_pred5.json
faults,fault_lc_stuck_pred5,600017,ERROR 'No beans?',ERROR,No beans?,0.2377,SAFETY-SIGNAL,sim/out/host/grindsim --seed 600017 --scenario sim/mc/scenarios/fault_lc_stuck_pred5.json
faults,fault_lc_stuck_pred5,600018,ERROR 'No beans?',ERROR,No beans?,0.6281,SAFETY-SIGNAL,sim/out/host/grindsim --seed 600018 --scenario sim/mc/scenarios/fault_lc_stuck_pred5.json
faults,fault_lc_stuck_pred5,600019,ERROR 'No beans?',ERROR,No beans?,0.4654,SAFETY-SIGNAL,sim/out/host/grindsim --seed 600019 --scenario sim/mc/scenarios/fault_lc_stuck_pred5.json
faults,fault_lc_stuck_rnd1,600000,ERROR 'No beans?',ERROR,No beans?,-8.5342,SAFETY-SIGNAL,sim/out/host/grindsim --seed 600000 --scenario sim/mc/scenarios/fault_lc_stuck_rnd1.json
faults,fault_lc_stuck_rnd1,600001,ERROR 'No beans?',ERROR,No beans?,-8.5592,SAFETY-SIGNAL,sim/out/host/grindsim --seed 600001 --scenario sim/mc/scenarios/fault_lc_stuck_rnd1.json
faults,fault_lc_stuck_rnd1,600002,ERROR 'No beans?',ERROR,No beans?,-8.4986,SAFETY-SIGNAL,sim/out/host/grindsim --seed 600002 --scenario sim/mc/scenarios/fault_lc_stuck_rnd1.json
faults,fault_lc_stuck_rnd1,600003,ERROR 'No beans?',ERROR,No beans?,-8.2322,SAFETY-SIGNAL,sim/out/host/grindsim --seed 600003 --scenario sim/mc/scenarios/fault_lc_stuck_rnd1.json
faults,fault_lc_stuck_rnd1,600004,ERROR 'No beans?',ERROR,No beans?,-8.6283,SAFETY-SIGNAL,sim/out/host/grindsim --seed 600004 --scenario sim/mc/scenarios/fault_lc_stuck_rnd1.json
faults,fault_lc_stuck_rnd1,600005,ERROR 'No beans?',ERROR,No beans?,-8.6297,SAFETY-SIGNAL,sim/out/host/grindsim --seed 600005 --scenario sim/mc/scenarios/fault_lc_stuck_rnd1.json
faults,fault_lc_stuck_rnd1,600006,ERROR 'No beans?',ERROR,No beans?,-8.6570,SAFETY-SIGNAL,sim/out/host/grindsim --seed 600006 --scenario sim/mc/scenarios/fault_lc_stuck_rnd1.json
faults,fault_lc_stuck_rnd1,600007,ERROR 'No beans?',ERROR,No beans?,-8.2548,SAFETY-SIGNAL,sim/out/host/grindsim --seed 600007 --scenario sim/mc/scenarios/fault_lc_stuck_rnd1.json
faults,fault_lc_stuck_rnd1,600008,ERROR 'No beans?',ERROR,No beans?,-8.3535,SAFETY-SIGNAL,sim/out/host/grindsim --seed 600008 --scenario sim/mc/scenarios/fault_lc_stuck_rnd1.json
faults,fault_lc_stuck_rnd1,600009,ERROR 'No beans?',ERROR,No beans?,-8.7559,SAFETY-SIGNAL,sim/out/host/grindsim --seed 600009 --scenario sim/mc/scenarios/fault_lc_stuck_rnd1.json
faults,fault_lc_stuck_rnd1,600010,ERROR 'No beans?',ERROR,No beans?,-8.3800,SAFETY-SIGNAL,sim/out/host/grindsim --seed 600010 --scenario sim/mc/scenarios/fault_lc_stuck_rnd1.json
faults,fault_lc_stuck_rnd1,600011,ERROR 'No beans?',ERROR,No beans?,-8.5256,SAFETY-SIGNAL,sim/out/host/grindsim --seed 600011 --scenario sim/mc/scenarios/fault_lc_stuck_rnd1.json
faults,fault_lc_stuck_rnd1,600012,ERROR 'No beans?',ERROR,No beans?,-8.7484,SAFETY-SIGNAL,sim/out/host/grindsim --seed 600012 --scenario sim/mc/scenarios/fault_lc_stuck_rnd1.json
faults,fault_lc_stuck_rnd1,600013,ERROR 'No beans?',ERROR,No beans?,-8.1216,SAFETY-SIGNAL,sim/out/host/grindsim --seed 600013 --scenario sim/mc/scenarios/fault_lc_stuck_rnd1.json
faults,fault_lc_stuck_rnd1,600014,ERROR 'No beans?',ERROR,No beans?,-8.6853,SAFETY-SIGNAL,sim/out/host/grindsim --seed 600014 --scenario sim/mc/scenarios/fault_lc_stuck_rnd1.json
faults,fault_lc_stuck_rnd1,600015,ERROR 'No beans?',ERROR,No beans?,-8.5845,SAFETY-SIGNAL,sim/out/host/grindsim --seed 600015 --scenario sim/mc/scenarios/fault_lc_stuck_rnd1.json
faults,fault_lc_stuck_rnd1,600016,ERROR 'No beans?',ERROR,No beans?,-8.8028,SAFETY-SIGNAL,sim/out/host/grindsim --seed 600016 --scenario sim/mc/scenarios/fault_lc_stuck_rnd1.json
faults,fault_lc_stuck_rnd1,600017,ERROR 'No beans?',ERROR,No beans?,-8.6351,SAFETY-SIGNAL,sim/out/host/grindsim --seed 600017 --scenario sim/mc/scenarios/fault_lc_stuck_rnd1.json
faults,fault_lc_stuck_rnd1,600018,ERROR 'No beans?',ERROR,No beans?,-8.4360,SAFETY-SIGNAL,sim/out/host/grindsim --seed 600018 --scenario sim/mc/scenarios/fault_lc_stuck_rnd1.json
faults,fault_lc_stuck_rnd1,600019,ERROR 'No beans?',ERROR,No beans?,-8.4796,SAFETY-SIGNAL,sim/out/host/grindsim --seed 600019 --scenario sim/mc/scenarios/fault_lc_stuck_rnd1.json
faults,fault_lc_stuck_rnd2,600000,ERROR 'No beans?',ERROR,No beans?,-6.1768,SAFETY-SIGNAL,sim/out/host/grindsim --seed 600000 --scenario sim/mc/scenarios/fault_lc_stuck_rnd2.json
faults,fault_lc_stuck_rnd2,600001,ERROR 'No beans?',ERROR,No beans?,-6.4414,SAFETY-SIGNAL,sim/out/host/grindsim --seed 600001 --scenario sim/mc/scenarios/fault_lc_stuck_rnd2.json
faults,fault_lc_stuck_rnd2,600002,ERROR 'No beans?',ERROR,No beans?,-5.8991,SAFETY-SIGNAL,sim/out/host/grindsim --seed 600002 --scenario sim/mc/scenarios/fault_lc_stuck_rnd2.json
faults,fault_lc_stuck_rnd2,600003,ERROR 'No beans?',ERROR,No beans?,-5.8620,SAFETY-SIGNAL,sim/out/host/grindsim --seed 600003 --scenario sim/mc/scenarios/fault_lc_stuck_rnd2.json
faults,fault_lc_stuck_rnd2,600004,ERROR 'No beans?',ERROR,No beans?,-6.1220,SAFETY-SIGNAL,sim/out/host/grindsim --seed 600004 --scenario sim/mc/scenarios/fault_lc_stuck_rnd2.json
faults,fault_lc_stuck_rnd2,600005,ERROR 'No beans?',ERROR,No beans?,-6.2505,SAFETY-SIGNAL,sim/out/host/grindsim --seed 600005 --scenario sim/mc/scenarios/fault_lc_stuck_rnd2.json
faults,fault_lc_stuck_rnd2,600006,ERROR 'No beans?',ERROR,No beans?,-5.9824,SAFETY-SIGNAL,sim/out/host/grindsim --seed 600006 --scenario sim/mc/scenarios/fault_lc_stuck_rnd2.json
faults,fault_lc_stuck_rnd2,600007,ERROR 'No beans?',ERROR,No beans?,-5.9898,SAFETY-SIGNAL,sim/out/host/grindsim --seed 600007 --scenario sim/mc/scenarios/fault_lc_stuck_rnd2.json
faults,fault_lc_stuck_rnd2,600008,ERROR 'No beans?',ERROR,No beans?,-6.0651,SAFETY-SIGNAL,sim/out/host/grindsim --seed 600008 --scenario sim/mc/scenarios/fault_lc_stuck_rnd2.json
faults,fault_lc_stuck_rnd2,600009,ERROR 'No beans?',ERROR,No beans?,-6.3217,SAFETY-SIGNAL,sim/out/host/grindsim --seed 600009 --scenario sim/mc/scenarios/fault_lc_stuck_rnd2.json
faults,fault_lc_stuck_rnd2,600010,ERROR 'No beans?',ERROR,No beans?,-5.7832,SAFETY-SIGNAL,sim/out/host/grindsim --seed 600010 --scenario sim/mc/scenarios/fault_lc_stuck_rnd2.json
faults,fault_lc_stuck_rnd2,600011,ERROR 'No beans?',ERROR,No beans?,-6.4303,SAFETY-SIGNAL,sim/out/host/grindsim --seed 600011 --scenario sim/mc/scenarios/fault_lc_stuck_rnd2.json
faults,fault_lc_stuck_rnd2,600012,ERROR 'No beans?',ERROR,No beans?,-6.3805,SAFETY-SIGNAL,sim/out/host/grindsim --seed 600012 --scenario sim/mc/scenarios/fault_lc_stuck_rnd2.json
faults,fault_lc_stuck_rnd2,600013,ERROR 'No beans?',ERROR,No beans?,-5.8831,SAFETY-SIGNAL,sim/out/host/grindsim --seed 600013 --scenario sim/mc/scenarios/fault_lc_stuck_rnd2.json
faults,fault_lc_stuck_rnd2,600014,ERROR 'No beans?',ERROR,No beans?,-6.2006,SAFETY-SIGNAL,sim/out/host/grindsim --seed 600014 --scenario sim/mc/scenarios/fault_lc_stuck_rnd2.json
faults,fault_lc_stuck_rnd2,600015,ERROR 'No beans?',ERROR,No beans?,-6.1564,SAFETY-SIGNAL,sim/out/host/grindsim --seed 600015 --scenario sim/mc/scenarios/fault_lc_stuck_rnd2.json
faults,fault_lc_stuck_rnd2,600016,ERROR 'No beans?',ERROR,No beans?,-6.5206,SAFETY-SIGNAL,sim/out/host/grindsim --seed 600016 --scenario sim/mc/scenarios/fault_lc_stuck_rnd2.json
faults,fault_lc_stuck_rnd2,600017,ERROR 'No beans?',ERROR,No beans?,-6.2684,SAFETY-SIGNAL,sim/out/host/grindsim --seed 600017 --scenario sim/mc/scenarios/fault_lc_stuck_rnd2.json
faults,fault_lc_stuck_rnd2,600018,ERROR 'No beans?',ERROR,No beans?,-6.2162,SAFETY-SIGNAL,sim/out/host/grindsim --seed 600018 --scenario sim/mc/scenarios/fault_lc_stuck_rnd2.json
faults,fault_lc_stuck_rnd2,600019,ERROR 'No beans?',ERROR,No beans?,-6.0619,SAFETY-SIGNAL,sim/out/host/grindsim --seed 600019 --scenario sim/mc/scenarios/fault_lc_stuck_rnd2.json
faults,fault_lc_stuck_rnd3,600000,ERROR 'No beans?',ERROR,No beans?,1.4971,SAFETY-SIGNAL,sim/out/host/grindsim --seed 600000 --scenario sim/mc/scenarios/fault_lc_stuck_rnd3.json
faults,fault_lc_stuck_rnd3,600001,ERROR 'No beans?',ERROR,No beans?,1.3845,SAFETY-SIGNAL,sim/out/host/grindsim --seed 600001 --scenario sim/mc/scenarios/fault_lc_stuck_rnd3.json
faults,fault_lc_stuck_rnd3,600002,ERROR 'No beans?',ERROR,No beans?,1.3684,SAFETY-SIGNAL,sim/out/host/grindsim --seed 600002 --scenario sim/mc/scenarios/fault_lc_stuck_rnd3.json
faults,fault_lc_stuck_rnd3,600003,ERROR 'No beans?',ERROR,No beans?,1.4634,SAFETY-SIGNAL,sim/out/host/grindsim --seed 600003 --scenario sim/mc/scenarios/fault_lc_stuck_rnd3.json
faults,fault_lc_stuck_rnd3,600004,ERROR 'No beans?',ERROR,No beans?,1.4204,SAFETY-SIGNAL,sim/out/host/grindsim --seed 600004 --scenario sim/mc/scenarios/fault_lc_stuck_rnd3.json
faults,fault_lc_stuck_rnd3,600005,ERROR 'No beans?',ERROR,No beans?,1.4770,SAFETY-SIGNAL,sim/out/host/grindsim --seed 600005 --scenario sim/mc/scenarios/fault_lc_stuck_rnd3.json
faults,fault_lc_stuck_rnd3,600006,ERROR 'No beans?',ERROR,No beans?,1.5484,SAFETY-SIGNAL,sim/out/host/grindsim --seed 600006 --scenario sim/mc/scenarios/fault_lc_stuck_rnd3.json
faults,fault_lc_stuck_rnd3,600007,ERROR 'No beans?',ERROR,No beans?,1.4876,SAFETY-SIGNAL,sim/out/host/grindsim --seed 600007 --scenario sim/mc/scenarios/fault_lc_stuck_rnd3.json
faults,fault_lc_stuck_rnd3,600008,ERROR 'No beans?',ERROR,No beans?,1.4292,SAFETY-SIGNAL,sim/out/host/grindsim --seed 600008 --scenario sim/mc/scenarios/fault_lc_stuck_rnd3.json
faults,fault_lc_stuck_rnd3,600009,ERROR 'No beans?',ERROR,No beans?,1.3195,SAFETY-SIGNAL,sim/out/host/grindsim --seed 600009 --scenario sim/mc/scenarios/fault_lc_stuck_rnd3.json
faults,fault_lc_stuck_rnd3,600010,ERROR 'No beans?',ERROR,No beans?,1.3981,SAFETY-SIGNAL,sim/out/host/grindsim --seed 600010 --scenario sim/mc/scenarios/fault_lc_stuck_rnd3.json
faults,fault_lc_stuck_rnd3,600011,ERROR 'No beans?',ERROR,No beans?,1.2854,SAFETY-SIGNAL,sim/out/host/grindsim --seed 600011 --scenario sim/mc/scenarios/fault_lc_stuck_rnd3.json
faults,fault_lc_stuck_rnd3,600012,ERROR 'No beans?',ERROR,No beans?,1.3282,SAFETY-SIGNAL,sim/out/host/grindsim --seed 600012 --scenario sim/mc/scenarios/fault_lc_stuck_rnd3.json
faults,fault_lc_stuck_rnd3,600013,ERROR 'No beans?',ERROR,No beans?,1.4591,SAFETY-SIGNAL,sim/out/host/grindsim --seed 600013 --scenario sim/mc/scenarios/fault_lc_stuck_rnd3.json
faults,fault_lc_stuck_rnd3,600014,ERROR 'No beans?',ERROR,No beans?,1.3709,SAFETY-SIGNAL,sim/out/host/grindsim --seed 600014 --scenario sim/mc/scenarios/fault_lc_stuck_rnd3.json
faults,fault_lc_stuck_rnd3,600015,ERROR 'No beans?',ERROR,No beans?,1.4822,SAFETY-SIGNAL,sim/out/host/grindsim --seed 600015 --scenario sim/mc/scenarios/fault_lc_stuck_rnd3.json
faults,fault_lc_stuck_rnd3,600016,ERROR 'No beans?',ERROR,No beans?,1.3670,SAFETY-SIGNAL,sim/out/host/grindsim --seed 600016 --scenario sim/mc/scenarios/fault_lc_stuck_rnd3.json
faults,fault_lc_stuck_rnd3,600017,ERROR 'No beans?',ERROR,No beans?,1.4923,SAFETY-SIGNAL,sim/out/host/grindsim --seed 600017 --scenario sim/mc/scenarios/fault_lc_stuck_rnd3.json
faults,fault_lc_stuck_rnd3,600018,ERROR 'No beans?',ERROR,No beans?,1.4983,SAFETY-SIGNAL,sim/out/host/grindsim --seed 600018 --scenario sim/mc/scenarios/fault_lc_stuck_rnd3.json
faults,fault_lc_stuck_rnd3,600019,ERROR 'No beans?',ERROR,No beans?,1.4289,SAFETY-SIGNAL,sim/out/host/grindsim --seed 600019 --scenario sim/mc/scenarios/fault_lc_stuck_rnd3.json
faults,fault_lc_stuck_rnd4,600000,MAX_PULSES,MAX_PULSES,,1.3396,SAFETY-SIGNAL,sim/out/host/grindsim --seed 600000 --scenario sim/mc/scenarios/fault_lc_stuck_rnd4.json
faults,fault_lc_stuck_rnd4,600001,MAX_PULSES,MAX_PULSES,,1.3256,SAFETY-SIGNAL,sim/out/host/grindsim --seed 600001 --scenario sim/mc/scenarios/fault_lc_stuck_rnd4.json
faults,fault_lc_stuck_rnd4,600002,MAX_PULSES,MAX_PULSES,,1.2893,SAFETY-SIGNAL,sim/out/host/grindsim --seed 600002 --scenario sim/mc/scenarios/fault_lc_stuck_rnd4.json
faults,fault_lc_stuck_rnd4,600003,MAX_PULSES,MAX_PULSES,,0.7687,SAFETY-SIGNAL,sim/out/host/grindsim --seed 600003 --scenario sim/mc/scenarios/fault_lc_stuck_rnd4.json
faults,fault_lc_stuck_rnd4,600004,MAX_PULSES,MAX_PULSES,,1.2692,SAFETY-SIGNAL,sim/out/host/grindsim --seed 600004 --scenario sim/mc/scenarios/fault_lc_stuck_rnd4.json
faults,fault_lc_stuck_rnd4,600005,MAX_PULSES,MAX_PULSES,,1.2680,SAFETY-SIGNAL,sim/out/host/grindsim --seed 600005 --scenario sim/mc/scenarios/fault_lc_stuck_rnd4.json
faults,fault_lc_stuck_rnd4,600006,MAX_PULSES,MAX_PULSES,,0.2447,SAFETY-SIGNAL,sim/out/host/grindsim --seed 600006 --scenario sim/mc/scenarios/fault_lc_stuck_rnd4.json
faults,fault_lc_stuck_rnd4,600007,MAX_PULSES,MAX_PULSES,,1.2691,SAFETY-SIGNAL,sim/out/host/grindsim --seed 600007 --scenario sim/mc/scenarios/fault_lc_stuck_rnd4.json
faults,fault_lc_stuck_rnd4,600008,MAX_PULSES,MAX_PULSES,,1.1458,SAFETY-SIGNAL,sim/out/host/grindsim --seed 600008 --scenario sim/mc/scenarios/fault_lc_stuck_rnd4.json
faults,fault_lc_stuck_rnd4,600009,MAX_PULSES,MAX_PULSES,,0.8730,SAFETY-SIGNAL,sim/out/host/grindsim --seed 600009 --scenario sim/mc/scenarios/fault_lc_stuck_rnd4.json
faults,fault_lc_stuck_rnd4,600010,MAX_PULSES,MAX_PULSES,,1.0750,SAFETY-SIGNAL,sim/out/host/grindsim --seed 600010 --scenario sim/mc/scenarios/fault_lc_stuck_rnd4.json
faults,fault_lc_stuck_rnd4,600011,MAX_PULSES,MAX_PULSES,,1.0803,SAFETY-SIGNAL,sim/out/host/grindsim --seed 600011 --scenario sim/mc/scenarios/fault_lc_stuck_rnd4.json
faults,fault_lc_stuck_rnd4,600012,MAX_PULSES,MAX_PULSES,,1.2114,SAFETY-SIGNAL,sim/out/host/grindsim --seed 600012 --scenario sim/mc/scenarios/fault_lc_stuck_rnd4.json
faults,fault_lc_stuck_rnd4,600013,MAX_PULSES,MAX_PULSES,,1.2879,SAFETY-SIGNAL,sim/out/host/grindsim --seed 600013 --scenario sim/mc/scenarios/fault_lc_stuck_rnd4.json
faults,fault_lc_stuck_rnd4,600014,MAX_PULSES,MAX_PULSES,,1.3153,SAFETY-SIGNAL,sim/out/host/grindsim --seed 600014 --scenario sim/mc/scenarios/fault_lc_stuck_rnd4.json
faults,fault_lc_stuck_rnd4,600015,MAX_PULSES,MAX_PULSES,,0.9222,SAFETY-SIGNAL,sim/out/host/grindsim --seed 600015 --scenario sim/mc/scenarios/fault_lc_stuck_rnd4.json
faults,fault_lc_stuck_rnd4,600016,MAX_PULSES,MAX_PULSES,,1.2320,SAFETY-SIGNAL,sim/out/host/grindsim --seed 600016 --scenario sim/mc/scenarios/fault_lc_stuck_rnd4.json
faults,fault_lc_stuck_rnd4,600017,MAX_PULSES,MAX_PULSES,,1.4090,SAFETY-SIGNAL,sim/out/host/grindsim --seed 600017 --scenario sim/mc/scenarios/fault_lc_stuck_rnd4.json
faults,fault_lc_stuck_rnd4,600018,MAX_PULSES,MAX_PULSES,,1.0631,SAFETY-SIGNAL,sim/out/host/grindsim --seed 600018 --scenario sim/mc/scenarios/fault_lc_stuck_rnd4.json
faults,fault_lc_stuck_rnd4,600019,MAX_PULSES,MAX_PULSES,,0.6976,SAFETY-SIGNAL,sim/out/host/grindsim --seed 600019 --scenario sim/mc/scenarios/fault_lc_stuck_rnd4.json
faults,fault_motor_stall_2s_pdec0,600000,SUCCESS (true err < -0.03),SUCCESS,,-0.0416,,sim/out/host/grindsim --seed 600000 --scenario sim/mc/scenarios/fault_motor_stall_2s_pdec0.json
faults,fault_motor_stall_2s_pdec0,600001,SUCCESS (true err < -0.03),SUCCESS,,-0.0332,,sim/out/host/grindsim --seed 600001 --scenario sim/mc/scenarios/fault_motor_stall_2s_pdec0.json
faults,fault_motor_stall_2s_pdec0,600002,SUCCESS (true err < -0.03),SUCCESS,,-0.0350,,sim/out/host/grindsim --seed 600002 --scenario sim/mc/scenarios/fault_motor_stall_2s_pdec0.json
faults,fault_motor_stall_2s_pdec0,600003,SUCCESS (true err < -0.03),SUCCESS,,-0.0359,,sim/out/host/grindsim --seed 600003 --scenario sim/mc/scenarios/fault_motor_stall_2s_pdec0.json
faults,fault_motor_stall_2s_pdec0,600004,SUCCESS (true err < -0.03),SUCCESS,,-0.0337,,sim/out/host/grindsim --seed 600004 --scenario sim/mc/scenarios/fault_motor_stall_2s_pdec0.json
faults,fault_motor_stall_2s_pdec0,600005,SUCCESS (true err < -0.03),SUCCESS,,-0.0341,,sim/out/host/grindsim --seed 600005 --scenario sim/mc/scenarios/fault_motor_stall_2s_pdec0.json
faults,fault_motor_stall_2s_pdec0,600006,SUCCESS (true err < -0.03),SUCCESS,,-0.0436,,sim/out/host/grindsim --seed 600006 --scenario sim/mc/scenarios/fault_motor_stall_2s_pdec0.json
faults,fault_motor_stall_2s_pdec0,600007,SUCCESS (true err < -0.03),SUCCESS,,-0.0336,,sim/out/host/grindsim --seed 600007 --scenario sim/mc/scenarios/fault_motor_stall_2s_pdec0.json
faults,fault_motor_stall_2s_pdec0,600008,SUCCESS (true err < -0.03),SUCCESS,,-0.0354,,sim/out/host/grindsim --seed 600008 --scenario sim/mc/scenarios/fault_motor_stall_2s_pdec0.json
faults,fault_motor_stall_2s_pdec0,600009,SUCCESS (true err < -0.03),SUCCESS,,-0.0396,,sim/out/host/grindsim --seed 600009 --scenario sim/mc/scenarios/fault_motor_stall_2s_pdec0.json
faults,fault_motor_stall_2s_pdec0,600010,SUCCESS (true err < -0.03),SUCCESS,,-0.0372,,sim/out/host/grindsim --seed 600010 --scenario sim/mc/scenarios/fault_motor_stall_2s_pdec0.json
faults,fault_motor_stall_2s_pdec0,600012,SUCCESS (true err < -0.03),SUCCESS,,-0.0396,,sim/out/host/grindsim --seed 600012 --scenario sim/mc/scenarios/fault_motor_stall_2s_pdec0.json
faults,fault_motor_stall_2s_pdec0,600013,SUCCESS (true err < -0.03),SUCCESS,,-0.0393,,sim/out/host/grindsim --seed 600013 --scenario sim/mc/scenarios/fault_motor_stall_2s_pdec0.json
faults,fault_motor_stall_2s_pdec0,600014,SUCCESS (true err < -0.03),SUCCESS,,-0.0407,,sim/out/host/grindsim --seed 600014 --scenario sim/mc/scenarios/fault_motor_stall_2s_pdec0.json
faults,fault_motor_stall_2s_pdec0,600015,SUCCESS (true err < -0.03),SUCCESS,,-0.0317,,sim/out/host/grindsim --seed 600015 --scenario sim/mc/scenarios/fault_motor_stall_2s_pdec0.json
faults,fault_motor_stall_2s_pdec0,600016,SUCCESS (true err < -0.03),SUCCESS,,-0.0349,,sim/out/host/grindsim --seed 600016 --scenario sim/mc/scenarios/fault_motor_stall_2s_pdec0.json
faults,fault_motor_stall_2s_pdec0,600017,SUCCESS (true err < -0.03),SUCCESS,,-0.0309,,sim/out/host/grindsim --seed 600017 --scenario sim/mc/scenarios/fault_motor_stall_2s_pdec0.json
faults,fault_motor_stall_2s_pred2,600000,SUCCESS (true err < -0.03),SUCCESS,,-0.0345,,sim/out/host/grindsim --seed 600000 --scenario sim/mc/scenarios/fault_motor_stall_2s_pred2.json
faults,fault_motor_stall_2s_pred2,600001,SUCCESS (true err < -0.03),SUCCESS,,-0.0304,,sim/out/host/grindsim --seed 600001 --scenario sim/mc/scenarios/fault_motor_stall_2s_pred2.json
faults,fault_motor_stall_2s_pred2,600002,SUCCESS (true err < -0.03),SUCCESS,,-0.0303,,sim/out/host/grindsim --seed 600002 --scenario sim/mc/scenarios/fault_motor_stall_2s_pred2.json
faults,fault_motor_stall_2s_pred2,600003,SUCCESS (true err < -0.03),SUCCESS,,-0.0366,,sim/out/host/grindsim --seed 600003 --scenario sim/mc/scenarios/fault_motor_stall_2s_pred2.json
faults,fault_motor_stall_2s_pred2,600006,SUCCESS (true err < -0.03),SUCCESS,,-0.0344,,sim/out/host/grindsim --seed 600006 --scenario sim/mc/scenarios/fault_motor_stall_2s_pred2.json
faults,fault_motor_stall_2s_pred2,600007,SUCCESS (true err < -0.03),SUCCESS,,-0.0368,,sim/out/host/grindsim --seed 600007 --scenario sim/mc/scenarios/fault_motor_stall_2s_pred2.json
faults,fault_motor_stall_2s_pred2,600008,SUCCESS (true err < -0.03),SUCCESS,,-0.0379,,sim/out/host/grindsim --seed 600008 --scenario sim/mc/scenarios/fault_motor_stall_2s_pred2.json
faults,fault_motor_stall_2s_pred2,600009,SUCCESS (true err < -0.03),SUCCESS,,-0.0372,,sim/out/host/grindsim --seed 600009 --scenario sim/mc/scenarios/fault_motor_stall_2s_pred2.json
faults,fault_motor_stall_2s_pred2,600010,SUCCESS (true err < -0.03),SUCCESS,,-0.0364,,sim/out/host/grindsim --seed 600010 --scenario sim/mc/scenarios/fault_motor_stall_2s_pred2.json
faults,fault_motor_stall_2s_pred2,600011,SUCCESS (true err < -0.03),SUCCESS,,-0.0360,,sim/out/host/grindsim --seed 600011 --scenario sim/mc/scenarios/fault_motor_stall_2s_pred2.json
faults,fault_motor_stall_2s_pred2,600012,SUCCESS (true err < -0.03),SUCCESS,,-0.0375,,sim/out/host/grindsim --seed 600012 --scenario sim/mc/scenarios/fault_motor_stall_2s_pred2.json
faults,fault_motor_stall_2s_pred2,600013,SUCCESS (true err < -0.03),SUCCESS,,-0.0421,,sim/out/host/grindsim --seed 600013 --scenario sim/mc/scenarios/fault_motor_stall_2s_pred2.json
faults,fault_motor_stall_2s_pred2,600014,SUCCESS (true err < -0.03),SUCCESS,,-0.0344,,sim/out/host/grindsim --seed 600014 --scenario sim/mc/scenarios/fault_motor_stall_2s_pred2.json
faults,fault_motor_stall_2s_pred2,600015,SUCCESS (true err < -0.03),SUCCESS,,-0.0358,,sim/out/host/grindsim --seed 600015 --scenario sim/mc/scenarios/fault_motor_stall_2s_pred2.json
faults,fault_motor_stall_2s_pred2,600016,SUCCESS (true err < -0.03),SUCCESS,,-0.0324,,sim/out/host/grindsim --seed 600016 --scenario sim/mc/scenarios/fault_motor_stall_2s_pred2.json
faults,fault_motor_stall_2s_pred2,600017,SUCCESS (true err < -0.03),SUCCESS,,-0.0313,,sim/out/host/grindsim --seed 600017 --scenario sim/mc/scenarios/fault_motor_stall_2s_pred2.json
faults,fault_motor_stall_2s_pred2,600018,OVERSHOOT,OVERSHOOT,,0.0294,,sim/out/host/grindsim --seed 600018 --scenario sim/mc/scenarios/fault_motor_stall_2s_pred2.json
faults,fault_motor_stall_2s_pred2,600019,SUCCESS (true err < -0.03),SUCCESS,,-0.0365,,sim/out/host/grindsim --seed 600019 --scenario sim/mc/scenarios/fault_motor_stall_2s_pred2.json
faults,fault_motor_stall_2s_pred5,600000,SUCCESS (true err < -0.03),SUCCESS,,-0.0335,,sim/out/host/grindsim --seed 600000 --scenario sim/mc/scenarios/fault_motor_stall_2s_pred5.json
faults,fault_motor_stall_2s_pred5,600001,SUCCESS (true err < -0.03),SUCCESS,,-0.0305,,sim/out/host/grindsim --seed 600001 --scenario sim/mc/scenarios/fault_motor_stall_2s_pred5.json
faults,fault_motor_stall_2s_pred5,600002,SUCCESS (true err < -0.03),SUCCESS,,-0.0383,,sim/out/host/grindsim --seed 600002 --scenario sim/mc/scenarios/fault_motor_stall_2s_pred5.json
faults,fault_motor_stall_2s_pred5,600003,SUCCESS (true err < -0.03),SUCCESS,,-0.0353,,sim/out/host/grindsim --seed 600003 --scenario sim/mc/scenarios/fault_motor_stall_2s_pred5.json
faults,fault_motor_stall_2s_pred5,600004,SUCCESS (true err < -0.03),SUCCESS,,-0.0314,,sim/out/host/grindsim --seed 600004 --scenario sim/mc/scenarios/fault_motor_stall_2s_pred5.json
faults,fault_motor_stall_2s_pred5,600005,SUCCESS (true err < -0.03),SUCCESS,,-0.0326,,sim/out/host/grindsim --seed 600005 --scenario sim/mc/scenarios/fault_motor_stall_2s_pred5.json
faults,fault_motor_stall_2s_pred5,600006,SUCCESS (true err < -0.03),SUCCESS,,-0.0366,,sim/out/host/grindsim --seed 600006 --scenario sim/mc/scenarios/fault_motor_stall_2s_pred5.json
faults,fault_motor_stall_2s_pred5,600007,SUCCESS (true err < -0.03),SUCCESS,,-0.0359,,sim/out/host/grindsim --seed 600007 --scenario sim/mc/scenarios/fault_motor_stall_2s_pred5.json
faults,fault_motor_stall_2s_pred5,600008,SUCCESS (true err < -0.03),SUCCESS,,-0.0458,,sim/out/host/grindsim --seed 600008 --scenario sim/mc/scenarios/fault_motor_stall_2s_pred5.json
faults,fault_motor_stall_2s_pred5,600009,SUCCESS (true err < -0.03),SUCCESS,,-0.0357,,sim/out/host/grindsim --seed 600009 --scenario sim/mc/scenarios/fault_motor_stall_2s_pred5.json
faults,fault_motor_stall_2s_pred5,600010,SUCCESS (true err < -0.03),SUCCESS,,-0.0352,,sim/out/host/grindsim --seed 600010 --scenario sim/mc/scenarios/fault_motor_stall_2s_pred5.json
faults,fault_motor_stall_2s_pred5,600011,SUCCESS (true err < -0.03),SUCCESS,,-0.0313,,sim/out/host/grindsim --seed 600011 --scenario sim/mc/scenarios/fault_motor_stall_2s_pred5.json
faults,fault_motor_stall_2s_pred5,600012,SUCCESS (true err < -0.03),SUCCESS,,-0.0393,,sim/out/host/grindsim --seed 600012 --scenario sim/mc/scenarios/fault_motor_stall_2s_pred5.json
faults,fault_motor_stall_2s_pred5,600013,SUCCESS (true err < -0.03),SUCCESS,,-0.0327,,sim/out/host/grindsim --seed 600013 --scenario sim/mc/scenarios/fault_motor_stall_2s_pred5.json
faults,fault_motor_stall_2s_pred5,600014,SUCCESS (true err < -0.03),SUCCESS,,-0.0366,,sim/out/host/grindsim --seed 600014 --scenario sim/mc/scenarios/fault_motor_stall_2s_pred5.json
faults,fault_motor_stall_2s_pred5,600015,SUCCESS (true err < -0.03),SUCCESS,,-0.0389,,sim/out/host/grindsim --seed 600015 --scenario sim/mc/scenarios/fault_motor_stall_2s_pred5.json
faults,fault_motor_stall_2s_pred5,600016,SUCCESS (true err < -0.03),SUCCESS,,-0.0346,,sim/out/host/grindsim --seed 600016 --scenario sim/mc/scenarios/fault_motor_stall_2s_pred5.json
faults,fault_motor_stall_2s_pred5,600017,OVERSHOOT,OVERSHOOT,,0.0781,,sim/out/host/grindsim --seed 600017 --scenario sim/mc/scenarios/fault_motor_stall_2s_pred5.json
faults,fault_motor_stall_2s_pred5,600019,SUCCESS (true err < -0.03),SUCCESS,,-0.0336,,sim/out/host/grindsim --seed 600019 --scenario sim/mc/scenarios/fault_motor_stall_2s_pred5.json
faults,fault_motor_stall_pdec0,600000,MAX_PULSES,MAX_PULSES,,-0.4095,,sim/out/host/grindsim --seed 600000 --scenario sim/mc/scenarios/fault_motor_stall_pdec0.json
faults,fault_motor_stall_pdec0,600001,MAX_PULSES,MAX_PULSES,,-0.4787,,sim/out/host/grindsim --seed 600001 --scenario sim/mc/scenarios/fault_motor_stall_pdec0.json
faults,fault_motor_stall_pdec0,600002,MAX_PULSES,MAX_PULSES,,-0.4296,,sim/out/host/grindsim --seed 600002 --scenario sim/mc/scenarios/fault_motor_stall_pdec0.json
faults,fault_motor_stall_pdec0,600003,MAX_PULSES,MAX_PULSES,,-0.4120,,sim/out/host/grindsim --seed 600003 --scenario sim/mc/scenarios/fault_motor_stall_pdec0.json
faults,fault_motor_stall_pdec0,600004,MAX_PULSES,MAX_PULSES,,-0.3784,,sim/out/host/grindsim --seed 600004 --scenario sim/mc/scenarios/fault_motor_stall_pdec0.json
faults,fault_motor_stall_pdec0,600005,MAX_PULSES,MAX_PULSES,,-0.4311,,sim/out/host/grindsim --seed 600005 --scenario sim/mc/scenarios/fault_motor_stall_pdec0.json
faults,fault_motor_stall_pdec0,600006,MAX_PULSES,MAX_PULSES,,-0.5361,,sim/out/host/grindsim --seed 600006 --scenario sim/mc/scenarios/fault_motor_stall_pdec0.json
faults,fault_motor_stall_pdec0,600007,MAX_PULSES,MAX_PULSES,,-0.3659,,sim/out/host/grindsim --seed 600007 --scenario sim/mc/scenarios/fault_motor_stall_pdec0.json
faults,fault_motor_stall_pdec0,600008,MAX_PULSES,MAX_PULSES,,-0.4907,,sim/out/host/grindsim --seed 600008 --scenario sim/mc/scenarios/fault_motor_stall_pdec0.json
faults,fault_motor_stall_pdec0,600009,MAX_PULSES,MAX_PULSES,,-0.5065,,sim/out/host/grindsim --seed 600009 --scenario sim/mc/scenarios/fault_motor_stall_pdec0.json
faults,fault_motor_stall_pdec0,600010,MAX_PULSES,MAX_PULSES,,-0.3551,,sim/out/host/grindsim --seed 600010 --scenario sim/mc/scenarios/fault_motor_stall_pdec0.json
faults,fault_motor_stall_pdec0,600011,MAX_PULSES,MAX_PULSES,,-0.3444,,sim/out/host/grindsim --seed 600011 --scenario sim/mc/scenarios/fault_motor_stall_pdec0.json
faults,fault_motor_stall_pdec0,600012,MAX_PULSES,MAX_PULSES,,-0.4144,,sim/out/host/grindsim --seed 600012 --scenario sim/mc/scenarios/fault_motor_stall_pdec0.json
faults,fault_motor_stall_pdec0,600013,MAX_PULSES,MAX_PULSES,,-0.4489,,sim/out/host/grindsim --seed 600013 --scenario sim/mc/scenarios/fault_motor_stall_pdec0.json
faults,fault_motor_stall_pdec0,600014,MAX_PULSES,MAX_PULSES,,-0.4341,,sim/out/host/grindsim --seed 600014 --scenario sim/mc/scenarios/fault_motor_stall_pdec0.json
faults,fault_motor_stall_pdec0,600015,MAX_PULSES,MAX_PULSES,,-0.4891,,sim/out/host/grindsim --seed 600015 --scenario sim/mc/scenarios/fault_motor_stall_pdec0.json
faults,fault_motor_stall_pdec0,600016,MAX_PULSES,MAX_PULSES,,-0.3355,,sim/out/host/grindsim --seed 600016 --scenario sim/mc/scenarios/fault_motor_stall_pdec0.json
faults,fault_motor_stall_pdec0,600017,MAX_PULSES,MAX_PULSES,,-0.3694,,sim/out/host/grindsim --seed 600017 --scenario sim/mc/scenarios/fault_motor_stall_pdec0.json
faults,fault_motor_stall_pdec0,600018,MAX_PULSES,MAX_PULSES,,-0.2313,,sim/out/host/grindsim --seed 600018 --scenario sim/mc/scenarios/fault_motor_stall_pdec0.json
faults,fault_motor_stall_pdec0,600019,MAX_PULSES,MAX_PULSES,,-0.3963,,sim/out/host/grindsim --seed 600019 --scenario sim/mc/scenarios/fault_motor_stall_pdec0.json
faults,fault_motor_stall_pred0_5,600000,ERROR 'No beans?',ERROR,No beans?,-17.2735,,sim/out/host/grindsim --seed 600000 --scenario sim/mc/scenarios/fault_motor_stall_pred0_5.json
faults,fault_motor_stall_pred0_5,600001,ERROR 'No beans?',ERROR,No beans?,-17.1747,,sim/out/host/grindsim --seed 600001 --scenario sim/mc/scenarios/fault_motor_stall_pred0_5.json
faults,fault_motor_stall_pred0_5,600002,ERROR 'No beans?',ERROR,No beans?,-17.2481,,sim/out/host/grindsim --seed 600002 --scenario sim/mc/scenarios/fault_motor_stall_pred0_5.json
faults,fault_motor_stall_pred0_5,600003,ERROR 'No beans?',ERROR,No beans?,-17.2511,,sim/out/host/grindsim --seed 600003 --scenario sim/mc/scenarios/fault_motor_stall_pred0_5.json
faults,fault_motor_stall_pred0_5,600004,ERROR 'No beans?',ERROR,No beans?,-17.2467,,sim/out/host/grindsim --seed 600004 --scenario sim/mc/scenarios/fault_motor_stall_pred0_5.json
faults,fault_motor_stall_pred0_5,600005,ERROR 'No beans?',ERROR,No beans?,-17.2051,,sim/out/host/grindsim --seed 600005 --scenario sim/mc/scenarios/fault_motor_stall_pred0_5.json
faults,fault_motor_stall_pred0_5,600006,ERROR 'No beans?',ERROR,No beans?,-17.2424,,sim/out/host/grindsim --seed 600006 --scenario sim/mc/scenarios/fault_motor_stall_pred0_5.json
faults,fault_motor_stall_pred0_5,600007,ERROR 'No beans?',ERROR,No beans?,-17.1025,,sim/out/host/grindsim --seed 600007 --scenario sim/mc/scenarios/fault_motor_stall_pred0_5.json
faults,fault_motor_stall_pred0_5,600008,ERROR 'No beans?',ERROR,No beans?,-17.1806,,sim/out/host/grindsim --seed 600008 --scenario sim/mc/scenarios/fault_motor_stall_pred0_5.json
faults,fault_motor_stall_pred0_5,600009,ERROR 'No beans?',ERROR,No beans?,-17.2506,,sim/out/host/grindsim --seed 600009 --scenario sim/mc/scenarios/fault_motor_stall_pred0_5.json
faults,fault_motor_stall_pred0_5,600010,ERROR 'No beans?',ERROR,No beans?,-17.2019,,sim/out/host/grindsim --seed 600010 --scenario sim/mc/scenarios/fault_motor_stall_pred0_5.json
faults,fault_motor_stall_pred0_5,600011,ERROR 'No beans?',ERROR,No beans?,-17.2583,,sim/out/host/grindsim --seed 600011 --scenario sim/mc/scenarios/fault_motor_stall_pred0_5.json
faults,fault_motor_stall_pred0_5,600012,ERROR 'No beans?',ERROR,No beans?,-17.1885,,sim/out/host/grindsim --seed 600012 --scenario sim/mc/scenarios/fault_motor_stall_pred0_5.json
faults,fault_motor_stall_pred0_5,600013,ERROR 'No beans?',ERROR,No beans?,-17.2341,,sim/out/host/grindsim --seed 600013 --scenario sim/mc/scenarios/fault_motor_stall_pred0_5.json
faults,fault_motor_stall_pred0_5,600014,ERROR 'No beans?',ERROR,No beans?,-17.1842,,sim/out/host/grindsim --seed 600014 --scenario sim/mc/scenarios/fault_motor_stall_pred0_5.json
faults,fault_motor_stall_pred0_5,600015,ERROR 'No beans?',ERROR,No beans?,-17.2235,,sim/out/host/grindsim --seed 600015 --scenario sim/mc/scenarios/fault_motor_stall_pred0_5.json
faults,fault_motor_stall_pred0_5,600016,ERROR 'No beans?',ERROR,No beans?,-17.2696,,sim/out/host/grindsim --seed 600016 --scenario sim/mc/scenarios/fault_motor_stall_pred0_5.json
faults,fault_motor_stall_pred0_5,600017,ERROR 'No beans?',ERROR,No beans?,-17.2658,,sim/out/host/grindsim --seed 600017 --scenario sim/mc/scenarios/fault_motor_stall_pred0_5.json
faults,fault_motor_stall_pred0_5,600018,ERROR 'No beans?',ERROR,No beans?,-17.1846,,sim/out/host/grindsim --seed 600018 --scenario sim/mc/scenarios/fault_motor_stall_pred0_5.json
faults,fault_motor_stall_pred0_5,600019,ERROR 'No beans?',ERROR,No beans?,-17.2202,,sim/out/host/grindsim --seed 600019 --scenario sim/mc/scenarios/fault_motor_stall_pred0_5.json
faults,fault_motor_stall_pred2,600000,ERROR 'No beans?',ERROR,No beans?,-14.4573,,sim/out/host/grindsim --seed 600000 --scenario sim/mc/scenarios/fault_motor_stall_pred2.json
faults,fault_motor_stall_pred2,600001,ERROR 'No beans?',ERROR,No beans?,-14.4027,,sim/out/host/grindsim --seed 600001 --scenario sim/mc/scenarios/fault_motor_stall_pred2.json
faults,fault_motor_stall_pred2,600002,ERROR 'No beans?',ERROR,No beans?,-14.4268,,sim/out/host/grindsim --seed 600002 --scenario sim/mc/scenarios/fault_motor_stall_pred2.json
faults,fault_motor_stall_pred2,600003,ERROR 'No beans?',ERROR,No beans?,-14.3312,,sim/out/host/grindsim --seed 600003 --scenario sim/mc/scenarios/fault_motor_stall_pred2.json
faults,fault_motor_stall_pred2,600004,ERROR 'No beans?',ERROR,No beans?,-14.4504,,sim/out/host/grindsim --seed 600004 --scenario sim/mc/scenarios/fault_motor_stall_pred2.json
faults,fault_motor_stall_pred2,600005,ERROR 'No beans?',ERROR,No beans?,-14.3935,,sim/out/host/grindsim --seed 600005 --scenario sim/mc/scenarios/fault_motor_stall_pred2.json
faults,fault_motor_stall_pred2,600006,ERROR 'No beans?',ERROR,No beans?,-14.3113,,sim/out/host/grindsim --seed 600006 --scenario sim/mc/scenarios/fault_motor_stall_pred2.json
faults,fault_motor_stall_pred2,600007,ERROR 'No beans?',ERROR,No beans?,-14.3161,,sim/out/host/grindsim --seed 600007 --scenario sim/mc/scenarios/fault_motor_stall_pred2.json
faults,fault_motor_stall_pred2,600008,ERROR 'No beans?',ERROR,No beans?,-14.2604,,sim/out/host/grindsim --seed 600008 --scenario sim/mc/scenarios/fault_motor_stall_pred2.json
faults,fault_motor_stall_pred2,600009,ERROR 'No beans?',ERROR,No beans?,-14.4513,,sim/out/host/grindsim --seed 600009 --scenario sim/mc/scenarios/fault_motor_stall_pred2.json
faults,fault_motor_stall_pred2,600010,ERROR 'No beans?',ERROR,No beans?,-14.3165,,sim/out/host/grindsim --seed 600010 --scenario sim/mc/scenarios/fault_motor_stall_pred2.json
faults,fault_motor_stall_pred2,600011,ERROR 'No beans?',ERROR,No beans?,-14.4248,,sim/out/host/grindsim --seed 600011 --scenario sim/mc/scenarios/fault_motor_stall_pred2.json
faults,fault_motor_stall_pred2,600012,ERROR 'No beans?',ERROR,No beans?,-14.3610,,sim/out/host/grindsim --seed 600012 --scenario sim/mc/scenarios/fault_motor_stall_pred2.json
faults,fault_motor_stall_pred2,600013,ERROR 'No beans?',ERROR,No beans?,-14.2427,,sim/out/host/grindsim --seed 600013 --scenario sim/mc/scenarios/fault_motor_stall_pred2.json
faults,fault_motor_stall_pred2,600014,ERROR 'No beans?',ERROR,No beans?,-14.4507,,sim/out/host/grindsim --seed 600014 --scenario sim/mc/scenarios/fault_motor_stall_pred2.json
faults,fault_motor_stall_pred2,600015,ERROR 'No beans?',ERROR,No beans?,-14.2737,,sim/out/host/grindsim --seed 600015 --scenario sim/mc/scenarios/fault_motor_stall_pred2.json
faults,fault_motor_stall_pred2,600016,ERROR 'No beans?',ERROR,No beans?,-14.5222,,sim/out/host/grindsim --seed 600016 --scenario sim/mc/scenarios/fault_motor_stall_pred2.json
faults,fault_motor_stall_pred2,600017,ERROR 'No beans?',ERROR,No beans?,-14.4488,,sim/out/host/grindsim --seed 600017 --scenario sim/mc/scenarios/fault_motor_stall_pred2.json
faults,fault_motor_stall_pred2,600018,ERROR 'No beans?',ERROR,No beans?,-14.3212,,sim/out/host/grindsim --seed 600018 --scenario sim/mc/scenarios/fault_motor_stall_pred2.json
faults,fault_motor_stall_pred2,600019,ERROR 'No beans?',ERROR,No beans?,-14.3868,,sim/out/host/grindsim --seed 600019 --scenario sim/mc/scenarios/fault_motor_stall_pred2.json
faults,fault_motor_stall_pred5,600000,ERROR 'No beans?',ERROR,No beans?,-8.6297,,sim/out/host/grindsim --seed 600000 --scenario sim/mc/scenarios/fault_motor_stall_pred5.json
faults,fault_motor_stall_pred5,600001,ERROR 'No beans?',ERROR,No beans?,-8.6665,,sim/out/host/grindsim --seed 600001 --scenario sim/mc/scenarios/fault_motor_stall_pred5.json
faults,fault_motor_stall_pred5,600002,ERROR 'No beans?',ERROR,No beans?,-8.5998,,sim/out/host/grindsim --seed 600002 --scenario sim/mc/scenarios/fault_motor_stall_pred5.json
faults,fault_motor_stall_pred5,600003,ERROR 'No beans?',ERROR,No beans?,-8.3412,,sim/out/host/grindsim --seed 600003 --scenario sim/mc/scenarios/fault_motor_stall_pred5.json
faults,fault_motor_stall_pred5,600004,ERROR 'No beans?',ERROR,No beans?,-8.7705,,sim/out/host/grindsim --seed 600004 --scenario sim/mc/scenarios/fault_motor_stall_pred5.json
faults,fault_motor_stall_pred5,600005,ERROR 'No beans?',ERROR,No beans?,-8.7266,,sim/out/host/grindsim --seed 600005 --scenario sim/mc/scenarios/fault_motor_stall_pred5.json
faults,fault_motor_stall_pred5,600006,ERROR 'No beans?',ERROR,No beans?,-8.7559,,sim/out/host/grindsim --seed 600006 --scenario sim/mc/scenarios/fault_motor_stall_pred5.json
faults,fault_motor_stall_pred5,600007,ERROR 'No beans?',ERROR,No beans?,-8.3604,,sim/out/host/grindsim --seed 600007 --scenario sim/mc/scenarios/fault_motor_stall_pred5.json
faults,fault_motor_stall_pred5,600008,ERROR 'No beans?',ERROR,No beans?,-8.4873,,sim/out/host/grindsim --seed 600008 --scenario sim/mc/scenarios/fault_motor_stall_pred5.json
faults,fault_motor_stall_pred5,600009,ERROR 'No beans?',ERROR,No beans?,-8.8560,,sim/out/host/grindsim --seed 600009 --scenario sim/mc/scenarios/fault_motor_stall_pred5.json
faults,fault_motor_stall_pred5,600010,ERROR 'No beans?',ERROR,No beans?,-8.4878,,sim/out/host/grindsim --seed 600010 --scenario sim/mc/scenarios/fault_motor_stall_pred5.json
faults,fault_motor_stall_pred5,600011,ERROR 'No beans?',ERROR,No beans?,-8.6283,,sim/out/host/grindsim --seed 600011 --scenario sim/mc/scenarios/fault_motor_stall_pred5.json
faults,fault_motor_stall_pred5,600012,ERROR 'No beans?',ERROR,No beans?,-8.8459,,sim/out/host/grindsim --seed 600012 --scenario sim/mc/scenarios/fault_motor_stall_pred5.json
faults,fault_motor_stall_pred5,600013,ERROR 'No beans?',ERROR,No beans?,-8.2287,,sim/out/host/grindsim --seed 600013 --scenario sim/mc/scenarios/fault_motor_stall_pred5.json
faults,fault_motor_stall_pred5,600014,ERROR 'No beans?',ERROR,No beans?,-8.7863,,sim/out/host/grindsim --seed 600014 --scenario sim/mc/scenarios/fault_motor_stall_pred5.json
faults,fault_motor_stall_pred5,600015,ERROR 'No beans?',ERROR,No beans?,-8.6856,,sim/out/host/grindsim --seed 600015 --scenario sim/mc/scenarios/fault_motor_stall_pred5.json
faults,fault_motor_stall_pred5,600016,ERROR 'No beans?',ERROR,No beans?,-8.8983,,sim/out/host/grindsim --seed 600016 --scenario sim/mc/scenarios/fault_motor_stall_pred5.json
faults,fault_motor_stall_pred5,600017,ERROR 'No beans?',ERROR,No beans?,-8.7337,,sim/out/host/grindsim --seed 600017 --scenario sim/mc/scenarios/fault_motor_stall_pred5.json
faults,fault_motor_stall_pred5,600018,ERROR 'No beans?',ERROR,No beans?,-8.5399,,sim/out/host/grindsim --seed 600018 --scenario sim/mc/scenarios/fault_motor_stall_pred5.json
faults,fault_motor_stall_pred5,600019,ERROR 'No beans?',ERROR,No beans?,-8.5786,,sim/out/host/grindsim --seed 600019 --scenario sim/mc/scenarios/fault_motor_stall_pred5.json
faults,fault_motor_stall_rnd1,600000,ERROR 'No beans?',ERROR,No beans?,-18.0000,,sim/out/host/grindsim --seed 600000 --scenario sim/mc/scenarios/fault_motor_stall_rnd1.json
faults,fault_motor_stall_rnd1,600001,ERROR 'No beans?',ERROR,No beans?,-18.0000,,sim/out/host/grindsim --seed 600001 --scenario sim/mc/scenarios/fault_motor_stall_rnd1.json
faults,fault_motor_stall_rnd1,600002,ERROR 'No beans?',ERROR,No beans?,-18.0000,,sim/out/host/grindsim --seed 600002 --scenario sim/mc/scenarios/fault_motor_stall_rnd1.json
faults,fault_motor_stall_rnd1,600003,ERROR 'No beans?',ERROR,No beans?,-18.0000,,sim/out/host/grindsim --seed 600003 --scenario sim/mc/scenarios/fault_motor_stall_rnd1.json
faults,fault_motor_stall_rnd1,600004,ERROR 'No beans?',ERROR,No beans?,-18.0000,,sim/out/host/grindsim --seed 600004 --scenario sim/mc/scenarios/fault_motor_stall_rnd1.json
faults,fault_motor_stall_rnd1,600005,ERROR 'No beans?',ERROR,No beans?,-18.0000,,sim/out/host/grindsim --seed 600005 --scenario sim/mc/scenarios/fault_motor_stall_rnd1.json
faults,fault_motor_stall_rnd1,600006,ERROR 'No beans?',ERROR,No beans?,-18.0000,,sim/out/host/grindsim --seed 600006 --scenario sim/mc/scenarios/fault_motor_stall_rnd1.json
faults,fault_motor_stall_rnd1,600007,ERROR 'No beans?',ERROR,No beans?,-18.0000,,sim/out/host/grindsim --seed 600007 --scenario sim/mc/scenarios/fault_motor_stall_rnd1.json
faults,fault_motor_stall_rnd1,600008,ERROR 'No beans?',ERROR,No beans?,-18.0000,,sim/out/host/grindsim --seed 600008 --scenario sim/mc/scenarios/fault_motor_stall_rnd1.json
faults,fault_motor_stall_rnd1,600009,ERROR 'No beans?',ERROR,No beans?,-18.0000,,sim/out/host/grindsim --seed 600009 --scenario sim/mc/scenarios/fault_motor_stall_rnd1.json
faults,fault_motor_stall_rnd1,600010,ERROR 'No beans?',ERROR,No beans?,-18.0000,,sim/out/host/grindsim --seed 600010 --scenario sim/mc/scenarios/fault_motor_stall_rnd1.json
faults,fault_motor_stall_rnd1,600011,ERROR 'No beans?',ERROR,No beans?,-18.0000,,sim/out/host/grindsim --seed 600011 --scenario sim/mc/scenarios/fault_motor_stall_rnd1.json
faults,fault_motor_stall_rnd1,600012,ERROR 'No beans?',ERROR,No beans?,-18.0000,,sim/out/host/grindsim --seed 600012 --scenario sim/mc/scenarios/fault_motor_stall_rnd1.json
faults,fault_motor_stall_rnd1,600013,ERROR 'No beans?',ERROR,No beans?,-18.0000,,sim/out/host/grindsim --seed 600013 --scenario sim/mc/scenarios/fault_motor_stall_rnd1.json
faults,fault_motor_stall_rnd1,600014,ERROR 'No beans?',ERROR,No beans?,-18.0000,,sim/out/host/grindsim --seed 600014 --scenario sim/mc/scenarios/fault_motor_stall_rnd1.json
faults,fault_motor_stall_rnd1,600015,ERROR 'No beans?',ERROR,No beans?,-18.0000,,sim/out/host/grindsim --seed 600015 --scenario sim/mc/scenarios/fault_motor_stall_rnd1.json
faults,fault_motor_stall_rnd1,600016,ERROR 'No beans?',ERROR,No beans?,-18.0000,,sim/out/host/grindsim --seed 600016 --scenario sim/mc/scenarios/fault_motor_stall_rnd1.json
faults,fault_motor_stall_rnd1,600017,ERROR 'No beans?',ERROR,No beans?,-18.0000,,sim/out/host/grindsim --seed 600017 --scenario sim/mc/scenarios/fault_motor_stall_rnd1.json
faults,fault_motor_stall_rnd1,600018,ERROR 'No beans?',ERROR,No beans?,-18.0000,,sim/out/host/grindsim --seed 600018 --scenario sim/mc/scenarios/fault_motor_stall_rnd1.json
faults,fault_motor_stall_rnd1,600019,ERROR 'No beans?',ERROR,No beans?,-18.0000,,sim/out/host/grindsim --seed 600019 --scenario sim/mc/scenarios/fault_motor_stall_rnd1.json
faults,fault_motor_stall_rnd2,600000,ERROR 'No beans?',ERROR,No beans?,-15.7686,,sim/out/host/grindsim --seed 600000 --scenario sim/mc/scenarios/fault_motor_stall_rnd2.json
faults,fault_motor_stall_rnd2,600001,ERROR 'No beans?',ERROR,No beans?,-15.8451,,sim/out/host/grindsim --seed 600001 --scenario sim/mc/scenarios/fault_motor_stall_rnd2.json
faults,fault_motor_stall_rnd2,600002,ERROR 'No beans?',ERROR,No beans?,-15.7086,,sim/out/host/grindsim --seed 600002 --scenario sim/mc/scenarios/fault_motor_stall_rnd2.json
faults,fault_motor_stall_rnd2,600003,ERROR 'No beans?',ERROR,No beans?,-15.8081,,sim/out/host/grindsim --seed 600003 --scenario sim/mc/scenarios/fault_motor_stall_rnd2.json
faults,fault_motor_stall_rnd2,600004,ERROR 'No beans?',ERROR,No beans?,-15.6664,,sim/out/host/grindsim --seed 600004 --scenario sim/mc/scenarios/fault_motor_stall_rnd2.json
faults,fault_motor_stall_rnd2,600005,ERROR 'No beans?',ERROR,No beans?,-15.7174,,sim/out/host/grindsim --seed 600005 --scenario sim/mc/scenarios/fault_motor_stall_rnd2.json
faults,fault_motor_stall_rnd2,600006,ERROR 'No beans?',ERROR,No beans?,-15.6894,,sim/out/host/grindsim --seed 600006 --scenario sim/mc/scenarios/fault_motor_stall_rnd2.json
faults,fault_motor_stall_rnd2,600007,ERROR 'No beans?',ERROR,No beans?,-15.7746,,sim/out/host/grindsim --seed 600007 --scenario sim/mc/scenarios/fault_motor_stall_rnd2.json
faults,fault_motor_stall_rnd2,600008,ERROR 'No beans?',ERROR,No beans?,-15.7750,,sim/out/host/grindsim --seed 600008 --scenario sim/mc/scenarios/fault_motor_stall_rnd2.json
faults,fault_motor_stall_rnd2,600009,ERROR 'No beans?',ERROR,No beans?,-15.7411,,sim/out/host/grindsim --seed 600009 --scenario sim/mc/scenarios/fault_motor_stall_rnd2.json
faults,fault_motor_stall_rnd2,600010,ERROR 'No beans?',ERROR,No beans?,-15.6883,,sim/out/host/grindsim --seed 600010 --scenario sim/mc/scenarios/fault_motor_stall_rnd2.json
faults,fault_motor_stall_rnd2,600011,ERROR 'No beans?',ERROR,No beans?,-15.9657,,sim/out/host/grindsim --seed 600011 --scenario sim/mc/scenarios/fault_motor_stall_rnd2.json
faults,fault_motor_stall_rnd2,600012,ERROR 'No beans?',ERROR,No beans?,-15.8578,,sim/out/host/grindsim --seed 600012 --scenario sim/mc/scenarios/fault_motor_stall_rnd2.json
faults,fault_motor_stall_rnd2,600013,ERROR 'No beans?',ERROR,No beans?,-15.8902,,sim/out/host/grindsim --seed 600013 --scenario sim/mc/scenarios/fault_motor_stall_rnd2.json
faults,fault_motor_stall_rnd2,600014,ERROR 'No beans?',ERROR,No beans?,-15.7186,,sim/out/host/grindsim --seed 600014 --scenario sim/mc/scenarios/fault_motor_stall_rnd2.json
faults,fault_motor_stall_rnd2,600015,ERROR 'No beans?',ERROR,No beans?,-15.5258,,sim/out/host/grindsim --seed 600015 --scenario sim/mc/scenarios/fault_motor_stall_rnd2.json
faults,fault_motor_stall_rnd2,600016,ERROR 'No beans?',ERROR,No beans?,-15.9908,,sim/out/host/grindsim --seed 600016 --scenario sim/mc/scenarios/fault_motor_stall_rnd2.json
faults,fault_motor_stall_rnd2,600017,ERROR 'No beans?',ERROR,No beans?,-15.7738,,sim/out/host/grindsim --seed 600017 --scenario sim/mc/scenarios/fault_motor_stall_rnd2.json
faults,fault_motor_stall_rnd2,600018,ERROR 'No beans?',ERROR,No beans?,-15.7754,,sim/out/host/grindsim --seed 600018 --scenario sim/mc/scenarios/fault_motor_stall_rnd2.json
faults,fault_motor_stall_rnd2,600019,ERROR 'No beans?',ERROR,No beans?,-15.6982,,sim/out/host/grindsim --seed 600019 --scenario sim/mc/scenarios/fault_motor_stall_rnd2.json
faults,fault_motor_stall_rnd3,600000,ERROR 'No beans?',ERROR,No beans?,-4.2301,,sim/out/host/grindsim --seed 600000 --scenario sim/mc/scenarios/fault_motor_stall_rnd3.json
faults,fault_motor_stall_rnd3,600001,ERROR 'No beans?',ERROR,No beans?,-4.3502,,sim/out/host/grindsim --seed 600001 --scenario sim/mc/scenarios/fault_motor_stall_rnd3.json
faults,fault_motor_stall_rnd3,600002,ERROR 'No beans?',ERROR,No beans?,-3.9768,,sim/out/host/grindsim --seed 600002 --scenario sim/mc/scenarios/fault_motor_stall_rnd3.json
faults,fault_motor_stall_rnd3,600003,ERROR 'No beans?',ERROR,No beans?,-3.8818,,sim/out/host/grindsim --seed 600003 --scenario sim/mc/scenarios/fault_motor_stall_rnd3.json
faults,fault_motor_stall_rnd3,600004,ERROR 'No beans?',ERROR,No beans?,-4.0892,,sim/out/host/grindsim --seed 600004 --scenario sim/mc/scenarios/fault_motor_stall_rnd3.json
faults,fault_motor_stall_rnd3,600005,ERROR 'No beans?',ERROR,No beans?,-4.1628,,sim/out/host/grindsim --seed 600005 --scenario sim/mc/scenarios/fault_motor_stall_rnd3.json
faults,fault_motor_stall_rnd3,600006,ERROR 'No beans?',ERROR,No beans?,-3.9557,,sim/out/host/grindsim --seed 600006 --scenario sim/mc/scenarios/fault_motor_stall_rnd3.json
faults,fault_motor_stall_rnd3,600007,ERROR 'No beans?',ERROR,No beans?,-4.1505,,sim/out/host/grindsim --seed 600007 --scenario sim/mc/scenarios/fault_motor_stall_rnd3.json
faults,fault_motor_stall_rnd3,600008,ERROR 'No beans?',ERROR,No beans?,-4.1164,,sim/out/host/grindsim --seed 600008 --scenario sim/mc/scenarios/fault_motor_stall_rnd3.json
faults,fault_motor_stall_rnd3,600009,ERROR 'No beans?',ERROR,No beans?,-4.3606,,sim/out/host/grindsim --seed 600009 --scenario sim/mc/scenarios/fault_motor_stall_rnd3.json
faults,fault_motor_stall_rnd3,600010,ERROR 'No beans?',ERROR,No beans?,-3.8618,,sim/out/host/grindsim --seed 600010 --scenario sim/mc/scenarios/fault_motor_stall_rnd3.json
faults,fault_motor_stall_rnd3,600011,ERROR 'No beans?',ERROR,No beans?,-4.3195,,sim/out/host/grindsim --seed 600011 --scenario sim/mc/scenarios/fault_motor_stall_rnd3.json
faults,fault_motor_stall_rnd3,600012,ERROR 'No beans?',ERROR,No beans?,-4.2065,,sim/out/host/grindsim --seed 600012 --scenario sim/mc/scenarios/fault_motor_stall_rnd3.json
faults,fault_motor_stall_rnd3,600013,ERROR 'No beans?',ERROR,No beans?,-3.9575,,sim/out/host/grindsim --seed 600013 --scenario sim/mc/scenarios/fault_motor_stall_rnd3.json
faults,fault_motor_stall_rnd3,600014,ERROR 'No beans?',ERROR,No beans?,-4.3254,,sim/out/host/grindsim --seed 600014 --scenario sim/mc/scenarios/fault_motor_stall_rnd3.json
faults,fault_motor_stall_rnd3,600015,ERROR 'No beans?',ERROR,No beans?,-4.0663,,sim/out/host/grindsim --seed 600015 --scenario sim/mc/scenarios/fault_motor_stall_rnd3.json
faults,fault_motor_stall_rnd3,600016,ERROR 'No beans?',ERROR,No beans?,-4.5386,,sim/out/host/grindsim --seed 600016 --scenario sim/mc/scenarios/fault_motor_stall_rnd3.json
faults,fault_motor_stall_rnd3,600017,ERROR 'No beans?',ERROR,No beans?,-4.4607,,sim/out/host/grindsim --seed 600017 --scenario sim/mc/scenarios/fault_motor_stall_rnd3.json
faults,fault_motor_stall_rnd3,600018,ERROR 'No beans?',ERROR,No beans?,-3.9529,,sim/out/host/grindsim --seed 600018 --scenario sim/mc/scenarios/fault_motor_stall_rnd3.json
faults,fault_motor_stall_rnd3,600019,ERROR 'No beans?',ERROR,No beans?,-3.9923,,sim/out/host/grindsim --seed 600019 --scenario sim/mc/scenarios/fault_motor_stall_rnd3.json
faults,fault_motor_stall_rnd4,600000,MAX_PULSES,MAX_PULSES,,-0.1443,,sim/out/host/grindsim --seed 600000 --scenario sim/mc/scenarios/fault_motor_stall_rnd4.json
faults,fault_motor_stall_rnd4,600001,MAX_PULSES,MAX_PULSES,,-0.1964,,sim/out/host/grindsim --seed 600001 --scenario sim/mc/scenarios/fault_motor_stall_rnd4.json
faults,fault_motor_stall_rnd4,600002,MAX_PULSES,MAX_PULSES,,-0.0773,,sim/out/host/grindsim --seed 600002 --scenario sim/mc/scenarios/fault_motor_stall_rnd4.json
faults,fault_motor_stall_rnd4,600003,MAX_PULSES,MAX_PULSES,,-0.0786,,sim/out/host/grindsim --seed 600003 --scenario sim/mc/scenarios/fault_motor_stall_rnd4.json
faults,fault_motor_stall_rnd4,600004,MAX_PULSES,MAX_PULSES,,-0.0717,,sim/out/host/grindsim --seed 600004 --scenario sim/mc/scenarios/fault_motor_stall_rnd4.json
faults,fault_motor_stall_rnd4,600005,MAX_PULSES,MAX_PULSES,,-0.0824,,sim/out/host/grindsim --seed 600005 --scenario sim/mc/scenarios/fault_motor_stall_rnd4.json
faults,fault_motor_stall_rnd4,600006,MAX_PULSES,MAX_PULSES,,-0.1101,,sim/out/host/grindsim --seed 600006 --scenario sim/mc/scenarios/fault_motor_stall_rnd4.json
faults,fault_motor_stall_rnd4,600007,MAX_PULSES,MAX_PULSES,,-0.0800,,sim/out/host/grindsim --seed 600007 --scenario sim/mc/scenarios/fault_motor_stall_rnd4.json
faults,fault_motor_stall_rnd4,600008,MAX_PULSES,MAX_PULSES,,-0.1120,,sim/out/host/grindsim --seed 600008 --scenario sim/mc/scenarios/fault_motor_stall_rnd4.json
faults,fault_motor_stall_rnd4,600009,MAX_PULSES,MAX_PULSES,,-0.1663,,sim/out/host/grindsim --seed 600009 --scenario sim/mc/scenarios/fault_motor_stall_rnd4.json
faults,fault_motor_stall_rnd4,600010,MAX_PULSES,MAX_PULSES,,-0.0676,,sim/out/host/grindsim --seed 600010 --scenario sim/mc/scenarios/fault_motor_stall_rnd4.json
faults,fault_motor_stall_rnd4,600011,MAX_PULSES,MAX_PULSES,,-0.1171,,sim/out/host/grindsim --seed 600011 --scenario sim/mc/scenarios/fault_motor_stall_rnd4.json
faults,fault_motor_stall_rnd4,600012,MAX_PULSES,MAX_PULSES,,-0.0970,,sim/out/host/grindsim --seed 600012 --scenario sim/mc/scenarios/fault_motor_stall_rnd4.json
faults,fault_motor_stall_rnd4,600013,MAX_PULSES,MAX_PULSES,,-0.0631,,sim/out/host/grindsim --seed 600013 --scenario sim/mc/scenarios/fault_motor_stall_rnd4.json
faults,fault_motor_stall_rnd4,600014,MAX_PULSES,MAX_PULSES,,-0.0949,,sim/out/host/grindsim --seed 600014 --scenario sim/mc/scenarios/fault_motor_stall_rnd4.json
faults,fault_motor_stall_rnd4,600015,MAX_PULSES,MAX_PULSES,,-0.1573,,sim/out/host/grindsim --seed 600015 --scenario sim/mc/scenarios/fault_motor_stall_rnd4.json
faults,fault_motor_stall_rnd4,600016,MAX_PULSES,MAX_PULSES,,-0.2937,,sim/out/host/grindsim --seed 600016 --scenario sim/mc/scenarios/fault_motor_stall_rnd4.json
faults,fault_motor_stall_rnd4,600017,MAX_PULSES,MAX_PULSES,,-0.2264,,sim/out/host/grindsim --seed 600017 --scenario sim/mc/scenarios/fault_motor_stall_rnd4.json
faults,fault_motor_stall_rnd4,600019,MAX_PULSES,MAX_PULSES,,-0.0803,,sim/out/host/grindsim --seed 600019 --scenario sim/mc/scenarios/fault_motor_stall_rnd4.json
faults,fault_relay_stuck_off_pdec0,600000,MAX_PULSES,MAX_PULSES,,-0.4095,,sim/out/host/grindsim --seed 600000 --scenario sim/mc/scenarios/fault_relay_stuck_off_pdec0.json
faults,fault_relay_stuck_off_pdec0,600001,MAX_PULSES,MAX_PULSES,,-0.4787,,sim/out/host/grindsim --seed 600001 --scenario sim/mc/scenarios/fault_relay_stuck_off_pdec0.json
faults,fault_relay_stuck_off_pdec0,600002,MAX_PULSES,MAX_PULSES,,-0.4296,,sim/out/host/grindsim --seed 600002 --scenario sim/mc/scenarios/fault_relay_stuck_off_pdec0.json
faults,fault_relay_stuck_off_pdec0,600003,MAX_PULSES,MAX_PULSES,,-0.4120,,sim/out/host/grindsim --seed 600003 --scenario sim/mc/scenarios/fault_relay_stuck_off_pdec0.json
faults,fault_relay_stuck_off_pdec0,600004,MAX_PULSES,MAX_PULSES,,-0.3784,,sim/out/host/grindsim --seed 600004 --scenario sim/mc/scenarios/fault_relay_stuck_off_pdec0.json
faults,fault_relay_stuck_off_pdec0,600005,MAX_PULSES,MAX_PULSES,,-0.4311,,sim/out/host/grindsim --seed 600005 --scenario sim/mc/scenarios/fault_relay_stuck_off_pdec0.json
faults,fault_relay_stuck_off_pdec0,600006,MAX_PULSES,MAX_PULSES,,-0.5361,,sim/out/host/grindsim --seed 600006 --scenario sim/mc/scenarios/fault_relay_stuck_off_pdec0.json
faults,fault_relay_stuck_off_pdec0,600007,MAX_PULSES,MAX_PULSES,,-0.3659,,sim/out/host/grindsim --seed 600007 --scenario sim/mc/scenarios/fault_relay_stuck_off_pdec0.json
faults,fault_relay_stuck_off_pdec0,600008,MAX_PULSES,MAX_PULSES,,-0.4907,,sim/out/host/grindsim --seed 600008 --scenario sim/mc/scenarios/fault_relay_stuck_off_pdec0.json
faults,fault_relay_stuck_off_pdec0,600009,MAX_PULSES,MAX_PULSES,,-0.5065,,sim/out/host/grindsim --seed 600009 --scenario sim/mc/scenarios/fault_relay_stuck_off_pdec0.json
faults,fault_relay_stuck_off_pdec0,600010,MAX_PULSES,MAX_PULSES,,-0.3551,,sim/out/host/grindsim --seed 600010 --scenario sim/mc/scenarios/fault_relay_stuck_off_pdec0.json
faults,fault_relay_stuck_off_pdec0,600011,MAX_PULSES,MAX_PULSES,,-0.3444,,sim/out/host/grindsim --seed 600011 --scenario sim/mc/scenarios/fault_relay_stuck_off_pdec0.json
faults,fault_relay_stuck_off_pdec0,600012,MAX_PULSES,MAX_PULSES,,-0.4144,,sim/out/host/grindsim --seed 600012 --scenario sim/mc/scenarios/fault_relay_stuck_off_pdec0.json
faults,fault_relay_stuck_off_pdec0,600013,MAX_PULSES,MAX_PULSES,,-0.4489,,sim/out/host/grindsim --seed 600013 --scenario sim/mc/scenarios/fault_relay_stuck_off_pdec0.json
faults,fault_relay_stuck_off_pdec0,600014,MAX_PULSES,MAX_PULSES,,-0.4341,,sim/out/host/grindsim --seed 600014 --scenario sim/mc/scenarios/fault_relay_stuck_off_pdec0.json
faults,fault_relay_stuck_off_pdec0,600015,MAX_PULSES,MAX_PULSES,,-0.4891,,sim/out/host/grindsim --seed 600015 --scenario sim/mc/scenarios/fault_relay_stuck_off_pdec0.json
faults,fault_relay_stuck_off_pdec0,600016,MAX_PULSES,MAX_PULSES,,-0.3355,,sim/out/host/grindsim --seed 600016 --scenario sim/mc/scenarios/fault_relay_stuck_off_pdec0.json
faults,fault_relay_stuck_off_pdec0,600017,MAX_PULSES,MAX_PULSES,,-0.3694,,sim/out/host/grindsim --seed 600017 --scenario sim/mc/scenarios/fault_relay_stuck_off_pdec0.json
faults,fault_relay_stuck_off_pdec0,600018,MAX_PULSES,MAX_PULSES,,-0.2313,,sim/out/host/grindsim --seed 600018 --scenario sim/mc/scenarios/fault_relay_stuck_off_pdec0.json
faults,fault_relay_stuck_off_pdec0,600019,MAX_PULSES,MAX_PULSES,,-0.3963,,sim/out/host/grindsim --seed 600019 --scenario sim/mc/scenarios/fault_relay_stuck_off_pdec0.json
faults,fault_relay_stuck_off_pred0_5,600000,ERROR 'No beans?',ERROR,No beans?,-17.1844,,sim/out/host/grindsim --seed 600000 --scenario sim/mc/scenarios/fault_relay_stuck_off_pred0_5.json
faults,fault_relay_stuck_off_pred0_5,600001,ERROR 'No beans?',ERROR,No beans?,-17.0883,,sim/out/host/grindsim --seed 600001 --scenario sim/mc/scenarios/fault_relay_stuck_off_pred0_5.json
faults,fault_relay_stuck_off_pred0_5,600002,ERROR 'No beans?',ERROR,No beans?,-17.1593,,sim/out/host/grindsim --seed 600002 --scenario sim/mc/scenarios/fault_relay_stuck_off_pred0_5.json
faults,fault_relay_stuck_off_pred0_5,600003,ERROR 'No beans?',ERROR,No beans?,-17.1586,,sim/out/host/grindsim --seed 600003 --scenario sim/mc/scenarios/fault_relay_stuck_off_pred0_5.json
faults,fault_relay_stuck_off_pred0_5,600004,ERROR 'No beans?',ERROR,No beans?,-17.1569,,sim/out/host/grindsim --seed 600004 --scenario sim/mc/scenarios/fault_relay_stuck_off_pred0_5.json
faults,fault_relay_stuck_off_pred0_5,600005,ERROR 'No beans?',ERROR,No beans?,-17.1139,,sim/out/host/grindsim --seed 600005 --scenario sim/mc/scenarios/fault_relay_stuck_off_pred0_5.json
faults,fault_relay_stuck_off_pred0_5,600006,ERROR 'No beans?',ERROR,No beans?,-17.1481,,sim/out/host/grindsim --seed 600006 --scenario sim/mc/scenarios/fault_relay_stuck_off_pred0_5.json
faults,fault_relay_stuck_off_pred0_5,600007,ERROR 'No beans?',ERROR,No beans?,-17.0129,,sim/out/host/grindsim --seed 600007 --scenario sim/mc/scenarios/fault_relay_stuck_off_pred0_5.json
faults,fault_relay_stuck_off_pred0_5,600008,ERROR 'No beans?',ERROR,No beans?,-17.0876,,sim/out/host/grindsim --seed 600008 --scenario sim/mc/scenarios/fault_relay_stuck_off_pred0_5.json
faults,fault_relay_stuck_off_pred0_5,600009,ERROR 'No beans?',ERROR,No beans?,-17.1649,,sim/out/host/grindsim --seed 600009 --scenario sim/mc/scenarios/fault_relay_stuck_off_pred0_5.json
faults,fault_relay_stuck_off_pred0_5,600010,ERROR 'No beans?',ERROR,No beans?,-17.1151,,sim/out/host/grindsim --seed 600010 --scenario sim/mc/scenarios/fault_relay_stuck_off_pred0_5.json
faults,fault_relay_stuck_off_pred0_5,600011,ERROR 'No beans?',ERROR,No beans?,-17.1708,,sim/out/host/grindsim --seed 600011 --scenario sim/mc/scenarios/fault_relay_stuck_off_pred0_5.json
faults,fault_relay_stuck_off_pred0_5,600012,ERROR 'No beans?',ERROR,No beans?,-17.0936,,sim/out/host/grindsim --seed 600012 --scenario sim/mc/scenarios/fault_relay_stuck_off_pred0_5.json
faults,fault_relay_stuck_off_pred0_5,600013,ERROR 'No beans?',ERROR,No beans?,-17.1540,,sim/out/host/grindsim --seed 600013 --scenario sim/mc/scenarios/fault_relay_stuck_off_pred0_5.json
faults,fault_relay_stuck_off_pred0_5,600014,ERROR 'No beans?',ERROR,No beans?,-17.0975,,sim/out/host/grindsim --seed 600014 --scenario sim/mc/scenarios/fault_relay_stuck_off_pred0_5.json
faults,fault_relay_stuck_off_pred0_5,600015,ERROR 'No beans?',ERROR,No beans?,-17.1341,,sim/out/host/grindsim --seed 600015 --scenario sim/mc/scenarios/fault_relay_stuck_off_pred0_5.json
faults,fault_relay_stuck_off_pred0_5,600016,ERROR 'No beans?',ERROR,No beans?,-17.1858,,sim/out/host/grindsim --seed 600016 --scenario sim/mc/scenarios/fault_relay_stuck_off_pred0_5.json
faults,fault_relay_stuck_off_pred0_5,600017,ERROR 'No beans?',ERROR,No beans?,-17.1790,,sim/out/host/grindsim --seed 600017 --scenario sim/mc/scenarios/fault_relay_stuck_off_pred0_5.json
faults,fault_relay_stuck_off_pred0_5,600018,ERROR 'No beans?',ERROR,No beans?,-17.1020,,sim/out/host/grindsim --seed 600018 --scenario sim/mc/scenarios/fault_relay_stuck_off_pred0_5.json
faults,fault_relay_stuck_off_pred0_5,600019,ERROR 'No beans?',ERROR,No beans?,-17.1265,,sim/out/host/grindsim --seed 600019 --scenario sim/mc/scenarios/fault_relay_stuck_off_pred0_5.json
faults,fault_relay_stuck_off_pred2,600000,ERROR 'No beans?',ERROR,No beans?,-14.3676,,sim/out/host/grindsim --seed 600000 --scenario sim/mc/scenarios/fault_relay_stuck_off_pred2.json
faults,fault_relay_stuck_off_pred2,600001,ERROR 'No beans?',ERROR,No beans?,-14.3171,,sim/out/host/grindsim --seed 600001 --scenario sim/mc/scenarios/fault_relay_stuck_off_pred2.json
faults,fault_relay_stuck_off_pred2,600002,ERROR 'No beans?',ERROR,No beans?,-14.3367,,sim/out/host/grindsim --seed 600002 --scenario sim/mc/scenarios/fault_relay_stuck_off_pred2.json
faults,fault_relay_stuck_off_pred2,600003,ERROR 'No beans?',ERROR,No beans?,-14.2439,,sim/out/host/grindsim --seed 600003 --scenario sim/mc/scenarios/fault_relay_stuck_off_pred2.json
faults,fault_relay_stuck_off_pred2,600004,ERROR 'No beans?',ERROR,No beans?,-14.3621,,sim/out/host/grindsim --seed 600004 --scenario sim/mc/scenarios/fault_relay_stuck_off_pred2.json
faults,fault_relay_stuck_off_pred2,600005,ERROR 'No beans?',ERROR,No beans?,-14.2991,,sim/out/host/grindsim --seed 600005 --scenario sim/mc/scenarios/fault_relay_stuck_off_pred2.json
faults,fault_relay_stuck_off_pred2,600006,ERROR 'No beans?',ERROR,No beans?,-14.2196,,sim/out/host/grindsim --seed 600006 --scenario sim/mc/scenarios/fault_relay_stuck_off_pred2.json
faults,fault_relay_stuck_off_pred2,600007,ERROR 'No beans?',ERROR,No beans?,-14.2261,,sim/out/host/grindsim --seed 600007 --scenario sim/mc/scenarios/fault_relay_stuck_off_pred2.json
faults,fault_relay_stuck_off_pred2,600008,ERROR 'No beans?',ERROR,No beans?,-14.1470,,sim/out/host/grindsim --seed 600008 --scenario sim/mc/scenarios/fault_relay_stuck_off_pred2.json
faults,fault_relay_stuck_off_pred2,600009,ERROR 'No beans?',ERROR,No beans?,-14.2855,,sim/out/host/grindsim --seed 600009 --scenario sim/mc/scenarios/fault_relay_stuck_off_pred2.json
faults,fault_relay_stuck_off_pred2,600010,ERROR 'No beans?',ERROR,No beans?,-14.2313,,sim/out/host/grindsim --seed 600010 --scenario sim/mc/scenarios/fault_relay_stuck_off_pred2.json
faults,fault_relay_stuck_off_pred2,600011,ERROR 'No beans?',ERROR,No beans?,-14.3400,,sim/out/host/grindsim --seed 600011 --scenario sim/mc/scenarios/fault_relay_stuck_off_pred2.json
faults,fault_relay_stuck_off_pred2,600012,ERROR 'No beans?',ERROR,No beans?,-14.2653,,sim/out/host/grindsim --seed 600012 --scenario sim/mc/scenarios/fault_relay_stuck_off_pred2.json
faults,fault_relay_stuck_off_pred2,600013,ERROR 'No beans?',ERROR,No beans?,-14.1477,,sim/out/host/grindsim --seed 600013 --scenario sim/mc/scenarios/fault_relay_stuck_off_pred2.json
faults,fault_relay_stuck_off_pred2,600014,ERROR 'No beans?',ERROR,No beans?,-14.3617,,sim/out/host/grindsim --seed 600014 --scenario sim/mc/scenarios/fault_relay_stuck_off_pred2.json
faults,fault_relay_stuck_off_pred2,600015,ERROR 'No beans?',ERROR,No beans?,-14.1720,,sim/out/host/grindsim --seed 600015 --scenario sim/mc/scenarios/fault_relay_stuck_off_pred2.json
faults,fault_relay_stuck_off_pred2,600016,ERROR 'No beans?',ERROR,No beans?,-14.4298,,sim/out/host/grindsim --seed 600016 --scenario sim/mc/scenarios/fault_relay_stuck_off_pred2.json
faults,fault_relay_stuck_off_pred2,600017,ERROR 'No beans?',ERROR,No beans?,-14.3608,,sim/out/host/grindsim --seed 600017 --scenario sim/mc/scenarios/fault_relay_stuck_off_pred2.json
faults,fault_relay_stuck_off_pred2,600018,ERROR 'No beans?',ERROR,No beans?,-14.2280,,sim/out/host/grindsim --seed 600018 --scenario sim/mc/scenarios/fault_relay_stuck_off_pred2.json
faults,fault_relay_stuck_off_pred2,600019,ERROR 'No beans?',ERROR,No beans?,-14.2963,,sim/out/host/grindsim --seed 600019 --scenario sim/mc/scenarios/fault_relay_stuck_off_pred2.json
faults,fault_relay_stuck_off_pred5,600000,ERROR 'No beans?',ERROR,No beans?,-8.5462,,sim/out/host/grindsim --seed 600000 --scenario sim/mc/scenarios/fault_relay_stuck_off_pred5.json
faults,fault_relay_stuck_off_pred5,600001,ERROR 'No beans?',ERROR,No beans?,-8.5726,,sim/out/host/grindsim --seed 600001 --scenario sim/mc/scenarios/fault_relay_stuck_off_pred5.json
faults,fault_relay_stuck_off_pred5,600002,ERROR 'No beans?',ERROR,No beans?,-8.5112,,sim/out/host/grindsim --seed 600002 --scenario sim/mc/scenarios/fault_relay_stuck_off_pred5.json
faults,fault_relay_stuck_off_pred5,600003,ERROR 'No beans?',ERROR,No beans?,-8.2460,,sim/out/host/grindsim --seed 600003 --scenario sim/mc/scenarios/fault_relay_stuck_off_pred5.json
faults,fault_relay_stuck_off_pred5,600004,ERROR 'No beans?',ERROR,No beans?,-8.6408,,sim/out/host/grindsim --seed 600004 --scenario sim/mc/scenarios/fault_relay_stuck_off_pred5.json
faults,fault_relay_stuck_off_pred5,600005,ERROR 'No beans?',ERROR,No beans?,-8.6419,,sim/out/host/grindsim --seed 600005 --scenario sim/mc/scenarios/fault_relay_stuck_off_pred5.json
faults,fault_relay_stuck_off_pred5,600006,ERROR 'No beans?',ERROR,No beans?,-8.6697,,sim/out/host/grindsim --seed 600006 --scenario sim/mc/scenarios/fault_relay_stuck_off_pred5.json
faults,fault_relay_stuck_off_pred5,600007,ERROR 'No beans?',ERROR,No beans?,-8.2680,,sim/out/host/grindsim --seed 600007 --scenario sim/mc/scenarios/fault_relay_stuck_off_pred5.json
faults,fault_relay_stuck_off_pred5,600008,ERROR 'No beans?',ERROR,No beans?,-8.3489,,sim/out/host/grindsim --seed 600008 --scenario sim/mc/scenarios/fault_relay_stuck_off_pred5.json
faults,fault_relay_stuck_off_pred5,600009,ERROR 'No beans?',ERROR,No beans?,-8.7685,,sim/out/host/grindsim --seed 600009 --scenario sim/mc/scenarios/fault_relay_stuck_off_pred5.json
faults,fault_relay_stuck_off_pred5,600010,ERROR 'No beans?',ERROR,No beans?,-8.3934,,sim/out/host/grindsim --seed 600010 --scenario sim/mc/scenarios/fault_relay_stuck_off_pred5.json
faults,fault_relay_stuck_off_pred5,600011,ERROR 'No beans?',ERROR,No beans?,-8.5388,,sim/out/host/grindsim --seed 600011 --scenario sim/mc/scenarios/fault_relay_stuck_off_pred5.json
faults,fault_relay_stuck_off_pred5,600012,ERROR 'No beans?',ERROR,No beans?,-8.7608,,sim/out/host/grindsim --seed 600012 --scenario sim/mc/scenarios/fault_relay_stuck_off_pred5.json
faults,fault_relay_stuck_off_pred5,600013,ERROR 'No beans?',ERROR,No beans?,-8.1351,,sim/out/host/grindsim --seed 600013 --scenario sim/mc/scenarios/fault_relay_stuck_off_pred5.json
faults,fault_relay_stuck_off_pred5,600014,ERROR 'No beans?',ERROR,No beans?,-8.6981,,sim/out/host/grindsim --seed 600014 --scenario sim/mc/scenarios/fault_relay_stuck_off_pred5.json
faults,fault_relay_stuck_off_pred5,600015,ERROR 'No beans?',ERROR,No beans?,-8.5974,,sim/out/host/grindsim --seed 600015 --scenario sim/mc/scenarios/fault_relay_stuck_off_pred5.json
faults,fault_relay_stuck_off_pred5,600016,ERROR 'No beans?',ERROR,No beans?,-8.8150,,sim/out/host/grindsim --seed 600016 --scenario sim/mc/scenarios/fault_relay_stuck_off_pred5.json
faults,fault_relay_stuck_off_pred5,600017,ERROR 'No beans?',ERROR,No beans?,-8.6475,,sim/out/host/grindsim --seed 600017 --scenario sim/mc/scenarios/fault_relay_stuck_off_pred5.json
faults,fault_relay_stuck_off_pred5,600018,ERROR 'No beans?',ERROR,No beans?,-8.4493,,sim/out/host/grindsim --seed 600018 --scenario sim/mc/scenarios/fault_relay_stuck_off_pred5.json
faults,fault_relay_stuck_off_pred5,600019,ERROR 'No beans?',ERROR,No beans?,-8.4923,,sim/out/host/grindsim --seed 600019 --scenario sim/mc/scenarios/fault_relay_stuck_off_pred5.json
faults,fault_relay_stuck_off_rnd1,600000,ERROR 'No beans?',ERROR,No beans?,-18.0000,,sim/out/host/grindsim --seed 600000 --scenario sim/mc/scenarios/fault_relay_stuck_off_rnd1.json
faults,fault_relay_stuck_off_rnd1,600001,ERROR 'No beans?',ERROR,No beans?,-18.0000,,sim/out/host/grindsim --seed 600001 --scenario sim/mc/scenarios/fault_relay_stuck_off_rnd1.json
faults,fault_relay_stuck_off_rnd1,600002,ERROR 'No beans?',ERROR,No beans?,-18.0000,,sim/out/host/grindsim --seed 600002 --scenario sim/mc/scenarios/fault_relay_stuck_off_rnd1.json
faults,fault_relay_stuck_off_rnd1,600003,ERROR 'No beans?',ERROR,No beans?,-18.0000,,sim/out/host/grindsim --seed 600003 --scenario sim/mc/scenarios/fault_relay_stuck_off_rnd1.json
faults,fault_relay_stuck_off_rnd1,600004,ERROR 'No beans?',ERROR,No beans?,-18.0000,,sim/out/host/grindsim --seed 600004 --scenario sim/mc/scenarios/fault_relay_stuck_off_rnd1.json
faults,fault_relay_stuck_off_rnd1,600005,ERROR 'No beans?',ERROR,No beans?,-18.0000,,sim/out/host/grindsim --seed 600005 --scenario sim/mc/scenarios/fault_relay_stuck_off_rnd1.json
faults,fault_relay_stuck_off_rnd1,600006,ERROR 'No beans?',ERROR,No beans?,-18.0000,,sim/out/host/grindsim --seed 600006 --scenario sim/mc/scenarios/fault_relay_stuck_off_rnd1.json
faults,fault_relay_stuck_off_rnd1,600007,ERROR 'No beans?',ERROR,No beans?,-18.0000,,sim/out/host/grindsim --seed 600007 --scenario sim/mc/scenarios/fault_relay_stuck_off_rnd1.json
faults,fault_relay_stuck_off_rnd1,600008,ERROR 'No beans?',ERROR,No beans?,-18.0000,,sim/out/host/grindsim --seed 600008 --scenario sim/mc/scenarios/fault_relay_stuck_off_rnd1.json
faults,fault_relay_stuck_off_rnd1,600009,ERROR 'No beans?',ERROR,No beans?,-18.0000,,sim/out/host/grindsim --seed 600009 --scenario sim/mc/scenarios/fault_relay_stuck_off_rnd1.json
faults,fault_relay_stuck_off_rnd1,600010,ERROR 'No beans?',ERROR,No beans?,-18.0000,,sim/out/host/grindsim --seed 600010 --scenario sim/mc/scenarios/fault_relay_stuck_off_rnd1.json
faults,fault_relay_stuck_off_rnd1,600011,ERROR 'No beans?',ERROR,No beans?,-18.0000,,sim/out/host/grindsim --seed 600011 --scenario sim/mc/scenarios/fault_relay_stuck_off_rnd1.json
faults,fault_relay_stuck_off_rnd1,600012,ERROR 'No beans?',ERROR,No beans?,-18.0000,,sim/out/host/grindsim --seed 600012 --scenario sim/mc/scenarios/fault_relay_stuck_off_rnd1.json
faults,fault_relay_stuck_off_rnd1,600013,ERROR 'No beans?',ERROR,No beans?,-18.0000,,sim/out/host/grindsim --seed 600013 --scenario sim/mc/scenarios/fault_relay_stuck_off_rnd1.json
faults,fault_relay_stuck_off_rnd1,600014,ERROR 'No beans?',ERROR,No beans?,-18.0000,,sim/out/host/grindsim --seed 600014 --scenario sim/mc/scenarios/fault_relay_stuck_off_rnd1.json
faults,fault_relay_stuck_off_rnd1,600015,ERROR 'No beans?',ERROR,No beans?,-18.0000,,sim/out/host/grindsim --seed 600015 --scenario sim/mc/scenarios/fault_relay_stuck_off_rnd1.json
faults,fault_relay_stuck_off_rnd1,600016,ERROR 'No beans?',ERROR,No beans?,-18.0000,,sim/out/host/grindsim --seed 600016 --scenario sim/mc/scenarios/fault_relay_stuck_off_rnd1.json
faults,fault_relay_stuck_off_rnd1,600017,ERROR 'No beans?',ERROR,No beans?,-18.0000,,sim/out/host/grindsim --seed 600017 --scenario sim/mc/scenarios/fault_relay_stuck_off_rnd1.json
faults,fault_relay_stuck_off_rnd1,600018,ERROR 'No beans?',ERROR,No beans?,-18.0000,,sim/out/host/grindsim --seed 600018 --scenario sim/mc/scenarios/fault_relay_stuck_off_rnd1.json
faults,fault_relay_stuck_off_rnd1,600019,ERROR 'No beans?',ERROR,No beans?,-18.0000,,sim/out/host/grindsim --seed 600019 --scenario sim/mc/scenarios/fault_relay_stuck_off_rnd1.json
faults,fault_relay_stuck_off_rnd2,600000,ERROR 'No beans?',ERROR,No beans?,-15.6765,,sim/out/host/grindsim --seed 600000 --scenario sim/mc/scenarios/fault_relay_stuck_off_rnd2.json
faults,fault_relay_stuck_off_rnd2,600001,ERROR 'No beans?',ERROR,No beans?,-15.7472,,sim/out/host/grindsim --seed 600001 --scenario sim/mc/scenarios/fault_relay_stuck_off_rnd2.json
faults,fault_relay_stuck_off_rnd2,600002,ERROR 'No beans?',ERROR,No beans?,-15.6240,,sim/out/host/grindsim --seed 600002 --scenario sim/mc/scenarios/fault_relay_stuck_off_rnd2.json
faults,fault_relay_stuck_off_rnd2,600003,ERROR 'No beans?',ERROR,No beans?,-15.7183,,sim/out/host/grindsim --seed 600003 --scenario sim/mc/scenarios/fault_relay_stuck_off_rnd2.json
faults,fault_relay_stuck_off_rnd2,600004,ERROR 'No beans?',ERROR,No beans?,-15.5815,,sim/out/host/grindsim --seed 600004 --scenario sim/mc/scenarios/fault_relay_stuck_off_rnd2.json
faults,fault_relay_stuck_off_rnd2,600005,ERROR 'No beans?',ERROR,No beans?,-15.6277,,sim/out/host/grindsim --seed 600005 --scenario sim/mc/scenarios/fault_relay_stuck_off_rnd2.json
faults,fault_relay_stuck_off_rnd2,600006,ERROR 'No beans?',ERROR,No beans?,-15.5976,,sim/out/host/grindsim --seed 600006 --scenario sim/mc/scenarios/fault_relay_stuck_off_rnd2.json
faults,fault_relay_stuck_off_rnd2,600007,ERROR 'No beans?',ERROR,No beans?,-15.6868,,sim/out/host/grindsim --seed 600007 --scenario sim/mc/scenarios/fault_relay_stuck_off_rnd2.json
faults,fault_relay_stuck_off_rnd2,600008,ERROR 'No beans?',ERROR,No beans?,-15.6767,,sim/out/host/grindsim --seed 600008 --scenario sim/mc/scenarios/fault_relay_stuck_off_rnd2.json
faults,fault_relay_stuck_off_rnd2,600009,ERROR 'No beans?',ERROR,No beans?,-15.6516,,sim/out/host/grindsim --seed 600009 --scenario sim/mc/scenarios/fault_relay_stuck_off_rnd2.json
faults,fault_relay_stuck_off_rnd2,600010,ERROR 'No beans?',ERROR,No beans?,-15.5957,,sim/out/host/grindsim --seed 600010 --scenario sim/mc/scenarios/fault_relay_stuck_off_rnd2.json
faults,fault_relay_stuck_off_rnd2,600011,ERROR 'No beans?',ERROR,No beans?,-15.8787,,sim/out/host/grindsim --seed 600011 --scenario sim/mc/scenarios/fault_relay_stuck_off_rnd2.json
faults,fault_relay_stuck_off_rnd2,600012,ERROR 'No beans?',ERROR,No beans?,-15.7740,,sim/out/host/grindsim --seed 600012 --scenario sim/mc/scenarios/fault_relay_stuck_off_rnd2.json
faults,fault_relay_stuck_off_rnd2,600013,ERROR 'No beans?',ERROR,No beans?,-15.8026,,sim/out/host/grindsim --seed 600013 --scenario sim/mc/scenarios/fault_relay_stuck_off_rnd2.json
faults,fault_relay_stuck_off_rnd2,600014,ERROR 'No beans?',ERROR,No beans?,-15.6330,,sim/out/host/grindsim --seed 600014 --scenario sim/mc/scenarios/fault_relay_stuck_off_rnd2.json
faults,fault_relay_stuck_off_rnd2,600015,ERROR 'No beans?',ERROR,No beans?,-15.4484,,sim/out/host/grindsim --seed 600015 --scenario sim/mc/scenarios/fault_relay_stuck_off_rnd2.json
faults,fault_relay_stuck_off_rnd2,600016,ERROR 'No beans?',ERROR,No beans?,-15.9016,,sim/out/host/grindsim --seed 600016 --scenario sim/mc/scenarios/fault_relay_stuck_off_rnd2.json
faults,fault_relay_stuck_off_rnd2,600017,ERROR 'No beans?',ERROR,No beans?,-15.6858,,sim/out/host/grindsim --seed 600017 --scenario sim/mc/scenarios/fault_relay_stuck_off_rnd2.json
faults,fault_relay_stuck_off_rnd2,600018,ERROR 'No beans?',ERROR,No beans?,-15.6868,,sim/out/host/grindsim --seed 600018 --scenario sim/mc/scenarios/fault_relay_stuck_off_rnd2.json
faults,fault_relay_stuck_off_rnd2,600019,ERROR 'No beans?',ERROR,No beans?,-15.6036,,sim/out/host/grindsim --seed 600019 --scenario sim/mc/scenarios/fault_relay_stuck_off_rnd2.json
faults,fault_relay_stuck_off_rnd3,600000,ERROR 'No beans?',ERROR,No beans?,-4.1426,,sim/out/host/grindsim --seed 600000 --scenario sim/mc/scenarios/fault_relay_stuck_off_rnd3.json
faults,fault_relay_stuck_off_rnd3,600001,ERROR 'No beans?',ERROR,No beans?,-4.2598,,sim/out/host/grindsim --seed 600001 --scenario sim/mc/scenarios/fault_relay_stuck_off_rnd3.json
faults,fault_relay_stuck_off_rnd3,600002,ERROR 'No beans?',ERROR,No beans?,-3.8822,,sim/out/host/grindsim --seed 600002 --scenario sim/mc/scenarios/fault_relay_stuck_off_rnd3.json
faults,fault_relay_stuck_off_rnd3,600003,ERROR 'No beans?',ERROR,No beans?,-3.7921,,sim/out/host/grindsim --seed 600003 --scenario sim/mc/scenarios/fault_relay_stuck_off_rnd3.json
faults,fault_relay_stuck_off_rnd3,600004,ERROR 'No beans?',ERROR,No beans?,-4.0018,,sim/out/host/grindsim --seed 600004 --scenario sim/mc/scenarios/fault_relay_stuck_off_rnd3.json
faults,fault_relay_stuck_off_rnd3,600005,ERROR 'No beans?',ERROR,No beans?,-4.0763,,sim/out/host/grindsim --seed 600005 --scenario sim/mc/scenarios/fault_relay_stuck_off_rnd3.json
faults,fault_relay_stuck_off_rnd3,600006,ERROR 'No beans?',ERROR,No beans?,-3.8587,,sim/out/host/grindsim --seed 600006 --scenario sim/mc/scenarios/fault_relay_stuck_off_rnd3.json
faults,fault_relay_stuck_off_rnd3,600007,ERROR 'No beans?',ERROR,No beans?,-4.0658,,sim/out/host/grindsim --seed 600007 --scenario sim/mc/scenarios/fault_relay_stuck_off_rnd3.json
faults,fault_relay_stuck_off_rnd3,600008,ERROR 'No beans?',ERROR,No beans?,-4.0347,,sim/out/host/grindsim --seed 600008 --scenario sim/mc/scenarios/fault_relay_stuck_off_rnd3.json
faults,fault_relay_stuck_off_rnd3,600009,ERROR 'No beans?',ERROR,No beans?,-4.2673,,sim/out/host/grindsim --seed 600009 --scenario sim/mc/scenarios/fault_relay_stuck_off_rnd3.json
faults,fault_relay_stuck_off_rnd3,600010,ERROR 'No beans?',ERROR,No beans?,-3.7680,,sim/out/host/grindsim --seed 600010 --scenario sim/mc/scenarios/fault_relay_stuck_off_rnd3.json
faults,fault_relay_stuck_off_rnd3,600011,ERROR 'No beans?',ERROR,No beans?,-4.2294,,sim/out/host/grindsim --seed 600011 --scenario sim/mc/scenarios/fault_relay_stuck_off_rnd3.json
faults,fault_relay_stuck_off_rnd3,600012,ERROR 'No beans?',ERROR,No beans?,-4.1188,,sim/out/host/grindsim --seed 600012 --scenario sim/mc/scenarios/fault_relay_stuck_off_rnd3.json
faults,fault_relay_stuck_off_rnd3,600013,ERROR 'No beans?',ERROR,No beans?,-3.8713,,sim/out/host/grindsim --seed 600013 --scenario sim/mc/scenarios/fault_relay_stuck_off_rnd3.json
faults,fault_relay_stuck_off_rnd3,600014,ERROR 'No beans?',ERROR,No beans?,-4.2270,,sim/out/host/grindsim --seed 600014 --scenario sim/mc/scenarios/fault_relay_stuck_off_rnd3.json
faults,fault_relay_stuck_off_rnd3,600015,ERROR 'No beans?',ERROR,No beans?,-3.9715,,sim/out/host/grindsim --seed 600015 --scenario sim/mc/scenarios/fault_relay_stuck_off_rnd3.json
faults,fault_relay_stuck_off_rnd3,600016,ERROR 'No beans?',ERROR,No beans?,-4.4466,,sim/out/host/grindsim --seed 600016 --scenario sim/mc/scenarios/fault_relay_stuck_off_rnd3.json
faults,fault_relay_stuck_off_rnd3,600017,ERROR 'No beans?',ERROR,No beans?,-4.3773,,sim/out/host/grindsim --seed 600017 --scenario sim/mc/scenarios/fault_relay_stuck_off_rnd3.json
faults,fault_relay_stuck_off_rnd3,600018,ERROR 'No beans?',ERROR,No beans?,-3.8609,,sim/out/host/grindsim --seed 600018 --scenario sim/mc/scenarios/fault_relay_stuck_off_rnd3.json
faults,fault_relay_stuck_off_rnd3,600019,ERROR 'No beans?',ERROR,No beans?,-3.9022,,sim/out/host/grindsim --seed 600019 --scenario sim/mc/scenarios/fault_relay_stuck_off_rnd3.json
faults,fault_relay_stuck_off_rnd4,600000,MAX_PULSES,MAX_PULSES,,-0.0915,,sim/out/host/grindsim --seed 600000 --scenario sim/mc/scenarios/fault_relay_stuck_off_rnd4.json
faults,fault_relay_stuck_off_rnd4,600001,MAX_PULSES,MAX_PULSES,,-0.1363,,sim/out/host/grindsim --seed 600001 --scenario sim/mc/scenarios/fault_relay_stuck_off_rnd4.json
faults,fault_relay_stuck_off_rnd4,600002,MAX_PULSES,MAX_PULSES,,-0.0713,,sim/out/host/grindsim --seed 600002 --scenario sim/mc/scenarios/fault_relay_stuck_off_rnd4.json
faults,fault_relay_stuck_off_rnd4,600003,MAX_PULSES,MAX_PULSES,,-0.0786,,sim/out/host/grindsim --seed 600003 --scenario sim/mc/scenarios/fault_relay_stuck_off_rnd4.json
faults,fault_relay_stuck_off_rnd4,600004,MAX_PULSES,MAX_PULSES,,-0.0717,,sim/out/host/grindsim --seed 600004 --scenario sim/mc/scenarios/fault_relay_stuck_off_rnd4.json
faults,fault_relay_stuck_off_rnd4,600005,MAX_PULSES,MAX_PULSES,,-0.0824,,sim/out/host/grindsim --seed 600005 --scenario sim/mc/scenarios/fault_relay_stuck_off_rnd4.json
faults,fault_relay_stuck_off_rnd4,600006,MAX_PULSES,MAX_PULSES,,-0.1101,,sim/out/host/grindsim --seed 600006 --scenario sim/mc/scenarios/fault_relay_stuck_off_rnd4.json
faults,fault_relay_stuck_off_rnd4,600007,MAX_PULSES,MAX_PULSES,,-0.0800,,sim/out/host/grindsim --seed 600007 --scenario sim/mc/scenarios/fault_relay_stuck_off_rnd4.json
faults,fault_relay_stuck_off_rnd4,600008,MAX_PULSES,MAX_PULSES,,-0.1120,,sim/out/host/grindsim --seed 600008 --scenario sim/mc/scenarios/fault_relay_stuck_off_rnd4.json
faults,fault_relay_stuck_off_rnd4,600009,MAX_PULSES,MAX_PULSES,,-0.1663,,sim/out/host/grindsim --seed 600009 --scenario sim/mc/scenarios/fault_relay_stuck_off_rnd4.json
faults,fault_relay_stuck_off_rnd4,600010,MAX_PULSES,MAX_PULSES,,-0.0676,,sim/out/host/grindsim --seed 600010 --scenario sim/mc/scenarios/fault_relay_stuck_off_rnd4.json
faults,fault_relay_stuck_off_rnd4,600011,MAX_PULSES,MAX_PULSES,,-0.0768,,sim/out/host/grindsim --seed 600011 --scenario sim/mc/scenarios/fault_relay_stuck_off_rnd4.json
faults,fault_relay_stuck_off_rnd4,600012,MAX_PULSES,MAX_PULSES,,-0.0961,,sim/out/host/grindsim --seed 600012 --scenario sim/mc/scenarios/fault_relay_stuck_off_rnd4.json
faults,fault_relay_stuck_off_rnd4,600013,MAX_PULSES,MAX_PULSES,,-0.0631,,sim/out/host/grindsim --seed 600013 --scenario sim/mc/scenarios/fault_relay_stuck_off_rnd4.json
faults,fault_relay_stuck_off_rnd4,600014,MAX_PULSES,MAX_PULSES,,-0.0930,,sim/out/host/grindsim --seed 600014 --scenario sim/mc/scenarios/fault_relay_stuck_off_rnd4.json
faults,fault_relay_stuck_off_rnd4,600015,MAX_PULSES,MAX_PULSES,,-0.1573,,sim/out/host/grindsim --seed 600015 --scenario sim/mc/scenarios/fault_relay_stuck_off_rnd4.json
faults,fault_relay_stuck_off_rnd4,600016,MAX_PULSES,MAX_PULSES,,-0.2655,,sim/out/host/grindsim --seed 600016 --scenario sim/mc/scenarios/fault_relay_stuck_off_rnd4.json
faults,fault_relay_stuck_off_rnd4,600017,MAX_PULSES,MAX_PULSES,,-0.1725,,sim/out/host/grindsim --seed 600017 --scenario sim/mc/scenarios/fault_relay_stuck_off_rnd4.json
faults,fault_relay_stuck_off_rnd4,600019,MAX_PULSES,MAX_PULSES,,-0.0803,,sim/out/host/grindsim --seed 600019 --scenario sim/mc/scenarios/fault_relay_stuck_off_rnd4.json
faults,fault_relay_stuck_off_start0,600000,ERROR 'No beans?',ERROR,No beans?,-18.0000,,sim/out/host/grindsim --seed 600000 --scenario sim/mc/scenarios/fault_relay_stuck_off_start0.json
faults,fault_relay_stuck_off_start0,600001,ERROR 'No beans?',ERROR,No beans?,-18.0000,,sim/out/host/grindsim --seed 600001 --scenario sim/mc/scenarios/fault_relay_stuck_off_start0.json
faults,fault_relay_stuck_off_start0,600002,ERROR 'No beans?',ERROR,No beans?,-18.0000,,sim/out/host/grindsim --seed 600002 --scenario sim/mc/scenarios/fault_relay_stuck_off_start0.json
faults,fault_relay_stuck_off_start0,600003,ERROR 'No beans?',ERROR,No beans?,-18.0000,,sim/out/host/grindsim --seed 600003 --scenario sim/mc/scenarios/fault_relay_stuck_off_start0.json
faults,fault_relay_stuck_off_start0,600004,ERROR 'No beans?',ERROR,No beans?,-18.0000,,sim/out/host/grindsim --seed 600004 --scenario sim/mc/scenarios/fault_relay_stuck_off_start0.json
faults,fault_relay_stuck_off_start0,600005,ERROR 'No beans?',ERROR,No beans?,-18.0000,,sim/out/host/grindsim --seed 600005 --scenario sim/mc/scenarios/fault_relay_stuck_off_start0.json
faults,fault_relay_stuck_off_start0,600006,ERROR 'No beans?',ERROR,No beans?,-18.0000,,sim/out/host/grindsim --seed 600006 --scenario sim/mc/scenarios/fault_relay_stuck_off_start0.json
faults,fault_relay_stuck_off_start0,600007,ERROR 'No beans?',ERROR,No beans?,-18.0000,,sim/out/host/grindsim --seed 600007 --scenario sim/mc/scenarios/fault_relay_stuck_off_start0.json
faults,fault_relay_stuck_off_start0,600008,ERROR 'No beans?',ERROR,No beans?,-18.0000,,sim/out/host/grindsim --seed 600008 --scenario sim/mc/scenarios/fault_relay_stuck_off_start0.json
faults,fault_relay_stuck_off_start0,600009,ERROR 'No beans?',ERROR,No beans?,-18.0000,,sim/out/host/grindsim --seed 600009 --scenario sim/mc/scenarios/fault_relay_stuck_off_start0.json
faults,fault_relay_stuck_off_start0,600010,ERROR 'No beans?',ERROR,No beans?,-18.0000,,sim/out/host/grindsim --seed 600010 --scenario sim/mc/scenarios/fault_relay_stuck_off_start0.json
faults,fault_relay_stuck_off_start0,600011,ERROR 'No beans?',ERROR,No beans?,-18.0000,,sim/out/host/grindsim --seed 600011 --scenario sim/mc/scenarios/fault_relay_stuck_off_start0.json
faults,fault_relay_stuck_off_start0,600012,ERROR 'No beans?',ERROR,No beans?,-18.0000,,sim/out/host/grindsim --seed 600012 --scenario sim/mc/scenarios/fault_relay_stuck_off_start0.json
faults,fault_relay_stuck_off_start0,600013,ERROR 'No beans?',ERROR,No beans?,-18.0000,,sim/out/host/grindsim --seed 600013 --scenario sim/mc/scenarios/fault_relay_stuck_off_start0.json
faults,fault_relay_stuck_off_start0,600014,ERROR 'No beans?',ERROR,No beans?,-18.0000,,sim/out/host/grindsim --seed 600014 --scenario sim/mc/scenarios/fault_relay_stuck_off_start0.json
faults,fault_relay_stuck_off_start0,600015,ERROR 'No beans?',ERROR,No beans?,-18.0000,,sim/out/host/grindsim --seed 600015 --scenario sim/mc/scenarios/fault_relay_stuck_off_start0.json
faults,fault_relay_stuck_off_start0,600016,ERROR 'No beans?',ERROR,No beans?,-18.0000,,sim/out/host/grindsim --seed 600016 --scenario sim/mc/scenarios/fault_relay_stuck_off_start0.json
faults,fault_relay_stuck_off_start0,600017,ERROR 'No beans?',ERROR,No beans?,-18.0000,,sim/out/host/grindsim --seed 600017 --scenario sim/mc/scenarios/fault_relay_stuck_off_start0.json
faults,fault_relay_stuck_off_start0,600018,ERROR 'No beans?',ERROR,No beans?,-18.0000,,sim/out/host/grindsim --seed 600018 --scenario sim/mc/scenarios/fault_relay_stuck_off_start0.json
faults,fault_relay_stuck_off_start0,600019,ERROR 'No beans?',ERROR,No beans?,-18.0000,,sim/out/host/grindsim --seed 600019 --scenario sim/mc/scenarios/fault_relay_stuck_off_start0.json
faults,fault_relay_stuck_on_pdec0,600000,OVERSHOOT,OVERSHOOT,,1.7264,SAFETY-TIME,sim/out/host/grindsim --seed 600000 --scenario sim/mc/scenarios/fault_relay_stuck_on_pdec0.json
faults,fault_relay_stuck_on_pdec0,600001,OVERSHOOT,OVERSHOOT,,1.6672,SAFETY-TIME,sim/out/host/grindsim --seed 600001 --scenario sim/mc/scenarios/fault_relay_stuck_on_pdec0.json
faults,fault_relay_stuck_on_pdec0,600002,OVERSHOOT,OVERSHOOT,,1.6088,SAFETY-TIME,sim/out/host/grindsim --seed 600002 --scenario sim/mc/scenarios/fault_relay_stuck_on_pdec0.json
faults,fault_relay_stuck_on_pdec0,600003,OVERSHOOT,OVERSHOOT,,1.6920,SAFETY-TIME,sim/out/host/grindsim --seed 600003 --scenario sim/mc/scenarios/fault_relay_stuck_on_pdec0.json
faults,fault_relay_stuck_on_pdec0,600004,OVERSHOOT,OVERSHOOT,,1.6747,SAFETY-TIME,sim/out/host/grindsim --seed 600004 --scenario sim/mc/scenarios/fault_relay_stuck_on_pdec0.json
faults,fault_relay_stuck_on_pdec0,600005,OVERSHOOT,OVERSHOOT,,1.7160,SAFETY-TIME,sim/out/host/grindsim --seed 600005 --scenario sim/mc/scenarios/fault_relay_stuck_on_pdec0.json
faults,fault_relay_stuck_on_pdec0,600006,OVERSHOOT,OVERSHOOT,,1.7868,SAFETY-TIME,sim/out/host/grindsim --seed 600006 --scenario sim/mc/scenarios/fault_relay_stuck_on_pdec0.json
faults,fault_relay_stuck_on_pdec0,600007,OVERSHOOT,OVERSHOOT,,1.7271,SAFETY-TIME,sim/out/host/grindsim --seed 600007 --scenario sim/mc/scenarios/fault_relay_stuck_on_pdec0.json
faults,fault_relay_stuck_on_pdec0,600008,OVERSHOOT,OVERSHOOT,,1.6842,SAFETY-TIME,sim/out/host/grindsim --seed 600008 --scenario sim/mc/scenarios/fault_relay_stuck_on_pdec0.json
faults,fault_relay_stuck_on_pdec0,600009,OVERSHOOT,OVERSHOOT,,1.5447,SAFETY-TIME,sim/out/host/grindsim --seed 600009 --scenario sim/mc/scenarios/fault_relay_stuck_on_pdec0.json
faults,fault_relay_stuck_on_pdec0,600010,OVERSHOOT,OVERSHOOT,,1.6502,SAFETY-TIME,sim/out/host/grindsim --seed 600010 --scenario sim/mc/scenarios/fault_relay_stuck_on_pdec0.json
faults,fault_relay_stuck_on_pdec0,600011,OVERSHOOT,OVERSHOOT,,1.5763,SAFETY-TIME,sim/out/host/grindsim --seed 600011 --scenario sim/mc/scenarios/fault_relay_stuck_on_pdec0.json
faults,fault_relay_stuck_on_pdec0,600012,OVERSHOOT,OVERSHOOT,,1.5617,SAFETY-TIME,sim/out/host/grindsim --seed 600012 --scenario sim/mc/scenarios/fault_relay_stuck_on_pdec0.json
faults,fault_relay_stuck_on_pdec0,600013,OVERSHOOT,OVERSHOOT,,1.7119,SAFETY-TIME,sim/out/host/grindsim --seed 600013 --scenario sim/mc/scenarios/fault_relay_stuck_on_pdec0.json
faults,fault_relay_stuck_on_pdec0,600014,OVERSHOOT,OVERSHOOT,,1.6190,SAFETY-TIME,sim/out/host/grindsim --seed 600014 --scenario sim/mc/scenarios/fault_relay_stuck_on_pdec0.json
faults,fault_relay_stuck_on_pdec0,600015,OVERSHOOT,OVERSHOOT,,1.6696,SAFETY-TIME,sim/out/host/grindsim --seed 600015 --scenario sim/mc/scenarios/fault_relay_stuck_on_pdec0.json
faults,fault_relay_stuck_on_pdec0,600016,OVERSHOOT,OVERSHOOT,,1.6725,SAFETY-TIME,sim/out/host/grindsim --seed 600016 --scenario sim/mc/scenarios/fault_relay_stuck_on_pdec0.json
faults,fault_relay_stuck_on_pdec0,600017,OVERSHOOT,OVERSHOOT,,1.7524,SAFETY-TIME,sim/out/host/grindsim --seed 600017 --scenario sim/mc/scenarios/fault_relay_stuck_on_pdec0.json
faults,fault_relay_stuck_on_pdec0,600018,OVERSHOOT,OVERSHOOT,,1.7332,SAFETY-TIME,sim/out/host/grindsim --seed 600018 --scenario sim/mc/scenarios/fault_relay_stuck_on_pdec0.json
faults,fault_relay_stuck_on_pdec0,600019,OVERSHOOT,OVERSHOOT,,1.6547,SAFETY-TIME,sim/out/host/grindsim --seed 600019 --scenario sim/mc/scenarios/fault_relay_stuck_on_pdec0.json
faults,fault_relay_stuck_on_pred0_5,600000,OVERSHOOT,OVERSHOOT,,1.7264,SAFETY-TIME,sim/out/host/grindsim --seed 600000 --scenario sim/mc/scenarios/fault_relay_stuck_on_pred0_5.json
faults,fault_relay_stuck_on_pred0_5,600001,OVERSHOOT,OVERSHOOT,,1.6678,SAFETY-TIME,sim/out/host/grindsim --seed 600001 --scenario sim/mc/scenarios/fault_relay_stuck_on_pred0_5.json
faults,fault_relay_stuck_on_pred0_5,600002,OVERSHOOT,OVERSHOOT,,1.6102,SAFETY-TIME,sim/out/host/grindsim --seed 600002 --scenario sim/mc/scenarios/fault_relay_stuck_on_pred0_5.json
faults,fault_relay_stuck_on_pred0_5,600003,OVERSHOOT,OVERSHOOT,,1.6755,SAFETY-TIME,sim/out/host/grindsim --seed 600003 --scenario sim/mc/scenarios/fault_relay_stuck_on_pred0_5.json
faults,fault_relay_stuck_on_pred0_5,600004,OVERSHOOT,OVERSHOOT,,1.6739,SAFETY-TIME,sim/out/host/grindsim --seed 600004 --scenario sim/mc/scenarios/fault_relay_stuck_on_pred0_5.json
faults,fault_relay_stuck_on_pred0_5,600005,OVERSHOOT,OVERSHOOT,,1.7091,SAFETY-TIME,sim/out/host/grindsim --seed 600005 --scenario sim/mc/scenarios/fault_relay_stuck_on_pred0_5.json
faults,fault_relay_stuck_on_pred0_5,600006,OVERSHOOT,OVERSHOOT,,1.7845,SAFETY-TIME,sim/out/host/grindsim --seed 600006 --scenario sim/mc/scenarios/fault_relay_stuck_on_pred0_5.json
faults,fault_relay_stuck_on_pred0_5,600007,OVERSHOOT,OVERSHOOT,,1.7285,SAFETY-TIME,sim/out/host/grindsim --seed 600007 --scenario sim/mc/scenarios/fault_relay_stuck_on_pred0_5.json
faults,fault_relay_stuck_on_pred0_5,600008,OVERSHOOT,OVERSHOOT,,1.6833,SAFETY-TIME,sim/out/host/grindsim --seed 600008 --scenario sim/mc/scenarios/fault_relay_stuck_on_pred0_5.json
faults,fault_relay_stuck_on_pred0_5,600009,OVERSHOOT,OVERSHOOT,,1.5447,SAFETY-TIME,sim/out/host/grindsim --seed 600009 --scenario sim/mc/scenarios/fault_relay_stuck_on_pred0_5.json
faults,fault_relay_stuck_on_pred0_5,600010,OVERSHOOT,OVERSHOOT,,1.6504,SAFETY-TIME,sim/out/host/grindsim --seed 600010 --scenario sim/mc/scenarios/fault_relay_stuck_on_pred0_5.json
faults,fault_relay_stuck_on_pred0_5,600011,OVERSHOOT,OVERSHOOT,,1.5694,SAFETY-TIME,sim/out/host/grindsim --seed 600011 --scenario sim/mc/scenarios/fault_relay_stuck_on_pred0_5.json
faults,fault_relay_stuck_on_pred0_5,600012,OVERSHOOT,OVERSHOOT,,1.5614,SAFETY-TIME,sim/out/host/grindsim --seed 600012 --scenario sim/mc/scenarios/fault_relay_stuck_on_pred0_5.json
faults,fault_relay_stuck_on_pred0_5,600013,OVERSHOOT,OVERSHOOT,,1.7116,SAFETY-TIME,sim/out/host/grindsim --seed 600013 --scenario sim/mc/scenarios/fault_relay_stuck_on_pred0_5.json
faults,fault_relay_stuck_on_pred0_5,600014,OVERSHOOT,OVERSHOOT,,1.6188,SAFETY-TIME,sim/out/host/grindsim --seed 600014 --scenario sim/mc/scenarios/fault_relay_stuck_on_pred0_5.json
faults,fault_relay_stuck_on_pred0_5,600015,OVERSHOOT,OVERSHOOT,,1.6713,SAFETY-TIME,sim/out/host/grindsim --seed 600015 --scenario sim/mc/scenarios/fault_relay_stuck_on_pred0_5.json
faults,fault_relay_stuck_on_pred0_5,600016,OVERSHOOT,OVERSHOOT,,1.6735,SAFETY-TIME,sim/out/host/grindsim --seed 600016 --scenario sim/mc/scenarios/fault_relay_stuck_on_pred0_5.json
faults,fault_relay_stuck_on_pred0_5,600017,OVERSHOOT,OVERSHOOT,,1.7314,SAFETY-TIME,sim/out/host/grindsim --seed 600017 --scenario sim/mc/scenarios/fault_relay_stuck_on_pred0_5.json
faults,fault_relay_stuck_on_pred0_5,600018,OVERSHOOT,OVERSHOOT,,1.7431,SAFETY-TIME,sim/out/host/grindsim --seed 600018 --scenario sim/mc/scenarios/fault_relay_stuck_on_pred0_5.json
faults,fault_relay_stuck_on_pred0_5,600019,OVERSHOOT,OVERSHOOT,,1.6490,SAFETY-TIME,sim/out/host/grindsim --seed 600019 --scenario sim/mc/scenarios/fault_relay_stuck_on_pred0_5.json
faults,fault_relay_stuck_on_pred2,600000,OVERSHOOT,OVERSHOOT,,1.7264,SAFETY-TIME,sim/out/host/grindsim --seed 600000 --scenario sim/mc/scenarios/fault_relay_stuck_on_pred2.json
faults,fault_relay_stuck_on_pred2,600001,OVERSHOOT,OVERSHOOT,,1.6678,SAFETY-TIME,sim/out/host/grindsim --seed 600001 --scenario sim/mc/scenarios/fault_relay_stuck_on_pred2.json
faults,fault_relay_stuck_on_pred2,600002,OVERSHOOT,OVERSHOOT,,1.6102,SAFETY-TIME,sim/out/host/grindsim --seed 600002 --scenario sim/mc/scenarios/fault_relay_stuck_on_pred2.json
faults,fault_relay_stuck_on_pred2,600003,OVERSHOOT,OVERSHOOT,,1.6755,SAFETY-TIME,sim/out/host/grindsim --seed 600003 --scenario sim/mc/scenarios/fault_relay_stuck_on_pred2.json
faults,fault_relay_stuck_on_pred2,600004,OVERSHOOT,OVERSHOOT,,1.6739,SAFETY-TIME,sim/out/host/grindsim --seed 600004 --scenario sim/mc/scenarios/fault_relay_stuck_on_pred2.json
faults,fault_relay_stuck_on_pred2,600005,OVERSHOOT,OVERSHOOT,,1.7091,SAFETY-TIME,sim/out/host/grindsim --seed 600005 --scenario sim/mc/scenarios/fault_relay_stuck_on_pred2.json
faults,fault_relay_stuck_on_pred2,600006,OVERSHOOT,OVERSHOOT,,1.7845,SAFETY-TIME,sim/out/host/grindsim --seed 600006 --scenario sim/mc/scenarios/fault_relay_stuck_on_pred2.json
faults,fault_relay_stuck_on_pred2,600007,OVERSHOOT,OVERSHOOT,,1.7285,SAFETY-TIME,sim/out/host/grindsim --seed 600007 --scenario sim/mc/scenarios/fault_relay_stuck_on_pred2.json
faults,fault_relay_stuck_on_pred2,600008,OVERSHOOT,OVERSHOOT,,1.6833,SAFETY-TIME,sim/out/host/grindsim --seed 600008 --scenario sim/mc/scenarios/fault_relay_stuck_on_pred2.json
faults,fault_relay_stuck_on_pred2,600009,OVERSHOOT,OVERSHOOT,,1.5447,SAFETY-TIME,sim/out/host/grindsim --seed 600009 --scenario sim/mc/scenarios/fault_relay_stuck_on_pred2.json
faults,fault_relay_stuck_on_pred2,600010,OVERSHOOT,OVERSHOOT,,1.6504,SAFETY-TIME,sim/out/host/grindsim --seed 600010 --scenario sim/mc/scenarios/fault_relay_stuck_on_pred2.json
faults,fault_relay_stuck_on_pred2,600011,OVERSHOOT,OVERSHOOT,,1.5694,SAFETY-TIME,sim/out/host/grindsim --seed 600011 --scenario sim/mc/scenarios/fault_relay_stuck_on_pred2.json
faults,fault_relay_stuck_on_pred2,600012,OVERSHOOT,OVERSHOOT,,1.5614,SAFETY-TIME,sim/out/host/grindsim --seed 600012 --scenario sim/mc/scenarios/fault_relay_stuck_on_pred2.json
faults,fault_relay_stuck_on_pred2,600013,OVERSHOOT,OVERSHOOT,,1.7116,SAFETY-TIME,sim/out/host/grindsim --seed 600013 --scenario sim/mc/scenarios/fault_relay_stuck_on_pred2.json
faults,fault_relay_stuck_on_pred2,600014,OVERSHOOT,OVERSHOOT,,1.6188,SAFETY-TIME,sim/out/host/grindsim --seed 600014 --scenario sim/mc/scenarios/fault_relay_stuck_on_pred2.json
faults,fault_relay_stuck_on_pred2,600015,OVERSHOOT,OVERSHOOT,,1.6713,SAFETY-TIME,sim/out/host/grindsim --seed 600015 --scenario sim/mc/scenarios/fault_relay_stuck_on_pred2.json
faults,fault_relay_stuck_on_pred2,600016,OVERSHOOT,OVERSHOOT,,1.6735,SAFETY-TIME,sim/out/host/grindsim --seed 600016 --scenario sim/mc/scenarios/fault_relay_stuck_on_pred2.json
faults,fault_relay_stuck_on_pred2,600017,OVERSHOOT,OVERSHOOT,,1.7314,SAFETY-TIME,sim/out/host/grindsim --seed 600017 --scenario sim/mc/scenarios/fault_relay_stuck_on_pred2.json
faults,fault_relay_stuck_on_pred2,600018,OVERSHOOT,OVERSHOOT,,1.7431,SAFETY-TIME,sim/out/host/grindsim --seed 600018 --scenario sim/mc/scenarios/fault_relay_stuck_on_pred2.json
faults,fault_relay_stuck_on_pred2,600019,OVERSHOOT,OVERSHOOT,,1.6490,SAFETY-TIME,sim/out/host/grindsim --seed 600019 --scenario sim/mc/scenarios/fault_relay_stuck_on_pred2.json
faults,fault_relay_stuck_on_pred5,600000,OVERSHOOT,OVERSHOOT,,1.7264,SAFETY-TIME,sim/out/host/grindsim --seed 600000 --scenario sim/mc/scenarios/fault_relay_stuck_on_pred5.json
faults,fault_relay_stuck_on_pred5,600001,OVERSHOOT,OVERSHOOT,,1.6678,SAFETY-TIME,sim/out/host/grindsim --seed 600001 --scenario sim/mc/scenarios/fault_relay_stuck_on_pred5.json
faults,fault_relay_stuck_on_pred5,600002,OVERSHOOT,OVERSHOOT,,1.6102,SAFETY-TIME,sim/out/host/grindsim --seed 600002 --scenario sim/mc/scenarios/fault_relay_stuck_on_pred5.json
faults,fault_relay_stuck_on_pred5,600003,OVERSHOOT,OVERSHOOT,,1.6755,SAFETY-TIME,sim/out/host/grindsim --seed 600003 --scenario sim/mc/scenarios/fault_relay_stuck_on_pred5.json
faults,fault_relay_stuck_on_pred5,600004,OVERSHOOT,OVERSHOOT,,1.6739,SAFETY-TIME,sim/out/host/grindsim --seed 600004 --scenario sim/mc/scenarios/fault_relay_stuck_on_pred5.json
faults,fault_relay_stuck_on_pred5,600005,OVERSHOOT,OVERSHOOT,,1.7091,SAFETY-TIME,sim/out/host/grindsim --seed 600005 --scenario sim/mc/scenarios/fault_relay_stuck_on_pred5.json
faults,fault_relay_stuck_on_pred5,600006,OVERSHOOT,OVERSHOOT,,1.7845,SAFETY-TIME,sim/out/host/grindsim --seed 600006 --scenario sim/mc/scenarios/fault_relay_stuck_on_pred5.json
faults,fault_relay_stuck_on_pred5,600007,OVERSHOOT,OVERSHOOT,,1.7285,SAFETY-TIME,sim/out/host/grindsim --seed 600007 --scenario sim/mc/scenarios/fault_relay_stuck_on_pred5.json
faults,fault_relay_stuck_on_pred5,600008,OVERSHOOT,OVERSHOOT,,1.6833,SAFETY-TIME,sim/out/host/grindsim --seed 600008 --scenario sim/mc/scenarios/fault_relay_stuck_on_pred5.json
faults,fault_relay_stuck_on_pred5,600009,OVERSHOOT,OVERSHOOT,,1.5447,SAFETY-TIME,sim/out/host/grindsim --seed 600009 --scenario sim/mc/scenarios/fault_relay_stuck_on_pred5.json
faults,fault_relay_stuck_on_pred5,600010,OVERSHOOT,OVERSHOOT,,1.6504,SAFETY-TIME,sim/out/host/grindsim --seed 600010 --scenario sim/mc/scenarios/fault_relay_stuck_on_pred5.json
faults,fault_relay_stuck_on_pred5,600011,OVERSHOOT,OVERSHOOT,,1.5694,SAFETY-TIME,sim/out/host/grindsim --seed 600011 --scenario sim/mc/scenarios/fault_relay_stuck_on_pred5.json
faults,fault_relay_stuck_on_pred5,600012,OVERSHOOT,OVERSHOOT,,1.5614,SAFETY-TIME,sim/out/host/grindsim --seed 600012 --scenario sim/mc/scenarios/fault_relay_stuck_on_pred5.json
faults,fault_relay_stuck_on_pred5,600013,OVERSHOOT,OVERSHOOT,,1.7116,SAFETY-TIME,sim/out/host/grindsim --seed 600013 --scenario sim/mc/scenarios/fault_relay_stuck_on_pred5.json
faults,fault_relay_stuck_on_pred5,600014,OVERSHOOT,OVERSHOOT,,1.6188,SAFETY-TIME,sim/out/host/grindsim --seed 600014 --scenario sim/mc/scenarios/fault_relay_stuck_on_pred5.json
faults,fault_relay_stuck_on_pred5,600015,OVERSHOOT,OVERSHOOT,,1.6713,SAFETY-TIME,sim/out/host/grindsim --seed 600015 --scenario sim/mc/scenarios/fault_relay_stuck_on_pred5.json
faults,fault_relay_stuck_on_pred5,600016,OVERSHOOT,OVERSHOOT,,1.6735,SAFETY-TIME,sim/out/host/grindsim --seed 600016 --scenario sim/mc/scenarios/fault_relay_stuck_on_pred5.json
faults,fault_relay_stuck_on_pred5,600017,OVERSHOOT,OVERSHOOT,,1.7314,SAFETY-TIME,sim/out/host/grindsim --seed 600017 --scenario sim/mc/scenarios/fault_relay_stuck_on_pred5.json
faults,fault_relay_stuck_on_pred5,600018,OVERSHOOT,OVERSHOOT,,1.7431,SAFETY-TIME,sim/out/host/grindsim --seed 600018 --scenario sim/mc/scenarios/fault_relay_stuck_on_pred5.json
faults,fault_relay_stuck_on_pred5,600019,OVERSHOOT,OVERSHOOT,,1.6490,SAFETY-TIME,sim/out/host/grindsim --seed 600019 --scenario sim/mc/scenarios/fault_relay_stuck_on_pred5.json
faults,fault_relay_stuck_on_rnd1,600000,ERROR 'No beans?',ERROR,No beans?,1.7275,SAFETY-TIME,sim/out/host/grindsim --seed 600000 --scenario sim/mc/scenarios/fault_relay_stuck_on_rnd1.json
faults,fault_relay_stuck_on_rnd1,600001,ERROR 'No beans?',ERROR,No beans?,1.6693,SAFETY-TIME,sim/out/host/grindsim --seed 600001 --scenario sim/mc/scenarios/fault_relay_stuck_on_rnd1.json
faults,fault_relay_stuck_on_rnd1,600002,ERROR 'No beans?',ERROR,No beans?,1.6116,SAFETY-TIME,sim/out/host/grindsim --seed 600002 --scenario sim/mc/scenarios/fault_relay_stuck_on_rnd1.json
faults,fault_relay_stuck_on_rnd1,600003,ERROR 'No beans?',ERROR,No beans?,1.6943,SAFETY-TIME,sim/out/host/grindsim --seed 600003 --scenario sim/mc/scenarios/fault_relay_stuck_on_rnd1.json
faults,fault_relay_stuck_on_rnd1,600004,ERROR 'No beans?',ERROR,No beans?,1.6753,SAFETY-TIME,sim/out/host/grindsim --seed 600004 --scenario sim/mc/scenarios/fault_relay_stuck_on_rnd1.json
faults,fault_relay_stuck_on_rnd1,600005,ERROR 'No beans?',ERROR,No beans?,1.7179,SAFETY-TIME,sim/out/host/grindsim --seed 600005 --scenario sim/mc/scenarios/fault_relay_stuck_on_rnd1.json
faults,fault_relay_stuck_on_rnd1,600006,TIMEOUT 'Timeout:TARE',TIMEOUT,Timeout:TARE,1.7892,SAFETY-TIME,sim/out/host/grindsim --seed 600006 --scenario sim/mc/scenarios/fault_relay_stuck_on_rnd1.json
faults,fault_relay_stuck_on_rnd1,600007,ERROR 'No beans?',ERROR,No beans?,1.7297,SAFETY-TIME,sim/out/host/grindsim --seed 600007 --scenario sim/mc/scenarios/fault_relay_stuck_on_rnd1.json
faults,fault_relay_stuck_on_rnd1,600008,ERROR 'No beans?',ERROR,No beans?,1.6848,SAFETY-TIME,sim/out/host/grindsim --seed 600008 --scenario sim/mc/scenarios/fault_relay_stuck_on_rnd1.json
faults,fault_relay_stuck_on_rnd1,600009,ERROR 'No beans?',ERROR,No beans?,1.5457,SAFETY-TIME,sim/out/host/grindsim --seed 600009 --scenario sim/mc/scenarios/fault_relay_stuck_on_rnd1.json
faults,fault_relay_stuck_on_rnd1,600010,ERROR 'No beans?',ERROR,No beans?,1.6516,SAFETY-TIME,sim/out/host/grindsim --seed 600010 --scenario sim/mc/scenarios/fault_relay_stuck_on_rnd1.json
faults,fault_relay_stuck_on_rnd1,600011,ERROR 'No beans?',ERROR,No beans?,1.5777,SAFETY-TIME,sim/out/host/grindsim --seed 600011 --scenario sim/mc/scenarios/fault_relay_stuck_on_rnd1.json
faults,fault_relay_stuck_on_rnd1,600012,ERROR 'No beans?',ERROR,No beans?,1.5626,SAFETY-TIME,sim/out/host/grindsim --seed 600012 --scenario sim/mc/scenarios/fault_relay_stuck_on_rnd1.json
faults,fault_relay_stuck_on_rnd1,600013,ERROR 'No beans?',ERROR,No beans?,1.7131,SAFETY-TIME,sim/out/host/grindsim --seed 600013 --scenario sim/mc/scenarios/fault_relay_stuck_on_rnd1.json
faults,fault_relay_stuck_on_rnd1,600014,ERROR 'No beans?',ERROR,No beans?,1.6200,SAFETY-TIME,sim/out/host/grindsim --seed 600014 --scenario sim/mc/scenarios/fault_relay_stuck_on_rnd1.json
faults,fault_relay_stuck_on_rnd1,600015,ERROR 'No beans?',ERROR,No beans?,1.6724,SAFETY-TIME,sim/out/host/grindsim --seed 600015 --scenario sim/mc/scenarios/fault_relay_stuck_on_rnd1.json
faults,fault_relay_stuck_on_rnd1,600016,ERROR 'No beans?',ERROR,No beans?,1.6750,SAFETY-TIME,sim/out/host/grindsim --seed 600016 --scenario sim/mc/scenarios/fault_relay_stuck_on_rnd1.json
faults,fault_relay_stuck_on_rnd1,600017,ERROR 'No beans?',ERROR,No beans?,1.7533,SAFETY-TIME,sim/out/host/grindsim --seed 600017 --scenario sim/mc/scenarios/fault_relay_stuck_on_rnd1.json
faults,fault_relay_stuck_on_rnd1,600018,ERROR 'No beans?',ERROR,No beans?,1.7438,SAFETY-TIME,sim/out/host/grindsim --seed 600018 --scenario sim/mc/scenarios/fault_relay_stuck_on_rnd1.json
faults,fault_relay_stuck_on_rnd1,600019,ERROR 'No beans?',ERROR,No beans?,1.6557,SAFETY-TIME,sim/out/host/grindsim --seed 600019 --scenario sim/mc/scenarios/fault_relay_stuck_on_rnd1.json
faults,fault_relay_stuck_on_rnd2,600000,OVERSHOOT,OVERSHOOT,,1.7264,SAFETY-TIME,sim/out/host/grindsim --seed 600000 --scenario sim/mc/scenarios/fault_relay_stuck_on_rnd2.json
faults,fault_relay_stuck_on_rnd2,600001,OVERSHOOT,OVERSHOOT,,1.6678,SAFETY-TIME,sim/out/host/grindsim --seed 600001 --scenario sim/mc/scenarios/fault_relay_stuck_on_rnd2.json
faults,fault_relay_stuck_on_rnd2,600002,OVERSHOOT,OVERSHOOT,,1.6102,SAFETY-TIME,sim/out/host/grindsim --seed 600002 --scenario sim/mc/scenarios/fault_relay_stuck_on_rnd2.json
faults,fault_relay_stuck_on_rnd2,600003,OVERSHOOT,OVERSHOOT,,1.6755,SAFETY-TIME,sim/out/host/grindsim --seed 600003 --scenario sim/mc/scenarios/fault_relay_stuck_on_rnd2.json
faults,fault_relay_stuck_on_rnd2,600004,OVERSHOOT,OVERSHOOT,,1.6739,SAFETY-TIME,sim/out/host/grindsim --seed 600004 --scenario sim/mc/scenarios/fault_relay_stuck_on_rnd2.json
faults,fault_relay_stuck_on_rnd2,600005,OVERSHOOT,OVERSHOOT,,1.7091,SAFETY-TIME,sim/out/host/grindsim --seed 600005 --scenario sim/mc/scenarios/fault_relay_stuck_on_rnd2.json
faults,fault_relay_stuck_on_rnd2,600006,OVERSHOOT,OVERSHOOT,,1.7845,SAFETY-TIME,sim/out/host/grindsim --seed 600006 --scenario sim/mc/scenarios/fault_relay_stuck_on_rnd2.json
faults,fault_relay_stuck_on_rnd2,600007,OVERSHOOT,OVERSHOOT,,1.7285,SAFETY-TIME,sim/out/host/grindsim --seed 600007 --scenario sim/mc/scenarios/fault_relay_stuck_on_rnd2.json
faults,fault_relay_stuck_on_rnd2,600008,OVERSHOOT,OVERSHOOT,,1.6833,SAFETY-TIME,sim/out/host/grindsim --seed 600008 --scenario sim/mc/scenarios/fault_relay_stuck_on_rnd2.json
faults,fault_relay_stuck_on_rnd2,600009,OVERSHOOT,OVERSHOOT,,1.5447,SAFETY-TIME,sim/out/host/grindsim --seed 600009 --scenario sim/mc/scenarios/fault_relay_stuck_on_rnd2.json
faults,fault_relay_stuck_on_rnd2,600010,OVERSHOOT,OVERSHOOT,,1.6504,SAFETY-TIME,sim/out/host/grindsim --seed 600010 --scenario sim/mc/scenarios/fault_relay_stuck_on_rnd2.json
faults,fault_relay_stuck_on_rnd2,600011,OVERSHOOT,OVERSHOOT,,1.5694,SAFETY-TIME,sim/out/host/grindsim --seed 600011 --scenario sim/mc/scenarios/fault_relay_stuck_on_rnd2.json
faults,fault_relay_stuck_on_rnd2,600012,OVERSHOOT,OVERSHOOT,,1.5614,SAFETY-TIME,sim/out/host/grindsim --seed 600012 --scenario sim/mc/scenarios/fault_relay_stuck_on_rnd2.json
faults,fault_relay_stuck_on_rnd2,600013,OVERSHOOT,OVERSHOOT,,1.7116,SAFETY-TIME,sim/out/host/grindsim --seed 600013 --scenario sim/mc/scenarios/fault_relay_stuck_on_rnd2.json
faults,fault_relay_stuck_on_rnd2,600014,OVERSHOOT,OVERSHOOT,,1.6188,SAFETY-TIME,sim/out/host/grindsim --seed 600014 --scenario sim/mc/scenarios/fault_relay_stuck_on_rnd2.json
faults,fault_relay_stuck_on_rnd2,600015,OVERSHOOT,OVERSHOOT,,1.6713,SAFETY-TIME,sim/out/host/grindsim --seed 600015 --scenario sim/mc/scenarios/fault_relay_stuck_on_rnd2.json
faults,fault_relay_stuck_on_rnd2,600016,OVERSHOOT,OVERSHOOT,,1.6735,SAFETY-TIME,sim/out/host/grindsim --seed 600016 --scenario sim/mc/scenarios/fault_relay_stuck_on_rnd2.json
faults,fault_relay_stuck_on_rnd2,600017,OVERSHOOT,OVERSHOOT,,1.7314,SAFETY-TIME,sim/out/host/grindsim --seed 600017 --scenario sim/mc/scenarios/fault_relay_stuck_on_rnd2.json
faults,fault_relay_stuck_on_rnd2,600018,OVERSHOOT,OVERSHOOT,,1.7431,SAFETY-TIME,sim/out/host/grindsim --seed 600018 --scenario sim/mc/scenarios/fault_relay_stuck_on_rnd2.json
faults,fault_relay_stuck_on_rnd2,600019,OVERSHOOT,OVERSHOOT,,1.6490,SAFETY-TIME,sim/out/host/grindsim --seed 600019 --scenario sim/mc/scenarios/fault_relay_stuck_on_rnd2.json
faults,fault_relay_stuck_on_rnd3,600000,OVERSHOOT,OVERSHOOT,,1.7264,SAFETY-TIME,sim/out/host/grindsim --seed 600000 --scenario sim/mc/scenarios/fault_relay_stuck_on_rnd3.json
faults,fault_relay_stuck_on_rnd3,600001,OVERSHOOT,OVERSHOOT,,1.6678,SAFETY-TIME,sim/out/host/grindsim --seed 600001 --scenario sim/mc/scenarios/fault_relay_stuck_on_rnd3.json
faults,fault_relay_stuck_on_rnd3,600002,OVERSHOOT,OVERSHOOT,,1.6102,SAFETY-TIME,sim/out/host/grindsim --seed 600002 --scenario sim/mc/scenarios/fault_relay_stuck_on_rnd3.json
faults,fault_relay_stuck_on_rnd3,600003,OVERSHOOT,OVERSHOOT,,1.6755,SAFETY-TIME,sim/out/host/grindsim --seed 600003 --scenario sim/mc/scenarios/fault_relay_stuck_on_rnd3.json
faults,fault_relay_stuck_on_rnd3,600004,OVERSHOOT,OVERSHOOT,,1.6739,SAFETY-TIME,sim/out/host/grindsim --seed 600004 --scenario sim/mc/scenarios/fault_relay_stuck_on_rnd3.json
faults,fault_relay_stuck_on_rnd3,600005,OVERSHOOT,OVERSHOOT,,1.7091,SAFETY-TIME,sim/out/host/grindsim --seed 600005 --scenario sim/mc/scenarios/fault_relay_stuck_on_rnd3.json
faults,fault_relay_stuck_on_rnd3,600006,OVERSHOOT,OVERSHOOT,,1.7845,SAFETY-TIME,sim/out/host/grindsim --seed 600006 --scenario sim/mc/scenarios/fault_relay_stuck_on_rnd3.json
faults,fault_relay_stuck_on_rnd3,600007,OVERSHOOT,OVERSHOOT,,1.7285,SAFETY-TIME,sim/out/host/grindsim --seed 600007 --scenario sim/mc/scenarios/fault_relay_stuck_on_rnd3.json
faults,fault_relay_stuck_on_rnd3,600008,OVERSHOOT,OVERSHOOT,,1.6833,SAFETY-TIME,sim/out/host/grindsim --seed 600008 --scenario sim/mc/scenarios/fault_relay_stuck_on_rnd3.json
faults,fault_relay_stuck_on_rnd3,600009,OVERSHOOT,OVERSHOOT,,1.5447,SAFETY-TIME,sim/out/host/grindsim --seed 600009 --scenario sim/mc/scenarios/fault_relay_stuck_on_rnd3.json
faults,fault_relay_stuck_on_rnd3,600010,OVERSHOOT,OVERSHOOT,,1.6504,SAFETY-TIME,sim/out/host/grindsim --seed 600010 --scenario sim/mc/scenarios/fault_relay_stuck_on_rnd3.json
faults,fault_relay_stuck_on_rnd3,600011,OVERSHOOT,OVERSHOOT,,1.5694,SAFETY-TIME,sim/out/host/grindsim --seed 600011 --scenario sim/mc/scenarios/fault_relay_stuck_on_rnd3.json
faults,fault_relay_stuck_on_rnd3,600012,OVERSHOOT,OVERSHOOT,,1.5614,SAFETY-TIME,sim/out/host/grindsim --seed 600012 --scenario sim/mc/scenarios/fault_relay_stuck_on_rnd3.json
faults,fault_relay_stuck_on_rnd3,600013,OVERSHOOT,OVERSHOOT,,1.7116,SAFETY-TIME,sim/out/host/grindsim --seed 600013 --scenario sim/mc/scenarios/fault_relay_stuck_on_rnd3.json
faults,fault_relay_stuck_on_rnd3,600014,OVERSHOOT,OVERSHOOT,,1.6188,SAFETY-TIME,sim/out/host/grindsim --seed 600014 --scenario sim/mc/scenarios/fault_relay_stuck_on_rnd3.json
faults,fault_relay_stuck_on_rnd3,600015,OVERSHOOT,OVERSHOOT,,1.6713,SAFETY-TIME,sim/out/host/grindsim --seed 600015 --scenario sim/mc/scenarios/fault_relay_stuck_on_rnd3.json
faults,fault_relay_stuck_on_rnd3,600016,OVERSHOOT,OVERSHOOT,,1.6735,SAFETY-TIME,sim/out/host/grindsim --seed 600016 --scenario sim/mc/scenarios/fault_relay_stuck_on_rnd3.json
faults,fault_relay_stuck_on_rnd3,600017,OVERSHOOT,OVERSHOOT,,1.7314,SAFETY-TIME,sim/out/host/grindsim --seed 600017 --scenario sim/mc/scenarios/fault_relay_stuck_on_rnd3.json
faults,fault_relay_stuck_on_rnd3,600018,OVERSHOOT,OVERSHOOT,,1.7431,SAFETY-TIME,sim/out/host/grindsim --seed 600018 --scenario sim/mc/scenarios/fault_relay_stuck_on_rnd3.json
faults,fault_relay_stuck_on_rnd3,600019,OVERSHOOT,OVERSHOOT,,1.6490,SAFETY-TIME,sim/out/host/grindsim --seed 600019 --scenario sim/mc/scenarios/fault_relay_stuck_on_rnd3.json
faults,fault_relay_stuck_on_rnd4,600000,OVERSHOOT,OVERSHOOT,,1.7263,SAFETY-TIME,sim/out/host/grindsim --seed 600000 --scenario sim/mc/scenarios/fault_relay_stuck_on_rnd4.json
faults,fault_relay_stuck_on_rnd4,600001,OVERSHOOT,OVERSHOOT,,1.6613,SAFETY-TIME,sim/out/host/grindsim --seed 600001 --scenario sim/mc/scenarios/fault_relay_stuck_on_rnd4.json
faults,fault_relay_stuck_on_rnd4,600002,OVERSHOOT,OVERSHOOT,,1.6104,SAFETY-TIME,sim/out/host/grindsim --seed 600002 --scenario sim/mc/scenarios/fault_relay_stuck_on_rnd4.json
faults,fault_relay_stuck_on_rnd4,600003,OVERSHOOT,OVERSHOOT,,1.6932,SAFETY-TIME,sim/out/host/grindsim --seed 600003 --scenario sim/mc/scenarios/fault_relay_stuck_on_rnd4.json
faults,fault_relay_stuck_on_rnd4,600004,OVERSHOOT,OVERSHOOT,,1.6679,SAFETY-TIME,sim/out/host/grindsim --seed 600004 --scenario sim/mc/scenarios/fault_relay_stuck_on_rnd4.json
faults,fault_relay_stuck_on_rnd4,600005,OVERSHOOT,OVERSHOOT,,1.7180,SAFETY-TIME,sim/out/host/grindsim --seed 600005 --scenario sim/mc/scenarios/fault_relay_stuck_on_rnd4.json
faults,fault_relay_stuck_on_rnd4,600006,OVERSHOOT,OVERSHOOT,,1.7650,SAFETY-TIME,sim/out/host/grindsim --seed 600006 --scenario sim/mc/scenarios/fault_relay_stuck_on_rnd4.json
faults,fault_relay_stuck_on_rnd4,600007,OVERSHOOT,OVERSHOOT,,1.7211,SAFETY-TIME,sim/out/host/grindsim --seed 600007 --scenario sim/mc/scenarios/fault_relay_stuck_on_rnd4.json
faults,fault_relay_stuck_on_rnd4,600008,OVERSHOOT,OVERSHOOT,,1.6808,SAFETY-TIME,sim/out/host/grindsim --seed 600008 --scenario sim/mc/scenarios/fault_relay_stuck_on_rnd4.json
faults,fault_relay_stuck_on_rnd4,600009,OVERSHOOT,OVERSHOOT,,1.5444,SAFETY-TIME,sim/out/host/grindsim --seed 600009 --scenario sim/mc/scenarios/fault_relay_stuck_on_rnd4.json
faults,fault_relay_stuck_on_rnd4,600010,OVERSHOOT,OVERSHOOT,,1.6503,SAFETY-TIME,sim/out/host/grindsim --seed 600010 --scenario sim/mc/scenarios/fault_relay_stuck_on_rnd4.json
faults,fault_relay_stuck_on_rnd4,600011,OVERSHOOT,OVERSHOOT,,1.5765,SAFETY-TIME,sim/out/host/grindsim --seed 600011 --scenario sim/mc/scenarios/fault_relay_stuck_on_rnd4.json
faults,fault_relay_stuck_on_rnd4,600012,OVERSHOOT,OVERSHOOT,,1.5615,SAFETY-TIME,sim/out/host/grindsim --seed 600012 --scenario sim/mc/scenarios/fault_relay_stuck_on_rnd4.json
faults,fault_relay_stuck_on_rnd4,600013,OVERSHOOT,OVERSHOOT,,1.7119,SAFETY-TIME,sim/out/host/grindsim --seed 600013 --scenario sim/mc/scenarios/fault_relay_stuck_on_rnd4.json
faults,fault_relay_stuck_on_rnd4,600014,OVERSHOOT,OVERSHOOT,,1.6188,SAFETY-TIME,sim/out/host/grindsim --seed 600014 --scenario sim/mc/scenarios/fault_relay_stuck_on_rnd4.json
faults,fault_relay_stuck_on_rnd4,600015,OVERSHOOT,OVERSHOOT,,1.6710,SAFETY-TIME,sim/out/host/grindsim --seed 600015 --scenario sim/mc/scenarios/fault_relay_stuck_on_rnd4.json
faults,fault_relay_stuck_on_rnd4,600016,OVERSHOOT,OVERSHOOT,,1.6738,SAFETY-TIME,sim/out/host/grindsim --seed 600016 --scenario sim/mc/scenarios/fault_relay_stuck_on_rnd4.json
faults,fault_relay_stuck_on_rnd4,600017,OVERSHOOT,OVERSHOOT,,1.7521,SAFETY-TIME,sim/out/host/grindsim --seed 600017 --scenario sim/mc/scenarios/fault_relay_stuck_on_rnd4.json
faults,fault_relay_stuck_on_rnd4,600018,OVERSHOOT,OVERSHOOT,,1.7427,SAFETY-TIME,sim/out/host/grindsim --seed 600018 --scenario sim/mc/scenarios/fault_relay_stuck_on_rnd4.json
faults,fault_relay_stuck_on_rnd4,600019,OVERSHOOT,OVERSHOOT,,1.6542,SAFETY-TIME,sim/out/host/grindsim --seed 600019 --scenario sim/mc/scenarios/fault_relay_stuck_on_rnd4.json
faults,fault_relay_stuck_on_start0,600000,ERROR 'No beans?',ERROR,No beans?,-17.9993,SAFETY-TIME,sim/out/host/grindsim --seed 600000 --scenario sim/mc/scenarios/fault_relay_stuck_on_start0.json
faults,fault_relay_stuck_on_start0,600001,ERROR 'No beans?',ERROR,No beans?,-17.9971,SAFETY-TIME,sim/out/host/grindsim --seed 600001 --scenario sim/mc/scenarios/fault_relay_stuck_on_start0.json
faults,fault_relay_stuck_on_start0,600002,ERROR 'No beans?',ERROR,No beans?,-17.9999,SAFETY-TIME,sim/out/host/grindsim --seed 600002 --scenario sim/mc/scenarios/fault_relay_stuck_on_start0.json
faults,fault_relay_stuck_on_start0,600003,TIMEOUT 'Timeout:TARE',TIMEOUT,Timeout:TARE,-18.0000,SAFETY-TIME,sim/out/host/grindsim --seed 600003 --scenario sim/mc/scenarios/fault_relay_stuck_on_start0.json
faults,fault_relay_stuck_on_start0,600004,TIMEOUT 'Timeout:PRED',TIMEOUT,Timeout:PRED,-17.9962,SAFETY-TIME,sim/out/host/grindsim --seed 600004 --scenario sim/mc/scenarios/fault_relay_stuck_on_start0.json
faults,fault_relay_stuck_on_start0,600005,ERROR 'No beans?',ERROR,No beans?,-17.9971,SAFETY-TIME,sim/out/host/grindsim --seed 600005 --scenario sim/mc/scenarios/fault_relay_stuck_on_start0.json
faults,fault_relay_stuck_on_start0,600006,ERROR 'No beans?',ERROR,No beans?,-18.0000,SAFETY-TIME,sim/out/host/grindsim --seed 600006 --scenario sim/mc/scenarios/fault_relay_stuck_on_start0.json
faults,fault_relay_stuck_on_start0,600007,ERROR 'No beans?',ERROR,No beans?,-17.9991,SAFETY-TIME,sim/out/host/grindsim --seed 600007 --scenario sim/mc/scenarios/fault_relay_stuck_on_start0.json
faults,fault_relay_stuck_on_start0,600008,TIMEOUT 'Timeout:TARE',TIMEOUT,Timeout:TARE,-18.0000,SAFETY-TIME,sim/out/host/grindsim --seed 600008 --scenario sim/mc/scenarios/fault_relay_stuck_on_start0.json
faults,fault_relay_stuck_on_start0,600009,TIMEOUT 'Timeout:TARE',TIMEOUT,Timeout:TARE,3.4500,SAFETY-TIME,sim/out/host/grindsim --seed 600009 --scenario sim/mc/scenarios/fault_relay_stuck_on_start0.json
faults,fault_relay_stuck_on_start0,600010,ERROR 'No beans?',ERROR,No beans?,-17.9999,SAFETY-TIME,sim/out/host/grindsim --seed 600010 --scenario sim/mc/scenarios/fault_relay_stuck_on_start0.json
faults,fault_relay_stuck_on_start0,600011,ERROR 'No beans?',ERROR,No beans?,-18.0000,SAFETY-TIME,sim/out/host/grindsim --seed 600011 --scenario sim/mc/scenarios/fault_relay_stuck_on_start0.json
faults,fault_relay_stuck_on_start0,600012,TIMEOUT 'Timeout:TARE',TIMEOUT,Timeout:TARE,-18.0000,SAFETY-TIME,sim/out/host/grindsim --seed 600012 --scenario sim/mc/scenarios/fault_relay_stuck_on_start0.json
faults,fault_relay_stuck_on_start0,600013,TIMEOUT 'Timeout:TARE',TIMEOUT,Timeout:TARE,-18.0000,SAFETY-TIME,sim/out/host/grindsim --seed 600013 --scenario sim/mc/scenarios/fault_relay_stuck_on_start0.json
faults,fault_relay_stuck_on_start0,600014,TIMEOUT 'Timeout:TARE',TIMEOUT,Timeout:TARE,3.4500,SAFETY-TIME,sim/out/host/grindsim --seed 600014 --scenario sim/mc/scenarios/fault_relay_stuck_on_start0.json
faults,fault_relay_stuck_on_start0,600015,TIMEOUT 'Timeout:PRED',TIMEOUT,Timeout:PRED,-18.0000,SAFETY-TIME,sim/out/host/grindsim --seed 600015 --scenario sim/mc/scenarios/fault_relay_stuck_on_start0.json
faults,fault_relay_stuck_on_start0,600016,TIMEOUT 'Timeout:TARE',TIMEOUT,Timeout:TARE,-18.0000,SAFETY-TIME,sim/out/host/grindsim --seed 600016 --scenario sim/mc/scenarios/fault_relay_stuck_on_start0.json
faults,fault_relay_stuck_on_start0,600017,TIMEOUT 'Timeout:TARE',TIMEOUT,Timeout:TARE,-18.0000,SAFETY-TIME,sim/out/host/grindsim --seed 600017 --scenario sim/mc/scenarios/fault_relay_stuck_on_start0.json
faults,fault_relay_stuck_on_start0,600018,TIMEOUT 'Timeout:TARE',TIMEOUT,Timeout:TARE,-18.0000,SAFETY-TIME,sim/out/host/grindsim --seed 600018 --scenario sim/mc/scenarios/fault_relay_stuck_on_start0.json
faults,fault_relay_stuck_on_start0,600019,TIMEOUT 'Timeout:PRED',TIMEOUT,Timeout:PRED,-18.0000,SAFETY-TIME,sim/out/host/grindsim --seed 600019 --scenario sim/mc/scenarios/fault_relay_stuck_on_start0.json
faults,fault_remove_cup_pdec0,600000,ERROR 'Err: neg wt',ERROR,Err: neg wt,-0.4096,,sim/out/host/grindsim --seed 600000 --scenario sim/mc/scenarios/fault_remove_cup_pdec0.json
faults,fault_remove_cup_pdec0,600001,ERROR 'Err: neg wt',ERROR,Err: neg wt,-0.4787,,sim/out/host/grindsim --seed 600001 --scenario sim/mc/scenarios/fault_remove_cup_pdec0.json
faults,fault_remove_cup_pdec0,600002,ERROR 'Err: neg wt',ERROR,Err: neg wt,-0.4296,,sim/out/host/grindsim --seed 600002 --scenario sim/mc/scenarios/fault_remove_cup_pdec0.json
faults,fault_remove_cup_pdec0,600003,ERROR 'Err: neg wt',ERROR,Err: neg wt,-0.4120,,sim/out/host/grindsim --seed 600003 --scenario sim/mc/scenarios/fault_remove_cup_pdec0.json
faults,fault_remove_cup_pdec0,600004,ERROR 'Err: neg wt',ERROR,Err: neg wt,-0.3785,,sim/out/host/grindsim --seed 600004 --scenario sim/mc/scenarios/fault_remove_cup_pdec0.json
faults,fault_remove_cup_pdec0,600005,ERROR 'Err: neg wt',ERROR,Err: neg wt,-0.4312,,sim/out/host/grindsim --seed 600005 --scenario sim/mc/scenarios/fault_remove_cup_pdec0.json
faults,fault_remove_cup_pdec0,600006,ERROR 'Err: neg wt',ERROR,Err: neg wt,-0.5362,,sim/out/host/grindsim --seed 600006 --scenario sim/mc/scenarios/fault_remove_cup_pdec0.json
faults,fault_remove_cup_pdec0,600007,ERROR 'Err: neg wt',ERROR,Err: neg wt,-0.3659,,sim/out/host/grindsim --seed 600007 --scenario sim/mc/scenarios/fault_remove_cup_pdec0.json
faults,fault_remove_cup_pdec0,600008,ERROR 'Err: neg wt',ERROR,Err: neg wt,-0.4908,,sim/out/host/grindsim --seed 600008 --scenario sim/mc/scenarios/fault_remove_cup_pdec0.json
faults,fault_remove_cup_pdec0,600009,ERROR 'Err: neg wt',ERROR,Err: neg wt,-0.5065,,sim/out/host/grindsim --seed 600009 --scenario sim/mc/scenarios/fault_remove_cup_pdec0.json
faults,fault_remove_cup_pdec0,600010,ERROR 'Err: neg wt',ERROR,Err: neg wt,-0.3551,,sim/out/host/grindsim --seed 600010 --scenario sim/mc/scenarios/fault_remove_cup_pdec0.json
faults,fault_remove_cup_pdec0,600011,ERROR 'Err: neg wt',ERROR,Err: neg wt,-0.3444,,sim/out/host/grindsim --seed 600011 --scenario sim/mc/scenarios/fault_remove_cup_pdec0.json
faults,fault_remove_cup_pdec0,600012,ERROR 'Err: neg wt',ERROR,Err: neg wt,-0.4144,,sim/out/host/grindsim --seed 600012 --scenario sim/mc/scenarios/fault_remove_cup_pdec0.json
faults,fault_remove_cup_pdec0,600013,ERROR 'Err: neg wt',ERROR,Err: neg wt,-0.4489,,sim/out/host/grindsim --seed 600013 --scenario sim/mc/scenarios/fault_remove_cup_pdec0.json
faults,fault_remove_cup_pdec0,600014,ERROR 'Err: neg wt',ERROR,Err: neg wt,-0.4342,,sim/out/host/grindsim --seed 600014 --scenario sim/mc/scenarios/fault_remove_cup_pdec0.json
faults,fault_remove_cup_pdec0,600015,ERROR 'Err: neg wt',ERROR,Err: neg wt,-0.4891,,sim/out/host/grindsim --seed 600015 --scenario sim/mc/scenarios/fault_remove_cup_pdec0.json
faults,fault_remove_cup_pdec0,600016,ERROR 'Err: neg wt',ERROR,Err: neg wt,-0.3355,,sim/out/host/grindsim --seed 600016 --scenario sim/mc/scenarios/fault_remove_cup_pdec0.json
faults,fault_remove_cup_pdec0,600017,ERROR 'Err: neg wt',ERROR,Err: neg wt,-0.3695,,sim/out/host/grindsim --seed 600017 --scenario sim/mc/scenarios/fault_remove_cup_pdec0.json
faults,fault_remove_cup_pdec0,600018,ERROR 'Err: neg wt',ERROR,Err: neg wt,-0.2313,,sim/out/host/grindsim --seed 600018 --scenario sim/mc/scenarios/fault_remove_cup_pdec0.json
faults,fault_remove_cup_pdec0,600019,ERROR 'Err: neg wt',ERROR,Err: neg wt,-0.3963,,sim/out/host/grindsim --seed 600019 --scenario sim/mc/scenarios/fault_remove_cup_pdec0.json
faults,fault_remove_cup_pred0_5,600000,ERROR 'Err: neg wt',ERROR,Err: neg wt,-17.9111,,sim/out/host/grindsim --seed 600000 --scenario sim/mc/scenarios/fault_remove_cup_pred0_5.json
faults,fault_remove_cup_pred0_5,600001,ERROR 'Err: neg wt',ERROR,Err: neg wt,-17.9067,,sim/out/host/grindsim --seed 600001 --scenario sim/mc/scenarios/fault_remove_cup_pred0_5.json
faults,fault_remove_cup_pred0_5,600002,ERROR 'Err: neg wt',ERROR,Err: neg wt,-17.9056,,sim/out/host/grindsim --seed 600002 --scenario sim/mc/scenarios/fault_remove_cup_pred0_5.json
faults,fault_remove_cup_pred0_5,600003,ERROR 'Err: neg wt',ERROR,Err: neg wt,-17.9104,,sim/out/host/grindsim --seed 600003 --scenario sim/mc/scenarios/fault_remove_cup_pred0_5.json
faults,fault_remove_cup_pred0_5,600004,ERROR 'Err: neg wt',ERROR,Err: neg wt,-17.9083,,sim/out/host/grindsim --seed 600004 --scenario sim/mc/scenarios/fault_remove_cup_pred0_5.json
faults,fault_remove_cup_pred0_5,600005,ERROR 'Err: neg wt',ERROR,Err: neg wt,-17.9007,,sim/out/host/grindsim --seed 600005 --scenario sim/mc/scenarios/fault_remove_cup_pred0_5.json
faults,fault_remove_cup_pred0_5,600006,ERROR 'Err: neg wt',ERROR,Err: neg wt,-17.9062,,sim/out/host/grindsim --seed 600006 --scenario sim/mc/scenarios/fault_remove_cup_pred0_5.json
faults,fault_remove_cup_pred0_5,600007,ERROR 'Err: neg wt',ERROR,Err: neg wt,-17.8733,,sim/out/host/grindsim --seed 600007 --scenario sim/mc/scenarios/fault_remove_cup_pred0_5.json
faults,fault_remove_cup_pred0_5,600008,ERROR 'Err: neg wt',ERROR,Err: neg wt,-17.9052,,sim/out/host/grindsim --seed 600008 --scenario sim/mc/scenarios/fault_remove_cup_pred0_5.json
faults,fault_remove_cup_pred0_5,600009,ERROR 'Err: neg wt',ERROR,Err: neg wt,-17.9067,,sim/out/host/grindsim --seed 600009 --scenario sim/mc/scenarios/fault_remove_cup_pred0_5.json
faults,fault_remove_cup_pred0_5,600010,ERROR 'Err: neg wt',ERROR,Err: neg wt,-17.8991,,sim/out/host/grindsim --seed 600010 --scenario sim/mc/scenarios/fault_remove_cup_pred0_5.json
faults,fault_remove_cup_pred0_5,600011,ERROR 'Err: neg wt',ERROR,Err: neg wt,-17.9089,,sim/out/host/grindsim --seed 600011 --scenario sim/mc/scenarios/fault_remove_cup_pred0_5.json
faults,fault_remove_cup_pred0_5,600012,ERROR 'Err: neg wt',ERROR,Err: neg wt,-17.9035,,sim/out/host/grindsim --seed 600012 --scenario sim/mc/scenarios/fault_remove_cup_pred0_5.json
faults,fault_remove_cup_pred0_5,600013,ERROR 'Err: neg wt',ERROR,Err: neg wt,-17.9036,,sim/out/host/grindsim --seed 600013 --scenario sim/mc/scenarios/fault_remove_cup_pred0_5.json
faults,fault_remove_cup_pred0_5,600014,ERROR 'Err: neg wt',ERROR,Err: neg wt,-17.8990,,sim/out/host/grindsim --seed 600014 --scenario sim/mc/scenarios/fault_remove_cup_pred0_5.json
faults,fault_remove_cup_pred0_5,600015,ERROR 'Err: neg wt',ERROR,Err: neg wt,-17.9064,,sim/out/host/grindsim --seed 600015 --scenario sim/mc/scenarios/fault_remove_cup_pred0_5.json
faults,fault_remove_cup_pred0_5,600016,ERROR 'Err: neg wt',ERROR,Err: neg wt,-17.9158,,sim/out/host/grindsim --seed 600016 --scenario sim/mc/scenarios/fault_remove_cup_pred0_5.json
faults,fault_remove_cup_pred0_5,600017,ERROR 'Err: neg wt',ERROR,Err: neg wt,-17.9091,,sim/out/host/grindsim --seed 600017 --scenario sim/mc/scenarios/fault_remove_cup_pred0_5.json
faults,fault_remove_cup_pred0_5,600018,ERROR 'Err: neg wt',ERROR,Err: neg wt,-17.8648,,sim/out/host/grindsim --seed 600018 --scenario sim/mc/scenarios/fault_remove_cup_pred0_5.json
faults,fault_remove_cup_pred0_5,600019,ERROR 'Err: neg wt',ERROR,Err: neg wt,-17.9086,,sim/out/host/grindsim --seed 600019 --scenario sim/mc/scenarios/fault_remove_cup_pred0_5.json
faults,fault_remove_cup_pred2,600000,ERROR 'Err: neg wt',ERROR,Err: neg wt,-15.1894,,sim/out/host/grindsim --seed 600000 --scenario sim/mc/scenarios/fault_remove_cup_pred2.json
faults,fault_remove_cup_pred2,600001,ERROR 'Err: neg wt',ERROR,Err: neg wt,-15.0848,,sim/out/host/grindsim --seed 600001 --scenario sim/mc/scenarios/fault_remove_cup_pred2.json
faults,fault_remove_cup_pred2,600002,ERROR 'Err: neg wt',ERROR,Err: neg wt,-15.1396,,sim/out/host/grindsim --seed 600002 --scenario sim/mc/scenarios/fault_remove_cup_pred2.json
faults,fault_remove_cup_pred2,600003,ERROR 'Err: neg wt',ERROR,Err: neg wt,-15.0563,,sim/out/host/grindsim --seed 600003 --scenario sim/mc/scenarios/fault_remove_cup_pred2.json
faults,fault_remove_cup_pred2,600004,ERROR 'Err: neg wt',ERROR,Err: neg wt,-15.1245,,sim/out/host/grindsim --seed 600004 --scenario sim/mc/scenarios/fault_remove_cup_pred2.json
faults,fault_remove_cup_pred2,600005,ERROR 'Err: neg wt',ERROR,Err: neg wt,-15.1461,,sim/out/host/grindsim --seed 600005 --scenario sim/mc/scenarios/fault_remove_cup_pred2.json
faults,fault_remove_cup_pred2,600006,ERROR 'Err: neg wt',ERROR,Err: neg wt,-15.0694,,sim/out/host/grindsim --seed 600006 --scenario sim/mc/scenarios/fault_remove_cup_pred2.json
faults,fault_remove_cup_pred2,600007,ERROR 'Err: neg wt',ERROR,Err: neg wt,-15.0329,,sim/out/host/grindsim --seed 600007 --scenario sim/mc/scenarios/fault_remove_cup_pred2.json
faults,fault_remove_cup_pred2,600008,ERROR 'Err: neg wt',ERROR,Err: neg wt,-15.0157,,sim/out/host/grindsim --seed 600008 --scenario sim/mc/scenarios/fault_remove_cup_pred2.json
faults,fault_remove_cup_pred2,600009,ERROR 'Err: neg wt',ERROR,Err: neg wt,-15.1745,,sim/out/host/grindsim --seed 600009 --scenario sim/mc/scenarios/fault_remove_cup_pred2.json
faults,fault_remove_cup_pred2,600010,ERROR 'Err: neg wt',ERROR,Err: neg wt,-15.1253,,sim/out/host/grindsim --seed 600010 --scenario sim/mc/scenarios/fault_remove_cup_pred2.json
faults,fault_remove_cup_pred2,600011,ERROR 'Err: neg wt',ERROR,Err: neg wt,-15.1698,,sim/out/host/grindsim --seed 600011 --scenario sim/mc/scenarios/fault_remove_cup_pred2.json
faults,fault_remove_cup_pred2,600012,ERROR 'Err: neg wt',ERROR,Err: neg wt,-15.1302,,sim/out/host/grindsim --seed 600012 --scenario sim/mc/scenarios/fault_remove_cup_pred2.json
faults,fault_remove_cup_pred2,600013,ERROR 'Err: neg wt',ERROR,Err: neg wt,-15.0712,,sim/out/host/grindsim --seed 600013 --scenario sim/mc/scenarios/fault_remove_cup_pred2.json
faults,fault_remove_cup_pred2,600014,ERROR 'Err: neg wt',ERROR,Err: neg wt,-15.1550,,sim/out/host/grindsim --seed 600014 --scenario sim/mc/scenarios/fault_remove_cup_pred2.json
faults,fault_remove_cup_pred2,600015,ERROR 'Err: neg wt',ERROR,Err: neg wt,-15.0019,,sim/out/host/grindsim --seed 600015 --scenario sim/mc/scenarios/fault_remove_cup_pred2.json
faults,fault_remove_cup_pred2,600016,ERROR 'Err: neg wt',ERROR,Err: neg wt,-15.2624,,sim/out/host/grindsim --seed 600016 --scenario sim/mc/scenarios/fault_remove_cup_pred2.json
faults,fault_remove_cup_pred2,600017,ERROR 'Err: neg wt',ERROR,Err: neg wt,-15.1907,,sim/out/host/grindsim --seed 600017 --scenario sim/mc/scenarios/fault_remove_cup_pred2.json
faults,fault_remove_cup_pred2,600018,ERROR 'Err: neg wt',ERROR,Err: neg wt,-15.0747,,sim/out/host/grindsim --seed 600018 --scenario sim/mc/scenarios/fault_remove_cup_pred2.json
faults,fault_remove_cup_pred2,600019,ERROR 'Err: neg wt',ERROR,Err: neg wt,-15.0939,,sim/out/host/grindsim --seed 600019 --scenario sim/mc/scenarios/fault_remove_cup_pred2.json
faults,fault_remove_cup_pred5,600000,ERROR 'Err: neg wt',ERROR,Err: neg wt,-9.3216,,sim/out/host/grindsim --seed 600000 --scenario sim/mc/scenarios/fault_remove_cup_pred5.json
faults,fault_remove_cup_pred5,600001,ERROR 'Err: neg wt',ERROR,Err: neg wt,-9.4184,,sim/out/host/grindsim --seed 600001 --scenario sim/mc/scenarios/fault_remove_cup_pred5.json
faults,fault_remove_cup_pred5,600002,ERROR 'Err: neg wt',ERROR,Err: neg wt,-9.2951,,sim/out/host/grindsim --seed 600002 --scenario sim/mc/scenarios/fault_remove_cup_pred5.json
faults,fault_remove_cup_pred5,600003,ERROR 'Err: neg wt',ERROR,Err: neg wt,-9.0843,,sim/out/host/grindsim --seed 600003 --scenario sim/mc/scenarios/fault_remove_cup_pred5.json
faults,fault_remove_cup_pred5,600004,ERROR 'Err: neg wt',ERROR,Err: neg wt,-9.4518,,sim/out/host/grindsim --seed 600004 --scenario sim/mc/scenarios/fault_remove_cup_pred5.json
faults,fault_remove_cup_pred5,600005,ERROR 'Err: neg wt',ERROR,Err: neg wt,-9.5045,,sim/out/host/grindsim --seed 600005 --scenario sim/mc/scenarios/fault_remove_cup_pred5.json
faults,fault_remove_cup_pred5,600006,ERROR 'Err: neg wt',ERROR,Err: neg wt,-9.4740,,sim/out/host/grindsim --seed 600006 --scenario sim/mc/scenarios/fault_remove_cup_pred5.json
faults,fault_remove_cup_pred5,600007,ERROR 'Err: neg wt',ERROR,Err: neg wt,-9.1186,,sim/out/host/grindsim --seed 600007 --scenario sim/mc/scenarios/fault_remove_cup_pred5.json
faults,fault_remove_cup_pred5,600008,ERROR 'Err: neg wt',ERROR,Err: neg wt,-9.1995,,sim/out/host/grindsim --seed 600008 --scenario sim/mc/scenarios/fault_remove_cup_pred5.json
faults,fault_remove_cup_pred5,600009,ERROR 'Err: neg wt',ERROR,Err: neg wt,-9.5613,,sim/out/host/grindsim --seed 600009 --scenario sim/mc/scenarios/fault_remove_cup_pred5.json
faults,fault_remove_cup_pred5,600010,ERROR 'Err: neg wt',ERROR,Err: neg wt,-9.2819,,sim/out/host/grindsim --seed 600010 --scenario sim/mc/scenarios/fault_remove_cup_pred5.json
faults,fault_remove_cup_pred5,600011,ERROR 'Err: neg wt',ERROR,Err: neg wt,-9.4958,,sim/out/host/grindsim --seed 600011 --scenario sim/mc/scenarios/fault_remove_cup_pred5.json
faults,fault_remove_cup_pred5,600012,ERROR 'Err: neg wt',ERROR,Err: neg wt,-9.5359,,sim/out/host/grindsim --seed 600012 --scenario sim/mc/scenarios/fault_remove_cup_pred5.json
faults,fault_remove_cup_pred5,600013,ERROR 'Err: neg wt',ERROR,Err: neg wt,-9.0138,,sim/out/host/grindsim --seed 600013 --scenario sim/mc/scenarios/fault_remove_cup_pred5.json
faults,fault_remove_cup_pred5,600014,ERROR 'Err: neg wt',ERROR,Err: neg wt,-9.5452,,sim/out/host/grindsim --seed 600014 --scenario sim/mc/scenarios/fault_remove_cup_pred5.json
faults,fault_remove_cup_pred5,600015,ERROR 'Err: neg wt',ERROR,Err: neg wt,-9.3772,,sim/out/host/grindsim --seed 600015 --scenario sim/mc/scenarios/fault_remove_cup_pred5.json
faults,fault_remove_cup_pred5,600016,ERROR 'Err: neg wt',ERROR,Err: neg wt,-9.6015,,sim/out/host/grindsim --seed 600016 --scenario sim/mc/scenarios/fault_remove_cup_pred5.json
faults,fault_remove_cup_pred5,600017,ERROR 'Err: neg wt',ERROR,Err: neg wt,-9.4220,,sim/out/host/grindsim --seed 600017 --scenario sim/mc/scenarios/fault_remove_cup_pred5.json
faults,fault_remove_cup_pred5,600018,ERROR 'Err: neg wt',ERROR,Err: neg wt,-9.2807,,sim/out/host/grindsim --seed 600018 --scenario sim/mc/scenarios/fault_remove_cup_pred5.json
faults,fault_remove_cup_pred5,600019,ERROR 'Err: neg wt',ERROR,Err: neg wt,-9.2884,,sim/out/host/grindsim --seed 600019 --scenario sim/mc/scenarios/fault_remove_cup_pred5.json
faults,fault_remove_cup_rnd1,600000,NONE (no result: grind did not finish),NONE,,,,sim/out/host/grindsim --seed 600000 --scenario sim/mc/scenarios/fault_remove_cup_rnd1.json
faults,fault_remove_cup_rnd1,600001,NONE (no result: grind did not finish),NONE,,,,sim/out/host/grindsim --seed 600001 --scenario sim/mc/scenarios/fault_remove_cup_rnd1.json
faults,fault_remove_cup_rnd1,600002,NONE (no result: grind did not finish),NONE,,,,sim/out/host/grindsim --seed 600002 --scenario sim/mc/scenarios/fault_remove_cup_rnd1.json
faults,fault_remove_cup_rnd1,600003,NONE (no result: grind did not finish),NONE,,,,sim/out/host/grindsim --seed 600003 --scenario sim/mc/scenarios/fault_remove_cup_rnd1.json
faults,fault_remove_cup_rnd1,600004,NONE (no result: grind did not finish),NONE,,,,sim/out/host/grindsim --seed 600004 --scenario sim/mc/scenarios/fault_remove_cup_rnd1.json
faults,fault_remove_cup_rnd1,600005,NONE (no result: grind did not finish),NONE,,,,sim/out/host/grindsim --seed 600005 --scenario sim/mc/scenarios/fault_remove_cup_rnd1.json
faults,fault_remove_cup_rnd1,600006,NONE (no result: grind did not finish),NONE,,,,sim/out/host/grindsim --seed 600006 --scenario sim/mc/scenarios/fault_remove_cup_rnd1.json
faults,fault_remove_cup_rnd1,600007,NONE (no result: grind did not finish),NONE,,,,sim/out/host/grindsim --seed 600007 --scenario sim/mc/scenarios/fault_remove_cup_rnd1.json
faults,fault_remove_cup_rnd1,600008,NONE (no result: grind did not finish),NONE,,,,sim/out/host/grindsim --seed 600008 --scenario sim/mc/scenarios/fault_remove_cup_rnd1.json
faults,fault_remove_cup_rnd1,600009,NONE (no result: grind did not finish),NONE,,,,sim/out/host/grindsim --seed 600009 --scenario sim/mc/scenarios/fault_remove_cup_rnd1.json
faults,fault_remove_cup_rnd1,600010,NONE (no result: grind did not finish),NONE,,,,sim/out/host/grindsim --seed 600010 --scenario sim/mc/scenarios/fault_remove_cup_rnd1.json
faults,fault_remove_cup_rnd1,600011,NONE (no result: grind did not finish),NONE,,,,sim/out/host/grindsim --seed 600011 --scenario sim/mc/scenarios/fault_remove_cup_rnd1.json
faults,fault_remove_cup_rnd1,600012,NONE (no result: grind did not finish),NONE,,,,sim/out/host/grindsim --seed 600012 --scenario sim/mc/scenarios/fault_remove_cup_rnd1.json
faults,fault_remove_cup_rnd1,600013,NONE (no result: grind did not finish),NONE,,,,sim/out/host/grindsim --seed 600013 --scenario sim/mc/scenarios/fault_remove_cup_rnd1.json
faults,fault_remove_cup_rnd1,600014,NONE (no result: grind did not finish),NONE,,,,sim/out/host/grindsim --seed 600014 --scenario sim/mc/scenarios/fault_remove_cup_rnd1.json
faults,fault_remove_cup_rnd1,600015,NONE (no result: grind did not finish),NONE,,,,sim/out/host/grindsim --seed 600015 --scenario sim/mc/scenarios/fault_remove_cup_rnd1.json
faults,fault_remove_cup_rnd1,600016,NONE (no result: grind did not finish),NONE,,,,sim/out/host/grindsim --seed 600016 --scenario sim/mc/scenarios/fault_remove_cup_rnd1.json
faults,fault_remove_cup_rnd1,600017,NONE (no result: grind did not finish),NONE,,,,sim/out/host/grindsim --seed 600017 --scenario sim/mc/scenarios/fault_remove_cup_rnd1.json
faults,fault_remove_cup_rnd1,600018,NONE (no result: grind did not finish),NONE,,,,sim/out/host/grindsim --seed 600018 --scenario sim/mc/scenarios/fault_remove_cup_rnd1.json
faults,fault_remove_cup_rnd1,600019,NONE (no result: grind did not finish),NONE,,,,sim/out/host/grindsim --seed 600019 --scenario sim/mc/scenarios/fault_remove_cup_rnd1.json
faults,fault_remove_cup_rnd2,600000,ERROR 'Err: neg wt',ERROR,Err: neg wt,-16.5310,,sim/out/host/grindsim --seed 600000 --scenario sim/mc/scenarios/fault_remove_cup_rnd2.json
faults,fault_remove_cup_rnd2,600001,ERROR 'Err: neg wt',ERROR,Err: neg wt,-16.6205,,sim/out/host/grindsim --seed 600001 --scenario sim/mc/scenarios/fault_remove_cup_rnd2.json
faults,fault_remove_cup_rnd2,600002,ERROR 'Err: neg wt',ERROR,Err: neg wt,-16.4244,,sim/out/host/grindsim --seed 600002 --scenario sim/mc/scenarios/fault_remove_cup_rnd2.json
faults,fault_remove_cup_rnd2,600003,ERROR 'Err: neg wt',ERROR,Err: neg wt,-16.6528,,sim/out/host/grindsim --seed 600003 --scenario sim/mc/scenarios/fault_remove_cup_rnd2.json
faults,fault_remove_cup_rnd2,600004,ERROR 'Err: neg wt',ERROR,Err: neg wt,-16.4054,,sim/out/host/grindsim --seed 600004 --scenario sim/mc/scenarios/fault_remove_cup_rnd2.json
faults,fault_remove_cup_rnd2,600005,ERROR 'Err: neg wt',ERROR,Err: neg wt,-16.4299,,sim/out/host/grindsim --seed 600005 --scenario sim/mc/scenarios/fault_remove_cup_rnd2.json
faults,fault_remove_cup_rnd2,600006,ERROR 'Err: neg wt',ERROR,Err: neg wt,-16.4279,,sim/out/host/grindsim --seed 600006 --scenario sim/mc/scenarios/fault_remove_cup_rnd2.json
faults,fault_remove_cup_rnd2,600007,ERROR 'Err: neg wt',ERROR,Err: neg wt,-16.5031,,sim/out/host/grindsim --seed 600007 --scenario sim/mc/scenarios/fault_remove_cup_rnd2.json
faults,fault_remove_cup_rnd2,600008,ERROR 'Err: neg wt',ERROR,Err: neg wt,-16.5663,,sim/out/host/grindsim --seed 600008 --scenario sim/mc/scenarios/fault_remove_cup_rnd2.json
faults,fault_remove_cup_rnd2,600009,ERROR 'Err: neg wt',ERROR,Err: neg wt,-16.4693,,sim/out/host/grindsim --seed 600009 --scenario sim/mc/scenarios/fault_remove_cup_rnd2.json
faults,fault_remove_cup_rnd2,600010,ERROR 'Err: neg wt',ERROR,Err: neg wt,-16.4434,,sim/out/host/grindsim --seed 600010 --scenario sim/mc/scenarios/fault_remove_cup_rnd2.json
faults,fault_remove_cup_rnd2,600011,ERROR 'Err: neg wt',ERROR,Err: neg wt,-16.6880,,sim/out/host/grindsim --seed 600011 --scenario sim/mc/scenarios/fault_remove_cup_rnd2.json
faults,fault_remove_cup_rnd2,600012,ERROR 'Err: neg wt',ERROR,Err: neg wt,-16.6074,,sim/out/host/grindsim --seed 600012 --scenario sim/mc/scenarios/fault_remove_cup_rnd2.json
faults,fault_remove_cup_rnd2,600013,ERROR 'Err: neg wt',ERROR,Err: neg wt,-16.6525,,sim/out/host/grindsim --seed 600013 --scenario sim/mc/scenarios/fault_remove_cup_rnd2.json
faults,fault_remove_cup_rnd2,600014,ERROR 'Err: neg wt',ERROR,Err: neg wt,-16.4315,,sim/out/host/grindsim --seed 600014 --scenario sim/mc/scenarios/fault_remove_cup_rnd2.json
faults,fault_remove_cup_rnd2,600015,ERROR 'Err: neg wt',ERROR,Err: neg wt,-16.5011,,sim/out/host/grindsim --seed 600015 --scenario sim/mc/scenarios/fault_remove_cup_rnd2.json
faults,fault_remove_cup_rnd2,600016,ERROR 'Err: neg wt',ERROR,Err: neg wt,-16.7057,,sim/out/host/grindsim --seed 600016 --scenario sim/mc/scenarios/fault_remove_cup_rnd2.json
faults,fault_remove_cup_rnd2,600017,ERROR 'Err: neg wt',ERROR,Err: neg wt,-16.4839,,sim/out/host/grindsim --seed 600017 --scenario sim/mc/scenarios/fault_remove_cup_rnd2.json
faults,fault_remove_cup_rnd2,600018,ERROR 'Err: neg wt',ERROR,Err: neg wt,-16.6393,,sim/out/host/grindsim --seed 600018 --scenario sim/mc/scenarios/fault_remove_cup_rnd2.json
faults,fault_remove_cup_rnd2,600019,ERROR 'Err: neg wt',ERROR,Err: neg wt,-16.4543,,sim/out/host/grindsim --seed 600019 --scenario sim/mc/scenarios/fault_remove_cup_rnd2.json
faults,fault_remove_cup_rnd3,600000,ERROR 'Err: neg wt',ERROR,Err: neg wt,-4.9701,,sim/out/host/grindsim --seed 600000 --scenario sim/mc/scenarios/fault_remove_cup_rnd3.json
faults,fault_remove_cup_rnd3,600001,ERROR 'Err: neg wt',ERROR,Err: neg wt,-5.0791,,sim/out/host/grindsim --seed 600001 --scenario sim/mc/scenarios/fault_remove_cup_rnd3.json
faults,fault_remove_cup_rnd3,600002,ERROR 'Err: neg wt',ERROR,Err: neg wt,-4.7310,,sim/out/host/grindsim --seed 600002 --scenario sim/mc/scenarios/fault_remove_cup_rnd3.json
faults,fault_remove_cup_rnd3,600003,ERROR 'Err: neg wt',ERROR,Err: neg wt,-4.6459,,sim/out/host/grindsim --seed 600003 --scenario sim/mc/scenarios/fault_remove_cup_rnd3.json
faults,fault_remove_cup_rnd3,600004,ERROR 'Err: neg wt',ERROR,Err: neg wt,-4.8600,,sim/out/host/grindsim --seed 600004 --scenario sim/mc/scenarios/fault_remove_cup_rnd3.json
faults,fault_remove_cup_rnd3,600005,ERROR 'Err: neg wt',ERROR,Err: neg wt,-4.9646,,sim/out/host/grindsim --seed 600005 --scenario sim/mc/scenarios/fault_remove_cup_rnd3.json
faults,fault_remove_cup_rnd3,600006,ERROR 'Err: neg wt',ERROR,Err: neg wt,-4.7404,,sim/out/host/grindsim --seed 600006 --scenario sim/mc/scenarios/fault_remove_cup_rnd3.json
faults,fault_remove_cup_rnd3,600007,ERROR 'Err: neg wt',ERROR,Err: neg wt,-4.8636,,sim/out/host/grindsim --seed 600007 --scenario sim/mc/scenarios/fault_remove_cup_rnd3.json
faults,fault_remove_cup_rnd3,600008,ERROR 'Err: neg wt',ERROR,Err: neg wt,-4.8498,,sim/out/host/grindsim --seed 600008 --scenario sim/mc/scenarios/fault_remove_cup_rnd3.json
faults,fault_remove_cup_rnd3,600009,ERROR 'Err: neg wt',ERROR,Err: neg wt,-5.1173,,sim/out/host/grindsim --seed 600009 --scenario sim/mc/scenarios/fault_remove_cup_rnd3.json
faults,fault_remove_cup_rnd3,600010,ERROR 'Err: neg wt',ERROR,Err: neg wt,-4.5812,,sim/out/host/grindsim --seed 600010 --scenario sim/mc/scenarios/fault_remove_cup_rnd3.json
faults,fault_remove_cup_rnd3,600011,ERROR 'Err: neg wt',ERROR,Err: neg wt,-5.1162,,sim/out/host/grindsim --seed 600011 --scenario sim/mc/scenarios/fault_remove_cup_rnd3.json
faults,fault_remove_cup_rnd3,600012,ERROR 'Err: neg wt',ERROR,Err: neg wt,-5.1395,,sim/out/host/grindsim --seed 600012 --scenario sim/mc/scenarios/fault_remove_cup_rnd3.json
faults,fault_remove_cup_rnd3,600013,ERROR 'Err: neg wt',ERROR,Err: neg wt,-4.6643,,sim/out/host/grindsim --seed 600013 --scenario sim/mc/scenarios/fault_remove_cup_rnd3.json
faults,fault_remove_cup_rnd3,600014,ERROR 'Err: neg wt',ERROR,Err: neg wt,-5.0852,,sim/out/host/grindsim --seed 600014 --scenario sim/mc/scenarios/fault_remove_cup_rnd3.json
faults,fault_remove_cup_rnd3,600015,ERROR 'Err: neg wt',ERROR,Err: neg wt,-4.8142,,sim/out/host/grindsim --seed 600015 --scenario sim/mc/scenarios/fault_remove_cup_rnd3.json
faults,fault_remove_cup_rnd3,600016,ERROR 'Err: neg wt',ERROR,Err: neg wt,-5.2675,,sim/out/host/grindsim --seed 600016 --scenario sim/mc/scenarios/fault_remove_cup_rnd3.json
faults,fault_remove_cup_rnd3,600017,ERROR 'Err: neg wt',ERROR,Err: neg wt,-5.1278,,sim/out/host/grindsim --seed 600017 --scenario sim/mc/scenarios/fault_remove_cup_rnd3.json
faults,fault_remove_cup_rnd3,600018,ERROR 'Err: neg wt',ERROR,Err: neg wt,-4.6897,,sim/out/host/grindsim --seed 600018 --scenario sim/mc/scenarios/fault_remove_cup_rnd3.json
faults,fault_remove_cup_rnd3,600019,ERROR 'Err: neg wt',ERROR,Err: neg wt,-4.8196,,sim/out/host/grindsim --seed 600019 --scenario sim/mc/scenarios/fault_remove_cup_rnd3.json
faults,fault_remove_cup_rnd4,600000,ERROR 'Err: neg wt',ERROR,Err: neg wt,-0.4095,,sim/out/host/grindsim --seed 600000 --scenario sim/mc/scenarios/fault_remove_cup_rnd4.json
faults,fault_remove_cup_rnd4,600001,ERROR 'Err: neg wt',ERROR,Err: neg wt,-0.4787,,sim/out/host/grindsim --seed 600001 --scenario sim/mc/scenarios/fault_remove_cup_rnd4.json
faults,fault_remove_cup_rnd4,600002,ERROR 'Err: neg wt',ERROR,Err: neg wt,-0.4291,,sim/out/host/grindsim --seed 600002 --scenario sim/mc/scenarios/fault_remove_cup_rnd4.json
faults,fault_remove_cup_rnd4,600003,ERROR 'Err: neg wt',ERROR,Err: neg wt,-0.2573,,sim/out/host/grindsim --seed 600003 --scenario sim/mc/scenarios/fault_remove_cup_rnd4.json
faults,fault_remove_cup_rnd4,600004,ERROR 'Err: neg wt',ERROR,Err: neg wt,-0.3780,,sim/out/host/grindsim --seed 600004 --scenario sim/mc/scenarios/fault_remove_cup_rnd4.json
faults,fault_remove_cup_rnd4,600005,ERROR 'Err: neg wt',ERROR,Err: neg wt,-0.3762,,sim/out/host/grindsim --seed 600005 --scenario sim/mc/scenarios/fault_remove_cup_rnd4.json
faults,fault_remove_cup_rnd4,600006,ERROR 'Err: neg wt',ERROR,Err: neg wt,-0.2001,,sim/out/host/grindsim --seed 600006 --scenario sim/mc/scenarios/fault_remove_cup_rnd4.json
faults,fault_remove_cup_rnd4,600007,ERROR 'Err: neg wt',ERROR,Err: neg wt,-0.3654,,sim/out/host/grindsim --seed 600007 --scenario sim/mc/scenarios/fault_remove_cup_rnd4.json
faults,fault_remove_cup_rnd4,600008,ERROR 'Err: neg wt',ERROR,Err: neg wt,-0.3233,,sim/out/host/grindsim --seed 600008 --scenario sim/mc/scenarios/fault_remove_cup_rnd4.json
faults,fault_remove_cup_rnd4,600009,ERROR 'Err: neg wt',ERROR,Err: neg wt,-0.3537,,sim/out/host/grindsim --seed 600009 --scenario sim/mc/scenarios/fault_remove_cup_rnd4.json
faults,fault_remove_cup_rnd4,600010,ERROR 'Err: neg wt',ERROR,Err: neg wt,-0.3019,,sim/out/host/grindsim --seed 600010 --scenario sim/mc/scenarios/fault_remove_cup_rnd4.json
faults,fault_remove_cup_rnd4,600011,ERROR 'Err: neg wt',ERROR,Err: neg wt,-0.3444,,sim/out/host/grindsim --seed 600011 --scenario sim/mc/scenarios/fault_remove_cup_rnd4.json
faults,fault_remove_cup_rnd4,600012,ERROR 'Err: neg wt',ERROR,Err: neg wt,-0.4139,,sim/out/host/grindsim --seed 600012 --scenario sim/mc/scenarios/fault_remove_cup_rnd4.json
faults,fault_remove_cup_rnd4,600013,ERROR 'Err: neg wt',ERROR,Err: neg wt,-0.3921,,sim/out/host/grindsim --seed 600013 --scenario sim/mc/scenarios/fault_remove_cup_rnd4.json
faults,fault_remove_cup_rnd4,600014,ERROR 'Err: neg wt',ERROR,Err: neg wt,-0.4336,,sim/out/host/grindsim --seed 600014 --scenario sim/mc/scenarios/fault_remove_cup_rnd4.json
faults,fault_remove_cup_rnd4,600015,ERROR 'Err: neg wt',ERROR,Err: neg wt,-0.3257,,sim/out/host/grindsim --seed 600015 --scenario sim/mc/scenarios/fault_remove_cup_rnd4.json
faults,fault_remove_cup_rnd4,600016,ERROR 'Err: neg wt',ERROR,Err: neg wt,-0.3355,,sim/out/host/grindsim --seed 600016 --scenario sim/mc/scenarios/fault_remove_cup_rnd4.json
faults,fault_remove_cup_rnd4,600017,ERROR 'Err: neg wt',ERROR,Err: neg wt,-0.3694,,sim/out/host/grindsim --seed 600017 --scenario sim/mc/scenarios/fault_remove_cup_rnd4.json
faults,fault_remove_cup_rnd4,600018,ERROR 'Err: neg wt',ERROR,Err: neg wt,-0.2308,,sim/out/host/grindsim --seed 600018 --scenario sim/mc/scenarios/fault_remove_cup_rnd4.json
faults,fault_remove_cup_rnd4,600019,ERROR 'Err: neg wt',ERROR,Err: neg wt,-0.2494,,sim/out/host/grindsim --seed 600019 --scenario sim/mc/scenarios/fault_remove_cup_rnd4.json
faults,fault_reset_pdec0,600000,NONE (no result: grinding),NONE,,,,sim/out/host/grindsim --seed 600000 --scenario sim/mc/scenarios/fault_reset_pdec0.json
faults,fault_reset_pdec0,600001,NONE (no result: grinding),NONE,,,,sim/out/host/grindsim --seed 600001 --scenario sim/mc/scenarios/fault_reset_pdec0.json
faults,fault_reset_pdec0,600002,NONE (no result: grinding),NONE,,,,sim/out/host/grindsim --seed 600002 --scenario sim/mc/scenarios/fault_reset_pdec0.json
faults,fault_reset_pdec0,600003,NONE (no result: grinding),NONE,,,,sim/out/host/grindsim --seed 600003 --scenario sim/mc/scenarios/fault_reset_pdec0.json
faults,fault_reset_pdec0,600004,NONE (no result: grinding),NONE,,,,sim/out/host/grindsim --seed 600004 --scenario sim/mc/scenarios/fault_reset_pdec0.json
faults,fault_reset_pdec0,600005,NONE (no result: grinding),NONE,,,,sim/out/host/grindsim --seed 600005 --scenario sim/mc/scenarios/fault_reset_pdec0.json
faults,fault_reset_pdec0,600006,NONE (no result: grinding),NONE,,,,sim/out/host/grindsim --seed 600006 --scenario sim/mc/scenarios/fault_reset_pdec0.json
faults,fault_reset_pdec0,600007,NONE (no result: grinding),NONE,,,,sim/out/host/grindsim --seed 600007 --scenario sim/mc/scenarios/fault_reset_pdec0.json
faults,fault_reset_pdec0,600008,NONE (no result: grinding),NONE,,,,sim/out/host/grindsim --seed 600008 --scenario sim/mc/scenarios/fault_reset_pdec0.json
faults,fault_reset_pdec0,600009,NONE (no result: grinding),NONE,,,,sim/out/host/grindsim --seed 600009 --scenario sim/mc/scenarios/fault_reset_pdec0.json
faults,fault_reset_pdec0,600010,NONE (no result: grinding),NONE,,,,sim/out/host/grindsim --seed 600010 --scenario sim/mc/scenarios/fault_reset_pdec0.json
faults,fault_reset_pdec0,600011,NONE (no result: grinding),NONE,,,,sim/out/host/grindsim --seed 600011 --scenario sim/mc/scenarios/fault_reset_pdec0.json
faults,fault_reset_pdec0,600012,NONE (no result: grinding),NONE,,,,sim/out/host/grindsim --seed 600012 --scenario sim/mc/scenarios/fault_reset_pdec0.json
faults,fault_reset_pdec0,600013,NONE (no result: grinding),NONE,,,,sim/out/host/grindsim --seed 600013 --scenario sim/mc/scenarios/fault_reset_pdec0.json
faults,fault_reset_pdec0,600014,NONE (no result: grinding),NONE,,,,sim/out/host/grindsim --seed 600014 --scenario sim/mc/scenarios/fault_reset_pdec0.json
faults,fault_reset_pdec0,600015,NONE (no result: grinding),NONE,,,,sim/out/host/grindsim --seed 600015 --scenario sim/mc/scenarios/fault_reset_pdec0.json
faults,fault_reset_pdec0,600016,NONE (no result: grinding),NONE,,,,sim/out/host/grindsim --seed 600016 --scenario sim/mc/scenarios/fault_reset_pdec0.json
faults,fault_reset_pdec0,600017,NONE (no result: grinding),NONE,,,,sim/out/host/grindsim --seed 600017 --scenario sim/mc/scenarios/fault_reset_pdec0.json
faults,fault_reset_pdec0,600018,NONE (no result: grinding),NONE,,,,sim/out/host/grindsim --seed 600018 --scenario sim/mc/scenarios/fault_reset_pdec0.json
faults,fault_reset_pdec0,600019,NONE (no result: grinding),NONE,,,,sim/out/host/grindsim --seed 600019 --scenario sim/mc/scenarios/fault_reset_pdec0.json
faults,fault_reset_pred0_5,600000,NONE (no result: grinding),NONE,,,,sim/out/host/grindsim --seed 600000 --scenario sim/mc/scenarios/fault_reset_pred0_5.json
faults,fault_reset_pred0_5,600001,NONE (no result: grinding),NONE,,,,sim/out/host/grindsim --seed 600001 --scenario sim/mc/scenarios/fault_reset_pred0_5.json
faults,fault_reset_pred0_5,600002,NONE (no result: grinding),NONE,,,,sim/out/host/grindsim --seed 600002 --scenario sim/mc/scenarios/fault_reset_pred0_5.json
faults,fault_reset_pred0_5,600003,NONE (no result: grinding),NONE,,,,sim/out/host/grindsim --seed 600003 --scenario sim/mc/scenarios/fault_reset_pred0_5.json
faults,fault_reset_pred0_5,600004,NONE (no result: grinding),NONE,,,,sim/out/host/grindsim --seed 600004 --scenario sim/mc/scenarios/fault_reset_pred0_5.json
faults,fault_reset_pred0_5,600005,NONE (no result: grinding),NONE,,,,sim/out/host/grindsim --seed 600005 --scenario sim/mc/scenarios/fault_reset_pred0_5.json
faults,fault_reset_pred0_5,600006,NONE (no result: grinding),NONE,,,,sim/out/host/grindsim --seed 600006 --scenario sim/mc/scenarios/fault_reset_pred0_5.json
faults,fault_reset_pred0_5,600007,NONE (no result: grinding),NONE,,,,sim/out/host/grindsim --seed 600007 --scenario sim/mc/scenarios/fault_reset_pred0_5.json
faults,fault_reset_pred0_5,600008,NONE (no result: grinding),NONE,,,,sim/out/host/grindsim --seed 600008 --scenario sim/mc/scenarios/fault_reset_pred0_5.json
faults,fault_reset_pred0_5,600009,NONE (no result: grinding),NONE,,,,sim/out/host/grindsim --seed 600009 --scenario sim/mc/scenarios/fault_reset_pred0_5.json
faults,fault_reset_pred0_5,600010,NONE (no result: grinding),NONE,,,,sim/out/host/grindsim --seed 600010 --scenario sim/mc/scenarios/fault_reset_pred0_5.json
faults,fault_reset_pred0_5,600011,NONE (no result: grinding),NONE,,,,sim/out/host/grindsim --seed 600011 --scenario sim/mc/scenarios/fault_reset_pred0_5.json
faults,fault_reset_pred0_5,600012,NONE (no result: grinding),NONE,,,,sim/out/host/grindsim --seed 600012 --scenario sim/mc/scenarios/fault_reset_pred0_5.json
faults,fault_reset_pred0_5,600013,NONE (no result: grinding),NONE,,,,sim/out/host/grindsim --seed 600013 --scenario sim/mc/scenarios/fault_reset_pred0_5.json
faults,fault_reset_pred0_5,600014,NONE (no result: grinding),NONE,,,,sim/out/host/grindsim --seed 600014 --scenario sim/mc/scenarios/fault_reset_pred0_5.json
faults,fault_reset_pred0_5,600015,NONE (no result: grinding),NONE,,,,sim/out/host/grindsim --seed 600015 --scenario sim/mc/scenarios/fault_reset_pred0_5.json
faults,fault_reset_pred0_5,600016,NONE (no result: grinding),NONE,,,,sim/out/host/grindsim --seed 600016 --scenario sim/mc/scenarios/fault_reset_pred0_5.json
faults,fault_reset_pred0_5,600017,NONE (no result: grinding),NONE,,,,sim/out/host/grindsim --seed 600017 --scenario sim/mc/scenarios/fault_reset_pred0_5.json
faults,fault_reset_pred0_5,600018,NONE (no result: grinding),NONE,,,,sim/out/host/grindsim --seed 600018 --scenario sim/mc/scenarios/fault_reset_pred0_5.json
faults,fault_reset_pred0_5,600019,NONE (no result: grinding),NONE,,,,sim/out/host/grindsim --seed 600019 --scenario sim/mc/scenarios/fault_reset_pred0_5.json
faults,fault_reset_pred2,600000,NONE (no result: grinding),NONE,,,,sim/out/host/grindsim --seed 600000 --scenario sim/mc/scenarios/fault_reset_pred2.json
faults,fault_reset_pred2,600001,NONE (no result: grinding),NONE,,,,sim/out/host/grindsim --seed 600001 --scenario sim/mc/scenarios/fault_reset_pred2.json
faults,fault_reset_pred2,600002,NONE (no result: grinding),NONE,,,,sim/out/host/grindsim --seed 600002 --scenario sim/mc/scenarios/fault_reset_pred2.json
faults,fault_reset_pred2,600003,NONE (no result: grinding),NONE,,,,sim/out/host/grindsim --seed 600003 --scenario sim/mc/scenarios/fault_reset_pred2.json
faults,fault_reset_pred2,600004,NONE (no result: grinding),NONE,,,,sim/out/host/grindsim --seed 600004 --scenario sim/mc/scenarios/fault_reset_pred2.json
faults,fault_reset_pred2,600005,NONE (no result: grinding),NONE,,,,sim/out/host/grindsim --seed 600005 --scenario sim/mc/scenarios/fault_reset_pred2.json
faults,fault_reset_pred2,600006,NONE (no result: grinding),NONE,,,,sim/out/host/grindsim --seed 600006 --scenario sim/mc/scenarios/fault_reset_pred2.json
faults,fault_reset_pred2,600007,NONE (no result: grinding),NONE,,,,sim/out/host/grindsim --seed 600007 --scenario sim/mc/scenarios/fault_reset_pred2.json
faults,fault_reset_pred2,600008,NONE (no result: grinding),NONE,,,,sim/out/host/grindsim --seed 600008 --scenario sim/mc/scenarios/fault_reset_pred2.json
faults,fault_reset_pred2,600009,NONE (no result: grinding),NONE,,,,sim/out/host/grindsim --seed 600009 --scenario sim/mc/scenarios/fault_reset_pred2.json
faults,fault_reset_pred2,600010,NONE (no result: grinding),NONE,,,,sim/out/host/grindsim --seed 600010 --scenario sim/mc/scenarios/fault_reset_pred2.json
faults,fault_reset_pred2,600011,NONE (no result: grinding),NONE,,,,sim/out/host/grindsim --seed 600011 --scenario sim/mc/scenarios/fault_reset_pred2.json
faults,fault_reset_pred2,600012,NONE (no result: grinding),NONE,,,,sim/out/host/grindsim --seed 600012 --scenario sim/mc/scenarios/fault_reset_pred2.json
faults,fault_reset_pred2,600013,NONE (no result: grinding),NONE,,,,sim/out/host/grindsim --seed 600013 --scenario sim/mc/scenarios/fault_reset_pred2.json
faults,fault_reset_pred2,600014,NONE (no result: grinding),NONE,,,,sim/out/host/grindsim --seed 600014 --scenario sim/mc/scenarios/fault_reset_pred2.json
faults,fault_reset_pred2,600015,NONE (no result: grinding),NONE,,,,sim/out/host/grindsim --seed 600015 --scenario sim/mc/scenarios/fault_reset_pred2.json
faults,fault_reset_pred2,600016,NONE (no result: grinding),NONE,,,,sim/out/host/grindsim --seed 600016 --scenario sim/mc/scenarios/fault_reset_pred2.json
faults,fault_reset_pred2,600017,NONE (no result: grinding),NONE,,,,sim/out/host/grindsim --seed 600017 --scenario sim/mc/scenarios/fault_reset_pred2.json
faults,fault_reset_pred2,600018,NONE (no result: grinding),NONE,,,,sim/out/host/grindsim --seed 600018 --scenario sim/mc/scenarios/fault_reset_pred2.json
faults,fault_reset_pred2,600019,NONE (no result: grinding),NONE,,,,sim/out/host/grindsim --seed 600019 --scenario sim/mc/scenarios/fault_reset_pred2.json
faults,fault_reset_pred5,600000,NONE (no result: grinding),NONE,,,,sim/out/host/grindsim --seed 600000 --scenario sim/mc/scenarios/fault_reset_pred5.json
faults,fault_reset_pred5,600001,NONE (no result: grinding),NONE,,,,sim/out/host/grindsim --seed 600001 --scenario sim/mc/scenarios/fault_reset_pred5.json
faults,fault_reset_pred5,600002,NONE (no result: grinding),NONE,,,,sim/out/host/grindsim --seed 600002 --scenario sim/mc/scenarios/fault_reset_pred5.json
faults,fault_reset_pred5,600003,NONE (no result: grinding),NONE,,,,sim/out/host/grindsim --seed 600003 --scenario sim/mc/scenarios/fault_reset_pred5.json
faults,fault_reset_pred5,600004,NONE (no result: grinding),NONE,,,,sim/out/host/grindsim --seed 600004 --scenario sim/mc/scenarios/fault_reset_pred5.json
faults,fault_reset_pred5,600005,NONE (no result: grinding),NONE,,,,sim/out/host/grindsim --seed 600005 --scenario sim/mc/scenarios/fault_reset_pred5.json
faults,fault_reset_pred5,600006,NONE (no result: grinding),NONE,,,,sim/out/host/grindsim --seed 600006 --scenario sim/mc/scenarios/fault_reset_pred5.json
faults,fault_reset_pred5,600007,NONE (no result: grinding),NONE,,,,sim/out/host/grindsim --seed 600007 --scenario sim/mc/scenarios/fault_reset_pred5.json
faults,fault_reset_pred5,600008,NONE (no result: grinding),NONE,,,,sim/out/host/grindsim --seed 600008 --scenario sim/mc/scenarios/fault_reset_pred5.json
faults,fault_reset_pred5,600009,NONE (no result: grinding),NONE,,,,sim/out/host/grindsim --seed 600009 --scenario sim/mc/scenarios/fault_reset_pred5.json
faults,fault_reset_pred5,600010,NONE (no result: grinding),NONE,,,,sim/out/host/grindsim --seed 600010 --scenario sim/mc/scenarios/fault_reset_pred5.json
faults,fault_reset_pred5,600011,NONE (no result: grinding),NONE,,,,sim/out/host/grindsim --seed 600011 --scenario sim/mc/scenarios/fault_reset_pred5.json
faults,fault_reset_pred5,600012,NONE (no result: grinding),NONE,,,,sim/out/host/grindsim --seed 600012 --scenario sim/mc/scenarios/fault_reset_pred5.json
faults,fault_reset_pred5,600013,NONE (no result: grinding),NONE,,,,sim/out/host/grindsim --seed 600013 --scenario sim/mc/scenarios/fault_reset_pred5.json
faults,fault_reset_pred5,600014,NONE (no result: grinding),NONE,,,,sim/out/host/grindsim --seed 600014 --scenario sim/mc/scenarios/fault_reset_pred5.json
faults,fault_reset_pred5,600015,NONE (no result: grinding),NONE,,,,sim/out/host/grindsim --seed 600015 --scenario sim/mc/scenarios/fault_reset_pred5.json
faults,fault_reset_pred5,600016,NONE (no result: grinding),NONE,,,,sim/out/host/grindsim --seed 600016 --scenario sim/mc/scenarios/fault_reset_pred5.json
faults,fault_reset_pred5,600017,NONE (no result: grinding),NONE,,,,sim/out/host/grindsim --seed 600017 --scenario sim/mc/scenarios/fault_reset_pred5.json
faults,fault_reset_pred5,600018,NONE (no result: grinding),NONE,,,,sim/out/host/grindsim --seed 600018 --scenario sim/mc/scenarios/fault_reset_pred5.json
faults,fault_reset_pred5,600019,NONE (no result: grinding),NONE,,,,sim/out/host/grindsim --seed 600019 --scenario sim/mc/scenarios/fault_reset_pred5.json
faults,fault_reset_rnd1,600000,NONE (no result: purge prompt),NONE,,,,sim/out/host/grindsim --seed 600000 --scenario sim/mc/scenarios/fault_reset_rnd1.json
faults,fault_reset_rnd1,600001,NONE (no result: purge prompt),NONE,,,,sim/out/host/grindsim --seed 600001 --scenario sim/mc/scenarios/fault_reset_rnd1.json
faults,fault_reset_rnd1,600002,NONE (no result: purge prompt),NONE,,,,sim/out/host/grindsim --seed 600002 --scenario sim/mc/scenarios/fault_reset_rnd1.json
faults,fault_reset_rnd1,600003,NONE (no result: purge prompt),NONE,,,,sim/out/host/grindsim --seed 600003 --scenario sim/mc/scenarios/fault_reset_rnd1.json
faults,fault_reset_rnd1,600004,NONE (no result: purge prompt),NONE,,,,sim/out/host/grindsim --seed 600004 --scenario sim/mc/scenarios/fault_reset_rnd1.json
faults,fault_reset_rnd1,600005,NONE (no result: purge prompt),NONE,,,,sim/out/host/grindsim --seed 600005 --scenario sim/mc/scenarios/fault_reset_rnd1.json
faults,fault_reset_rnd1,600006,NONE (no result: purge prompt),NONE,,,,sim/out/host/grindsim --seed 600006 --scenario sim/mc/scenarios/fault_reset_rnd1.json
faults,fault_reset_rnd1,600007,NONE (no result: purge prompt),NONE,,,,sim/out/host/grindsim --seed 600007 --scenario sim/mc/scenarios/fault_reset_rnd1.json
faults,fault_reset_rnd1,600008,NONE (no result: purge prompt),NONE,,,,sim/out/host/grindsim --seed 600008 --scenario sim/mc/scenarios/fault_reset_rnd1.json
faults,fault_reset_rnd1,600009,NONE (no result: purge prompt),NONE,,,,sim/out/host/grindsim --seed 600009 --scenario sim/mc/scenarios/fault_reset_rnd1.json
faults,fault_reset_rnd1,600010,NONE (no result: purge prompt),NONE,,,,sim/out/host/grindsim --seed 600010 --scenario sim/mc/scenarios/fault_reset_rnd1.json
faults,fault_reset_rnd1,600011,NONE (no result: purge prompt),NONE,,,,sim/out/host/grindsim --seed 600011 --scenario sim/mc/scenarios/fault_reset_rnd1.json
faults,fault_reset_rnd1,600012,NONE (no result: purge prompt),NONE,,,,sim/out/host/grindsim --seed 600012 --scenario sim/mc/scenarios/fault_reset_rnd1.json
faults,fault_reset_rnd1,600013,NONE (no result: purge prompt),NONE,,,,sim/out/host/grindsim --seed 600013 --scenario sim/mc/scenarios/fault_reset_rnd1.json
faults,fault_reset_rnd1,600014,NONE (no result: purge prompt),NONE,,,,sim/out/host/grindsim --seed 600014 --scenario sim/mc/scenarios/fault_reset_rnd1.json
faults,fault_reset_rnd1,600015,NONE (no result: purge prompt),NONE,,,,sim/out/host/grindsim --seed 600015 --scenario sim/mc/scenarios/fault_reset_rnd1.json
faults,fault_reset_rnd1,600016,NONE (no result: purge prompt),NONE,,,,sim/out/host/grindsim --seed 600016 --scenario sim/mc/scenarios/fault_reset_rnd1.json
faults,fault_reset_rnd1,600017,NONE (no result: purge prompt),NONE,,,,sim/out/host/grindsim --seed 600017 --scenario sim/mc/scenarios/fault_reset_rnd1.json
faults,fault_reset_rnd1,600018,NONE (no result: purge prompt),NONE,,,,sim/out/host/grindsim --seed 600018 --scenario sim/mc/scenarios/fault_reset_rnd1.json
faults,fault_reset_rnd1,600019,NONE (no result: purge prompt),NONE,,,,sim/out/host/grindsim --seed 600019 --scenario sim/mc/scenarios/fault_reset_rnd1.json
faults,fault_reset_rnd2,600000,NONE (no result: grinding),NONE,,,,sim/out/host/grindsim --seed 600000 --scenario sim/mc/scenarios/fault_reset_rnd2.json
faults,fault_reset_rnd2,600001,NONE (no result: grinding),NONE,,,,sim/out/host/grindsim --seed 600001 --scenario sim/mc/scenarios/fault_reset_rnd2.json
faults,fault_reset_rnd2,600002,NONE (no result: grinding),NONE,,,,sim/out/host/grindsim --seed 600002 --scenario sim/mc/scenarios/fault_reset_rnd2.json
faults,fault_reset_rnd2,600003,NONE (no result: grinding),NONE,,,,sim/out/host/grindsim --seed 600003 --scenario sim/mc/scenarios/fault_reset_rnd2.json
faults,fault_reset_rnd2,600004,NONE (no result: grinding),NONE,,,,sim/out/host/grindsim --seed 600004 --scenario sim/mc/scenarios/fault_reset_rnd2.json
faults,fault_reset_rnd2,600005,NONE (no result: grinding),NONE,,,,sim/out/host/grindsim --seed 600005 --scenario sim/mc/scenarios/fault_reset_rnd2.json
faults,fault_reset_rnd2,600006,NONE (no result: grinding),NONE,,,,sim/out/host/grindsim --seed 600006 --scenario sim/mc/scenarios/fault_reset_rnd2.json
faults,fault_reset_rnd2,600007,NONE (no result: grinding),NONE,,,,sim/out/host/grindsim --seed 600007 --scenario sim/mc/scenarios/fault_reset_rnd2.json
faults,fault_reset_rnd2,600008,NONE (no result: grinding),NONE,,,,sim/out/host/grindsim --seed 600008 --scenario sim/mc/scenarios/fault_reset_rnd2.json
faults,fault_reset_rnd2,600009,NONE (no result: grinding),NONE,,,,sim/out/host/grindsim --seed 600009 --scenario sim/mc/scenarios/fault_reset_rnd2.json
faults,fault_reset_rnd2,600010,NONE (no result: grinding),NONE,,,,sim/out/host/grindsim --seed 600010 --scenario sim/mc/scenarios/fault_reset_rnd2.json
faults,fault_reset_rnd2,600011,NONE (no result: grinding),NONE,,,,sim/out/host/grindsim --seed 600011 --scenario sim/mc/scenarios/fault_reset_rnd2.json
faults,fault_reset_rnd2,600012,NONE (no result: grinding),NONE,,,,sim/out/host/grindsim --seed 600012 --scenario sim/mc/scenarios/fault_reset_rnd2.json
faults,fault_reset_rnd2,600013,NONE (no result: grinding),NONE,,,,sim/out/host/grindsim --seed 600013 --scenario sim/mc/scenarios/fault_reset_rnd2.json
faults,fault_reset_rnd2,600014,NONE (no result: grinding),NONE,,,,sim/out/host/grindsim --seed 600014 --scenario sim/mc/scenarios/fault_reset_rnd2.json
faults,fault_reset_rnd2,600015,NONE (no result: grinding),NONE,,,,sim/out/host/grindsim --seed 600015 --scenario sim/mc/scenarios/fault_reset_rnd2.json
faults,fault_reset_rnd2,600016,NONE (no result: grinding),NONE,,,,sim/out/host/grindsim --seed 600016 --scenario sim/mc/scenarios/fault_reset_rnd2.json
faults,fault_reset_rnd2,600017,NONE (no result: grinding),NONE,,,,sim/out/host/grindsim --seed 600017 --scenario sim/mc/scenarios/fault_reset_rnd2.json
faults,fault_reset_rnd2,600018,NONE (no result: grinding),NONE,,,,sim/out/host/grindsim --seed 600018 --scenario sim/mc/scenarios/fault_reset_rnd2.json
faults,fault_reset_rnd2,600019,NONE (no result: grinding),NONE,,,,sim/out/host/grindsim --seed 600019 --scenario sim/mc/scenarios/fault_reset_rnd2.json
faults,fault_reset_rnd3,600000,NONE (no result: grinding),NONE,,,,sim/out/host/grindsim --seed 600000 --scenario sim/mc/scenarios/fault_reset_rnd3.json
faults,fault_reset_rnd3,600001,NONE (no result: grinding),NONE,,,,sim/out/host/grindsim --seed 600001 --scenario sim/mc/scenarios/fault_reset_rnd3.json
faults,fault_reset_rnd3,600002,NONE (no result: grinding),NONE,,,,sim/out/host/grindsim --seed 600002 --scenario sim/mc/scenarios/fault_reset_rnd3.json
faults,fault_reset_rnd3,600003,NONE (no result: grinding),NONE,,,,sim/out/host/grindsim --seed 600003 --scenario sim/mc/scenarios/fault_reset_rnd3.json
faults,fault_reset_rnd3,600004,NONE (no result: grinding),NONE,,,,sim/out/host/grindsim --seed 600004 --scenario sim/mc/scenarios/fault_reset_rnd3.json
faults,fault_reset_rnd3,600005,NONE (no result: grinding),NONE,,,,sim/out/host/grindsim --seed 600005 --scenario sim/mc/scenarios/fault_reset_rnd3.json
faults,fault_reset_rnd3,600006,NONE (no result: grinding),NONE,,,,sim/out/host/grindsim --seed 600006 --scenario sim/mc/scenarios/fault_reset_rnd3.json
faults,fault_reset_rnd3,600007,NONE (no result: grinding),NONE,,,,sim/out/host/grindsim --seed 600007 --scenario sim/mc/scenarios/fault_reset_rnd3.json
faults,fault_reset_rnd3,600008,NONE (no result: grinding),NONE,,,,sim/out/host/grindsim --seed 600008 --scenario sim/mc/scenarios/fault_reset_rnd3.json
faults,fault_reset_rnd3,600009,NONE (no result: grinding),NONE,,,,sim/out/host/grindsim --seed 600009 --scenario sim/mc/scenarios/fault_reset_rnd3.json
faults,fault_reset_rnd3,600010,NONE (no result: grinding),NONE,,,,sim/out/host/grindsim --seed 600010 --scenario sim/mc/scenarios/fault_reset_rnd3.json
faults,fault_reset_rnd3,600011,NONE (no result: grinding),NONE,,,,sim/out/host/grindsim --seed 600011 --scenario sim/mc/scenarios/fault_reset_rnd3.json
faults,fault_reset_rnd3,600012,NONE (no result: grinding),NONE,,,,sim/out/host/grindsim --seed 600012 --scenario sim/mc/scenarios/fault_reset_rnd3.json
faults,fault_reset_rnd3,600013,NONE (no result: grinding),NONE,,,,sim/out/host/grindsim --seed 600013 --scenario sim/mc/scenarios/fault_reset_rnd3.json
faults,fault_reset_rnd3,600014,NONE (no result: grinding),NONE,,,,sim/out/host/grindsim --seed 600014 --scenario sim/mc/scenarios/fault_reset_rnd3.json
faults,fault_reset_rnd3,600015,NONE (no result: grinding),NONE,,,,sim/out/host/grindsim --seed 600015 --scenario sim/mc/scenarios/fault_reset_rnd3.json
faults,fault_reset_rnd3,600016,NONE (no result: grinding),NONE,,,,sim/out/host/grindsim --seed 600016 --scenario sim/mc/scenarios/fault_reset_rnd3.json
faults,fault_reset_rnd3,600017,NONE (no result: grinding),NONE,,,,sim/out/host/grindsim --seed 600017 --scenario sim/mc/scenarios/fault_reset_rnd3.json
faults,fault_reset_rnd3,600018,NONE (no result: grinding),NONE,,,,sim/out/host/grindsim --seed 600018 --scenario sim/mc/scenarios/fault_reset_rnd3.json
faults,fault_reset_rnd3,600019,NONE (no result: grinding),NONE,,,,sim/out/host/grindsim --seed 600019 --scenario sim/mc/scenarios/fault_reset_rnd3.json
faults,fault_reset_rnd4,600000,NONE (no result: grinding),NONE,,,,sim/out/host/grindsim --seed 600000 --scenario sim/mc/scenarios/fault_reset_rnd4.json
faults,fault_reset_rnd4,600001,NONE (no result: grinding),NONE,,,,sim/out/host/grindsim --seed 600001 --scenario sim/mc/scenarios/fault_reset_rnd4.json
faults,fault_reset_rnd4,600002,NONE (no result: grinding),NONE,,,,sim/out/host/grindsim --seed 600002 --scenario sim/mc/scenarios/fault_reset_rnd4.json
faults,fault_reset_rnd4,600003,NONE (no result: grinding),NONE,,,,sim/out/host/grindsim --seed 600003 --scenario sim/mc/scenarios/fault_reset_rnd4.json
faults,fault_reset_rnd4,600004,NONE (no result: grinding),NONE,,,,sim/out/host/grindsim --seed 600004 --scenario sim/mc/scenarios/fault_reset_rnd4.json
faults,fault_reset_rnd4,600005,NONE (no result: grinding),NONE,,,,sim/out/host/grindsim --seed 600005 --scenario sim/mc/scenarios/fault_reset_rnd4.json
faults,fault_reset_rnd4,600006,NONE (no result: grinding),NONE,,,,sim/out/host/grindsim --seed 600006 --scenario sim/mc/scenarios/fault_reset_rnd4.json
faults,fault_reset_rnd4,600007,NONE (no result: grinding),NONE,,,,sim/out/host/grindsim --seed 600007 --scenario sim/mc/scenarios/fault_reset_rnd4.json
faults,fault_reset_rnd4,600008,NONE (no result: grinding),NONE,,,,sim/out/host/grindsim --seed 600008 --scenario sim/mc/scenarios/fault_reset_rnd4.json
faults,fault_reset_rnd4,600009,NONE (no result: grinding),NONE,,,,sim/out/host/grindsim --seed 600009 --scenario sim/mc/scenarios/fault_reset_rnd4.json
faults,fault_reset_rnd4,600010,NONE (no result: grinding),NONE,,,,sim/out/host/grindsim --seed 600010 --scenario sim/mc/scenarios/fault_reset_rnd4.json
faults,fault_reset_rnd4,600011,NONE (no result: grinding),NONE,,,,sim/out/host/grindsim --seed 600011 --scenario sim/mc/scenarios/fault_reset_rnd4.json
faults,fault_reset_rnd4,600012,NONE (no result: grinding),NONE,,,,sim/out/host/grindsim --seed 600012 --scenario sim/mc/scenarios/fault_reset_rnd4.json
faults,fault_reset_rnd4,600013,NONE (no result: grinding),NONE,,,,sim/out/host/grindsim --seed 600013 --scenario sim/mc/scenarios/fault_reset_rnd4.json
faults,fault_reset_rnd4,600014,NONE (no result: grinding),NONE,,,,sim/out/host/grindsim --seed 600014 --scenario sim/mc/scenarios/fault_reset_rnd4.json
faults,fault_reset_rnd4,600015,NONE (no result: grinding),NONE,,,,sim/out/host/grindsim --seed 600015 --scenario sim/mc/scenarios/fault_reset_rnd4.json
faults,fault_reset_rnd4,600016,NONE (no result: grinding),NONE,,,,sim/out/host/grindsim --seed 600016 --scenario sim/mc/scenarios/fault_reset_rnd4.json
faults,fault_reset_rnd4,600017,NONE (no result: grinding),NONE,,,,sim/out/host/grindsim --seed 600017 --scenario sim/mc/scenarios/fault_reset_rnd4.json
faults,fault_reset_rnd4,600018,NONE (no result: grinding),NONE,,,,sim/out/host/grindsim --seed 600018 --scenario sim/mc/scenarios/fault_reset_rnd4.json
faults,fault_reset_rnd4,600019,NONE (no result: grinding),NONE,,,,sim/out/host/grindsim --seed 600019 --scenario sim/mc/scenarios/fault_reset_rnd4.json
