set,seed,bean_factor,burr_capacity_g,burr_residual_g,burr_taper_mass_g,chute_retention_g,chute_tau_s,clump_mass_g,clump_rate_hz,cup_mass_g,drop_height_m,feed_rate_gps,flow_noise_frac,flow_noise_tau_s,flow_nominal_gps,grind_setting_factor,hx711_settle_ms_10sps,hx711_settle_ms_80sps,hx711_sps,lc_baseline_code,lc_counts_per_g,lc_creep_frac,lc_creep_tau_s,lc_damping,lc_drift_g_per_min,lc_drift_walk_g_per_rtmin,lc_gain_error,lc_idle_noise_counts,lc_impact_tau_s,lc_natural_freq_hz,lc_place_impact_frac,lc_vibration_noise_counts,motor_min_speed,motor_stall_tau_s,motor_tau_down_s,motor_tau_up_s,relay_off_latency_ms,relay_on_latency_ms,transport_delay_s
sweep,100000,0.927968,35.1,0.968934,3.26366,0.155966,0.488066,0.278996,2.12472,135.747,0.0952532,22.8821,0.00261005,0.805338,1.07224,0.555063,486.295,50,10,-1048576,-7050,0.00241974,22.1045,0.419325,0.0181203,0.00528673,0.0,33.7376,0.0737087,48.8722,0.922772,646.227,0.215531,0.0142334,0.414363,0.0643419,9.66732,16.0555,0.393829
sweep,100001,0.741027,28.4503,0.526727,5.50082,1.27688,0.47474,0.0382174,2.15122,152.13,0.179312,53.8123,0.0956445,0.804307,2.92202,1.20874,167.709,50,10,-1048576,-7050,0.00114154,113.36,0.248964,-0.0188447,0.00348754,0.0,146.856,0.0305954,54.3199,0.209193,678.69,0.221336,0.00800465,0.0870842,0.0838768,8.98017,18.8403,0.162277
sweep,100002,1.14698,29.9197,0.122918,1.80764,1.43061,0.116007,0.0602423,3.28455,296.355,0.0339434,83.1396,0.0412731,0.849234,2.03831,1.33444,104.033,50,10,-1048576,-7050,0.00251146,22.0685,0.168493,-0.000261053,0.00296264,0.0,39.153,0.0752383,71.9545,1.33293,415.87,0.212538,0.0818193,0.490466,0.122369,21.6793,10.132,0.521369
sweep,100003,1.24062,35.2993,0.713935,2.02518,0.123413,0.467041,0.250702,3.06957,297.247,0.188333,6.54037,0.157922,0.113028,2.33606,0.995685,574.903,50,10,-1048576,-7050,0.00258711,288.768,0.0572323,0.0154275,0.00626557,0.0,135.795,0.0368054,30.1783,0.930826,280.964,0.444135,0.0350756,0.537969,0.048484,26.5767,19.1374,0.165237
sweep,100004,0.891627,26.4184,0.918109,4.52589,0.485393,0.323849,0.0376084,4.75465,293.21,0.105034,91.184,0.137108,0.0790233,1.69734,0.872562,217.293,50,10,-1048576,-7050,0.00036491,197.166,0.274706,0.00451623,0.00952808,0.0,91.8164,0.0786494,35.537,2.02434,263.769,0.248204,0.0750517,0.232138,0.146192,10.5241,20.7794,0.473282
sweep,100005,1.16033,23.9532,0.0302805,1.6013,0.433638,0.0703793,0.180929,3.20052,171.187,0.0319391,54.9292,0.0951799,0.491675,1.28066,1.47153,476.363,50,10,-1048576,-7050,0.00160487,193.098,0.328855,-0.00809655,0.00854465,0.0,19.1324,0.00525807,73.847,2.8588,553.081,0.511547,0.0917253,0.271784,0.230013,24.0029,20.7523,0.150488
sweep,100006,0.95419,26.6844,0.642129,4.81054,1.04978,0.251673,0.0967799,3.77469,151.53,0.0851747,86.8234,0.175398,0.240217,1.17866,0.741387,490.965,50,10,-1048576,-7050,0.00375906,204.327,0.714273,-0.0129895,0.00572329,0.0,77.8884,0.0812706,11.5133,1.23387,281.921,0.414873,0.0835409,0.13636,0.0425362,18.1224,4.43621,0.596291
sweep,100007,1.20004,24.3724,0.376302,5.24474,0.598927,0.303515,0.0685683,2.74369,65.9919,0.0766436,73.0962,0.152122,0.263864,2.95331,1.42951,531.07,50,10,-1048576,-7050,0.00314356,192.672,0.680887,-0.00496823,0.00175434,0.0,94.4969,0.00961612,66.559,2.85131,995.627,0.134976,0.0170667,0.408007,0.0325138,21.5526,20.388,0.344716
sweep,100008,0.72539,21.5297,0.336409,5.92486,0.202541,0.141252,0.152141,3.73686,277.286,0.15234,56.3918,0.196899,0.393371,1.48454,0.553835,241.999,50,10,-1048576,-7050,0.00431569,208.745,0.444329,0.0136358,0.00643559,0.0,174.969,0.0640412,52.7236,2.93845,986.48,0.337448,0.0724611,0.248549,0.104476,5.80098,8.87,0.113381
sweep,100009,1.03998,19.9295,0.5206,2.32238,1.49865,0.178194,0.0835055,0.547979,37.5823,0.139985,42.9713,0.0266962,0.948386,1.63778,1.12035,307.54,50,10,-1048576,-7050,0.00478402,275.72,0.601504,-0.0180989,0.00154347,0.0,32.1663,0.0290578,48.8052,1.87215,1122.44,0.434493,0.0906551,0.562477,0.222953,6.68537,9.42043,0.173073
sweep,100010,0.904906,30.5043,0.0898276,5.29135,0.961195,0.296785,0.139522,0.606272,75.9672,0.139432,57.0516,0.0168271,0.8283,1.25872,1.0978,184.807,50,10,-1048576,-7050,0.00299605,184.263,0.200018,0.0169176,0.00961939,0.0,184.083,0.068084,66.0887,1.81698,323.89,0.236576,0.019115,0.533124,0.156381,10.8301,28.8591,0.472014
sweep,100011,0.735027,35.9294,0.941443,5.5595,0.747641,0.0515945,0.163695,2.40207,203.927,0.0590798,99.4863,0.133116,0.770192,1.41068,1.10526,432.252,50,10,-1048576,-7050,0.00269086,117.513,0.226451,0.0184794,0.00929368,0.0,161.202,0.0903605,56.4158,2.53914,95.4254,0.183238,0.0828561,0.290883,0.0838278,23.2278,21.8223,0.474581
sweep,100012,1.04984,37.6348,0.287614,3.8347,0.874345,0.295433,0.129193,4.85042,76.7221,0.0881052,9.72389,0.107394,0.304313,1.03407,1.37198,381.758,50,10,-1048576,-7050,0.00302658,54.9548,0.92116,-0.000703762,0.00510386,0.0,1.18991,0.00940542,34.1147,2.95032,247.855,0.373635,0.00895072,0.439601,0.0496617,6.99269,17.2873,0.496272
sweep,100013,1.12122,36.9672,0.355511,2.34731,0.890399,0.182174,0.0187241,4.69395,25.8677,0.0506238,64.7184,0.123719,0.127154,2.35437,1.22853,377.054,50,10,-1048576,-7050,0.00431785,120.392,0.691123,-0.00839376,0.000947715,0.0,139.718,0.00570079,71.4243,0.782409,1034.03,0.524967,0.0395869,0.156156,0.258565,28.774,17.5838,0.290401
sweep,100014,0.749316,31.1199,0.572869,1.77999,0.724852,0.112383,0.00627423,3.51272,230.855,0.148378,11.1977,0.129279,0.585696,1.82622,1.18458,292.875,50,10,-1048576,-7050,0.0015326,9.84679,0.792045,0.00652262,0.00410863,0.0,77.5177,0.0349278,20.8128,0.320127,839.19,0.484468,0.0145488,0.242323,0.10413,28.4951,22.3805,0.0589586
sweep,100015,1.22618,32.1458,0.146251,1.85323,0.879703,0.353237,0.24485,2.04725,283.853,0.175503,90.653,0.000279771,0.0391059,2.24193,1.34232,343.354,50,10,-1048576,-7050,0.00322319,125.406,0.277378,-0.0126725,0.00814315,0.0,63.018,0.00587343,34.6518,1.2267,538.415,0.309228,0.0546154,0.203419,0.0358012,26.4088,12.4385,0.113357
sweep,100016,0.991889,26.6144,0.730885,4.1356,0.903633,0.104023,0.207651,3.85001,297.224,0.158104,80.9171,0.00942906,0.140155,1.92768,0.861313,362.287,50,10,-1048576,-7050,0.00334287,50.2611,0.0909676,0.0168673,0.00429831,0.0,147.033,0.0712644,15.943,2.92063,245.864,0.211722,0.0436123,0.187825,0.272366,24.4219,13.8257,0.105502
sweep,100017,0.969467,37.5108,0.927499,5.36906,0.891406,0.0222722,0.00347987,3.15301,272.895,0.135256,5.42956,0.0808795,0.931449,2.75851,0.696311,429.104,50,10,-1048576,-7050,0.00400137,239.569,0.367413,-0.017603,0.00335244,0.0,176.721,0.048295,58.3616,1.15098,335.992,0.291463,0.0715294,0.349468,0.224306,6.31506,21.0593,0.0564021
sweep,100018,1.02883,18.4258,0.0400009,5.57601,1.44153,0.114629,0.289533,0.780436,120.105,0.0374515,91.0831,0.188716,0.32084,1.09586,1.13747,500.632,50,10,-1048576,-7050,0.00318559,86.4575,0.342939,-0.018038,0.00681755,0.0,38.9003,0.0523635,46.1453,1.7023,554.442,0.236637,0.0689788,0.224077,0.0792748,26.6234,8.21374,0.285004
sweep,100019,0.745271,29.1154,0.710955,5.39108,1.34189,0.202002,0.205384,3.21612,211.973,0.0660706,16.3243,0.100897,0.649088,1.9506,0.654279,238.795,50,10,-1048576,-7050,0.00446663,192.76,0.481133,-0.0158305,0.00858415,0.0,198.483,0.0539337,20.5309,2.17564,236.542,0.313078,0.0810296,0.38294,0.213176,23.199,12.3689,0.237066
sweep,100020,1.23048,22.5125,0.271319,2.90395,0.576128,0.449792,0.0214255,1.57477,200.819,0.0670264,99.9717,0.163503,0.293795,2.99741,1.46195,171.934,50,10,-1048576,-7050,0.000554638,248.325,0.975522,-0.00878175,0.00966962,0.0,22.534,0.0196819,51.7683,0.938474,487.597,0.397047,0.0508604,0.366676,0.0335911,10.9231,13.183,0.447939
sweep,100021,0.935423,31.8757,0.0602479,5.03993,0.69051,0.272885,0.171575,4.98827,237.899,0.0758981,13.6547,0.0418172,0.209328,2.33107,0.942365,393.522,50,10,-1048576,-7050,0.00246972,123.734,0.0938114,0.0105097,0.00856857,0.0,60.3541,0.0551273,54.985,2.43706,331.328,0.30001,0.0285953,0.421722,0.164376,16.891,10.4347,0.467043
sweep,100022,0.761478,30.2592,0.227077,1.16518,0.295095,0.179699,0.234703,0.193867,120.646,0.0306555,70.8729,0.117635,0.344471,1.68998,0.928562,411.131,50,10,-1048576,-7050,0.0014803,35.914,0.903285,0.00284617,0.00214026,0.0,181.08,0.0833871,6.50671,1.49207,114.398,0.382305,0.0167806,0.386898,0.245404,3.38273,10.9814,0.10209
sweep,100023,0.977789,36.0102,0.182747,2.20103,0.833348,0.11819,0.15715,1.14772,34.6776,0.0351612,59.4548,0.154724,0.546203,1.22515,1.21663,364.529,50,10,-1048576,-7050,0.00213796,128.317,0.597075,-0.0170407,0.00986517,0.0,147.814,0.0495639,6.35715,0.920634,677.865,0.46904,0.0574906,0.221809,0.0834949,15.6063,13.9128,0.418105
sweep,100024,1.15294,19.219,0.77298,3.52179,0.68476,0.170333,0.0613756,2.78396,138.626,0.0474785,69.5828,0.119726,0.0679093,2.4991,0.528314,242.347,50,10,-1048576,-7050,0.0035438,181.507,0.189025,0.00230964,0.00045497,0.0,130.74,0.0920084,25.0054,1.96924,897.134,0.487643,0.0141914,0.555842,0.298587,9.02425,26.494,0.447898
sweep,100025,0.846623,25.6472,0.0148254,4.08842,0.967797,0.105679,0.0629282,3.77981,122.795,0.102461,82.5015,0.126677,0.14596,1.26531,1.24267,558.812,50,10,-1048576,-7050,0.00444025,86.022,0.289938,-0.00429087,0.00204728,0.0,170.541,0.0685819,57.6988,1.54557,619.962,0.204444,0.0298673,0.35067,0.226085,26.3623,22.428,0.377789
sweep,100026,0.806781,25.4131,0.362974,3.13505,1.27985,0.17774,0.0840994,1.41196,115.009,0.169488,86.3255,0.120881,0.639771,2.63066,0.773256,550.05,50,10,-1048576,-7050,0.00406504,282.417,0.12481,-0.0155877,0.00861837,0.0,148.131,0.0568749,56.0521,0.295367,1052.17,0.161777,0.0666396,0.425264,0.182794,2.97029,21.3037,0.526999
sweep,100027,0.973746,23.3139,0.0493677,5.80584,1.19675,0.325418,0.256762,4.84256,120.805,0.0336939,87.1752,0.191313,0.752571,2.8026,1.24439,569.674,50,10,-1048576,-7050,0.00226285,236.606,0.674159,-0.0181235,0.003863,0.0,82.6218,0.0145561,54.6189,1.2304,1150.5,0.565154,0.0677645,0.402586,0.206068,4.00064,13.3528,0.203941
sweep,100028,0.911708,30.1347,0.232837,3.0952,0.506411,0.373518,0.265562,4.88127,81.9851,0.171959,97.4352,0.12246,0.99714,2.09641,0.558949,571.375,50,10,-1048576,-7050,0.00058294,206.528,0.467144,-0.0043526,0.00711238,0.0,105.784,0.0306315,64.8704,1.03708,74.7353,0.378611,0.0299233,0.43497,0.0728325,20.6765,5.59171,0.259507
sweep,100029,1.13689,26.7984,0.559072,4.0457,1.29763,0.0212749,0.236993,3.69798,263.154,0.174174,97.2918,0.161054,0.606177,1.96095,0.50015,182.62,50,10,-1048576,-7050,0.00169155,24.3752,0.628576,-0.0133382,0.00570499,0.0,157.618,0.0854135,61.5483,0.623483,805.548,0.29207,0.0609061,0.559391,0.0881514,3.03957,20.5464,0.287854
sweep,100030,0.838818,22.2975,0.273999,3.23162,0.630587,0.0900438,0.140211,4.63209,160.065,0.0641739,53.9267,0.0681271,0.0641379,1.92111,0.789632,345.916,50,10,-1048576,-7050,6.04719e-05,73.4418,0.588832,0.0158626,0.00702018,0.0,113.38,0.0344879,70.1024,0.381991,794.31,0.110206,0.00783547,0.211945,0.19436,20.2185,7.679,0.570676
sweep,100031,0.994466,25.3317,0.736163,5.97134,1.35521,0.427322,0.281117,0.80037,294.067,0.18164,32.6316,0.156998,0.355438,2.79123,0.773766,138.984,50,10,-1048576,-7050,0.00261671,209.914,0.064199,0.0161424,0.00332645,0.0,127.354,0.0341201,45.3764,2.3395,675.271,0.100628,0.0867006,0.132847,0.10235,14.3616,26.8085,0.148078
sweep,100032,1.12072,29.6887,0.120877,5.43265,0.492944,0.152173,0.0838132,4.33392,146.759,0.193182,13.7235,0.133541,0.276584,1.96007,0.640428,421.906,50,10,-1048576,-7050,0.00181256,55.8988,0.363161,0.00671426,0.00824613,0.0,83.7908,0.0720505,57.5626,2.67008,636.89,0.233511,0.0845998,0.210186,0.114707,14.1502,6.44289,0.21139
sweep,100033,1.12451,34.3441,0.670349,4.66067,0.793582,0.209215,0.146158,2.39901,182.028,0.130536,46.4958,0.0674177,0.35104,2.88512,0.663579,233.174,50,10,-1048576,-7050,0.00377931,198.339,0.0845932,-0.0147096,0.00761562,0.0,47.8428,0.0945568,30.3971,0.223558,243.339,0.464693,0.0219965,0.236053,0.233748,7.70354,28.4502,0.238103
sweep,100034,0.944847,20.8915,0.740108,2.61666,0.0874649,0.0803762,0.13952,3.74289,132.527,0.150018,38.4068,0.0587032,0.0874309,2.53694,1.01507,171.345,50,10,-1048576,-7050,0.00465083,52.7701,0.195689,0.0191068,0.00383903,0.0,181.142,0.0335194,29.4582,2.50057,751.35,0.598685,0.0310395,0.174368,0.19899,11.7469,17.713,0.145117
sweep,100035,0.766505,35.1204,0.512171,3.68232,0.269891,0.405084,0.199299,3.26233,177.772,0.0909248,41.9078,0.0786042,0.370283,1.35,0.726131,438.531,50,10,-1048576,-7050,0.00355939,68.9397,0.30171,-0.00383002,0.00154225,0.0,96.5989,0.0262919,52.9776,2.40057,714.764,0.31527,0.0606641,0.335395,0.124928,20.3939,4.92347,0.201443
sweep,100036,1.16617,35.6113,0.974842,1.06819,0.240113,0.28809,0.264396,1.12492,223.601,0.0500631,54.1462,0.0239896,0.358629,2.72132,0.875968,195.526,50,10,-1048576,-7050,0.0024559,212.869,0.115952,0.00475399,0.00598309,0.0,141.003,0.00617193,55.2297,0.963633,510.199,0.152535,0.0391999,0.243891,0.248723,26.7721,25.9267,0.564018
sweep,100037,0.922934,18.5341,0.356046,1.62147,0.13155,0.480207,0.26562,1.6898,78.6037,0.15181,29.0432,0.135012,0.59383,1.71125,0.669886,254.753,50,10,-1048576,-7050,8.14224e-05,20.5367,0.400261,-0.0126832,0.0078578,0.0,194.492,0.0436233,64.9993,2.30714,1010.06,0.136164,0.0349784,0.495773,0.186565,26.1736,9.66759,0.558516
sweep,100038,1.21809,26.9126,0.585156,3.38082,1.35971,0.215988,0.264692,3.17701,292.043,0.0490512,66.6714,0.0940678,0.839684,1.51071,1.32083,488.5,50,10,-1048576,-7050,0.00456675,78.8652,0.614248,0.0122537,0.00115375,0.0,135.371,0.0486736,75.6588,1.46958,34.6822,0.33319,0.0575773,0.472574,0.0579412,14.4458,20.9179,0.364405
sweep,100039,1.08614,39.4338,0.374068,5.61101,1.00215,0.333773,0.0969142,4.43138,241.401,0.142944,32.8499,0.0310755,0.430084,1.84663,1.11709,297.198,50,10,-1048576,-7050,0.00226855,217.289,0.783023,-0.00372079,0.00316513,0.0,179.638,0.048465,49.0386,0.226779,762.485,0.278881,0.0973933,0.428755,0.112037,26.3816,4.25133,0.217569
sweep,100040,0.788627,26.3423,0.760431,2.86182,0.992386,0.112465,0.0546291,1.58499,52.7227,0.0321203,88.7311,0.161725,0.991155,2.42462,1.32796,461.818,50,10,-1048576,-7050,0.00132745,80.8051,0.88969,-0.0120065,0.00753531,0.0,34.6186,0.0859242,7.36531,2.83308,168.9,0.238965,0.0715541,0.590302,0.0584108,26.3565,2.02912,0.587014
sweep,100041,1.26126,19.5416,0.463978,5.26234,0.012959,0.493882,0.255984,4.799,66.0091,0.0317146,89.3618,0.151613,0.136032,1.03886,1.1985,302.265,50,10,-1048576,-7050,0.00450366,49.8366,0.0944176,-0.0135328,0.00879977,0.0,86.8757,0.090012,25.1112,0.0481964,965.351,0.556034,0.0104148,0.144026,0.285705,13.5757,3.94265,0.264156
sweep,100042,1.08699,24.4684,0.217327,5.15585,1.0745,0.163757,0.087871,2.86971,257.891,0.17378,23.2892,0.116651,0.746873,1.24102,0.71319,257.601,50,10,-1048576,-7050,0.000646229,277.021,0.198607,-0.0122497,0.00843022,0.0,22.4914,0.0127033,53.0261,0.446652,298.031,0.532942,0.0529718,0.137429,0.241455,11.4503,16.2582,0.212927
sweep,100043,0.827042,22.6832,0.178149,5.11455,0.881074,0.296532,0.103179,1.56876,72.9671,0.120552,59.163,0.0296684,0.720855,2.35737,0.965011,101.609,50,10,-1048576,-7050,0.00402213,112.254,0.25865,-0.0131495,0.00468056,0.0,63.1403,0.0449251,55.0103,0.181841,432.835,0.367296,0.0840719,0.177621,0.228616,9.92756,3.39982,0.270177
sweep,100044,0.891617,29.8449,0.0171108,4.34191,1.09979,0.243704,0.268835,1.37581,72.4252,0.193057,87.3109,0.147895,0.190732,2.18507,1.31743,372.69,50,10,-1048576,-7050,0.00217736,128.834,0.691714,-0.0160284,0.00845743,0.0,28.2275,0.0649757,79.2912,1.84465,109.827,0.135397,0.0330291,0.157508,0.0682946,8.78305,7.54425,0.0681063
sweep,100045,1.26177,18.096,0.281714,2.32348,0.126134,0.123627,0.0506175,0.52319,42.5723,0.0747129,83.7521,0.033592,0.839775,1.87999,1.47894,498.286,50,10,-1048576,-7050,0.000222414,225.574,0.977957,0.0194191,0.00276723,0.0,21.0471,0.0273832,73.0449,2.58241,278.817,0.328976,0.0852711,0.468676,0.166481,12.8502,8.44263,0.301529
sweep,100046,0.894622,23.4896,0.809172,3.86016,0.40763,0.149653,0.0722567,3.14395,103.871,0.119364,49.604,0.0354239,0.562799,1.33332,1.25705,362.748,50,10,-1048576,-7050,0.00200034,191.091,0.928768,0.00733563,0.00337232,0.0,53.6593,0.0212281,61.3716,1.16844,201.75,0.412861,0.00577943,0.561223,0.0500036,20.8952,7.57074,0.425767
sweep,100047,1.29995,36.293,0.996753,2.24789,1.41878,0.119908,0.107828,0.0495265,265.537,0.163764,87.2033,0.0763473,0.88996,2.57377,1.30291,103.163,50,10,-1048576,-7050,0.000451728,36.5459,0.250598,0.00574655,0.00474438,0.0,17.382,0.0328568,46.3178,2.48254,1169.0,0.179551,0.0922074,0.111741,0.272162,14.26,20.66,0.380517
sweep,100048,0.779284,23.1355,0.744975,2.17503,0.0427367,0.0908764,0.272692,1.5564,279.456,0.129317,97.3336,0.0267712,0.130632,2.44861,0.849151,216.279,50,10,-1048576,-7050,0.00107642,13.7931,0.201413,-0.0156507,0.00265178,0.0,57.509,0.0917874,70.6155,1.76463,762.125,0.249228,0.0978683,0.548501,0.279477,9.61252,10.446,0.578265
sweep,100049,0.834713,25.4268,0.557621,1.23106,0.482687,0.34701,0.129578,0.214406,146.329,0.169893,79.0286,0.0658121,0.209532,1.65504,1.30823,382.493,50,10,-1048576,-7050,0.00298568,226.099,0.116436,-0.0139082,0.00889181,0.0,89.9246,0.0740968,30.2048,0.312861,675.353,0.154991,0.0362811,0.466449,0.270624,21.8175,11.3596,0.510819
sweep,100050,1.22159,35.4858,0.269459,5.53091,1.03629,0.0712918,0.233909,3.67919,180.308,0.128831,76.7482,0.193197,0.250936,2.62269,1.15457,128.328,50,10,-1048576,-7050,0.00324684,273.283,0.44034,-0.0117806,0.000160159,0.0,199.99,0.0515566,37.5738,1.04203,507.836,0.367439,0.0102309,0.528579,0.291185,24.4218,27.3832,0.528909
sweep,100051,0.842637,31.4595,0.636348,1.82868,1.04473,0.402097,0.285054,0.513158,128.99,0.123773,22.9867,0.127195,0.280773,1.52677,0.972102,495.627,50,10,-1048576,-7050,0.00249509,195.661,0.567569,0.0097521,0.00395939,0.0,180.691,0.0472179,29.5023,0.814272,550.3,0.492636,0.0743119,0.217271,0.243718,10.5011,9.14547,0.579359
sweep,100052,1.00608,37.5294,0.338773,2.10933,1.4357,0.387788,0.266247,2.3394,118.259,0.113492,33.0566,0.0917668,0.414794,1.43967,0.512543,531.496,50,10,-1048576,-7050,0.00317128,116.95,0.24051,-0.0136067,0.00678976,0.0,12.2426,0.0929763,48.3795,1.18016,335.036,0.291481,0.0127711,0.211263,0.196235,16.6545,3.15637,0.59782
sweep,100053,0.705896,22.5465,0.75271,3.19398,0.322143,0.179739,0.165153,3.06174,229.125,0.0235193,8.27971,0.19538,0.346704,2.81006,1.15811,236.031,50,10,-1048576,-7050,0.00145943,101.646,0.829281,-0.0134029,0.00668412,0.0,78.0042,0.066153,13.8653,1.24051,21.7667,0.227739,0.0172923,0.308459,0.156901,14.0318,18.848,0.313358
sweep,100054,1.25769,31.2555,0.916711,1.21927,0.195081,0.272985,0.0562456,4.22919,179.264,0.072938,64.758,0.182231,0.532991,1.053,1.30757,301.883,50,10,-1048576,-7050,0.000488599,78.0614,0.923807,-0.0178296,0.00818587,0.0,111.124,0.03734,25.513,2.34553,483.762,0.167741,0.0400995,0.213263,0.0680524,21.5593,24.1386,0.175491
sweep,100055,1.10928,33.6175,0.0331506,4.29369,0.0390681,0.233909,0.182031,3.70091,254.253,0.139738,19.7298,0.0607747,0.0535247,1.70443,1.21004,274.385,50,10,-1048576,-7050,0.000525189,59.0087,0.508643,-0.00939089,0.00976998,0.0,125.74,0.0855862,53.8775,0.79431,389.908,0.591716,0.0116367,0.0702906,0.118953,17.5992,3.69157,0.243147
sweep,100056,1.18175,33.2362,0.268799,5.91739,1.09357,0.174073,0.0552114,4.23735,261.124,0.143382,43.4306,0.151895,0.483059,1.91165,1.08333,186.881,50,10,-1048576,-7050,5.97009e-05,107.219,0.753473,-0.0145613,0.00981086,0.0,77.7022,0.0796778,5.89017,0.810019,524.666,0.362316,0.098661,0.52489,0.156992,15.9492,15.9598,0.464797
sweep,100057,0.88706,30.778,0.238641,2.59044,1.01393,0.278877,0.193428,0.383847,274.14,0.183228,99.2421,0.0902806,0.656524,1.21399,0.911695,146.786,50,10,-1048576,-7050,0.000258434,52.9837,0.262944,-0.0181022,0.00108887,0.0,9.37003,0.00799135,49.3005,0.867593,1113.66,0.249661,0.0855069,0.385451,0.270611,26.588,13.4675,0.0832526
sweep,100058,1.20892,22.5136,0.227875,4.61492,0.612897,0.37162,0.0582716,2.97717,258.016,0.115675,57.487,0.123251,0.438325,1.45666,1.47339,297.496,50,10,-1048576,-7050,0.00361718,110.047,0.785318,-0.0153036,0.000261232,0.0,39.7467,0.0221334,78.8346,0.279864,861.916,0.587047,0.0674175,0.367698,0.215161,27.1597,4.70763,0.556391
sweep,100059,1.15472,39.989,0.493774,5.4453,0.581779,0.3691,0.236438,0.16046,159.899,0.192401,94.0371,0.02063,0.723449,2.84283,1.39334,504.409,50,10,-1048576,-7050,0.000597056,68.1315,0.551688,-0.0128161,0.00877717,0.0,170.151,0.0272925,12.7723,1.89915,1087.23,0.529611,0.0368371,0.262176,0.148331,17.3656,20.8914,0.564802
sweep,100060,1.12714,37.2171,0.222054,4.69978,0.547253,0.0637831,0.0911133,4.46054,277.763,0.0572301,25.3989,0.186459,0.580029,2.06578,0.862659,381.218,50,10,-1048576,-7050,0.00363513,166.772,0.513353,-0.00418672,0.00116835,0.0,103.325,0.0854217,70.321,0.731387,46.5063,0.351592,0.0800717,0.561175,0.0771053,5.25096,27.1507,0.304083
sweep,100061,1.17241,34.1076,0.643968,3.91692,1.43447,0.365922,0.186566,3.83794,229.118,0.133586,76.2351,0.189297,0.196182,2.93157,0.789083,233.653,50,10,-1048576,-7050,0.000492213,52.146,0.537639,0.00462293,0.000126305,0.0,30.504,0.045204,38.1403,0.222914,7.59328,0.592395,0.0245652,0.324607,0.121952,20.2072,18.8409,0.565304
sweep,100062,0.791007,39.7627,0.504765,2.42273,0.706028,0.0284401,0.110506,0.109423,163.755,0.121708,94.4175,0.0519317,0.66751,2.64646,0.774883,305.604,50,10,-1048576,-7050,0.000324948,262.815,0.314391,-0.0149413,0.000797013,0.0,144.599,0.0933653,47.6054,2.25504,948.16,0.369492,0.093296,0.447504,0.168562,13.3118,5.24985,0.109775
sweep,100063,0.839865,34.2062,0.221024,4.44893,0.240854,0.498232,0.258758,4.32261,264.902,0.104147,80.2246,0.100882,0.382421,2.87317,0.919995,234.131,50,10,-1048576,-7050,0.00246091,286.451,0.356248,-0.000735094,0.00922637,0.0,148.732,0.0808656,48.6637,2.51891,1001.11,0.336291,0.0892392,0.211027,0.23462,13.4635,12.4886,0.567045
sweep,100064,1.23808,25.098,0.530978,2.00192,1.22242,0.366821,0.0608322,1.50804,205.997,0.0893073,51.3896,0.178271,0.847117,1.33408,1.05555,175.858,50,10,-1048576,-7050,0.00473899,130.311,0.0983804,0.015935,0.00858534,0.0,109.874,0.092617,37.3732,1.8171,549.624,0.401588,0.0732707,0.161474,0.132663,9.23536,28.4856,0.145528
sweep,100065,0.952744,39.9661,0.259971,5.51848,1.22402,0.359567,0.0215636,1.94881,86.2095,0.171238,35.4778,0.136033,0.138348,2.03108,0.936647,196.317,50,10,-1048576,-7050,0.00427422,117.898,0.165661,0.00673159,0.00466881,0.0,132.553,0.0819815,53.2469,0.508005,947.087,0.468482,0.0214793,0.0962483,0.192952,20.5777,8.25348,0.249261
sweep,100066,0.831883,32.8168,0.391514,5.20777,1.17708,0.407973,0.260428,1.28548,228.214,0.0524084,29.7098,0.0314822,0.433623,2.1844,1.0212,321.365,50,10,-1048576,-7050,3.91566e-05,70.5718,0.202426,0.00174007,0.00852505,0.0,186.057,0.078417,79.0858,2.23251,578.996,0.461588,0.0912973,0.0998359,0.292607,6.4566,5.26447,0.207314
sweep,100067,1.1331,31.2225,0.467822,2.34615,1.28248,0.396555,0.185926,1.62645,279.433,0.0519023,23.8334,0.0629486,0.809804,1.07938,0.622998,595.024,50,10,-1048576,-7050,0.00028403,212.223,0.233957,0.00238328,0.00844341,0.0,177.22,0.0135001,79.1833,0.377243,106.691,0.200291,0.062122,0.29939,0.188438,4.28698,23.9805,0.444024
sweep,100068,1.11613,39.8726,0.795538,1.1587,1.01327,0.340338,0.288504,4.80321,290.168,0.0923131,21.8552,0.0026558,0.516499,1.36678,1.04259,490.494,50,10,-1048576,-7050,0.00271932,111.408,0.768876,-0.0112962,0.00562022,0.0,123.148,0.0503086,33.004,1.17831,290.341,0.102808,0.0975606,0.444857,0.129724,9.03157,14.8516,0.0793588
sweep,100069,1.0691,38.157,0.576143,4.19379,0.623758,0.309923,0.0926155,4.21591,222.677,0.0439013,91.0887,0.116411,0.649834,1.87506,1.46985,133.946,50,10,-1048576,-7050,0.00137474,174.699,0.150695,0.00594363,0.00628436,0.0,10.9698,0.0547749,75.234,0.0923732,1001.64,0.114633,0.00627233,0.0972904,0.0907991,4.40353,26.9651,0.203781
sweep,100070,0.886688,25.1529,0.967753,3.35488,1.23701,0.309203,0.0689623,3.72614,263.46,0.17691,40.9646,0.0676197,0.711854,2.16662,1.1141,443.27,50,10,-1048576,-7050,0.00286348,250.107,0.134029,0.000674344,0.00340304,0.0,78.699,0.02922,45.1762,2.66975,649.451,0.574861,0.0196595,0.468752,0.0855585,13.9179,28.7179,0.520786
sweep,100071,1.27581,28.3095,0.937635,2.7904,0.818705,0.154667,0.253731,3.81005,32.8178,0.104631,13.6198,0.187264,0.990049,1.12857,0.989931,268.197,50,10,-1048576,-7050,0.00323469,20.6786,0.756221,0.00622545,0.00380676,0.0,40.2749,0.0961667,44.3158,2.1913,181.706,0.474178,0.0861661,0.477349,0.26449,29.114,13.3783,0.126472
sweep,100072,0.838401,30.7219,0.877839,4.1485,0.0456776,0.410315,0.290674,3.04559,30.9565,0.0501996,88.2076,0.0307734,0.468416,1.36941,1.44569,504.917,50,10,-1048576,-7050,0.000702918,242.391,0.169005,0.00500161,0.00089704,0.0,196.474,0.0497277,22.3202,1.69947,427.444,0.263197,0.0273234,0.576379,0.0434188,17.7434,18.6011,0.093382
sweep,100073,0.806262,20.5551,0.220144,1.84582,0.268441,0.482274,0.0852799,2.23283,191.636,0.0250341,36.3928,0.162867,0.0244414,2.07922,0.612795,153.214,50,10,-1048576,-7050,0.00150562,26.2169,0.63009,0.00222766,0.00300566,0.0,193.928,0.0298046,31.8096,1.75042,746.427,0.288837,0.0810532,0.496566,0.206967,5.78697,27.1805,0.498046
sweep,100074,1.11038,26.2859,0.38674,3.2232,0.0225424,0.141107,0.236794,3.03288,133.063,0.199904,57.7873,0.129313,0.897535,1.92071,1.44873,365.786,50,10,-1048576,-7050,0.00438422,202.845,0.468603,-0.00786502,0.000528249,0.0,18.6859,0.0196714,65.4667,0.710555,19.1209,0.117795,0.0913126,0.316885,0.121221,20.7986,19.1475,0.49398
sweep,100075,1.16878,35.9578,0.658054,1.38317,0.412497,0.114618,0.272356,1.99651,134.479,0.186288,18.1163,0.0503472,0.241043,1.09089,1.28022,262.569,50,10,-1048576,-7050,0.00462596,107.142,0.314259,-0.00807786,0.00464139,0.0,108.139,0.0808334,59.4716,0.335133,143.018,0.487014,0.092038,0.565404,0.241163,14.3436,27.0855,0.292855
sweep,100076,1.07735,28.3736,0.411977,1.99109,0.474832,0.494088,0.162453,1.86177,158.491,0.0843377,86.4127,0.185782,0.42392,2.31556,0.794447,597.656,50,10,-1048576,-7050,0.00135514,153.997,0.577079,-0.00368978,0.00304492,0.0,50.2418,0.0705203,47.6141,2.39522,779.909,0.511844,0.00720104,0.556915,0.0660085,16.2302,25.5759,0.455183
sweep,100077,0.763348,22.9583,0.977673,1.99747,1.30762,0.0441894,0.123496,4.32729,94.6185,0.199578,97.3409,0.00141587,0.543621,1.97417,1.25302,171.598,50,10,-1048576,-7050,0.00446666,279.819,0.943049,0.00153243,0.0011691,0.0,15.0978,0.0483412,57.166,0.793943,736.4,0.266407,0.0474797,0.159365,0.239205,24.4353,25.988,0.520043
sweep,100078,0.938088,31.8366,0.470673,3.80945,1.48592,0.159076,0.163865,1.965,232.647,0.117216,8.4186,0.104546,0.661788,1.49913,1.45512,340.741,50,10,-1048576,-7050,0.00351643,239.595,0.392344,0.0115945,0.00840978,0.0,146.225,0.0201523,10.9635,0.876028,586.107,0.42322,0.0774733,0.48805,0.135215,13.0511,15.9642,0.283132
sweep,100079,1.2782,32.2046,0.998393,2.1853,0.752797,0.156272,0.207309,0.739885,108.265,0.115667,13.093,0.113557,0.770331,2.0763,0.88701,175.475,50,10,-1048576,-7050,0.00453649,83.2918,0.909805,0.013536,0.00373831,0.0,37.563,0.0407332,52.2624,0.0732932,726.341,0.29417,0.089001,0.238007,0.128547,19.024,20.3855,0.53691
sweep,100080,0.71412,22.9688,0.242261,3.15129,0.282549,0.10938,0.0612065,3.98088,165.977,0.0857306,69.7911,0.161523,0.729956,1.24813,1.17142,546.465,50,10,-1048576,-7050,0.00319159,155.105,0.897103,0.00321391,0.00843374,0.0,37.9805,0.0857757,50.048,0.579205,1065.26,0.347455,0.0462528,0.519892,0.176235,21.1346,2.72452,0.296461
sweep,100081,1.17197,32.5849,0.431164,4.49579,0.0287388,0.069172,0.150029,3.21955,204.162,0.0900296,5.70783,0.00136349,0.600529,1.35934,1.16937,507.942,50,10,-1048576,-7050,2.67782e-05,20.8579,0.624492,0.0112087,0.00195414,0.0,178.699,0.0667924,53.8653,2.84168,805.41,0.40429,0.0878024,0.322594,0.257071,29.1676,27.8267,0.545212
sweep,100082,0.827,21.8913,0.520785,1.02461,0.343859,0.332878,0.258482,0.806185,162.071,0.0668955,49.3679,0.145331,0.530562,1.40411,0.659728,219.695,50,10,-1048576,-7050,0.00474138,213.039,0.643174,-0.0105802,0.00778805,0.0,10.6156,0.0912124,26.6444,2.63197,151.437,0.298782,0.0981754,0.337731,0.127423,6.11303,28.3807,0.26868
sweep,100083,0.984833,27.9418,0.185971,5.52177,0.732282,0.393613,0.233901,3.96332,241.988,0.19781,82.9514,0.000482352,0.234586,2.99333,0.716788,491.582,50,10,-1048576,-7050,0.00428743,140.69,0.884771,-0.00849372,0.00188994,0.0,59.6115,0.0314056,13.3119,1.28192,544.268,0.377373,0.0696152,0.38813,0.0305213,7.52512,19.9142,0.510931
sweep,100084,0.850245,37.0788,0.410553,3.67236,1.23719,0.211153,0.111712,0.847615,180.413,0.138877,87.3645,0.149155,0.0408623,1.95847,1.4397,488.945,50,10,-1048576,-7050,0.00401599,167.427,0.144353,0.0116103,0.00560051,0.0,7.33014,0.0716061,28.7289,1.90164,845.899,0.32593,0.0187317,0.476461,0.123592,12.1921,3.02525,0.519635
sweep,100085,0.867811,21.0105,0.729353,5.74204,0.821172,0.375411,0.2894,3.45708,51.0833,0.0393219,28.6986,0.185309,0.411606,2.11239,1.13086,340.518,50,10,-1048576,-7050,0.00376663,165.335,0.479507,-0.0122335,0.00409659,0.0,85.383,0.0849802,67.8289,1.01749,163.516,0.5364,0.0914405,0.508525,0.0993566,28.6721,15.4553,0.552502
sweep,100086,0.711134,23.1554,0.771791,2.90461,0.794958,0.150685,0.0663789,4.74061,83.4925,0.059495,35.4573,0.0924925,0.452319,2.25674,1.00658,523.252,50,10,-1048576,-7050,0.00073453,290.785,0.611776,-0.000281377,0.00849658,0.0,45.4445,0.0334389,5.66135,2.23429,808.775,0.412934,0.0663948,0.587726,0.25869,29.4507,3.27311,0.25533
sweep,100087,0.844056,32.336,0.0339063,2.05753,0.219176,0.348077,0.145022,4.06203,280.527,0.0538788,93.7293,0.084222,0.800682,2.13315,1.2027,162.861,50,10,-1048576,-7050,0.0049627,133.555,0.456596,-0.015914,0.00891072,0.0,187.102,0.0083762,12.7525,0.673678,608.797,0.456373,0.079896,0.55599,0.210621,26.3843,15.285,0.203009
sweep,100088,0.821141,19.7847,0.763153,5.84037,0.476002,0.308361,0.240924,2.68454,131.682,0.156568,35.1172,0.0924875,0.0371795,2.2643,0.926028,488.51,50,10,-1048576,-7050,0.00116416,83.9752,0.485424,0.00156703,0.0094477,0.0,47.7331,0.0731026,72.6358,1.63021,851.409,0.288909,0.0492093,0.174056,0.0440772,21.2877,20.8926,0.194678
sweep,100089,1.01305,37.1919,0.232979,1.65583,1.25019,0.0861312,0.207165,3.2509,120.361,0.0967887,60.8458,0.0950932,0.158547,1.11791,0.709711,176.313,50,10,-1048576,-7050,0.00414495,64.5003,0.28712,-0.00187612,0.00039628,0.0,197.663,0.0752903,63.21,0.663325,690.798,0.421119,0.0626528,0.438235,0.21836,7.22348,25.1317,0.116283
sweep,100090,0.809132,33.4233,0.747367,5.66072,1.19268,0.405069,0.231177,4.99127,46.3987,0.0887866,59.6767,0.0490927,0.375561,1.81373,1.2,373.817,50,10,-1048576,-7050,0.000559477,33.15,0.767224,-0.00070621,0.00126069,0.0,173.952,0.0140278,34.6248,2.00857,179.818,0.356766,0.04646,0.26137,0.277314,2.39989,7.35853,0.19291
sweep,100091,0.964775,37.2037,0.40445,2.89958,1.40669,0.0449601,0.105246,3.34788,136.917,0.126365,88.6704,0.0486826,0.523893,1.22315,0.568247,169.254,50,10,-1048576,-7050,0.000328455,281.852,0.971395,-0.0175432,0.00576795,0.0,80.8969,0.0521597,28.1966,1.33143,1000.24,0.516612,0.0206903,0.508198,0.110943,15.1567,7.77918,0.099132
sweep,100092,0.919639,33.2853,0.785954,5.45709,0.104794,0.106549,0.010679,1.04,51.7696,0.116396,23.94,0.188363,0.335772,1.51825,1.31613,532.657,50,10,-1048576,-7050,0.00368947,60.7024,0.477796,-0.00998571,0.00471877,0.0,146.066,0.0479922,55.0664,2.05148,390.677,0.588595,0.00611341,0.38551,0.200332,3.4707,4.08884,0.315396
sweep,100093,0.96973,36.8673,0.868777,1.16777,0.038862,0.243509,0.204216,1.34365,220.717,0.184461,26.9836,0.115292,0.795276,1.01905,1.44643,545.018,50,10,-1048576,-7050,0.00338702,6.53659,0.469954,0.00134673,0.00232999,0.0,122.963,0.0395875,53.8641,1.57072,613.121,0.271186,0.0916586,0.591278,0.200359,26.0,14.1652,0.136461
sweep,100094,1.17335,27.054,0.799285,1.65723,0.186968,0.144898,0.0854417,0.410885,96.421,0.161557,47.3456,0.0447781,0.800495,2.13855,0.987255,564.147,50,10,-1048576,-7050,0.0009013,180.347,0.999451,0.00549301,0.00224579,0.0,111.231,0.0810432,47.4791,1.67756,86.5357,0.585602,0.0680959,0.188911,0.270374,19.8984,9.77123,0.197783
sweep,100095,1.16317,26.9021,0.686474,5.34988,1.40836,0.183244,0.0287807,4.21332,108.343,0.0698508,95.2517,0.142173,0.70742,1.23281,1.34159,526.478,50,10,-1048576,-7050,0.00132423,5.44459,0.240887,0.0171386,0.00359457,0.0,146.489,0.0858705,54.7124,2.30384,999.995,0.222023,0.0940038,0.111632,0.104391,2.2308,7.43808,0.333442
sweep,100096,0.741757,32.0688,0.571429,5.91127,0.862075,0.433961,0.00114656,2.27346,299.55,0.134736,75.2847,0.134922,0.747887,1.71619,1.14179,272.404,50,10,-1048576,-7050,0.00229078,32.509,0.152646,-0.00331483,0.00970355,0.0,124.377,0.0107656,67.5454,0.990739,93.6283,0.409192,0.0609274,0.390557,0.15475,21.3256,9.98174,0.116565
sweep,100097,1.19003,38.9921,0.780071,3.29655,0.491091,0.376626,0.202186,0.473778,130.371,0.177269,71.3096,0.0375776,0.668246,1.92788,0.986335,576.874,50,10,-1048576,-7050,0.00244947,80.2507,0.342769,0.00945376,0.00729009,0.0,54.251,0.0166079,5.53019,0.302426,1003.51,0.13476,0.0801301,0.557909,0.182565,16.5405,5.39496,0.328564
sweep,100098,0.824687,18.4987,0.277079,1.70142,0.357558,0.0201162,0.0401095,4.09012,106.737,0.142656,73.4302,0.147859,0.811114,1.07291,1.03042,464.902,50,10,-1048576,-7050,0.0022208,120.677,0.400427,-0.00137797,0.00538303,0.0,92.0544,0.0109231,7.36518,1.53182,436.109,0.525695,0.0650153,0.189447,0.156027,7.8533,18.0201,0.0561645
sweep,100099,1.17087,20.8837,0.573502,4.84332,1.44132,0.304668,0.185558,1.74675,33.0005,0.0522454,62.7349,0.181411,0.395962,1.02794,0.828993,344.537,50,10,-1048576,-7050,0.00255876,176.665,0.57314,0.000123635,0.00162288,0.0,141.411,0.0461677,78.24,0.975168,735.207,0.313745,0.0570454,0.380457,0.255549,15.2423,9.87805,0.225091
sweep,100100,1.20071,25.2367,0.192828,1.59121,0.640635,0.124753,0.0516466,2.39625,166.673,0.138807,53.3231,0.0423525,0.630471,2.8801,1.49896,526.104,50,10,-1048576,-7050,0.00381665,103.485,0.584616,0.00641624,0.00149251,0.0,119.388,0.04975,32.3355,0.0726991,484.331,0.10298,0.0472698,0.0931058,0.0553541,27.092,2.17459,0.322487
sweep,100101,1.1417,27.2369,0.374327,5.91065,1.30822,0.123896,0.128025,4.47907,294.155,0.19563,25.5946,0.18532,0.87892,1.35072,0.712673,186.37,50,10,-1048576,-7050,0.00407389,229.906,0.108217,-0.0156308,0.00767726,0.0,98.1187,0.0555826,40.9879,2.35667,383.677,0.535862,0.05979,0.0874062,0.050662,6.56154,10.2993,0.174267
sweep,100102,0.723269,38.762,0.959284,5.60732,1.27695,0.422249,0.267438,3.74292,34.9567,0.118711,56.4518,0.109394,0.864347,2.11087,0.811721,328.179,50,10,-1048576,-7050,0.00237597,242.952,0.457805,-0.0041303,0.00775942,0.0,114.513,0.0802775,15.7139,1.19831,618.16,0.17184,0.0959953,0.0617766,0.0677057,13.5791,21.2839,0.173566
sweep,100103,1.24731,25.8338,0.0295594,2.41699,1.42146,0.201673,0.0272585,4.20743,186.838,0.143906,92.2127,0.119495,0.671795,1.43415,1.4159,137.915,50,10,-1048576,-7050,0.000715456,89.9844,0.625965,0.000413423,0.00360385,0.0,73.3957,0.0554582,70.2519,2.97073,1046.05,0.353805,0.0865678,0.0554817,0.146741,26.7513,4.36827,0.180644
sweep,100104,1.22923,28.9164,0.352067,5.0686,0.642907,0.402854,0.0100217,1.13136,219.593,0.0949897,72.8433,0.0270946,0.463385,2.82907,0.958443,566.139,50,10,-1048576,-7050,0.00342444,145.955,0.239523,0.00401768,0.00773911,0.0,137.919,0.0636783,29.6468,2.74831,307.798,0.562297,0.0145388,0.1634,0.162533,9.03299,6.25247,0.509128
sweep,100105,0.79988,31.0526,0.873977,4.98407,0.736984,0.121006,0.0470518,0.214531,264.883,0.0386609,57.5467,0.0896169,0.222081,2.67485,1.2083,268.554,50,10,-1048576,-7050,0.00295892,127.053,0.739722,0.00759251,0.00835471,0.0,74.6535,0.0650035,47.9076,2.03119,852.698,0.579774,0.0315661,0.445604,0.262265,21.2317,25.4207,0.246166
sweep,100106,1.09022,24.7196,0.490152,1.92273,0.196058,0.279701,0.178635,2.85202,97.0181,0.0496183,98.1827,0.0996892,0.683863,2.35331,0.675999,526.244,50,10,-1048576,-7050,0.00226579,14.701,0.0958098,0.0052213,0.0071234,0.0,127.748,0.084682,68.4485,0.0951306,825.872,0.151479,0.060891,0.273231,0.277737,2.29062,13.2732,0.156362
sweep,100107,1.01615,36.3032,0.902942,3.2234,0.180164,0.350338,0.247292,1.94129,179.916,0.15824,41.6097,0.170328,0.938981,2.93324,0.641118,100.728,50,10,-1048576,-7050,0.00382321,95.2521,0.0580712,0.0137467,0.00260145,0.0,99.5279,0.089717,22.8508,0.0740004,209.717,0.509833,0.0658238,0.161101,0.209762,20.4661,12.1751,0.133612
sweep,100108,1.26524,20.3005,0.567141,3.6386,1.06736,0.19598,0.060913,2.56898,70.6606,0.173493,60.9742,0.0884445,0.686904,2.8952,0.800658,537.51,50,10,-1048576,-7050,0.000407843,234.523,0.147844,-0.00449775,0.00147081,0.0,108.65,0.0159216,66.9815,2.53183,1122.75,0.103016,0.070883,0.153675,0.209576,28.3778,5.24181,0.363252
sweep,100109,1.00066,36.6721,0.382139,5.18249,0.20847,0.424532,0.292179,3.71059,147.601,0.0530101,78.2694,0.111795,0.23149,1.74993,0.715377,108.873,50,10,-1048576,-7050,0.00182227,188.891,0.170315,-0.00827175,0.00352794,0.0,12.3389,0.0153448,17.3018,2.0926,914.124,0.246027,0.0468037,0.269494,0.27619,14.0444,10.8912,0.371686
sweep,100110,1.10036,33.0044,0.459353,2.62838,1.37139,0.247275,0.133722,1.29477,164.525,0.0414698,63.7758,0.165259,0.252361,2.42235,1.22476,258.979,50,10,-1048576,-7050,0.00325245,198.518,0.232412,0.00481373,0.00638565,0.0,128.561,0.0481147,21.9529,2.52746,68.5382,0.245799,0.00946141,0.27178,0.0848374,8.84507,22.0012,0.322788
sweep,100111,1.2163,24.5041,0.438482,2.0668,1.11592,0.0621397,0.260144,4.43944,45.9199,0.19769,25.7551,0.153145,0.0250387,2.28306,0.977247,282.306,50,10,-1048576,-7050,0.00428916,193.513,0.909641,-0.0095393,0.00331143,0.0,73.9595,0.0676447,57.1063,0.258831,186.928,0.118555,0.0415042,0.471605,0.294834,6.72697,23.4,0.561689
sweep,100112,1.21186,21.0236,0.802338,4.78091,0.625798,0.201748,0.12541,2.87629,68.7705,0.121498,81.1875,0.172513,0.708366,1.59872,0.883413,364.77,50,10,-1048576,-7050,0.00180343,21.2374,0.671483,0.00532342,0.0014572,0.0,161.705,0.0753769,59.1254,0.204058,156.711,0.291163,0.0855825,0.377864,0.156113,6.43015,17.2753,0.477176
sweep,100113,1.11044,32.7209,0.564143,5.39297,0.614904,0.398175,0.0227532,1.13301,39.1226,0.150766,94.53,0.172608,0.817846,2.92637,1.4724,224.234,50,10,-1048576,-7050,0.000383713,235.553,0.644275,0.00495138,0.00266883,0.0,128.573,0.0338497,6.63945,2.8622,408.333,0.143309,0.0546013,0.246351,0.0495447,16.1078,8.06319,0.0702737
sweep,100114,1.26948,29.4331,0.736209,1.34768,0.414397,0.333335,0.0658026,2.49624,35.2816,0.0351436,75.8879,0.0779926,0.123873,1.66847,0.870696,389.225,50,10,-1048576,-7050,0.00118185,6.62995,0.881554,0.013129,0.00265156,0.0,77.8777,0.0905117,49.6829,0.261033,870.068,0.343319,0.0936945,0.151936,0.185108,11.1748,21.0253,0.344447
sweep,100115,1.2446,22.2187,0.351047,4.72491,1.29469,0.16783,0.195396,0.43986,213.05,0.0676251,84.1508,0.123916,0.655392,1.6773,0.816668,339.776,50,10,-1048576,-7050,0.00169349,281.611,0.274893,0.006219,0.00274002,0.0,24.2393,0.0724379,58.1221,2.73875,937.365,0.441119,0.0465393,0.381953,0.16743,27.754,27.052,0.479826
sweep,100116,1.14545,20.294,0.327579,4.37455,0.958826,0.118404,0.0687399,2.02284,113.823,0.18073,44.9604,0.0648244,0.273555,1.37632,1.16992,443.772,50,10,-1048576,-7050,0.00434198,262.187,0.770731,-0.0199902,0.00871361,0.0,122.214,0.0709678,30.9511,2.85008,1058.42,0.515632,0.0610957,0.257337,0.0526232,3.68634,2.31434,0.35888
sweep,100117,1.13971,20.083,0.113795,4.78096,1.13787,0.193581,0.193417,1.83753,184.21,0.0627402,20.1993,0.0535421,0.969775,2.83691,1.29631,229.739,50,10,-1048576,-7050,0.00284336,222.684,0.894153,-0.0165169,0.000571268,0.0,117.012,0.0130904,62.1902,1.46328,998.723,0.589982,0.045261,0.367412,0.0962621,11.2949,24.5208,0.09013
sweep,100118,1.01824,19.4425,0.163933,3.72598,1.00403,0.364523,0.204673,1.97622,91.5454,0.121596,14.7048,0.106872,0.783558,1.62093,1.35816,507.192,50,10,-1048576,-7050,0.00458342,21.4032,0.381695,0.0155453,0.00518532,0.0,21.7861,0.0104062,41.7104,1.99983,655.221,0.291501,0.0226866,0.232327,0.173991,24.8061,8.01903,0.545978
sweep,100119,0.990406,26.8788,0.352094,3.57887,1.13541,0.268459,0.189002,2.22163,71.5802,0.0844158,71.7961,0.0406734,0.924864,2.18541,1.15715,200.416,50,10,-1048576,-7050,0.000778096,87.6275,0.231504,0.00968054,0.00803657,0.0,129.006,0.0953944,55.7636,2.70687,1197.41,0.118648,0.0753624,0.529559,0.262997,13.6801,15.3831,0.572035
sweep,100120,1.06516,20.5416,0.946636,2.50907,1.35363,0.387274,0.242132,2.03643,174.688,0.150935,9.89465,0.00531785,0.0623556,2.64037,1.06356,444.368,50,10,-1048576,-7050,0.00240182,139.326,0.782285,-0.0187499,0.00477916,0.0,122.439,0.0365564,53.1901,1.27235,265.105,0.359349,0.0144702,0.218819,0.229647,10.7346,26.0882,0.315765
sweep,100121,0.868033,33.8159,0.423198,5.13168,1.13657,0.116014,0.126952,3.30867,20.849,0.0818727,93.8552,0.176021,0.473689,1.09157,1.21999,249.483,50,10,-1048576,-7050,0.000428687,93.5652,0.237529,-0.00142694,0.00545953,0.0,116.337,0.0118205,22.5739,0.529938,996.917,0.325176,0.0851884,0.348638,0.0885753,24.0535,17.4509,0.579903
sweep,100122,0.865459,23.5935,0.165295,4.65182,0.578738,0.479855,0.057491,1.65975,87.1191,0.121652,22.3777,0.196563,0.832045,2.21258,0.67297,258.701,50,10,-1048576,-7050,0.00344042,196.098,0.893665,-0.0187962,0.00922356,0.0,58.2227,0.0483729,79.2854,0.762419,979.057,0.467314,0.0141115,0.411532,0.297858,20.2734,9.73738,0.542425
sweep,100123,1.22273,33.9655,0.675841,4.30229,1.4352,0.481221,0.178855,3.34873,256.824,0.0333218,31.8337,0.0823092,0.946352,1.22634,0.619464,524.97,50,10,-1048576,-7050,0.00473501,168.514,0.42048,0.00803323,0.00482218,0.0,114.669,0.00519483,9.08889,0.111934,1046.06,0.435323,0.034275,0.136673,0.168431,22.5145,27.5708,0.127252
sweep,100124,1.20389,30.1454,0.727762,3.76842,0.106406,0.0970581,0.217403,2.84255,196.519,0.199401,50.017,0.0163281,0.238261,2.13147,0.694604,330.62,50,10,-1048576,-7050,0.00498383,65.1831,0.437584,-0.0176332,0.000899619,0.0,83.7896,0.0718922,63.1824,0.470481,965.807,0.111325,0.0552686,0.361199,0.0787985,10.7632,13.9148,0.579841
sweep,100125,0.825102,35.4791,0.855333,5.70012,0.421683,0.47129,0.187343,1.91901,45.1933,0.0773107,44.3062,0.013656,0.497998,1.48573,0.886861,146.657,50,10,-1048576,-7050,0.0035354,63.9494,0.22976,0.0148338,0.00573464,0.0,97.1146,0.0403769,38.7672,0.812864,1149.14,0.11522,0.0103649,0.0519917,0.067386,3.9,25.8951,0.191634
sweep,100126,0.904064,32.4075,0.204516,5.33799,0.642078,0.127353,0.0470434,1.61378,116.176,0.0603319,78.2179,0.167851,0.824596,1.4774,1.1815,148.792,50,10,-1048576,-7050,0.00199037,106.371,0.254367,0.0111111,0.0091922,0.0,29.5627,0.0781972,68.8393,0.930069,877.035,0.257621,0.0319484,0.573055,0.0954205,29.4492,25.1275,0.0845928
sweep,100127,0.70162,32.8695,0.389482,5.5077,1.17167,0.319624,0.247708,2.63231,119.163,0.0262674,65.9829,0.0373776,0.9595,1.74328,1.17238,591.175,50,10,-1048576,-7050,0.00408644,8.4271,0.952739,0.0116867,0.000769406,0.0,17.9825,0.005569,29.1746,2.50661,53.6603,0.101825,0.0962139,0.228549,0.225207,18.4465,14.5603,0.555608
sweep,100128,1.20813,25.928,0.509033,1.52576,1.3088,0.144923,0.192167,0.625115,124.267,0.0695458,58.1407,0.0765428,0.987477,1.26167,1.14921,588.63,50,10,-1048576,-7050,0.00302263,165.768,0.546364,0.0154745,0.00849792,0.0,36.1888,0.0777714,63.365,1.99107,445.746,0.258286,0.0166686,0.395879,0.296384,13.5929,7.49419,0.598091
sweep,100129,0.969963,30.2872,0.0783172,5.59345,1.3097,0.327768,0.0411752,0.69924,108.346,0.0338576,21.375,0.126072,0.434548,1.61386,1.14343,364.845,50,10,-1048576,-7050,0.000363248,92.6477,0.223351,-0.0185765,0.00529124,0.0,129.804,0.0240266,64.8718,2.65908,164.232,0.585241,0.0916416,0.555329,0.142243,5.0719,10.3389,0.197707
sweep,100130,1.14128,22.3126,0.593026,4.55322,0.660867,0.470799,0.181866,0.609489,113.863,0.0459898,27.5631,0.173906,0.804952,1.77843,1.40644,534.97,50,10,-1048576,-7050,0.0026433,19.6679,0.28876,0.0171374,0.00178597,0.0,2.05445,0.0988145,72.8414,2.22524,1110.32,0.361895,0.0985384,0.47272,0.122096,26.4623,6.04482,0.12232
sweep,100131,1.01318,31.9697,0.584633,2.04306,0.919138,0.223555,0.178911,3.01225,272.823,0.0995076,32.2335,0.0308943,0.766435,2.81384,1.32284,299.461,50,10,-1048576,-7050,0.000725712,199.24,0.978211,0.0145462,0.000679872,0.0,116.509,0.090513,76.8196,1.01382,73.6587,0.233193,0.0932425,0.0974974,0.159846,14.482,25.7473,0.350807
sweep,100132,0.907995,37.4205,0.954229,5.34016,0.790459,0.0821735,0.0847592,0.875205,262.656,0.173625,26.652,0.132377,0.55409,2.56154,0.56099,576.511,50,10,-1048576,-7050,0.00474455,227.752,0.409038,-0.015716,0.00769727,0.0,130.015,0.0178626,73.5647,0.0755333,724.155,0.444311,0.0109001,0.0961866,0.226042,11.5231,14.4177,0.133755
sweep,100133,0.702972,21.3561,0.025577,3.65734,1.0013,0.0514888,0.0801814,1.23109,279.982,0.166215,50.3394,0.187486,0.612595,2.68305,1.44318,148.062,50,10,-1048576,-7050,0.00349419,154.911,0.90499,-0.0167141,0.000312206,0.0,152.616,0.0984839,63.7946,0.961651,1055.21,0.485713,0.0514865,0.547448,0.0970288,14.9781,24.7669,0.345188
sweep,100134,1.00194,33.3719,0.0965525,2.6817,0.29679,0.0262522,0.154243,0.847564,157.401,0.0668464,60.5921,0.0566878,0.573251,2.03859,0.688559,130.219,50,10,-1048576,-7050,0.00166009,190.331,0.887668,-0.0159145,0.00721435,0.0,186.32,0.0152882,31.7921,1.30116,338.127,0.415511,0.0334326,0.140492,0.254594,27.896,10.4428,0.342765
sweep,100135,1.05996,22.201,0.258137,4.53943,1.438,0.458478,0.273454,0.201586,45.5481,0.176988,47.6529,0.169314,0.043334,1.82749,0.720105,317.457,50,10,-1048576,-7050,0.00131252,220.5,0.414199,-0.00335166,0.00545667,0.0,3.8553,0.0117409,25.7499,2.65982,510.342,0.354199,0.0613708,0.259701,0.0528919,13.112,11.2066,0.429777
sweep,100136,0.76549,25.7654,0.593072,4.46061,0.138131,0.11817,0.181668,1.20152,235.722,0.0831816,65.8011,0.0370515,0.842169,1.66223,0.881704,248.941,50,10,-1048576,-7050,0.00179768,174.352,0.915456,-0.019934,0.00974029,0.0,82.3069,0.0862874,17.0775,1.53822,646.168,0.207674,0.0757915,0.159255,0.233262,15.1127,9.21299,0.296667
sweep,100137,0.744945,18.1763,0.604251,3.79072,0.440551,0.339887,0.180401,4.83472,169.798,0.0541597,34.8582,0.00700878,0.148923,1.75343,1.14734,109.52,50,10,-1048576,-7050,0.00344395,152.947,0.721147,-0.0057202,0.000927982,0.0,157.637,0.0929268,62.0262,1.23122,770.874,0.475874,0.0536776,0.0758953,0.189018,6.80718,16.0509,0.582094
sweep,100138,0.956982,27.2844,0.914168,2.79659,0.645535,0.390467,0.135369,0.189038,153.47,0.188838,53.0156,0.195458,0.376425,2.00479,1.34084,408.609,50,10,-1048576,-7050,0.00357233,238.344,0.529409,-0.0173118,0.00547334,0.0,88.7127,0.0156777,29.2147,1.25573,117.429,0.185073,0.0800002,0.257093,0.164695,14.7194,16.9398,0.294391
sweep,100139,1.14055,29.6549,0.503032,3.72119,0.976696,0.140775,0.19786,2.89494,201.658,0.180093,35.1928,0.197145,0.898012,2.6292,0.50786,114.986,50,10,-1048576,-7050,0.00163531,49.2593,0.665201,0.0188865,0.00926745,0.0,65.4045,0.0779053,35.0651,2.91153,316.251,0.521685,0.0608364,0.46654,0.126477,10.703,19.2036,0.301894
sweep,100140,0.719018,33.8575,0.61262,1.48724,0.364609,0.117116,0.278936,1.79935,65.1356,0.0835852,68.406,0.0983678,0.44062,2.94055,0.994879,188.094,50,10,-1048576,-7050,0.00369331,104.786,0.678189,0.00238436,0.00274823,0.0,193.734,0.0197371,62.9689,1.18156,347.711,0.208353,0.0892406,0.239248,0.173464,7.45199,9.9641,0.411022
sweep,100141,1.02607,30.5525,0.295246,3.97338,1.48527,0.131731,0.0699029,0.773473,137.707,0.0937794,38.7806,0.11682,0.82624,1.22227,0.970525,167.221,50,10,-1048576,-7050,0.00497355,236.109,0.749928,0.0189458,0.00353191,0.0,77.2092,0.0608615,26.6506,2.69715,290.775,0.518172,0.0510403,0.181553,0.169879,7.30321,9.92805,0.503415
sweep,100142,1.27455,35.2514,0.608721,4.54472,0.420355,0.0974493,0.00809808,4.86155,140.022,0.096533,14.5328,0.168318,0.786132,2.15487,0.674676,173.176,50,10,-1048576,-7050,0.000295512,282.993,0.211502,-0.0138329,0.00205737,0.0,83.3656,0.0263044,78.418,2.29646,707.128,0.139595,0.0701558,0.350635,0.20795,2.69454,25.8984,0.106068
sweep,100143,0.98502,20.2949,0.191751,5.11004,0.633115,0.497996,0.288511,4.88063,148.924,0.165395,16.4839,0.0406572,0.166875,1.66128,0.751803,390.844,50,10,-1048576,-7050,0.00283186,173.092,0.41699,-0.0198864,0.00949505,0.0,154.695,0.0805816,39.9699,2.63694,587.041,0.24377,0.0205646,0.250389,0.253973,5.04518,3.30228,0.222536
sweep,100144,1.07042,35.6539,0.404177,1.84662,0.741048,0.236077,0.264855,2.49978,264.852,0.0797053,70.0131,0.062519,0.386435,1.30554,1.14702,524.498,50,10,-1048576,-7050,0.00119193,218.616,0.356705,0.0100318,0.00897302,0.0,183.026,0.0184773,54.142,0.0548017,151.213,0.119177,0.0575734,0.311697,0.249942,15.9483,26.4903,0.193096
sweep,100145,0.701698,38.6137,0.134752,2.57112,0.11687,0.154612,0.00434942,4.27542,156.559,0.191352,8.84009,0.18419,0.387393,2.52474,0.689013,432.028,50,10,-1048576,-7050,0.00435475,250.361,0.535234,-0.0128261,0.00573858,0.0,65.501,0.0262926,21.977,2.56784,905.46,0.599604,0.0262036,0.598592,0.10808,5.03225,21.1857,0.555992
sweep,100146,1.04394,20.7968,0.685696,4.31517,0.949954,0.198604,0.0577531,1.30823,35.4889,0.0960731,46.3237,0.0648245,0.883995,2.87898,1.46649,117.147,50,10,-1048576,-7050,0.00187495,38.2887,0.248192,-0.0190064,0.00240826,0.0,165.031,0.0252888,60.8938,2.56621,279.734,0.375192,0.032007,0.10219,0.0607782,15.3939,15.5144,0.0670155
sweep,100147,1.26501,23.6021,0.612757,2.75797,0.432099,0.149611,0.173799,3.81612,218.453,0.148226,38.8205,0.0726735,0.164476,1.6719,0.512982,200.78,50,10,-1048576,-7050,0.00238319,210.318,0.451509,-0.0049509,0.00265662,0.0,137.334,0.0695341,62.3235,0.406291,1003.77,0.27299,0.0693462,0.365933,0.0385811,4.24118,28.7075,0.475467
sweep,100148,0.964952,19.5655,0.183983,5.8398,0.706654,0.333287,0.16219,2.20036,188.017,0.0228121,85.8777,0.131033,0.971366,1.41099,1.31627,190.438,50,10,-1048576,-7050,0.00255765,100.393,0.88701,-0.00474757,0.00931635,0.0,69.3232,0.0938642,23.7918,1.45624,573.114,0.125004,0.0389648,0.0894643,0.0858211,11.076,5.03149,0.233017
sweep,100149,0.837073,30.2211,0.646447,5.75878,0.46821,0.287666,0.236785,2.35841,244.213,0.0297943,81.5946,0.0796077,0.267534,1.23757,1.24277,375.109,50,10,-1048576,-7050,0.00158937,95.9248,0.240785,0.000752582,0.00376058,0.0,55.9167,0.0183847,49.8929,0.102132,1100.21,0.299751,0.0631774,0.241436,0.226938,12.9202,10.4154,0.309288
sweep,100150,1.03642,38.8421,0.264331,3.01565,0.276254,0.0662851,0.0325695,1.64378,189.871,0.031232,12.5765,0.145525,0.523761,1.84356,1.21213,490.641,50,10,-1048576,-7050,0.00445042,275.091,0.446399,-0.0125635,0.00492386,0.0,21.8437,0.0445741,13.8751,2.44648,839.993,0.273588,0.0306132,0.431657,0.0706522,23.9552,11.3845,0.597369
sweep,100151,1.28062,33.1952,0.0161618,4.35503,0.947656,0.137065,0.223498,4.89245,208.758,0.186444,59.6203,0.024198,0.463997,2.57193,1.26185,545.468,50,10,-1048576,-7050,0.00323522,158.492,0.561634,0.00531394,0.000489216,0.0,164.935,0.0514776,52.847,2.52034,103.261,0.249226,0.0599136,0.115812,0.284744,16.4824,5.12714,0.146584
sweep,100152,0.980276,34.0836,0.260025,4.35236,0.027604,0.0751066,0.238325,4.0864,156.643,0.0705419,63.5525,0.148882,0.0610529,2.0005,0.845276,118.552,50,10,-1048576,-7050,0.00411993,180.309,0.726902,0.0181314,0.00453246,0.0,123.409,0.0745509,35.3719,1.2662,381.87,0.526541,0.00839348,0.279182,0.188056,21.2088,9.23268,0.544732
sweep,100153,1.23913,32.9222,0.398419,2.65409,1.09365,0.164265,0.129839,0.328479,225.282,0.122698,21.182,0.143615,0.717986,2.67574,1.15095,157.984,50,10,-1048576,-7050,0.000633199,259.211,0.869319,-0.019802,0.00335349,0.0,29.198,0.0557412,62.7825,0.410982,152.955,0.250929,0.0463326,0.168161,0.203949,7.75146,3.00498,0.551581
sweep,100154,1.0275,32.0375,0.519016,2.35797,0.274055,0.313826,0.00653578,2.14302,181.908,0.0264074,16.6334,0.134076,0.187847,1.7674,0.84597,299.969,50,10,-1048576,-7050,0.00402861,124.848,0.139713,-0.00391439,0.00949965,0.0,154.16,0.0754838,63.0787,2.89666,1125.76,0.546648,0.0653395,0.494642,0.0420626,6.53184,4.37884,0.160392
sweep,100155,1.04097,30.1448,0.248333,1.35355,1.38659,0.175419,0.268862,0.678302,44.9305,0.10772,66.2487,0.00339158,0.0842633,1.57,0.543125,212.183,50,10,-1048576,-7050,0.00228149,109.079,0.395752,0.000783988,0.00771381,0.0,44.879,0.0969997,79.2083,1.01457,402.426,0.358392,0.0797411,0.0810153,0.0490351,15.8114,20.0647,0.171428
sweep,100156,0.859762,32.2461,0.554945,4.33417,0.859783,0.486867,0.220028,4.09431,133.082,0.147629,28.8632,0.087622,0.395432,1.2071,1.48057,160.146,50,10,-1048576,-7050,0.00442567,10.0995,0.500431,0.00648379,0.00396519,0.0,127.238,0.0267552,18.3505,1.20535,351.953,0.452675,0.0540624,0.058535,0.0912558,21.2822,17.7468,0.387607
sweep,100157,0.901734,23.829,0.659942,5.97779,0.59748,0.250675,0.154915,0.822598,146.276,0.0980597,21.9935,0.017564,0.805846,2.02616,1.27815,544.561,50,10,-1048576,-7050,0.0019837,227.869,0.443064,-0.00587276,0.00338754,0.0,135.732,0.00931931,35.1562,2.63776,601.522,0.267047,0.0320916,0.214993,0.0600762,8.60975,15.8237,0.166876
sweep,100158,1.14928,32.8498,0.0874485,1.51434,0.684349,0.432386,0.292951,4.73013,210.335,0.075294,91.13,0.132133,0.776283,1.78516,0.72953,376.597,50,10,-1048576,-7050,0.00181425,92.4882,0.576807,-0.0157651,0.00300383,0.0,10.9719,0.0570048,21.0341,0.438876,515.71,0.348006,0.0537633,0.41589,0.0531693,13.4196,23.9557,0.397689
sweep,100159,1.18048,23.8895,0.720142,3.79949,0.0354758,0.109618,0.170102,1.99986,67.897,0.179653,72.8253,0.0230445,0.335259,1.43506,0.611469,487.584,50,10,-1048576,-7050,0.00440265,167.96,0.540752,0.0126345,0.00842902,0.0,140.201,0.0335807,38.8976,0.725885,453.689,0.332809,0.0167677,0.525663,0.119178,6.45697,17.6373,0.49127
sweep,100160,1.13813,31.1952,0.262735,5.57378,1.482,0.336357,0.136445,4.28607,264.212,0.144186,16.7099,0.0393857,0.238328,1.68814,1.31025,412.251,50,10,-1048576,-7050,0.000739283,31.0061,0.775372,-0.00874923,0.00317031,0.0,62.2944,0.0168884,37.8403,1.84584,254.228,0.198713,0.0748225,0.438955,0.18394,16.908,7.41485,0.550563
sweep,100161,0.934788,21.4599,0.300039,4.4235,0.570252,0.494702,0.105697,1.21466,95.8247,0.0234426,30.5994,0.00872507,0.0399471,2.78791,0.971037,458.02,50,10,-1048576,-7050,0.0026266,164.993,0.419007,-0.0193126,0.00151544,0.0,16.2289,0.0831111,71.5163,2.63636,91.9418,0.430738,0.0623403,0.494387,0.119432,20.7985,28.9022,0.186127
sweep,100162,0.922276,31.0291,0.524465,5.15625,1.23805,0.238631,0.235102,4.11595,122.721,0.122817,19.3826,0.139739,0.683794,1.04661,0.628246,437.334,50,10,-1048576,-7050,0.000364735,296.458,0.675884,-0.0198494,0.00438438,0.0,197.105,0.0461774,41.0582,1.95441,1124.78,0.207083,0.0798683,0.33627,0.240138,4.37421,9.55371,0.385954
sweep,100163,0.811095,37.3784,0.546842,1.21721,0.830099,0.148734,0.0796385,4.98502,166.752,0.121329,85.3711,0.139471,0.096051,1.75837,0.940824,580.809,50,10,-1048576,-7050,0.00250016,139.612,0.392021,0.0198977,0.000143848,0.0,176.379,0.0900457,53.6944,1.10756,929.165,0.369285,0.0245844,0.473128,0.13048,17.5759,4.05216,0.180877
sweep,100164,0.776603,19.25,0.64445,3.4716,1.05185,0.302079,0.253579,2.17656,244.424,0.193486,57.6509,0.17078,0.838686,1.75838,0.730773,383.831,50,10,-1048576,-7050,0.000613033,170.137,0.581403,-0.00213045,0.0051322,0.0,196.93,0.0439303,70.0368,1.74903,973.245,0.44777,0.0326797,0.533019,0.109771,4.29742,22.7782,0.203916
sweep,100165,0.795943,34.1808,0.622396,4.68273,0.427413,0.285754,0.0533949,4.45769,166.793,0.0312945,19.246,0.153578,0.676346,1.93216,0.882825,496.653,50,10,-1048576,-7050,0.00226008,186.668,0.549467,0.017529,0.00846696,0.0,40.6246,0.086408,48.3837,2.25742,348.412,0.106896,0.0376646,0.436094,0.0484037,8.84234,17.4869,0.358275
sweep,100166,0.709993,27.1778,0.172985,4.26226,0.118155,0.275063,0.191166,2.2853,234.869,0.108886,31.2701,0.00336274,0.288006,1.25195,0.53813,430.72,50,10,-1048576,-7050,0.00258585,162.983,0.177751,0.0011711,0.00712231,0.0,116.72,0.0688694,77.23,1.45854,579.253,0.536664,0.0724845,0.53209,0.150286,19.7146,16.8438,0.224922
sweep,100167,1.10413,22.3295,0.990928,3.74066,0.321254,0.304475,0.128758,1.01725,156.048,0.157596,60.7862,0.125283,0.857767,2.69838,0.82871,110.988,50,10,-1048576,-7050,0.00118574,168.579,0.413712,-0.0168386,0.00399736,0.0,19.4978,0.037745,65.1811,0.433312,504.782,0.144297,0.0817038,0.127551,0.298769,19.6083,15.9062,0.295111
sweep,100168,1.01299,38.2269,0.0692364,4.23783,0.106435,0.347139,0.0725221,0.198734,158.589,0.164702,72.9829,0.132661,0.404291,2.83422,1.05714,259.861,50,10,-1048576,-7050,0.00488284,139.035,0.466504,-0.0132649,0.00378283,0.0,69.7478,0.00646125,5.9145,2.80501,1157.09,0.194617,0.0457907,0.357923,0.286709,20.739,18.0375,0.306752
sweep,100169,1.13607,28.5505,0.739903,1.83338,1.40347,0.241329,0.103569,2.34233,57.8549,0.0258383,25.2366,0.0398834,0.310588,2.56017,0.531901,216.321,50,10,-1048576,-7050,0.00424629,159.459,0.267561,-0.00856687,0.0088432,0.0,46.1889,0.0378937,8.79631,0.0228618,936.894,0.287992,0.0370726,0.435176,0.0530065,8.65865,23.9424,0.546165
sweep,100170,1.15215,36.1504,0.775025,3.33655,0.501671,0.335314,0.0530239,2.02524,20.8188,0.0598455,63.9318,0.013688,0.864382,2.36793,0.938978,110.788,50,10,-1048576,-7050,0.00182578,36.231,0.0941384,0.0183866,0.00218733,0.0,146.821,0.0296002,74.0498,1.856,306.921,0.586832,0.0613326,0.412808,0.209089,15.2399,25.7547,0.42971
sweep,100171,0.910491,29.411,0.210418,3.02052,0.830789,0.47856,0.130589,2.24881,280.711,0.193746,87.1472,0.122054,0.94243,1.57906,0.866941,474.428,50,10,-1048576,-7050,0.000142355,138.049,0.823893,-0.0124392,0.00504946,0.0,190.72,0.00677501,73.228,0.953294,329.379,0.53294,0.0622921,0.173469,0.0937892,6.11566,9.32566,0.357926
sweep,100172,1.24437,32.4962,0.514986,4.93141,0.30525,0.0455383,0.235815,0.210638,83.6552,0.08917,86.7301,0.18892,0.160675,2.95588,1.30723,406.514,50,10,-1048576,-7050,0.00239621,239.677,0.559738,0.0139919,0.0044831,0.0,54.3529,0.060048,17.4003,0.469463,248.408,0.294619,0.0489055,0.518234,0.257221,11.6409,25.4633,0.454918
sweep,100173,1.2015,23.0324,0.456296,5.66356,0.254537,0.217194,0.160739,1.63633,270.323,0.0563594,61.0107,0.0347178,0.157843,1.83829,0.542973,466.964,50,10,-1048576,-7050,0.000376903,222.676,0.674209,-0.00641525,0.00641015,0.0,156.12,0.0105832,32.418,0.229118,735.746,0.583538,0.0867276,0.158274,0.167173,28.3772,5.61568,0.22564
sweep,100174,0.753534,34.4501,0.831568,1.32962,0.613268,0.385221,0.280329,4.40274,101.401,0.184881,36.5659,0.113146,0.839921,1.5239,0.86152,376.322,50,10,-1048576,-7050,0.0028302,148.624,0.657344,-0.00431039,0.00250923,0.0,126.101,0.00502248,78.3043,1.46674,249.562,0.481815,0.0157442,0.394733,0.198432,13.4899,22.4324,0.494732
sweep,100175,0.934048,27.3185,0.415438,1.96945,1.1164,0.253105,0.203795,0.048265,292.991,0.0433113,81.1095,0.116175,0.537893,2.13758,0.893236,483.152,50,10,-1048576,-7050,0.0020889,267.865,0.272547,-0.00554888,0.00531749,0.0,166.993,0.0304106,36.9413,1.11512,1155.03,0.361563,0.093555,0.555896,0.0844597,2.00451,7.39057,0.38192
sweep,100176,0.888504,21.0813,0.530675,5.36936,1.29162,0.136158,0.204308,2.46982,298.395,0.191384,6.53206,0.179865,0.189325,1.80756,0.588252,512.007,50,10,-1048576,-7050,0.00292613,220.061,0.867587,-0.0014884,0.00144722,0.0,2.37874,0.0345608,9.17689,0.367861,247.792,0.569523,0.0389055,0.072918,0.268693,18.2032,8.59435,0.352391
sweep,100177,0.823787,23.1389,0.0171592,5.26804,1.16888,0.476556,0.238234,3.45509,143.114,0.0992116,25.1683,0.0707165,0.94139,1.02208,1.10994,507.272,50,10,-1048576,-7050,0.0033512,214.51,0.236422,-0.0134735,0.00356366,0.0,29.5796,0.088256,66.4978,0.519692,449.472,0.560808,0.0402677,0.0994113,0.152743,23.7142,12.3239,0.0976205
sweep,100178,1.28496,21.2232,0.571399,1.26468,1.17713,0.391378,0.122232,4.60504,95.905,0.064723,17.5846,0.0786943,0.66333,1.31035,1.42818,549.631,50,10,-1048576,-7050,0.00429244,14.6528,0.406623,-0.00102575,0.0068295,0.0,81.7855,0.0904794,78.2667,2.36231,344.929,0.573622,0.0734493,0.095777,0.280823,6.36438,19.9577,0.293352
sweep,100179,1.18161,33.7572,0.557545,1.09449,0.237125,0.411237,0.159774,2.95416,112.027,0.135301,6.01459,0.0859614,0.947934,1.16558,1.3208,318.407,50,10,-1048576,-7050,0.0034785,104.957,0.360273,-0.00647398,0.00665643,0.0,167.86,0.0199371,54.9411,2.69358,1136.45,0.450896,0.0549541,0.182807,0.0559469,7.40388,28.129,0.363138
sweep,100180,0.996978,37.5049,0.0822402,2.64048,1.35977,0.0487578,0.0396545,1.94963,104.709,0.0357149,27.717,0.0711554,0.200624,2.83202,1.13934,594.654,50,10,-1048576,-7050,0.00214942,264.251,0.345564,0.0168799,0.000275365,0.0,68.697,0.0780848,74.1491,2.04777,1165.96,0.138557,0.0461122,0.253007,0.231032,7.54939,20.3339,0.508256
sweep,100181,1.18965,20.998,0.0835187,5.74507,0.591144,0.269752,0.274095,0.756948,71.3184,0.0759606,63.4863,0.0522629,0.157814,1.44376,0.691835,319.573,50,10,-1048576,-7050,0.00337554,288.316,0.489162,0.0109778,0.00323812,0.0,52.3725,0.00880987,15.6907,0.124814,868.639,0.562061,0.0451059,0.31485,0.0351061,17.7113,13.3859,0.470131
sweep,100182,0.932814,31.1911,0.606858,2.16251,0.912685,0.283518,0.145565,3.70424,109.147,0.139896,78.366,0.0426818,0.820847,1.57536,0.785726,186.959,50,10,-1048576,-7050,0.00236531,32.8353,0.738227,0.0073866,0.00011652,0.0,65.5785,0.0513985,16.3059,1.69001,508.707,0.241716,0.0732681,0.366281,0.0407105,5.74442,27.8207,0.365816
sweep,100183,1.21373,28.1755,0.653247,2.70524,0.710607,0.0470316,0.113076,2.89452,208.764,0.099566,65.4326,0.146292,0.438306,1.86687,1.08781,224.029,50,10,-1048576,-7050,0.00122239,213.739,0.620125,-0.0164428,0.00244318,0.0,95.473,0.0460529,59.1273,0.748385,226.284,0.56262,0.0615487,0.0706802,0.0491202,27.3373,27.0249,0.0717371
sweep,100184,0.904393,39.4138,0.448571,1.16928,0.655466,0.0744486,0.214777,4.72769,131.08,0.133018,7.42919,0.14214,0.618959,2.11903,0.828677,514.729,50,10,-1048576,-7050,0.000775123,168.249,0.607239,0.0115013,0.00519416,0.0,92.3588,0.0817081,39.814,2.69896,859.687,0.476047,0.0846279,0.502329,0.0734033,9.5176,24.9365,0.42619
sweep,100185,0.829776,24.867,0.847032,4.03409,1.15213,0.215269,0.136498,1.30683,172.089,0.0452656,84.8017,0.12594,0.812474,2.52731,0.862139,481.885,50,10,-1048576,-7050,5.65235e-05,163.729,0.317488,0.017773,0.00499867,0.0,188.689,0.0755882,14.2695,1.21723,575.842,0.467987,0.0314477,0.425087,0.137108,22.3758,10.4363,0.468673
sweep,100186,0.813389,26.2711,0.623262,3.47736,1.10173,0.399945,0.223554,4.61824,119.198,0.0677903,89.4481,0.0594074,0.729714,2.60652,0.721057,146.229,50,10,-1048576,-7050,0.00107072,191.771,0.342867,-0.018371,0.00228665,0.0,179.531,0.0699908,18.0809,1.00084,1184.47,0.271756,0.0950958,0.421959,0.0530396,4.94687,22.712,0.0663252
sweep,100187,1.14389,38.7854,0.864261,5.06584,0.505195,0.320072,0.208458,2.63763,109.449,0.0647367,77.006,0.197639,0.677704,2.97745,0.917662,458.476,50,10,-1048576,-7050,0.0024059,72.064,0.499652,-0.0138896,0.00185376,0.0,172.065,0.0983602,8.0166,1.00513,825.325,0.556851,0.0473058,0.372625,0.200778,8.46965,13.1947,0.572031
sweep,100188,0.812251,18.1955,0.310326,1.31296,1.35853,0.274495,0.173206,2.68446,157.038,0.148176,22.2585,0.175216,0.0208689,1.74405,1.42776,360.871,50,10,-1048576,-7050,0.000769646,107.775,0.209133,0.0065874,0.00739989,0.0,153.473,0.0756331,25.6349,0.289546,520.718,0.211722,0.0846393,0.143768,0.134649,21.9687,23.9525,0.288996
sweep,100189,1.18348,21.2248,0.547445,1.74846,0.119174,0.274182,0.264149,0.259351,21.1112,0.172442,32.287,0.0300974,0.711608,2.8229,0.904529,320.831,50,10,-1048576,-7050,0.000644146,273.035,0.20268,0.00400246,0.00166122,0.0,48.036,0.0609542,63.4682,2.36927,67.4932,0.539663,0.0113891,0.0829845,0.188125,2.0775,16.2804,0.121308
sweep,100190,1.21159,27.9748,0.315342,2.74707,1.44525,0.418408,0.0711208,0.298572,61.9053,0.0728346,40.5404,0.0906158,0.124779,1.71316,0.890496,253.318,50,10,-1048576,-7050,0.000622829,13.263,0.335667,0.0164397,0.0059724,0.0,99.9597,0.0322084,78.315,1.20429,369.584,0.24503,0.0576826,0.113804,0.11939,10.5654,23.6791,0.0612567
sweep,100191,1.14788,31.8819,0.0771987,3.68894,0.407448,0.160533,0.118597,1.07266,155.184,0.0958167,19.194,0.00829912,0.642714,2.04604,0.727037,245.441,50,10,-1048576,-7050,0.00226913,159.467,0.767606,0.00672657,0.0014371,0.0,22.8538,0.0614765,53.245,2.43508,303.809,0.501289,0.0753244,0.27559,0.131254,3.87986,21.9113,0.0608603
sweep,100192,1.10373,22.0315,0.0668981,1.5115,0.250737,0.465044,0.165635,4.19765,54.7046,0.187239,17.6064,0.00756203,0.78136,1.66538,1.41946,339.913,50,10,-1048576,-7050,0.0012853,205.956,0.0981085,0.0171913,0.00302858,0.0,145.434,0.0859879,12.826,1.98984,1049.63,0.287684,0.0677707,0.514722,0.101478,9.54215,10.4243,0.302373
sweep,100193,0.894028,30.5134,0.719927,3.32436,1.43785,0.151726,0.0805911,3.94853,166.359,0.0274247,11.8078,0.189765,0.666505,2.38399,0.773547,422.47,50,10,-1048576,-7050,0.00112643,151.722,0.779595,0.00641133,0.0018765,0.0,118.94,0.0109573,54.6654,0.740019,334.485,0.182311,0.0701206,0.210827,0.0685314,14.2856,28.5533,0.392855
sweep,100194,1.16521,30.0434,0.663647,1.08065,0.448901,0.0714973,0.23325,2.25187,38.229,0.168108,7.92256,0.122085,0.318699,1.12649,1.45361,358.549,50,10,-1048576,-7050,0.00303518,46.1411,0.0657989,-0.0107339,0.00965845,0.0,112.734,0.0535163,53.125,0.990793,811.924,0.372883,0.0797975,0.319823,0.284958,23.9501,22.5429,0.482622
sweep,100195,0.877459,27.2401,0.380938,2.44103,0.48803,0.0574575,0.134814,3.37171,261.306,0.090981,34.8263,0.0276494,0.0938534,1.32019,1.24676,444.22,50,10,-1048576,-7050,0.00312888,192.779,0.710605,0.0084603,0.0063989,0.0,162.43,0.0368862,7.78287,0.33847,26.1064,0.534494,0.076514,0.339033,0.199432,15.5615,21.9428,0.144709
sweep,100196,0.82915,21.1661,0.423009,3.84488,0.852683,0.126605,0.221628,0.145049,87.1144,0.102406,59.8551,0.146058,0.699956,2.51315,1.39528,474.804,50,10,-1048576,-7050,0.00384843,189.241,0.485843,6.66637e-05,0.00991451,0.0,136.844,0.075786,41.3826,2.43922,515.448,0.563468,0.0960048,0.335441,0.282569,2.15544,19.1894,0.195189
sweep,100197,1.17601,19.3328,0.938061,2.64026,0.821022,0.286222,0.0568611,0.745027,164.304,0.16214,40.6131,0.0154491,0.730078,1.76437,1.33342,550.366,50,10,-1048576,-7050,0.0022948,117.636,0.201848,0.0178837,0.00888816,0.0,149.796,0.0888513,9.81284,2.68088,741.633,0.211078,0.0697463,0.330084,0.121917,13.1599,14.2884,0.20708
sweep,100198,0.963995,30.109,0.597072,1.64452,0.478069,0.0842365,0.196741,2.68332,279.54,0.0874505,38.5131,0.0428144,0.969621,2.27694,0.938093,350.642,50,10,-1048576,-7050,0.000375162,65.5233,0.375247,0.0103167,0.00800077,0.0,173.2,0.010191,7.28423,2.508,450.015,0.592403,0.0934646,0.255323,0.156348,3.09573,27.1275,0.334326
sweep,100199,1.22064,23.5505,0.133191,3.46798,1.42505,0.470186,0.0910028,1.80495,38.0015,0.0929139,62.3518,0.0985575,0.820578,2.56136,0.621595,462.821,50,10,-1048576,-7050,0.00302282,35.1765,0.688445,0.00686852,0.00621289,0.0,117.716,0.0672804,22.6642,0.621377,1177.56,0.564061,0.0382034,0.415738,0.209562,16.6185,13.5662,0.424767
sweep,100200,1.01994,22.0786,0.87131,1.65507,0.20705,0.11803,0.0896852,2.37745,290.723,0.134347,33.4537,0.0572396,0.302715,1.7436,0.923576,103.749,50,10,-1048576,-7050,0.00332321,295.103,0.627009,0.0012267,0.00740624,0.0,184.275,0.0412795,9.92553,0.888318,914.087,0.104331,0.0150106,0.404848,0.217804,10.4229,24.1318,0.141158
sweep,100201,1.0541,26.3614,0.956032,3.82035,1.37791,0.42066,0.00435249,1.95384,299.366,0.157921,13.5508,0.0858371,0.940942,2.30833,0.501634,465.891,50,10,-1048576,-7050,0.0024776,206.817,0.894612,-0.016745,0.00040606,0.0,87.3322,0.0104426,36.3903,1.57781,1012.82,0.203947,0.00978708,0.284424,0.200265,5.7514,4.31398,0.169014
sweep,100202,1.14903,22.4077,0.434745,5.66234,0.791728,0.217976,0.259222,4.98348,101.795,0.181729,8.37379,0.0595432,0.765875,2.08384,1.05081,483.233,50,10,-1048576,-7050,0.00147772,87.0834,0.977134,-0.00394565,0.00877629,0.0,0.117137,0.0368427,29.7067,0.407408,524.834,0.142774,0.0233374,0.532245,0.262043,28.9444,24.9403,0.0544727
sweep,100203,0.952191,38.4459,0.548215,3.03341,0.475051,0.0584354,0.118636,4.7871,28.5502,0.0298176,62.0919,0.0298859,0.307491,2.85271,0.948017,464.435,50,10,-1048576,-7050,0.00258001,243.45,0.282775,-0.00690635,0.00165499,0.0,3.61898,0.0101903,31.5575,2.42477,610.426,0.243415,0.040482,0.0893001,0.134126,3.05548,28.3329,0.203412
sweep,100204,1.13985,27.4952,0.839068,1.84914,1.04242,0.441838,0.0929007,2.85557,151.854,0.118234,23.1917,0.126731,0.649468,1.82749,1.48119,355.412,50,10,-1048576,-7050,0.00452313,232.696,0.344205,0.00211144,0.00579426,0.0,116.635,0.0826604,22.8213,0.251065,1004.56,0.531107,0.0497862,0.449756,0.249669,26.1263,28.7401,0.359552
sweep,100205,1.08306,26.7342,0.744073,5.30693,0.932138,0.346708,0.0921395,3.04476,141.352,0.113581,23.0491,0.0693237,0.137793,2.81844,0.868664,222.348,50,10,-1048576,-7050,0.00446376,35.2185,0.964145,-0.0162621,0.00979304,0.0,146.944,0.0556874,55.8197,0.098398,807.782,0.393581,0.0402921,0.544285,0.160431,13.056,27.1555,0.338786
sweep,100206,0.720535,27.6435,0.865095,3.09376,0.990985,0.0534539,0.048216,3.2828,245.079,0.0506884,13.6168,0.152346,0.973926,2.50434,1.35343,569.182,50,10,-1048576,-7050,0.00123609,38.7066,0.738025,0.00911188,0.00832606,0.0,9.63112,0.0841215,55.728,1.2718,750.476,0.426753,0.0917064,0.565727,0.154706,2.07773,9.59813,0.402567
sweep,100207,1.10402,25.0339,0.994407,4.46216,1.0383,0.492773,0.0212541,0.14289,214.602,0.141167,83.4218,0.109891,0.91649,1.02479,0.960292,507.801,50,10,-1048576,-7050,0.000109506,157.272,0.622725,0.0172179,0.00311232,0.0,7.38049,0.0787986,34.0381,0.254721,815.747,0.512878,0.0995716,0.518016,0.23072,8.12918,23.0937,0.343474
sweep,100208,1.02166,35.1679,0.412133,3.42172,0.314897,0.084742,0.0193066,1.54364,281.321,0.0785306,58.3853,0.0133162,0.123557,2.07305,0.842899,278.695,50,10,-1048576,-7050,0.00359515,200.333,0.765012,-0.00305587,0.00446456,0.0,3.51459,0.0621285,55.3288,2.2854,599.83,0.330381,0.0750524,0.0840572,0.0976442,21.2136,13.7068,0.152159
sweep,100209,0.831244,18.7549,0.651277,3.84937,0.726797,0.445682,0.00833285,3.51049,59.0324,0.101883,28.7018,0.0509557,0.446479,2.30125,1.39765,559.61,50,10,-1048576,-7050,0.00149117,137.49,0.526027,0.00311192,0.0035799,0.0,55.4129,0.0793402,69.8446,2.03664,1089.63,0.396718,0.0637252,0.471106,0.290138,10.8192,15.9893,0.304282
sweep,100210,0.761775,21.9496,0.71236,3.37722,1.15729,0.193135,0.143582,1.18281,239.714,0.0419924,70.5893,0.081832,0.249314,2.88189,0.858689,589.651,50,10,-1048576,-7050,0.00041123,126.827,0.193643,0.0124947,0.0087083,0.0,160.893,0.0983216,43.8628,1.97708,311.989,0.237964,0.0688505,0.147467,0.166931,14.9825,18.361,0.333711
sweep,100211,0.984317,35.4777,0.646832,1.68826,0.50561,0.478494,0.0848325,2.8579,79.9741,0.137364,65.7812,0.0598288,0.522208,1.71183,0.537985,582.409,50,10,-1048576,-7050,0.00376091,124.007,0.60501,-0.00669452,0.00197841,0.0,57.2003,0.0930366,33.8954,1.88795,577.242,0.345393,0.0449163,0.0834208,0.204634,7.40464,23.5827,0.0861083
sweep,100212,0.889096,34.437,0.240855,3.10383,0.401247,0.222441,0.159377,4.5155,200.492,0.0431714,98.9264,0.129116,0.327417,2.45366,1.27797,284.375,50,10,-1048576,-7050,0.00245973,293.279,0.18679,0.0163168,0.0082304,0.0,39.8621,0.0721171,57.5466,1.54556,792.401,0.390745,0.0185934,0.315587,0.217748,7.52826,28.7624,0.29128
sweep,100213,1.08219,26.1405,0.863513,3.10803,0.088912,0.443115,0.0581822,4.36267,290.848,0.163908,25.5717,0.0261171,0.0330154,2.99843,1.07737,473.279,50,10,-1048576,-7050,0.0016071,136.286,0.758771,0.00653733,0.00515113,0.0,39.2557,0.0222541,14.6544,1.31302,793.577,0.394117,0.0816212,0.277682,0.16312,7.80776,16.5465,0.0875017
sweep,100214,1.16822,18.3055,0.147881,2.69037,0.360604,0.266057,0.00706746,1.91758,38.5441,0.108088,45.0605,0.0331899,0.351954,1.528,1.14345,252.728,50,10,-1048576,-7050,0.00119574,186.502,0.434581,-0.0188985,0.0027327,0.0,78.8317,0.0620975,44.1541,2.30492,547.329,0.161451,0.0532556,0.0750649,0.206502,10.0358,6.89364,0.454889
sweep,100215,0.824811,35.6154,0.0151222,3.03693,1.3885,0.326229,0.177661,3.21478,226.286,0.111612,30.2044,0.196268,0.729443,1.9315,1.29107,368.692,50,10,-1048576,-7050,0.00224053,5.45173,0.470331,0.00453655,0.000910937,0.0,143.267,0.0335709,55.0042,2.43803,580.299,0.14344,0.0436608,0.584689,0.0357822,9.82126,6.70096,0.0523449
sweep,100216,0.981863,18.1166,0.12493,3.90335,0.153229,0.300328,0.125445,1.59795,274.124,0.0821682,46.185,0.161894,0.522774,2.92308,0.698433,396.278,50,10,-1048576,-7050,0.00113813,79.4937,0.580579,0.0111748,0.00100616,0.0,52.9641,0.0450862,33.0733,0.921985,255.29,0.333913,0.0631137,0.463596,0.0652424,16.6224,24.4923,0.590523
sweep,100217,0.838706,26.9928,0.691439,2.55584,0.685507,0.379663,0.285016,3.88592,129.362,0.070316,86.9132,0.168466,0.062472,2.95836,1.27279,215.696,50,10,-1048576,-7050,0.00300053,53.5222,0.0828569,-0.0105903,0.00791215,0.0,165.896,0.0594961,70.8584,2.89588,965.206,0.560332,0.0987212,0.336804,0.154178,2.03844,27.152,0.549235
sweep,100218,0.706808,22.8564,0.835171,3.06522,0.226093,0.170534,0.202913,0.623578,170.433,0.0935511,90.3698,0.0784294,0.276677,1.21211,1.2271,217.816,50,10,-1048576,-7050,0.00328047,91.9462,0.981786,0.011304,0.0047041,0.0,171.102,0.0772537,42.3398,0.579397,895.401,0.527718,0.0793863,0.121337,0.0613223,25.6533,28.3764,0.527243
sweep,100219,0.718122,31.552,0.563906,5.75736,1.11507,0.31892,0.0907625,0.528818,212.677,0.15602,29.4033,0.0210579,0.590154,2.42296,1.33077,238.287,50,10,-1048576,-7050,0.00265075,151.633,0.808199,0.00987267,0.000304316,0.0,134.306,0.0346443,29.3874,0.512559,888.261,0.225551,0.0991497,0.407472,0.277665,25.5879,21.1515,0.0583889
sweep,100220,1.07423,24.3042,0.718215,1.95532,1.35425,0.0647851,0.00907985,3.14888,179.87,0.138454,64.7839,0.110208,0.281716,1.67525,1.25269,495.177,50,10,-1048576,-7050,0.00165939,5.54044,0.222859,-0.00200198,0.00422094,0.0,61.5694,0.0364813,9.35361,0.131991,772.072,0.180817,0.0485921,0.446938,0.0685741,13.1015,6.71546,0.472772
sweep,100221,0.979615,29.6097,0.453637,4.35105,1.39425,0.364824,0.292641,1.20795,43.0401,0.102723,8.1361,0.0670875,0.611592,1.80428,1.28672,398.315,50,10,-1048576,-7050,0.00143013,269.567,0.136858,0.00740152,0.000309454,0.0,172.494,0.0474817,43.6022,0.682085,986.733,0.404456,0.0631396,0.302359,0.137444,14.0661,14.709,0.236917
sweep,100222,0.865981,20.7622,0.454904,4.47634,0.652175,0.315304,0.140095,3.54903,88.0295,0.188915,47.556,0.146338,0.847595,1.68626,1.32941,308.87,50,10,-1048576,-7050,0.0030969,120.714,0.220024,0.00572647,0.00793596,0.0,107.057,0.0958261,64.7762,0.574982,931.522,0.483264,0.0790219,0.290761,0.0701892,16.6338,20.5655,0.0621792
sweep,100223,0.755207,18.0716,0.639389,2.95821,0.774987,0.0724991,0.0380798,4.72801,110.614,0.154121,35.6683,0.162376,0.618491,1.39685,1.41362,257.805,50,10,-1048576,-7050,0.000539453,101.635,0.913174,-0.0171072,0.0050694,0.0,151.262,0.0964214,22.0279,1.89839,566.927,0.40573,0.0962484,0.237101,0.227205,5.81709,6.25679,0.282583
sweep,100224,0.740508,38.4912,0.0918928,3.62268,1.07238,0.155256,0.253243,0.667865,86.5829,0.0426157,54.7185,0.135181,0.520984,2.62697,1.27016,199.02,50,10,-1048576,-7050,0.00210769,22.3656,0.363193,-0.0130326,0.00622188,0.0,184.991,0.062019,38.5204,1.90231,139.873,0.114991,0.0286837,0.58764,0.0703722,18.8603,14.914,0.326026
sweep,100225,1.23629,34.845,0.988595,2.06792,1.192,0.148228,0.268505,0.267938,50.474,0.0746047,9.11043,0.136508,0.209214,2.72637,1.33193,383.812,50,10,-1048576,-7050,0.00256351,150.91,0.648705,0.019647,0.00516322,0.0,79.7619,0.0692708,63.6514,1.08619,933.484,0.204715,0.0357583,0.480355,0.110504,21.8654,9.91015,0.467205
sweep,100226,1.2634,24.804,0.979628,4.22894,1.06138,0.10005,0.0591536,4.02229,46.5116,0.146918,17.458,0.0251722,0.263994,1.19243,0.677257,290.769,50,10,-1048576,-7050,0.00333662,143.535,0.69265,-0.00601021,0.00954707,0.0,69.117,0.0447293,59.4179,1.11829,1183.77,0.292301,0.0156357,0.115855,0.261175,28.3746,14.8463,0.535743
sweep,100227,1.06392,35.4153,0.992149,4.15033,1.46441,0.0842153,0.0522429,2.22717,229.178,0.114803,32.8182,0.00475146,0.76463,1.87221,0.580298,334.429,50,10,-1048576,-7050,0.00464072,287.237,0.299252,-0.0108452,0.00772906,0.0,80.5349,0.0473541,6.17437,1.40981,217.422,0.573773,0.0373609,0.0848441,0.0870564,8.49408,4.97259,0.211136
sweep,100228,0.933801,36.9573,0.292929,2.2107,1.12353,0.29673,0.130204,4.00461,38.5684,0.132203,95.5075,0.134692,0.435868,1.05412,0.824709,349.936,50,10,-1048576,-7050,0.00369605,129.696,0.182911,-0.00411181,0.00856055,0.0,60.8393,0.0988162,19.8852,2.2013,877.652,0.191638,0.0783736,0.139694,0.192337,9.46127,6.37776,0.380733
sweep,100229,0.940213,38.1646,0.268802,2.03849,0.906684,0.492758,0.114307,2.67234,273.879,0.133247,29.5959,0.0161171,0.60301,1.94414,1.2944,235.101,50,10,-1048576,-7050,0.00107811,74.8711,0.876226,0.0153346,0.00999368,0.0,109.783,0.0859633,72.4674,0.103715,47.3861,0.236794,0.0403855,0.593041,0.0810798,17.4132,24.7582,0.344281
sweep,100230,0.733938,27.7195,0.50341,2.68317,1.38711,0.168763,0.298551,4.76062,40.154,0.0259816,45.2627,0.102009,0.387941,1.00665,1.47658,171.742,50,10,-1048576,-7050,0.000106121,114.547,0.707613,-0.00553984,0.00920903,0.0,169.093,0.07165,69.3255,2.43483,478.241,0.448327,0.0333874,0.431193,0.0997072,16.0988,19.0101,0.31865
sweep,100231,0.998267,22.3248,0.508617,2.36035,1.43089,0.307787,0.101342,2.19469,258.799,0.117842,53.4662,0.139568,0.563323,1.93022,0.519543,183.301,50,10,-1048576,-7050,0.00243057,18.2299,0.536222,0.00509192,0.00959408,0.0,102.578,0.0866275,61.2901,2.97982,1179.99,0.186499,0.0469234,0.477557,0.0376039,2.10611,21.1656,0.38314
sweep,100232,0.900965,21.6542,0.0372519,2.24977,1.07018,0.339906,0.103387,0.0343138,56.7665,0.115729,19.3073,0.0263566,0.920611,2.55745,0.953999,464.406,50,10,-1048576,-7050,0.00152886,210.244,0.852661,-0.0124579,0.00659977,0.0,45.3372,0.0348704,53.5486,2.42188,1027.93,0.313438,0.0206596,0.447185,0.0461691,9.44817,29.1156,0.325432
sweep,100233,0.907284,25.6843,0.329594,2.9464,1.13535,0.105741,0.149509,1.92386,76.1761,0.0650087,50.5187,0.149646,0.29279,2.96781,0.705184,156.845,50,10,-1048576,-7050,0.000708142,87.56,0.993827,-0.00376905,0.00594841,0.0,195.55,0.0392233,50.569,0.786915,209.989,0.491988,0.0891755,0.0706293,0.174825,27.8224,17.7505,0.197507
sweep,100234,1.17829,27.468,0.420813,3.35039,1.16003,0.437176,0.0632968,3.45541,81.9583,0.160523,72.7739,0.00874813,0.147173,1.05472,1.47518,116.01,50,10,-1048576,-7050,0.00103999,12.7629,0.3221,0.0192663,0.00310012,0.0,28.1491,0.0242358,48.0005,0.00109668,331.467,0.175379,0.0745215,0.583671,0.118628,20.703,8.2728,0.199152
sweep,100235,1.21535,26.6075,0.120493,2.81899,1.19575,0.245852,0.170581,1.82226,131.956,0.14136,89.7478,0.0241815,0.55435,2.17559,1.32427,503.28,50,10,-1048576,-7050,0.00268401,183.158,0.259412,0.00169401,0.00477219,0.0,166.301,0.0150434,34.1345,2.62953,587.604,0.230825,0.0905205,0.0614186,0.251568,11.0438,7.6352,0.476738
sweep,100236,0.887642,20.8915,0.643091,1.2569,0.443097,0.0354327,0.228319,3.51461,100.353,0.132947,10.6572,0.0734082,0.586477,1.85257,1.04601,328.375,50,10,-1048576,-7050,0.00464327,248.595,0.620452,-0.0175423,0.00550753,0.0,88.1698,0.0721383,61.1855,0.229783,1079.38,0.350693,0.0276087,0.124579,0.0680136,29.2619,6.48818,0.507636
sweep,100237,1.1023,35.872,0.566719,4.64625,0.132984,0.0930007,0.175179,1.33809,280.849,0.0459463,13.0446,0.194398,0.348389,2.89778,1.00809,150.846,50,10,-1048576,-7050,0.00476483,28.3096,0.122596,0.0171665,0.00209896,0.0,174.007,0.0693715,13.1179,2.85729,1128.49,0.241761,0.0203624,0.27716,0.207343,25.7069,25.3401,0.271783
sweep,100238,0.86011,34.8555,0.246102,3.6681,0.400102,0.184878,0.213338,4.48854,26.1853,0.110638,86.5955,0.0451409,0.0975969,1.35478,0.564373,258.127,50,10,-1048576,-7050,0.00266317,246.635,0.976227,-0.000889643,0.00409846,0.0,2.86391,0.0407457,9.33922,2.58657,596.288,0.24573,0.015356,0.321859,0.250924,3.69514,24.6023,0.199801
sweep,100239,1.17421,30.0337,0.341908,4.62974,1.08039,0.467663,0.183777,0.910066,45.8255,0.0729858,65.7856,0.0989761,0.822459,1.83409,0.534307,598.668,50,10,-1048576,-7050,0.00283397,70.3152,0.70007,0.013862,0.00860265,0.0,125.003,0.0448191,53.2156,1.00928,155.962,0.538635,0.0102998,0.563501,0.116556,8.67719,27.1294,0.484881
sweep,100240,1.23033,38.5895,0.254312,1.98992,0.468253,0.311989,0.0142795,4.69504,287.951,0.113562,44.7842,0.116855,0.456434,2.51722,0.868198,149.817,50,10,-1048576,-7050,0.000175336,238.553,0.901299,0.0121496,0.00294705,0.0,101.24,0.0857477,61.9919,1.96,11.2677,0.544333,0.0740184,0.39287,0.122021,9.65106,19.9272,0.201369
sweep,100241,1.08443,29.31,0.288555,3.36419,0.479867,0.43541,0.132554,0.942742,176.819,0.145891,74.8851,0.071981,0.80811,1.3604,0.926397,572.279,50,10,-1048576,-7050,0.00150417,60.4125,0.785502,0.0079197,0.000652004,0.0,56.0925,0.0658626,15.8202,2.00991,309.659,0.57467,0.0256363,0.344913,0.245024,7.30939,27.2313,0.190916
sweep,100242,1.25153,32.4194,0.156318,2.09789,0.018391,0.461586,0.093278,0.592549,176.566,0.107023,64.114,0.12425,0.83432,1.82505,1.21556,462.827,50,10,-1048576,-7050,0.00475775,261.985,0.714417,0.00728673,0.000977933,0.0,109.348,0.00825605,11.5385,1.0357,784.291,0.169448,0.0234404,0.069647,0.162818,5.26715,18.0316,0.463003
sweep,100243,1.0231,28.5171,0.487212,2.87473,0.0132634,0.118818,0.100167,2.79072,295.812,0.0826213,52.853,0.142277,0.982236,1.03495,1.41857,164.749,50,10,-1048576,-7050,0.00255988,30.537,0.908608,-0.0176321,0.00199189,0.0,54.3562,0.0466162,48.6425,2.2162,623.518,0.213774,0.0391853,0.149167,0.271285,15.2088,26.9014,0.463742
sweep,100244,1.26376,26.0167,0.142739,4.96114,0.0621722,0.153468,0.286816,2.23688,285.833,0.164913,89.8621,0.0725716,0.6822,2.32645,0.642187,382.501,50,10,-1048576,-7050,0.00035291,182.833,0.569507,-0.0122492,0.00852444,0.0,116.217,0.0811047,69.965,0.45933,71.3527,0.412665,0.0132198,0.0975274,0.16275,24.3012,2.6407,0.334295
sweep,100245,0.768778,32.9807,0.876345,1.26838,1.30431,0.242292,0.194429,4.40661,219.75,0.148548,51.2598,0.106226,0.376373,2.69617,1.1838,473.606,50,10,-1048576,-7050,0.00265166,64.7366,0.411055,-0.000979957,0.00190548,0.0,66.5761,0.0442627,65.2731,0.34074,47.8413,0.147318,0.0685555,0.3216,0.207269,27.474,27.272,0.53797
sweep,100246,0.906795,26.5308,0.48811,4.05984,0.718054,0.121061,0.0195682,3.42221,259.209,0.0405819,25.409,0.149299,0.0618519,1.30814,1.20276,179.672,50,10,-1048576,-7050,0.00148588,40.7551,0.945737,-0.0171907,0.00390688,0.0,72.5514,0.0858441,22.8183,0.896791,760.265,0.187689,0.0293477,0.0738165,0.131941,16.4732,18.3503,0.50248
sweep,100247,0.7427,18.2651,0.561173,5.02594,1.35009,0.483825,0.228048,2.16853,119.937,0.0453321,15.4966,0.0535232,0.906519,2.04451,0.772256,453.188,50,10,-1048576,-7050,0.0047852,61.9224,0.818478,0.00470902,0.0053661,0.0,91.4127,0.0273763,61.0464,1.90035,178.794,0.474132,0.0806933,0.577553,0.188742,7.07312,18.5853,0.595429
sweep,100248,1.23815,19.9708,0.0164528,3.00641,1.33665,0.167243,0.139011,1.55199,153.197,0.1243,85.968,0.179392,0.356506,1.18034,0.596855,443.667,50,10,-1048576,-7050,0.000685607,203.455,0.774776,-0.0108712,0.00478492,0.0,179.502,0.0215765,77.553,2.12021,1047.73,0.550757,0.0597933,0.508753,0.227942,7.08459,9.23618,0.50335
sweep,100249,0.723734,25.7042,0.780018,2.50162,0.669982,0.336921,0.238194,3.54821,228.089,0.0810458,51.2542,0.122929,0.160833,2.50779,1.47358,325.902,50,10,-1048576,-7050,0.00335748,293.746,0.377664,-0.0184922,0.00732683,0.0,69.0723,0.079686,70.9228,0.915743,578.402,0.294493,0.027337,0.597508,0.0389175,28.9951,12.4421,0.217496
sweep,100250,0.920565,36.5796,0.356566,2.5873,0.602048,0.307485,0.221548,0.58912,144.56,0.137023,9.22725,0.101241,0.309152,2.63724,0.535149,250.293,50,10,-1048576,-7050,0.00260626,174.242,0.397709,0.00994954,0.00416067,0.0,128.481,0.0343361,73.5058,2.54906,817.432,0.468699,0.0114434,0.310549,0.293041,7.85435,2.5629,0.568761
sweep,100251,0.887887,26.9236,0.982954,3.65784,0.1818,0.272267,0.0727493,3.00776,214.122,0.148135,20.8167,0.00475656,0.491055,1.10717,0.537923,465.135,50,10,-1048576,-7050,0.00250606,289.773,0.123636,0.0192494,0.00310553,0.0,65.787,0.0884383,27.479,2.12825,653.111,0.43745,0.0560607,0.445645,0.290877,28.976,9.64685,0.219228
sweep,100252,0.844747,31.3511,0.791085,2.78709,1.4396,0.115959,0.0397869,0.528284,295.389,0.15402,50.314,0.141378,0.441368,1.47797,0.966723,128.167,50,10,-1048576,-7050,0.00335404,35.2594,0.395949,0.0139211,0.0071506,0.0,20.5659,0.0830548,6.84694,2.13646,6.57087,0.448885,0.0876557,0.588289,0.136204,17.8859,15.972,0.220148
sweep,100253,0.713658,36.8121,0.581213,5.32844,0.916683,0.380505,0.107857,4.3708,177.546,0.150744,8.67265,0.108309,0.742053,2.55896,1.26665,496.26,50,10,-1048576,-7050,0.00494441,204.354,0.740688,0.0147641,0.000585083,0.0,62.2529,0.0904996,78.6367,0.614664,424.327,0.494348,0.0405469,0.221626,0.166142,15.8154,21.8809,0.252196
sweep,100254,1.20403,35.6135,0.450754,2.59887,0.445438,0.460087,0.10321,2.0183,108.753,0.0839364,32.1207,0.138133,0.802041,1.11224,0.699103,561.651,50,10,-1048576,-7050,0.00415651,206.846,0.125116,-0.0107202,0.00974667,0.0,7.86553,0.0304054,17.9327,2.72362,697.711,0.220213,0.0125991,0.182948,0.108148,14.4216,7.44177,0.404285
sweep,100255,1.29824,27.3118,0.932625,4.50331,0.00972418,0.280345,0.1175,4.14863,245.133,0.0812367,25.8701,0.102749,0.360722,2.09992,1.06205,386.093,50,10,-1048576,-7050,0.00225585,5.15747,0.770467,0.000196858,0.00439927,0.0,192.489,0.0320849,60.8069,0.111522,929.909,0.35673,0.0127182,0.513567,0.0533424,21.4174,4.1968,0.245236
sweep,100256,1.02871,23.6511,0.741257,5.87044,1.37415,0.449702,0.078953,0.828914,59.2081,0.120503,77.088,0.0866345,0.261203,2.35784,1.38949,139.795,50,10,-1048576,-7050,0.00384669,201.797,0.77701,-0.0033252,0.000196344,0.0,181.754,0.0892923,60.513,1.43569,1037.97,0.248451,0.0594491,0.138698,0.150027,11.4328,19.7539,0.445475
sweep,100257,1.18314,20.2978,0.0350631,2.8095,0.279842,0.211342,0.159643,0.407116,148.12,0.168152,36.1578,0.0579655,0.861923,1.12093,0.513788,273.702,50,10,-1048576,-7050,0.00150823,38.2079,0.780869,0.0151112,0.00406803,0.0,191.714,0.0543067,62.9684,2.8374,1129.49,0.109251,0.0813771,0.195124,0.198438,2.4005,14.0637,0.453143
sweep,100258,0.879582,31.3213,0.826646,1.87122,1.34774,0.411252,0.186576,0.776289,266.992,0.16432,96.8059,0.0199208,0.994431,1.40396,0.631594,143.041,50,10,-1048576,-7050,0.00166308,24.8871,0.829746,-0.0131947,0.00812058,0.0,42.662,0.0463071,37.5705,2.51232,234.324,0.205739,0.0817263,0.251737,0.0914001,11.9296,18.9391,0.23977
sweep,100259,0.809188,18.3029,0.649168,3.81251,0.535755,0.136995,0.00967536,2.59741,51.1185,0.034826,38.4346,0.0122187,0.0574574,1.19976,1.3593,497.146,50,10,-1048576,-7050,0.00177808,180.244,0.944909,0.000182574,0.00779852,0.0,27.0969,0.0916525,73.1948,1.43693,629.427,0.534079,0.0986066,0.0501148,0.186923,26.6298,18.011,0.0624972
sweep,100260,0.872143,38.8328,0.484531,1.38741,0.35523,0.085787,0.0163239,4.9771,246.621,0.0715841,62.7612,0.191929,0.900743,2.02425,1.20632,315.929,50,10,-1048576,-7050,0.00246563,91.1149,0.234264,0.0161335,0.00195425,0.0,60.8062,0.0987652,71.5143,0.363727,1058.04,0.351388,0.0578453,0.361458,0.094798,21.8562,17.2356,0.283099
sweep,100261,1.28072,18.2147,0.677422,2.81571,0.64331,0.375866,0.0907896,2.9011,275.37,0.0796604,11.8082,0.194935,0.991342,2.47512,0.840806,297.131,50,10,-1048576,-7050,0.00271097,146.045,0.616715,-0.013724,0.00253704,0.0,193.056,0.00980825,11.4605,2.16809,1172.51,0.401514,0.010616,0.429485,0.143369,5.69936,14.955,0.418873
sweep,100262,1.02316,21.961,0.903992,3.53169,0.241455,0.481493,0.0906138,2.58302,48.4368,0.0597243,28.8035,0.15632,0.765498,1.03081,0.737532,454.378,50,10,-1048576,-7050,0.00479839,237.893,0.400504,-0.0122972,0.000444412,0.0,174.331,0.0664003,73.4363,0.598557,1141.25,0.560451,0.0731828,0.385264,0.207035,21.215,15.1812,0.570434
sweep,100263,0.777127,21.3147,0.494187,5.02412,0.24743,0.26626,0.165998,3.41431,171.946,0.100108,10.5627,0.161789,0.574952,2.6436,1.43019,271.631,50,10,-1048576,-7050,0.000464721,297.749,0.751345,0.00902878,0.00141969,0.0,146.87,0.0192332,76.0876,0.404014,590.632,0.47288,0.0301088,0.0514388,0.0743252,3.20092,8.17032,0.06599
sweep,100264,1.04864,23.9332,0.288208,2.12678,1.48311,0.474784,0.0719478,0.477638,205.46,0.159888,6.62899,0.00788325,0.899708,2.22245,0.521819,501.105,50,10,-1048576,-7050,0.00248907,166.642,0.495754,0.00790038,0.0076596,0.0,150.743,0.00572306,65.3378,2.66931,802.771,0.597619,0.0509682,0.397866,0.165305,24.0813,26.6388,0.191945
sweep,100265,0.81434,18.7846,0.634234,5.55285,0.145735,0.234364,0.181111,3.89047,287.948,0.181033,52.8981,0.0452087,0.0916349,2.57574,1.46202,476.909,50,10,-1048576,-7050,0.000807284,218.921,0.442643,0.019589,0.00781229,0.0,12.7168,0.0943651,29.5375,1.79559,960.857,0.390374,0.00628485,0.509262,0.0811779,18.392,18.0106,0.168174
sweep,100266,1.1903,33.7255,0.355653,5.3667,1.2578,0.168496,0.103645,2.2987,23.7221,0.0407662,91.3112,0.177968,0.250486,1.97842,0.948195,374.256,50,10,-1048576,-7050,0.00194089,107.952,0.594306,0.00486309,0.00202664,0.0,47.3981,0.067469,76.1029,1.92579,341.708,0.429999,0.00714674,0.0997129,0.0311009,3.68368,21.4409,0.536484
sweep,100267,1.08963,34.4696,0.101404,1.16941,1.35788,0.0293495,0.194312,3.1609,208.405,0.123017,24.0006,0.197288,0.397427,1.46599,1.20598,185.813,50,10,-1048576,-7050,0.00425776,198.887,0.268583,0.0064062,0.00129011,0.0,135.141,0.00771762,65.5961,1.25923,694.565,0.186787,0.00719831,0.0540015,0.147508,9.60649,7.65322,0.133296
sweep,100268,0.952967,36.8388,0.223367,4.37089,0.201169,0.268791,0.106051,4.47649,148.323,0.0319644,42.449,0.159565,0.07649,1.26931,1.04617,308.096,50,10,-1048576,-7050,0.00364144,165.512,0.669007,-0.0160068,0.00584024,0.0,180.494,0.0206195,15.6499,0.352712,424.822,0.122171,0.0519731,0.369192,0.111823,8.39561,26.0424,0.0954059
sweep,100269,1.01378,28.8171,0.369307,2.32795,0.271192,0.354772,0.0202863,4.52074,29.1277,0.167239,76.5838,0.0224328,0.185293,1.72106,0.723984,484.039,50,10,-1048576,-7050,0.0015467,41.2225,0.114668,0.0136891,0.00181745,0.0,71.7349,0.0288999,40.6393,0.969385,317.87,0.211199,0.0141879,0.415837,0.120927,12.4322,13.0208,0.209975
sweep,100270,0.743269,19.1553,0.0888251,1.49797,0.366459,0.316077,0.0318852,4.71528,65.5275,0.124943,41.0033,0.171834,0.714277,2.53522,1.26099,373.247,50,10,-1048576,-7050,0.00478869,6.66317,0.50906,-0.00186952,0.00818708,0.0,134.757,0.0496651,23.0983,1.16768,246.185,0.426065,0.0221208,0.290059,0.21617,9.5301,3.88315,0.175444
sweep,100271,1.05491,19.0463,0.933925,4.59264,1.16171,0.273274,0.187451,0.480718,210.31,0.120548,81.386,0.103192,0.785944,2.26439,0.862144,217.009,50,10,-1048576,-7050,0.00253302,54.7316,0.861918,0.00662175,0.0053401,0.0,157.796,0.0652483,37.4461,2.45625,163.37,0.520894,0.095136,0.191567,0.0304062,14.315,25.5175,0.0851516
sweep,100272,0.971221,38.7091,0.480413,3.36662,0.526083,0.0467233,0.198979,0.328609,85.7265,0.0502135,34.339,0.156631,0.296479,1.15678,1.27496,247.605,50,10,-1048576,-7050,0.000433772,260.703,0.587551,0.00640002,0.00832859,0.0,157.853,0.0092119,53.1495,2.23393,816.917,0.304051,0.0936274,0.434583,0.0840694,10.9782,19.0678,0.184953
sweep,100273,1.25667,25.5186,0.306858,2.75699,1.39301,0.378677,0.244148,2.0638,125.588,0.145159,95.7772,0.0546707,0.536276,1.6142,1.07865,521.287,50,10,-1048576,-7050,0.00331427,256.842,0.154766,-0.0171672,0.00417996,0.0,197.394,0.00508847,65.4473,2.56599,376.602,0.146804,0.00968416,0.353422,0.166906,12.5632,2.71852,0.404684
sweep,100274,0.727938,39.2052,0.737936,4.70448,0.515734,0.340926,0.237536,4.83377,210.77,0.109921,33.9704,0.0548694,0.153586,1.13079,0.810553,561.571,50,10,-1048576,-7050,0.00134271,272.971,0.231032,0.0102886,0.00156848,0.0,64.809,0.0971865,29.043,0.232328,1092.03,0.333798,0.020303,0.356185,0.170654,23.9343,9.00586,0.208197
sweep,100275,1.13177,34.4748,0.630148,1.46595,0.795411,0.264898,0.132423,3.87392,231.443,0.128601,27.7805,0.0196782,0.0492375,1.22303,1.44266,288.171,50,10,-1048576,-7050,0.00397979,203.379,0.765299,0.0156899,0.00790173,0.0,182.479,0.00628752,64.4066,0.304042,511.567,0.243417,0.0811978,0.228073,0.139202,3.23571,10.532,0.402164
sweep,100276,1.28158,34.9471,0.789989,5.64202,1.05197,0.274309,0.175551,0.707038,120.04,0.0899742,69.9661,0.0218289,0.443337,1.06557,1.23667,400.959,50,10,-1048576,-7050,0.000167853,43.5557,0.655067,0.00174642,0.0095394,0.0,135.37,0.0185828,40.2573,2.14492,488.055,0.420981,0.0171691,0.238683,0.289649,2.2385,9.22045,0.492386
sweep,100277,1.16085,20.0641,0.241143,5.40545,0.784941,0.172022,0.237813,3.76411,43.498,0.0478184,66.3202,0.130113,0.759937,1.54881,0.655527,204.696,50,10,-1048576,-7050,0.00133335,149.041,0.0733582,0.0135229,0.000727788,0.0,61.2116,0.0325205,28.885,1.58716,221.777,0.326361,0.0535866,0.571979,0.292528,23.2061,29.4924,0.252961
sweep,100278,1.09284,20.5789,0.705493,5.35297,0.0750778,0.284337,0.212518,2.99158,54.9044,0.115695,83.9744,0.133593,0.975635,2.98223,0.81645,492.325,50,10,-1048576,-7050,0.000565551,106.282,0.404396,-0.0162401,0.00709033,0.0,160.697,0.0535225,49.6151,0.802353,435.128,0.270361,0.0458938,0.0829684,0.194169,29.0845,10.5053,0.348042
sweep,100279,1.25473,39.276,0.604257,4.85046,1.24191,0.458025,0.26721,0.971903,44.9698,0.181405,76.3736,0.0465224,0.843327,1.27604,1.02019,413.96,50,10,-1048576,-7050,0.000631285,27.7998,0.255783,-0.0135851,0.00964966,0.0,21.9007,0.0215134,69.9961,1.91965,163.965,0.579106,0.0237846,0.308171,0.288764,26.7632,20.8763,0.499551
sweep,100280,1.03008,38.3612,0.772755,2.50213,0.443352,0.103707,0.234381,1.28851,105.565,0.0396157,87.121,0.0397387,0.0553424,1.38143,0.520295,102.263,50,10,-1048576,-7050,0.00310631,42.3708,0.506951,0.0159773,0.00932952,0.0,109.306,0.0580717,13.6475,0.0582505,58.8606,0.516399,0.0154245,0.0798863,0.276794,13.5484,12.3412,0.208575
sweep,100281,0.710009,24.46,0.302887,5.04485,0.703417,0.0893565,0.257987,0.843383,27.1872,0.0505945,95.3206,0.0864235,0.566671,1.15208,0.59757,344.973,50,10,-1048576,-7050,0.00453118,22.7786,0.661109,0.0150002,0.00430413,0.0,136.943,0.0752393,41.2387,1.925,34.2185,0.594732,0.063552,0.194179,0.173163,20.9758,10.3027,0.104271
sweep,100282,1.04027,29.4203,0.973689,5.27473,0.485355,0.452874,0.0384645,4.75851,121.731,0.0990857,13.2717,0.0168484,0.0766996,2.30732,1.37181,328.107,50,10,-1048576,-7050,0.000929111,209.731,0.375888,0.00302604,0.00664413,0.0,139.956,0.0541101,43.3739,1.78588,982.047,0.396827,0.0904156,0.17385,0.0338822,10.7531,24.0947,0.0861167
sweep,100283,0.912864,20.8114,0.658598,1.69574,0.483039,0.420521,0.119179,2.48431,199.262,0.141077,99.3601,0.0808815,0.265621,1.58593,0.716829,379.352,50,10,-1048576,-7050,0.000840713,276.243,0.396976,0.0188983,0.000906211,0.0,125.776,0.0383398,34.4634,1.14189,724.954,0.541367,0.0836803,0.178108,0.291029,11.3697,8.39696,0.24815
sweep,100284,0.789655,19.4604,0.395591,5.56566,0.659051,0.408797,0.0378496,1.21509,41.9168,0.0205419,43.7064,0.0636799,0.1523,2.35021,0.771124,206.192,50,10,-1048576,-7050,0.00293959,18.8678,0.281258,0.0137461,0.00707978,0.0,1.19256,0.0415916,70.1708,2.53659,956.129,0.451632,0.0958388,0.479766,0.11647,5.56795,26.0816,0.219615
sweep,100285,0.966566,34.5684,0.436776,2.5291,0.0501996,0.115233,0.000914112,0.182317,43.4003,0.160389,89.4442,0.0953974,0.104872,2.25261,0.751752,595.365,50,10,-1048576,-7050,0.000808494,142.914,0.346516,-0.00137485,0.00606959,0.0,16.2437,0.0859072,12.2105,2.62557,906.89,0.276203,0.0404822,0.403358,0.0427894,24.3015,23.2859,0.147633
sweep,100286,0.985702,19.4534,0.547933,4.94798,1.06101,0.139393,0.0491318,4.72335,195.406,0.131299,91.0592,0.107915,0.668161,1.92634,0.725829,469.554,50,10,-1048576,-7050,0.00244812,44.106,0.512273,-0.00794062,0.00171082,0.0,146.67,0.0689343,60.7526,0.256129,644.724,0.237253,0.0334917,0.347797,0.296739,7.38875,23.4896,0.315989
sweep,100287,0.771936,27.4525,0.39695,5.5317,0.11163,0.0838821,0.121781,0.582812,254.777,0.05693,90.0345,0.179771,0.635474,2.93617,0.531897,559.133,50,10,-1048576,-7050,0.000338764,142.269,0.687589,0.00442425,0.000656628,0.0,143.909,0.0945347,66.1814,0.83518,233.177,0.584122,0.0804736,0.212192,0.140433,4.34518,17.6301,0.531619
sweep,100288,1.07928,31.0031,0.566708,4.69096,0.995432,0.435933,0.173739,4.33295,177.051,0.0352276,41.9421,0.12475,0.398773,1.11352,0.87229,533.116,50,10,-1048576,-7050,0.00338437,251.192,0.664213,0.0189646,0.00828876,0.0,155.245,0.0712621,13.0761,2.72206,29.9756,0.451159,0.0391968,0.428909,0.29302,22.6498,6.61873,0.150634
sweep,100289,1.00062,23.5873,0.748529,1.85506,0.830591,0.272023,0.0591147,1.66762,184.023,0.167734,38.4569,0.0317427,0.0350964,2.25368,1.0728,271.264,50,10,-1048576,-7050,0.00283293,215.406,0.981745,-0.0051082,0.0053864,0.0,98.5068,0.0130288,9.8221,2.94929,296.593,0.300389,0.0503226,0.352227,0.181559,27.2178,27.5286,0.362365
sweep,100290,0.980924,36.1109,0.323959,2.77312,0.186072,0.15656,0.234667,1.18028,36.7985,0.172283,8.31678,0.120466,0.44557,1.96928,1.08209,108.424,50,10,-1048576,-7050,0.00408596,203.005,0.920725,0.00882853,0.00810944,0.0,151.523,0.0698571,43.2386,1.67804,20.541,0.405733,0.0289126,0.112259,0.0742463,8.31946,12.7518,0.486815
sweep,100291,0.983631,36.6027,0.387811,4.63889,0.857792,0.121748,0.0115412,2.44325,143.262,0.105527,82.4296,0.129661,0.577968,1.44123,1.4765,287.566,50,10,-1048576,-7050,0.00136133,295.885,0.765899,-0.00563593,0.00632229,0.0,196.496,0.0351942,12.8774,2.78765,463.551,0.332786,0.025364,0.183221,0.0570252,3.1697,6.96665,0.590091
sweep,100292,0.857203,19.739,0.988005,2.23352,0.294058,0.177324,0.0720709,4.63928,120.31,0.162291,92.1538,0.160831,0.831213,2.83074,0.531381,418.059,50,10,-1048576,-7050,0.000209661,23.637,0.989493,0.00957267,0.00698367,0.0,39.6763,0.0644145,33.0325,1.89889,779.007,0.394532,0.014746,0.150607,0.201355,18.1022,19.5575,0.0995999
sweep,100293,1.03713,23.2867,0.22477,3.78457,1.19997,0.362357,0.123293,4.45827,60.2336,0.0588552,8.15898,0.16331,0.379912,1.67373,1.06973,418.527,50,10,-1048576,-7050,0.00269512,261.255,0.274428,0.0190747,0.00242003,0.0,101.886,0.0611067,74.6968,0.730569,206.176,0.386366,0.0051704,0.564912,0.135666,12.4048,27.7268,0.437677
sweep,100294,0.873851,19.7888,0.985099,1.72239,0.4134,0.0546371,0.0726396,1.04708,113.627,0.0298872,54.3,0.0693723,0.94054,2.31327,0.854918,332.24,50,10,-1048576,-7050,0.000773664,258.273,0.0656084,-0.0152684,0.00153124,0.0,46.905,0.0918051,50.9149,0.300806,210.826,0.401316,0.0767138,0.0518876,0.296783,27.4044,6.15111,0.516899
sweep,100295,0.88925,22.1124,0.70232,1.81588,1.10548,0.399067,0.100912,3.03006,71.0099,0.0319479,78.9378,0.0780763,0.754605,2.37827,1.12881,437.636,50,10,-1048576,-7050,0.00189943,276.748,0.9913,-0.0154375,0.00585912,0.0,162.113,0.0632339,52.2793,0.555126,9.71826,0.432879,0.0535415,0.534503,0.043468,15.1619,7.76255,0.0583924
sweep,100296,1.02842,19.105,0.917873,4.74815,1.41732,0.219493,0.0409992,3.54078,218.379,0.124669,28.6316,0.034464,0.272776,1.93208,0.727289,562.698,50,10,-1048576,-7050,0.00189827,171.456,0.707655,0.0181588,0.00817346,0.0,186.147,0.0795916,19.7608,0.523243,429.044,0.325623,0.0145237,0.305935,0.268445,23.3903,28.5591,0.168483
sweep,100297,0.933349,29.475,0.514654,4.92467,0.981404,0.443791,0.290601,2.94389,79.0169,0.0650781,55.7696,0.00769639,0.981282,1.49696,1.33702,115.199,50,10,-1048576,-7050,0.000535824,290.852,0.420516,0.0174513,0.00579502,0.0,12.2368,0.0720437,8.32531,2.44411,250.286,0.546226,0.0566533,0.0940176,0.0870232,10.8299,18.1704,0.354001
sweep,100298,1.27868,36.4983,0.378998,1.14254,1.0087,0.466731,0.261116,1.52856,102.004,0.0225219,29.0744,0.0662972,0.0220164,2.79996,1.36203,460.297,50,10,-1048576,-7050,0.00248773,262.162,0.531213,-0.00437726,0.000704805,0.0,179.05,0.0680944,56.6905,1.79269,797.743,0.513112,0.066511,0.19687,0.280425,23.8506,13.6245,0.169716
sweep,100299,1.19125,36.1758,0.408081,3.59465,1.20137,0.164803,0.0566865,0.205409,261.175,0.146935,90.5278,0.0409814,0.827344,2.47917,1.29532,385.334,50,10,-1048576,-7050,0.00150787,287.987,0.273504,-0.0187702,0.0084732,0.0,188.3,0.0431246,24.2137,2.53297,35.0448,0.163142,0.0996606,0.359541,0.0958257,26.1922,8.83131,0.383283
sweep,100300,1.15942,21.6278,0.616689,5.24658,1.02398,0.444435,0.0445178,4.1379,100.277,0.171023,43.821,0.0953208,0.587857,1.51641,1.41366,303.183,50,10,-1048576,-7050,0.00479396,130.157,0.996915,0.0117088,0.00773086,0.0,97.1265,0.0875776,9.67181,2.16888,584.4,0.115672,0.0737188,0.475285,0.0793615,23.3627,24.44,0.30588
sweep,100301,1.27452,34.6132,0.823178,2.02643,0.555796,0.479641,0.263473,1.00947,292.605,0.183652,74.108,0.00825254,0.522172,1.23221,1.21382,442.075,50,10,-1048576,-7050,0.000339713,168.66,0.570531,0.0146225,0.000404336,0.0,39.4434,0.0427896,64.0023,2.81655,1054.78,0.266009,0.0268266,0.400579,0.127131,25.3183,11.261,0.30148
sweep,100302,1.18242,24.2039,0.904255,4.48249,0.45488,0.103859,0.2234,2.0946,127.688,0.0270465,51.1949,0.058822,0.363777,1.70966,0.556906,523.757,50,10,-1048576,-7050,0.000742441,99.3012,0.295759,0.00978678,0.00378287,0.0,54.2481,0.03442,40.7709,1.24799,550.074,0.13573,0.0386791,0.0926905,0.29848,5.43732,6.74843,0.531755
sweep,100303,1.03398,29.7051,0.232041,1.4317,0.0699461,0.317978,0.0350988,2.75724,165.674,0.0255506,68.042,0.0707209,0.61213,1.84654,1.34613,297.212,50,10,-1048576,-7050,0.000826931,184.419,0.635886,-0.0183411,0.00233426,0.0,80.3054,0.0473601,5.42068,0.455154,782.237,0.538085,0.0613951,0.0899897,0.0609801,16.2751,14.5449,0.329533
sweep,100304,1.11674,36.574,0.901541,3.06781,1.41138,0.190727,0.178152,2.67529,246.788,0.0849052,38.7349,0.0205805,0.0535892,1.0876,1.44554,454.553,50,10,-1048576,-7050,0.00105241,284.319,0.591001,-0.0183205,0.00784777,0.0,147.178,0.0410616,24.4475,0.246446,218.145,0.321976,0.0848248,0.423237,0.246018,16.0052,3.74535,0.289823
sweep,100305,0.807637,21.341,0.659464,2.3189,0.477313,0.298059,0.262253,4.94571,168.449,0.166878,6.45259,0.193345,0.948761,1.60927,1.16972,558.6,50,10,-1048576,-7050,0.00124238,160.667,0.844499,0.00952489,0.00564824,0.0,76.6886,0.0203901,76.0835,0.143933,706.104,0.356551,0.0581403,0.0805827,0.276166,21.9808,17.3738,0.0953481
sweep,100306,1.06128,34.673,0.560316,3.14506,1.27571,0.395922,0.0371439,1.64224,232.033,0.0549362,56.2761,0.186961,0.469769,1.63473,0.634853,190.101,50,10,-1048576,-7050,0.00320079,201.714,0.329883,0.0038441,0.00420353,0.0,163.199,0.0726163,20.8897,0.473914,6.80255,0.551314,0.0247424,0.200685,0.154435,17.4798,28.6839,0.203575
sweep,100307,0.978252,34.6252,0.753688,4.24897,0.0292196,0.246548,0.221888,4.09615,239.154,0.15497,47.9893,0.0250781,0.430848,2.80958,1.46236,112.828,50,10,-1048576,-7050,0.00361482,209.099,0.447095,-0.0110445,0.00502027,0.0,163.06,0.0691901,22.6684,1.03596,644.224,0.572274,0.0936961,0.109322,0.222525,12.3624,20.5279,0.226814
sweep,100308,1.04802,37.6742,0.995469,1.91894,1.09075,0.122557,0.27717,0.234726,68.7091,0.109881,84.8652,0.0731339,0.0235566,1.31497,0.837561,124.789,50,10,-1048576,-7050,0.00199434,71.042,0.821997,-0.0105203,0.00550359,0.0,8.35603,0.0954609,66.942,0.91485,711.852,0.462568,0.0315645,0.5228,0.223943,23.9872,13.8793,0.0804674
sweep,100309,1.13731,35.9632,0.689488,5.12213,1.32559,0.35265,0.233654,4.09783,295.734,0.196939,35.4241,0.123006,0.22617,1.86145,1.48784,395.147,50,10,-1048576,-7050,0.000599831,73.5317,0.88895,0.0139179,0.0046497,0.0,149.21,0.0705782,42.9886,1.24025,982.85,0.240974,0.0382073,0.306888,0.125032,29.16,26.7086,0.329313
sweep,100310,1.25157,39.5929,0.786537,4.35272,0.722824,0.135995,0.177594,3.26038,110.378,0.132475,83.7543,0.0263585,0.465883,1.67295,1.237,134.185,50,10,-1048576,-7050,0.00174489,102.0,0.602654,-0.0103996,0.0014041,0.0,169.672,0.053598,50.1047,2.33943,978.566,0.404892,0.0455273,0.563334,0.191918,3.52003,7.88776,0.10822
sweep,100311,0.72822,25.6406,0.484208,3.55889,0.713292,0.415162,0.0235097,4.3591,282.306,0.0709939,67.0775,0.120695,0.228873,2.12696,1.07828,138.083,50,10,-1048576,-7050,0.00262748,198.906,0.494416,-0.0165905,0.00149148,0.0,107.218,0.00500148,20.5069,1.4621,568.75,0.366019,0.061741,0.0603322,0.206571,12.3747,10.681,0.541539
sweep,100312,1.00067,36.5762,0.659422,2.71018,0.66996,0.300688,0.108068,4.70819,229.94,0.172698,80.8778,0.197218,0.110381,2.60597,1.26303,182.879,50,10,-1048576,-7050,0.00341066,212.416,0.859656,0.00506873,0.00982901,0.0,131.473,0.0949053,67.55,0.490284,242.21,0.485721,0.094478,0.486855,0.151325,22.8474,25.6075,0.196749
sweep,100313,0.769664,29.9493,0.0254473,1.86454,0.541678,0.365292,0.195938,0.510838,21.0023,0.151963,85.4671,0.185949,0.935267,1.45165,1.20113,588.209,50,10,-1048576,-7050,0.00433675,201.404,0.0756697,0.0156066,0.00218591,0.0,118.91,0.027542,49.2094,2.59,195.559,0.521625,0.0719084,0.595768,0.139943,27.4705,17.6094,0.14634
sweep,100314,1.00998,18.0821,0.892009,2.40773,0.191951,0.292103,0.246296,3.03465,269.332,0.121926,95.2111,0.0767497,0.0469865,2.89249,0.894847,199.433,50,10,-1048576,-7050,0.00305253,135.517,0.73499,0.00433183,0.00415833,0.0,190.13,0.0613135,51.7606,1.01803,193.274,0.178991,0.0388833,0.429064,0.295327,14.9768,10.9199,0.0659214
sweep,100315,1.27591,18.5915,0.224716,4.72362,0.242959,0.379567,0.194284,2.88131,44.9059,0.139566,17.4762,0.126853,0.80788,1.85645,1.16513,409.708,50,10,-1048576,-7050,0.00291648,54.1916,0.383388,0.0181575,0.00768694,0.0,172.914,0.0666121,11.2209,2.9556,659.29,0.498944,0.0286695,0.211542,0.074733,13.7878,10.6028,0.212961
sweep,100316,1.11001,30.4712,0.843754,5.86031,0.963042,0.132016,0.0671958,2.62213,70.679,0.129586,89.9986,0.106306,0.423424,1.50416,0.829941,320.902,50,10,-1048576,-7050,0.00369901,135.433,0.219359,0.00178356,0.00217743,0.0,178.115,0.0391333,10.5322,1.53847,1161.54,0.141637,0.055519,0.113702,0.0501837,4.59027,8.19622,0.391132
sweep,100317,1.16322,33.6605,0.229519,3.78446,0.952516,0.411231,0.285381,0.190482,105.429,0.122071,15.7792,0.0465559,0.922422,2.92308,1.03427,521.54,50,10,-1048576,-7050,0.00012206,11.1755,0.114038,-0.0132361,0.00812224,0.0,126.07,0.0422339,74.2387,0.632056,393.374,0.274982,0.0746427,0.388474,0.0405924,9.63846,2.33285,0.257707
sweep,100318,0.921755,21.0602,0.261919,2.40533,1.17861,0.384423,0.295507,1.84774,215.672,0.144305,18.1728,0.190214,0.583481,1.49436,0.649086,174.225,50,10,-1048576,-7050,0.000799031,206.672,0.855636,-0.0105935,0.00061854,0.0,43.4058,0.0370356,21.243,0.218966,372.353,0.211342,0.0173838,0.134666,0.142367,29.4674,10.773,0.520755
sweep,100319,1.2515,35.2764,0.866704,1.94667,1.36412,0.349273,0.238497,4.64783,70.9698,0.152923,34.2788,0.107123,0.599612,2.77792,0.589211,172.935,50,10,-1048576,-7050,0.00399322,118.271,0.377207,-0.00239741,0.000869952,0.0,94.9789,0.0278518,71.6316,0.968757,760.437,0.445038,0.0914027,0.596147,0.0319955,9.42383,28.7204,0.450048
sweep,100320,1.03975,29.3618,0.175186,3.07051,1.47946,0.355058,0.0302381,2.29229,45.4679,0.193908,83.2901,0.169282,0.787321,1.01493,1.28971,238.819,50,10,-1048576,-7050,0.00347613,213.074,0.79671,-0.017607,0.00216731,0.0,101.231,0.0215628,74.8419,0.75144,199.47,0.570455,0.0541148,0.137381,0.0915423,2.55313,2.89195,0.112217
sweep,100321,1.26869,19.5196,0.179131,1.63207,1.06912,0.426153,0.0622147,3.74868,232.985,0.0479674,25.5236,0.0554664,0.725769,1.20621,1.27415,190.648,50,10,-1048576,-7050,0.00199653,228.571,0.300909,-0.0150595,0.00935805,0.0,21.9846,0.0835698,29.0862,2.06445,1008.75,0.192683,0.0836164,0.556265,0.267712,18.0297,8.20755,0.102245
sweep,100322,0.947961,18.7509,0.598197,2.96903,1.06986,0.208359,0.187566,0.539158,37.4562,0.196422,13.235,0.120733,0.947856,2.20774,1.01938,486.215,50,10,-1048576,-7050,7.19314e-05,53.4355,0.268134,-0.00854003,0.00500057,0.0,41.0746,0.0262657,74.8165,2.44729,1185.85,0.441178,0.0897489,0.301878,0.274739,28.7233,19.7896,0.185637
sweep,100323,1.16629,19.1033,0.746448,5.05273,0.551253,0.4201,0.0594225,3.59368,147.637,0.141535,46.7626,0.163048,0.07551,1.2392,1.16318,442.53,50,10,-1048576,-7050,0.00424685,169.826,0.82957,-0.00380373,0.00420154,0.0,112.677,0.0076901,15.2833,2.32001,1134.84,0.237581,0.0395451,0.334266,0.110393,15.4589,19.87,0.183433
sweep,100324,1.18492,34.3891,0.769113,3.27774,0.365372,0.291961,0.0590357,1.42664,263.812,0.0988651,93.7673,0.0150608,0.808884,2.34998,1.1802,193.118,50,10,-1048576,-7050,0.00324667,267.766,0.339722,0.0056661,0.00226715,0.0,152.957,0.0722795,65.2939,0.160883,1075.13,0.37279,0.0822531,0.234479,0.280182,27.164,11.4371,0.125943
sweep,100325,1.03829,23.8821,0.814936,4.58041,0.826168,0.137999,0.162498,3.04216,134.345,0.038927,30.4552,0.00478911,0.437222,2.07979,1.03412,237.291,50,10,-1048576,-7050,0.00231196,185.89,0.343263,-0.0120444,0.00885512,0.0,158.662,0.0745046,71.9208,2.27512,258.534,0.212768,0.0125945,0.236014,0.230588,17.2911,17.1364,0.310316
sweep,100326,0.801386,32.0203,0.531836,1.46152,1.1404,0.151047,0.0483738,0.480849,283.108,0.060455,31.1587,0.146992,0.044174,2.0985,0.66146,239.559,50,10,-1048576,-7050,0.00147055,230.674,0.236304,0.0102858,0.00696101,0.0,176.954,0.0792546,61.5257,2.86289,927.711,0.37544,0.0503535,0.445722,0.289372,18.3886,8.45538,0.24955
sweep,100327,1.2115,28.7501,0.650907,1.96363,0.318885,0.0685225,0.127604,1.47406,240.785,0.133117,9.70128,0.1941,0.367154,1.82892,0.548127,130.238,50,10,-1048576,-7050,0.000465962,237.955,0.75445,0.00586961,0.00558301,0.0,3.44562,0.0250652,8.05908,2.40925,349.297,0.262307,0.0108478,0.104673,0.138612,8.39869,24.8826,0.206831
sweep,100328,0.808884,27.4287,0.496328,5.40845,1.28505,0.272279,0.252801,0.414736,229.302,0.0351597,31.7393,0.183067,0.729375,2.90563,1.22554,407.191,50,10,-1048576,-7050,0.00492852,221.133,0.859369,0.0141788,0.00205623,0.0,135.642,0.00585444,41.533,1.21476,1100.91,0.590356,0.0272874,0.17998,0.201446,4.71473,16.4129,0.194258
sweep,100329,1.09119,20.5304,0.656235,5.29436,0.780171,0.423657,0.138749,2.30606,273.973,0.0698683,21.6511,0.078605,0.87247,2.49935,1.16813,439.236,50,10,-1048576,-7050,0.00107593,114.41,0.301043,0.0161381,0.00561723,0.0,40.832,0.0593289,76.1836,0.397122,1128.39,0.365696,0.0889786,0.360914,0.257328,27.9071,10.6757,0.485553
sweep,100330,1.28135,34.1463,0.565386,1.33147,1.16295,0.352437,0.187741,0.740393,82.1989,0.0302037,85.7677,0.102756,0.23831,1.37023,1.04056,504.548,50,10,-1048576,-7050,0.00415058,296.928,0.516037,-0.00659101,0.00644096,0.0,9.79599,0.0279235,52.5344,2.75338,660.313,0.216566,0.0995986,0.577953,0.146262,24.6177,26.0522,0.405436
sweep,100331,1.16886,32.9386,0.0599726,2.50971,0.225525,0.299504,0.2351,4.6547,298.303,0.155008,31.5065,0.0606357,0.0865814,1.24779,0.645224,447.522,50,10,-1048576,-7050,0.00106099,183.635,0.0722272,0.0142508,0.00984851,0.0,51.5114,0.0907734,63.0772,0.887883,936.958,0.470664,0.0700249,0.369778,0.132649,24.0422,14.9432,0.371344
sweep,100332,1.09108,23.1927,0.218516,2.55427,0.164443,0.0784592,0.226882,2.74477,264.179,0.0648795,22.3328,0.114831,0.486279,2.74082,0.821622,473.984,50,10,-1048576,-7050,0.00413683,11.2897,0.521925,-0.0101088,0.00786011,0.0,7.1808,0.0755361,70.0183,2.11063,463.443,0.113494,0.0678921,0.0561622,0.20543,22.8878,3.9838,0.320021
sweep,100333,1.12332,27.136,0.866859,1.41848,0.495071,0.0907221,0.139839,1.53505,123.398,0.181847,13.4247,7.89715e-06,0.0424149,2.45134,0.95095,575.091,50,10,-1048576,-7050,0.00492031,116.957,0.90773,0.00709686,0.00681835,0.0,95.2871,0.0456945,52.4401,2.04511,555.855,0.389817,0.0169773,0.171496,0.284519,19.7356,23.1002,0.156779
sweep,100334,0.87901,22.6932,0.21164,3.98711,0.931678,0.297695,0.292941,2.76721,246.052,0.0909084,72.5342,0.0762663,0.497706,2.17747,0.862155,597.509,50,10,-1048576,-7050,0.00271971,142.158,0.960954,0.00889083,0.00673884,0.0,32.1479,0.0954614,65.0031,1.5576,457.602,0.395231,0.0303666,0.50566,0.130218,10.1667,10.7485,0.0566924
sweep,100335,0.805235,39.3583,0.582286,5.73825,0.774087,0.311227,0.0611889,2.95086,142.675,0.129078,8.81396,0.0706558,0.141003,2.40567,1.43611,526.919,50,10,-1048576,-7050,0.00467593,50.7745,0.749731,-0.00628586,0.00780926,0.0,74.8918,0.0763149,37.0793,2.11426,770.332,0.421865,0.0392723,0.223017,0.222378,16.5739,3.16567,0.186034
sweep,100336,1.29626,35.9414,0.123569,2.46282,1.27331,0.357932,0.279166,3.1516,31.1927,0.127157,93.2435,0.114319,0.274865,1.15552,0.848089,391.001,50,10,-1048576,-7050,0.00379687,184.819,0.812348,0.00598942,0.00760518,0.0,10.3945,0.0581837,9.74115,2.29006,495.434,0.367272,0.0613197,0.421453,0.120934,19.1808,25.2765,0.443982
sweep,100337,1.18497,18.4452,0.863236,5.55124,0.8149,0.232225,0.0347964,2.65455,125.196,0.0830668,44.3952,0.156299,0.947138,2.88932,0.628671,183.922,50,10,-1048576,-7050,0.00171039,35.1442,0.857548,-0.00740837,0.00312501,0.0,72.6826,0.0273769,46.9368,2.63534,14.1093,0.423425,0.0120731,0.356392,0.216167,7.32584,12.8976,0.468131
sweep,100338,1.27605,37.8781,0.799481,2.85736,0.904089,0.123401,0.0657507,4.11832,213.32,0.14332,40.1934,0.0377339,0.198807,1.94526,0.647325,422.691,50,10,-1048576,-7050,0.00377356,268.254,0.710448,0.00507071,0.00500179,0.0,50.0575,0.0998891,21.2676,2.65363,943.081,0.525908,0.0846203,0.176532,0.227873,28.9644,25.4447,0.263364
sweep,100339,0.982302,22.5645,0.0330926,1.13885,0.198757,0.0847328,0.13683,4.20825,92.6183,0.147208,96.2879,0.130254,0.255551,2.37803,0.84515,308.834,50,10,-1048576,-7050,0.00382607,71.3764,0.361906,-0.0137364,0.00490861,0.0,146.624,0.0754919,11.2251,2.72279,52.4275,0.470563,0.057075,0.56784,0.251708,24.6017,11.9533,0.374077
sweep,100340,1.27926,19.3299,0.6618,3.44655,1.33722,0.364429,0.197441,2.8551,292.601,0.171754,25.8939,0.158731,0.550351,1.46832,1.28105,393.466,50,10,-1048576,-7050,0.00116817,138.293,0.700983,0.0125618,0.00140429,0.0,115.018,0.037086,53.0437,1.29811,943.531,0.435779,0.0433495,0.376129,0.0825211,20.2008,23.2865,0.377721
sweep,100341,1.26499,38.929,0.657055,3.34618,1.01248,0.192329,0.134046,0.698523,163.099,0.17709,40.4263,0.0902334,0.520396,1.39059,1.37716,577.406,50,10,-1048576,-7050,0.00267024,237.17,0.889794,0.00919206,0.006727,0.0,157.174,0.0192605,52.2024,0.0360414,955.366,0.331726,0.0693329,0.348232,0.248716,23.6552,28.9732,0.519795
sweep,100342,0.932988,28.2114,0.621082,4.34711,0.293417,0.209511,0.284541,0.0457668,170.468,0.196453,17.5759,0.000771504,0.392149,2.04904,0.951975,187.561,50,10,-1048576,-7050,0.00202696,32.2954,0.185511,0.0138332,0.00270526,0.0,33.2996,0.0420943,16.086,1.05602,668.098,0.280456,0.0070905,0.562975,0.284671,23.3386,11.471,0.285528
sweep,100343,1.23209,28.3161,0.900664,3.37046,0.511316,0.26203,0.138628,3.80648,267.542,0.0274199,16.4645,0.14067,0.835319,2.19224,1.20542,328.975,50,10,-1048576,-7050,0.00307332,70.22,0.357125,0.0036363,0.00213189,0.0,47.9652,0.0712556,19.562,1.4998,689.376,0.414827,0.00840753,0.184277,0.283183,20.2993,26.0849,0.0793354
sweep,100344,0.907204,36.455,0.719923,3.91223,1.07354,0.446605,0.0420102,3.00057,104.053,0.169655,93.8863,0.159921,0.68124,2.87355,1.40649,325.342,50,10,-1048576,-7050,0.00177387,18.3154,0.502257,0.00894573,0.00105904,0.0,148.702,0.0188006,60.3549,0.973024,314.775,0.16132,0.0295343,0.184662,0.125742,10.1152,27.1117,0.255031
sweep,100345,1.22983,34.5025,0.847597,3.04512,0.434435,0.144121,0.066517,3.04339,155.065,0.170123,84.1558,0.1366,0.276327,2.04603,0.546588,577.02,50,10,-1048576,-7050,0.00354175,8.01742,0.691702,-0.0124098,0.00115654,0.0,31.2886,0.0589462,9.80263,0.792046,560.142,0.480752,0.0913821,0.13201,0.131688,20.028,29.0822,0.39334
sweep,100346,0.92225,26.9308,0.717521,4.03873,1.27919,0.486002,0.247571,1.45942,82.9532,0.127311,85.6071,0.199947,0.69718,2.7894,0.594377,344.291,50,10,-1048576,-7050,0.00490326,88.0278,0.510243,0.0146153,0.00246874,0.0,117.23,0.0645709,64.7454,2.42144,1053.82,0.475181,0.086529,0.471427,0.0436072,29.2492,13.3346,0.54553
sweep,100347,1.00875,32.1926,0.180781,5.30352,1.42443,0.145709,0.0598452,0.424401,168.992,0.0397806,7.47832,0.0564532,0.788298,1.99625,0.873135,306.393,50,10,-1048576,-7050,0.00302462,204.795,0.817485,-0.00450078,0.00237817,0.0,188.977,0.0993334,29.3201,1.73757,528.303,0.491139,0.00770434,0.234104,0.0849523,5.40411,12.3575,0.376959
sweep,100348,0.949134,19.0562,0.0596733,5.02558,1.26823,0.303713,0.22936,4.32877,127.164,0.0943364,87.7967,0.144999,0.465438,1.57948,1.40342,121.415,50,10,-1048576,-7050,0.00435254,127.681,0.787539,0.0031087,0.00647588,0.0,154.278,0.0317924,59.7545,1.68204,330.471,0.19073,0.073517,0.483087,0.165123,2.96733,12.5705,0.463219
sweep,100349,0.732189,19.3407,0.890251,1.95443,1.11333,0.252797,0.0525709,3.77583,144.123,0.0652146,7.68709,0.0942069,0.315225,1.89511,1.04896,284.78,50,10,-1048576,-7050,0.00456637,287.793,0.665818,-0.0187354,0.00716481,0.0,110.067,0.0146177,52.8159,0.81339,272.319,0.318037,0.0367695,0.555384,0.217653,18.1483,6.23342,0.568178
sweep,100350,1.14361,19.246,0.944828,1.58116,1.45608,0.462844,0.28289,4.9369,103.478,0.189363,83.5827,0.136865,0.381489,1.27644,1.19616,311.909,50,10,-1048576,-7050,0.00268173,16.6198,0.78122,0.00579426,0.000683938,0.0,194.711,0.0565834,10.4175,0.815947,70.2458,0.162444,0.07957,0.536663,0.150627,29.2312,6.64014,0.402318
sweep,100351,1.21997,30.5542,0.415841,4.10514,0.694748,0.318419,0.0414952,2.13346,282.42,0.0765198,79.7301,0.159775,0.80034,2.50852,0.727614,318.433,50,10,-1048576,-7050,0.00273429,213.17,0.908403,0.0086613,0.00902841,0.0,188.733,0.0115071,34.5698,1.46525,1016.59,0.110811,0.07815,0.273539,0.0322652,24.3677,28.3771,0.0673209
sweep,100352,1.00619,37.2222,0.152393,4.38137,0.427104,0.119947,0.162883,4.93031,297.49,0.139373,26.2516,0.0367522,0.980889,1.88711,0.703011,524.506,50,10,-1048576,-7050,0.0015171,291.682,0.871707,0.00137513,0.00531889,0.0,29.9888,0.00894398,64.5692,1.83264,103.731,0.509533,0.0133406,0.1191,0.0620093,26.1637,18.1802,0.459242
sweep,100353,0.778858,39.4274,0.32396,1.62648,1.37936,0.403804,0.168608,1.57757,294.762,0.163421,29.5673,0.0804711,0.667177,2.55977,1.18182,446.051,50,10,-1048576,-7050,0.0030462,69.4487,0.0868781,0.000363177,0.00841687,0.0,42.6651,0.0523857,9.63812,0.968802,107.548,0.260056,0.00710475,0.429816,0.0995348,11.0803,16.8768,0.350996
sweep,100354,0.870996,36.3517,0.642541,5.89279,0.587004,0.242702,0.189191,3.58956,133.145,0.185035,52.7662,0.0983156,0.587878,2.19136,0.822418,279.74,50,10,-1048576,-7050,0.000522075,241.81,0.391063,-0.00456989,0.00452543,0.0,199.481,0.0559086,30.2715,1.47944,336.139,0.198053,0.0741745,0.367691,0.0747742,4.25212,14.2683,0.28566
sweep,100355,1.16166,30.9118,0.190144,4.32282,0.717219,0.477523,0.102297,2.09321,137.236,0.0427192,66.7128,0.159187,0.115639,1.93843,1.17505,456.473,50,10,-1048576,-7050,0.00259074,293.434,0.148588,0.0155065,0.00539139,0.0,51.5375,0.0247955,23.6482,0.768133,1168.81,0.283472,0.0293351,0.291196,0.0742385,27.5467,8.80589,0.301605
sweep,100356,0.752356,32.8752,0.528614,5.28541,1.29095,0.0728739,0.0957504,0.166775,180.023,0.134682,32.6474,0.132241,0.0765236,2.18455,0.567856,207.843,50,10,-1048576,-7050,0.00453836,95.9235,0.786295,0.00974721,0.00510306,0.0,100.068,0.0727116,47.4505,2.49931,273.153,0.554825,0.0729874,0.19425,0.224403,3.56226,15.4897,0.486923
sweep,100357,0.848952,39.1364,0.0583385,4.73433,0.0478301,0.144802,0.237949,2.78534,179.486,0.193959,49.9125,0.126808,0.561477,1.78153,1.26949,387.89,50,10,-1048576,-7050,0.000958164,221.941,0.729068,0.0171213,0.00690049,0.0,195.157,0.0405386,57.9001,2.11528,959.693,0.279195,0.0976792,0.437975,0.228242,29.5165,5.67609,0.0901948
sweep,100358,1.02082,19.3833,0.926527,2.21602,1.40511,0.050426,0.292259,1.00049,150.169,0.177233,61.5833,0.0124356,0.0277042,2.15858,0.912013,215.027,50,10,-1048576,-7050,0.00362903,175.355,0.207546,0.0027516,0.00513323,0.0,130.544,0.0704291,74.6407,0.950783,298.503,0.135702,0.0975453,0.34823,0.228574,17.0437,28.4773,0.208074
sweep,100359,1.1571,32.0345,0.649026,1.90942,1.02949,0.476016,0.187232,0.781615,283.982,0.15171,79.313,0.0715277,0.103779,2.80975,1.24085,114.841,50,10,-1048576,-7050,0.00266693,106.149,0.307049,0.0167615,0.00466672,0.0,191.946,0.0713316,40.7409,2.33732,516.403,0.583254,0.0282083,0.590639,0.23189,28.651,8.14191,0.457601
sweep,100360,1.1927,39.1485,0.201484,3.82423,1.25932,0.0790651,0.215425,4.61932,74.5154,0.171916,70.3361,0.0537985,0.75153,2.32883,0.50728,502.691,50,10,-1048576,-7050,0.00358309,289.955,0.577327,0.0119354,0.00646424,0.0,26.2774,0.090117,50.7512,0.309905,212.003,0.28132,0.0959382,0.285728,0.0418809,22.5582,28.6091,0.285095
sweep,100361,0.891704,21.7875,0.547076,3.67431,0.911257,0.220715,0.0738017,1.31826,236.992,0.082811,40.5984,0.0324138,0.19303,1.51752,0.733191,334.98,50,10,-1048576,-7050,0.000661778,50.3017,0.0752405,0.0135492,0.0044956,0.0,76.7756,0.0105744,24.5467,2.11513,1047.87,0.536177,0.099308,0.280788,0.0915673,15.4653,11.4643,0.0868407
sweep,100362,0.917971,26.9635,0.723034,2.13215,1.08392,0.252554,0.242178,2.88134,107.349,0.153592,47.6886,0.0793485,0.506728,1.66518,0.649328,372.015,50,10,-1048576,-7050,0.00396449,165.743,0.281773,0.0132284,0.00989201,0.0,62.9448,0.0873077,45.179,1.59179,743.59,0.308053,0.0752729,0.491671,0.290696,22.3891,26.9451,0.115373
sweep,100363,1.15269,28.3527,0.102463,1.83893,0.65179,0.0314698,0.0439134,0.445817,200.735,0.131953,62.5588,0.138372,0.750875,1.61427,1.40781,551.065,50,10,-1048576,-7050,0.000474792,233.927,0.100839,-0.0137539,0.00587777,0.0,74.1814,0.0151985,17.0444,2.46782,946.528,0.289824,0.0100601,0.539139,0.126923,23.645,5.90162,0.582889
sweep,100364,1.17906,34.436,0.426109,3.77248,1.35447,0.217503,0.194136,2.11844,262.89,0.145217,43.3025,0.141095,0.409672,1.99628,1.07598,246.723,50,10,-1048576,-7050,0.00164613,165.977,0.241915,-0.0167123,0.00218268,0.0,1.0855,0.0161316,41.8787,1.20893,544.192,0.225371,0.0666788,0.245867,0.10787,26.92,7.64357,0.104237
sweep,100365,0.794616,30.6283,0.24161,3.82029,1.43864,0.0652559,0.193114,1.64244,144.182,0.167499,52.0925,0.197794,0.9454,1.09159,1.07613,508.585,50,10,-1048576,-7050,0.00045476,144.955,0.400297,-0.0176644,0.00836347,0.0,182.191,0.0403202,16.9043,1.43784,1119.61,0.209411,0.0546972,0.0524744,0.141999,24.5913,6.75541,0.540358
sweep,100366,1.15167,39.8378,0.971819,4.75747,0.36663,0.40004,0.246978,4.63355,152.26,0.0804754,13.3016,0.0642815,0.226008,1.41524,1.10821,288.094,50,10,-1048576,-7050,0.00213489,162.206,0.376838,-0.0110181,0.00663072,0.0,6.33471,0.0544198,17.3802,1.18231,391.923,0.582794,0.0379795,0.215976,0.163495,13.9056,18.1295,0.0502956
sweep,100367,0.911162,31.7462,0.557183,4.57835,0.833041,0.361668,0.192962,0.307205,32.3671,0.0367572,71.8355,0.144922,0.960668,1.51146,1.12049,266.698,50,10,-1048576,-7050,0.00356749,154.036,0.661303,0.0132712,0.00573824,0.0,122.051,0.0267369,51.9454,2.3976,382.982,0.128145,0.0318767,0.411148,0.115127,20.6557,11.7773,0.354031
sweep,100368,0.981941,29.5299,0.214381,3.08531,1.48763,0.49477,0.166288,4.65764,66.2959,0.0976489,54.4966,0.0856265,0.35749,1.96253,1.20584,549.219,50,10,-1048576,-7050,0.000591526,269.175,0.254747,0.0189609,0.00829877,0.0,22.294,0.0298562,26.7438,1.24738,1152.9,0.422968,0.03812,0.426163,0.0602096,8.83681,9.57332,0.576885
sweep,100369,0.968159,29.9316,0.397496,4.0518,1.17902,0.267123,0.0550737,1.00832,63.6454,0.14159,19.7718,0.152771,0.175839,2.36722,0.952368,539.661,50,10,-1048576,-7050,0.00355212,213.938,0.15515,-0.009072,0.00859507,0.0,56.3056,0.0266533,54.4093,1.84802,847.103,0.400997,0.0616493,0.164886,0.157652,18.4973,3.5512,0.540855
sweep,100370,1.00927,36.7314,0.289607,2.09564,0.464402,0.220768,0.25964,1.12748,107.473,0.0595957,99.8151,0.122452,0.433631,2.30417,0.609175,473.16,50,10,-1048576,-7050,0.00145678,287.901,0.299858,0.0136179,0.000328082,0.0,94.7475,0.0390346,63.8301,0.501748,555.297,0.518203,0.0167404,0.471654,0.229616,23.3453,24.4018,0.230855
sweep,100371,1.22078,23.6696,0.0089189,5.0441,0.676551,0.311537,0.153386,1.31537,177.625,0.161995,70.8103,0.178204,0.841357,2.05106,0.933956,215.711,50,10,-1048576,-7050,0.00282033,135.346,0.572919,0.00864153,0.00891463,0.0,23.2477,0.0844157,13.4975,2.12053,393.607,0.491253,0.0223138,0.188901,0.2886,5.73336,4.72747,0.0693007
sweep,100372,0.939533,27.7307,0.155262,4.4996,1.31557,0.354975,0.247493,1.91167,241.675,0.195732,65.8802,0.0040463,0.421947,2.11528,1.31835,569.21,50,10,-1048576,-7050,0.00436655,188.332,0.139367,-0.00731467,0.00675566,0.0,65.8465,0.016206,12.5719,0.89595,786.621,0.316611,0.0170216,0.295176,0.0557183,10.9126,25.8362,0.429051
sweep,100373,1.14518,34.7728,0.708984,2.73637,1.29844,0.0938917,0.157827,0.393697,216.885,0.0919998,79.8368,0.0820504,0.419405,1.15322,0.507425,110.244,50,10,-1048576,-7050,0.00241629,17.8384,0.267558,-0.00266669,0.00280437,0.0,171.619,0.0424926,21.3056,0.0175629,367.708,0.125596,0.0144423,0.527494,0.176377,15.3743,15.6795,0.29892
sweep,100374,1.01991,25.0027,0.329135,4.72656,0.916687,0.130851,0.161306,1.78538,51.0164,0.0459418,77.3657,0.0840439,0.857439,1.6965,1.33269,533.791,50,10,-1048576,-7050,0.00265833,279.471,0.935627,-0.00845646,0.00452278,0.0,100.582,0.0642969,32.0021,0.440926,101.265,0.567941,0.0965291,0.164839,0.2228,6.88808,5.15712,0.0664574
sweep,100375,1.23468,21.0479,0.896768,4.45503,0.574484,0.149838,0.186261,4.94389,118.649,0.188126,45.4394,0.0106419,0.268809,2.51226,0.77559,179.253,50,10,-1048576,-7050,0.0023791,31.8445,0.314075,-0.00289264,0.000956704,0.0,98.9479,0.058908,79.9907,0.113824,1035.11,0.224089,0.0398466,0.513325,0.179145,19.3374,2.32184,0.525113
sweep,100376,1.18586,27.1266,0.116302,1.52656,0.800082,0.202444,0.160887,2.4899,80.593,0.0747685,96.4666,0.0982096,0.504296,2.73297,1.32331,597.768,50,10,-1048576,-7050,0.0024187,287.962,0.0894,-0.00900486,0.00147141,0.0,182.613,0.0547806,61.3927,1.32304,487.218,0.157659,0.0153602,0.386508,0.0498213,15.8122,14.4052,0.135261
sweep,100377,0.982122,28.3724,0.0535342,4.8913,0.00752541,0.0844888,0.260503,3.92973,163.51,0.162187,58.9788,0.183914,0.498897,2.70371,1.35742,467.621,50,10,-1048576,-7050,0.00332992,100.836,0.227574,-1.98941e-05,0.00497736,0.0,14.7104,0.0753617,68.1884,0.622322,586.044,0.508125,0.0134999,0.444704,0.265373,12.2475,14.6136,0.502479
sweep,100378,0.731258,39.1139,0.623106,1.77851,1.35681,0.284075,0.263641,2.59865,86.8823,0.0623121,21.9735,0.113935,0.078808,1.23221,0.732222,504.883,50,10,-1048576,-7050,0.000158432,47.6104,0.332656,-0.0184599,0.00524076,0.0,0.923172,0.0343801,34.5356,1.57853,1165.23,0.489323,0.0639237,0.222307,0.299115,16.9478,24.4335,0.587908
sweep,100379,1.26265,34.4157,0.706829,1.88963,0.835867,0.482236,0.297952,1.50117,178.3,0.0920402,52.2836,0.090574,0.766232,1.67072,1.38237,109.804,50,10,-1048576,-7050,0.000147884,43.9871,0.229259,-0.012131,0.00508865,0.0,150.7,0.0165356,46.6786,0.734772,351.849,0.36391,0.0828814,0.278785,0.0406828,5.14051,22.3883,0.576992
sweep,100380,1.26901,33.645,0.615459,3.23501,0.803653,0.288727,0.0283366,4.49492,273.453,0.135023,19.8102,0.11014,0.421558,2.5698,0.755149,458.481,50,10,-1048576,-7050,0.00429569,248.573,0.246221,0.00279783,0.00710671,0.0,112.393,0.0744571,77.1336,2.23649,1189.93,0.519051,0.0073776,0.506917,0.260058,26.8445,6.73959,0.185567
sweep,100381,0.724681,26.7471,0.220095,1.05077,1.26619,0.39425,0.144626,0.602016,97.9206,0.12847,5.35208,0.0909759,0.352693,2.28989,0.985629,534.832,50,10,-1048576,-7050,0.00194084,173.834,0.362144,0.0066037,0.0054274,0.0,76.2788,0.0400246,69.3247,2.23493,629.622,0.128826,0.077414,0.441167,0.177763,21.7496,7.19279,0.365448
sweep,100382,1.12753,39.6104,0.465744,2.93223,0.14043,0.464483,0.228583,3.76209,140.866,0.0612179,72.2072,0.182736,0.204335,2.15642,0.511382,327.989,50,10,-1048576,-7050,0.00239627,134.344,0.453916,0.00311329,0.00862846,0.0,21.2997,0.0393183,49.6133,0.00318221,236.152,0.183473,0.0945577,0.338242,0.198111,2.30334,16.2618,0.0532091
sweep,100383,0.880843,34.1376,0.344252,4.19846,1.21459,0.205116,0.0990339,2.01867,210.45,0.087997,54.2152,0.00574354,0.608113,1.00697,1.18953,242.157,50,10,-1048576,-7050,0.00410484,227.298,0.745985,-0.00529268,0.00373029,0.0,146.257,0.0573247,71.4503,2.46529,477.632,0.155065,0.0384055,0.536333,0.0516483,25.6439,2.72044,0.109691
sweep,100384,0.739665,18.3461,0.758719,3.1803,0.190146,0.15161,0.24764,2.14708,297.624,0.189879,42.4476,0.0403648,0.98624,2.38875,0.987059,103.437,50,10,-1048576,-7050,0.00115644,5.05165,0.452101,0.00296806,0.00599661,0.0,190.769,0.09791,55.3189,0.308963,969.355,0.142162,0.0698849,0.316526,0.218315,12.1355,27.2754,0.302851
sweep,100385,0.714107,37.3428,0.607232,4.48204,0.239155,0.205064,0.0244968,4.16191,203.114,0.0393573,10.9991,0.0586778,0.96562,1.47899,1.45911,239.254,50,10,-1048576,-7050,0.00148735,159.701,0.896535,0.0016416,0.000801109,0.0,79.6399,0.0427005,35.7183,2.40491,36.4379,0.371209,0.0231323,0.222925,0.261344,14.3693,21.0383,0.40386
sweep,100386,0.792462,25.7959,0.964456,5.82646,1.20142,0.192943,0.205932,1.76959,113.97,0.148087,21.134,0.198894,0.580274,1.69675,1.13711,347.594,50,10,-1048576,-7050,0.0019017,273.373,0.102606,-0.00926699,0.00109897,0.0,84.8604,0.0885845,26.3337,0.730707,132.576,0.479492,0.0861755,0.287236,0.186796,4.51722,20.4821,0.235046
sweep,100387,0.841154,33.2812,0.711866,2.7553,1.48814,0.406956,0.143432,1.35485,39.2744,0.16024,78.2839,0.118871,0.0217706,1.03195,0.77858,206.516,50,10,-1048576,-7050,0.00211589,127.95,0.0565792,0.00585352,0.00979129,0.0,185.296,0.0862768,33.8958,1.51472,56.2584,0.359424,0.0193079,0.430058,0.141036,20.9406,25.6815,0.298424
sweep,100388,0.867952,38.9781,0.413219,1.25545,1.23244,0.46998,0.101062,1.43233,38.126,0.116439,53.8606,0.145749,0.935662,1.96852,0.982893,288.513,50,10,-1048576,-7050,7.09955e-05,202.558,0.12972,-0.00255429,0.00895137,0.0,105.17,0.00720375,10.819,1.72969,748.568,0.141062,0.0396411,0.59244,0.283208,20.2178,13.1057,0.158481
sweep,100389,0.767977,19.6127,0.230649,2.78874,1.24939,0.38725,0.179313,3.31511,245.494,0.0251767,60.5456,0.10578,0.788692,2.04208,0.947711,406.819,50,10,-1048576,-7050,0.00492134,119.338,0.431614,-0.0046739,0.00480201,0.0,62.1988,0.0462034,47.4356,1.03004,113.138,0.47678,0.0967124,0.149817,0.12204,16.8809,27.4183,0.204107
sweep,100390,1.12107,39.2206,0.84815,1.62441,0.595545,0.171632,0.244237,3.17128,78.7409,0.174739,27.5434,0.106787,0.0267185,1.56464,0.547945,466.488,50,10,-1048576,-7050,0.00352107,252.32,0.157762,0.0105635,0.00923658,0.0,4.39618,0.0965664,69.2986,1.34609,920.749,0.334141,0.0769432,0.0774347,0.0785528,8.38711,9.38799,0.146071
sweep,100391,0.862011,28.975,0.206293,1.47522,0.27582,0.0251024,0.230169,1.8007,135.309,0.0239023,35.8721,0.127992,0.887178,1.36782,1.16649,265.904,50,10,-1048576,-7050,0.00258797,294.678,0.958965,-0.00202336,0.00230633,0.0,6.61367,0.0223172,67.0088,1.59584,1047.33,0.33244,0.0526254,0.240425,0.104699,5.00315,2.39278,0.404245
sweep,100392,1.24806,32.5793,0.94319,2.3096,0.752137,0.49481,0.0430996,4.59495,230.046,0.0972367,27.8132,0.0768748,0.383727,2.75437,0.501668,330.554,50,10,-1048576,-7050,0.00491726,43.8009,0.388883,0.00599181,0.00411718,0.0,182.71,0.0101658,73.2417,2.13402,918.381,0.411559,0.0919528,0.406443,0.0817881,18.6975,19.9815,0.452307
sweep,100393,1.20099,22.8816,0.500127,4.9999,0.915294,0.192465,0.175552,4.61986,184.096,0.14871,82.2515,0.0334885,0.087688,2.12633,1.362,347.349,50,10,-1048576,-7050,0.00333523,33.9613,0.753281,-0.0165828,0.00236316,0.0,82.3319,0.0159246,10.9901,2.62356,474.342,0.423003,0.0724731,0.117077,0.186154,2.16016,4.66138,0.184146
sweep,100394,1.08515,35.5438,0.0598509,2.11233,1.39433,0.345542,0.0416347,4.28737,75.4869,0.130398,85.481,0.0560561,0.819658,2.89336,0.502166,569.643,50,10,-1048576,-7050,0.00447611,134.365,0.921775,0.0072562,0.00849904,0.0,5.88916,0.0858003,9.25169,1.92073,803.398,0.382463,0.0992447,0.417011,0.269932,20.7021,19.3724,0.352835
sweep,100395,0.806282,34.415,0.0682969,3.03405,0.709892,0.384806,0.249281,2.62612,111.847,0.0371446,12.4026,0.0882775,0.969509,2.38535,0.761385,501.54,50,10,-1048576,-7050,0.00443254,55.8526,0.194238,-0.0167255,0.0068729,0.0,191.537,0.0882245,78.2837,2.19647,34.6148,0.321595,0.0416891,0.256192,0.258738,26.245,22.0867,0.503021
sweep,100396,0.910728,31.2556,0.795954,3.16064,1.07525,0.31386,0.298532,1.8445,274.545,0.177383,71.5152,0.000778544,0.34616,2.53843,1.23227,361.958,50,10,-1048576,-7050,0.00332248,129.187,0.703816,0.0182119,0.00440257,0.0,86.4339,0.0884443,48.9674,0.393153,605.118,0.464956,0.0461825,0.161073,0.243734,6.19329,15.0469,0.162885
sweep,100397,1.21407,20.8236,0.700582,3.81744,0.790849,0.398792,0.0963133,0.430437,105.778,0.183332,74.3878,0.171333,0.774721,1.7417,1.37057,225.541,50,10,-1048576,-7050,0.00355132,6.01615,0.536865,-0.0180597,0.00446863,0.0,75.988,0.0311655,55.9249,1.24183,1153.33,0.264372,0.0402896,0.118836,0.220458,24.4159,12.79,0.495615
sweep,100398,1.05344,20.0086,0.679864,2.36086,0.334584,0.487534,0.111907,0.940345,64.06,0.0931335,92.163,0.00659075,0.13355,1.84992,1.31519,306.048,50,10,-1048576,-7050,0.00379477,45.1846,0.149129,-0.0153729,0.00712228,0.0,51.7754,0.0774754,17.1165,0.457311,225.893,0.374969,0.0777866,0.164584,0.240996,5.67149,4.59322,0.112897
sweep,100399,1.26491,35.4951,0.836385,4.11684,0.0836367,0.314983,0.199842,3.89181,193.073,0.074373,78.8964,0.0170114,0.327871,1.80342,1.11409,363.145,50,10,-1048576,-7050,0.00136167,289.931,0.262423,-0.0185615,0.0014779,0.0,76.4243,0.0414458,29.4016,0.0137621,951.45,0.353111,0.0655499,0.0944673,0.144508,23.9435,5.43732,0.406537
sweep,100400,0.829454,36.013,0.759152,2.55494,0.814917,0.332345,0.205349,3.31086,229.642,0.192089,52.5866,0.0209451,0.0296963,2.84867,1.21558,239.996,50,10,-1048576,-7050,0.00373547,196.307,0.650977,0.0033319,0.00907536,0.0,51.9717,0.00899218,8.79458,0.146872,366.842,0.217164,0.0487446,0.0761829,0.079386,24.9837,28.608,0.183562
sweep,100401,1.17164,26.8069,0.743672,2.91884,0.56807,0.167952,0.158012,0.193761,134.345,0.0961291,85.6798,0.100795,0.623348,1.90612,1.20506,384.108,50,10,-1048576,-7050,0.00151241,160.831,0.437983,0.0128507,0.000138442,0.0,162.426,0.0482759,71.6352,2.07625,260.259,0.214625,0.0558205,0.289159,0.270506,11.4513,20.8938,0.355892
sweep,100402,0.846621,39.8067,0.305016,5.04031,0.925882,0.235658,0.179851,2.21816,205.354,0.124883,27.639,0.152516,0.566959,1.90795,1.18064,186.53,50,10,-1048576,-7050,0.00348942,172.565,0.0679254,-0.0159033,0.00614783,0.0,155.59,0.0694653,76.2984,2.40108,1132.38,0.400882,0.0144262,0.0558096,0.0792403,4.46768,9.11571,0.548275
sweep,100403,1.15949,26.602,0.182578,3.18219,0.315956,0.313273,0.273264,2.57594,187.614,0.0874156,62.2589,0.0574647,0.512523,1.57206,0.665216,307.975,50,10,-1048576,-7050,0.00430389,287.862,0.0831047,-0.00802152,0.0057324,0.0,134.815,0.0534393,44.216,1.79407,350.986,0.430906,0.0814163,0.0925501,0.231869,6.88055,25.9761,0.0558626
sweep,100404,0.890125,31.2478,0.496879,5.72421,0.212744,0.298412,0.263257,0.195775,209.58,0.188036,81.312,0.0272418,0.189689,2.77029,1.2511,170.582,50,10,-1048576,-7050,0.000956678,292.531,0.16031,-0.00736288,0.00549344,0.0,139.59,0.0212326,67.6554,0.556927,970.857,0.384458,0.0901603,0.588282,0.263301,7.92099,23.0164,0.546784
sweep,100405,1.05255,19.9948,0.448059,1.31119,0.378815,0.0635193,0.106919,3.64792,175.566,0.129807,71.5051,0.15066,0.139421,1.77739,0.513434,323.133,50,10,-1048576,-7050,0.000884447,147.159,0.242959,0.00595771,0.00403503,0.0,116.392,0.0386016,23.1814,1.28257,214.886,0.132794,0.0528075,0.152344,0.203477,13.7407,20.4656,0.513663
sweep,100406,0.764237,39.6964,0.366831,3.23941,1.35387,0.264347,0.135074,3.81901,20.6298,0.114093,90.8594,0.01666,0.550311,1.24553,0.961301,348.16,50,10,-1048576,-7050,0.00345438,149.517,0.907037,-0.0126173,0.0097243,0.0,112.902,0.00931467,22.4747,1.29829,633.732,0.461076,0.0129647,0.541831,0.265201,29.9814,13.7644,0.340741
sweep,100407,1.29474,36.4684,0.796265,3.9928,0.153673,0.114512,0.143769,3.62389,110.606,0.10825,8.05004,0.0612434,0.824017,2.08814,0.948121,158.296,50,10,-1048576,-7050,0.00274986,64.6592,0.835698,-0.00940972,0.00234301,0.0,57.3087,0.0120316,36.456,2.44867,270.206,0.102091,0.00500453,0.418174,0.0722351,17.063,28.8874,0.499605
sweep,100408,0.935154,29.1815,0.3543,4.63225,1.14636,0.23232,0.0765068,1.3335,99.444,0.162785,40.3374,0.116905,0.160338,2.01798,1.48049,395.95,50,10,-1048576,-7050,0.000890707,94.1229,0.553232,0.0107063,0.000669849,0.0,57.4917,0.0242882,71.2669,0.671686,72.9726,0.205853,0.0593284,0.515547,0.197286,16.3077,5.8734,0.162056
sweep,100409,1.27168,24.5018,0.876901,4.99992,1.19849,0.384716,0.295129,3.13207,153.324,0.120479,11.7899,0.00552696,0.0556335,2.78333,1.43478,403.674,50,10,-1048576,-7050,0.00342538,272.164,0.337642,0.0193249,0.00435306,0.0,66.1842,0.045663,34.3882,1.19079,0.224123,0.130017,0.0112574,0.100887,0.182132,16.009,18.0493,0.409345
sweep,100410,0.892887,28.3634,0.777153,3.23781,0.710818,0.391127,0.0546293,2.54648,249.302,0.0426988,43.7265,0.00871354,0.35716,1.11268,1.2412,196.662,50,10,-1048576,-7050,0.00493159,140.861,0.563834,-0.0184283,0.00311366,0.0,82.775,0.0580052,34.3264,2.72864,808.291,0.312751,0.0557854,0.417018,0.296367,26.136,11.7942,0.432972
sweep,100411,1.29205,26.0406,0.998438,5.13681,0.763487,0.11125,0.0375657,2.10365,179.822,0.15877,5.46076,0.0805778,0.986881,1.82134,0.93515,142.364,50,10,-1048576,-7050,0.00342607,224.585,0.651044,-0.0195038,0.00766767,0.0,151.28,0.0890865,52.962,0.214062,664.705,0.273199,0.0922938,0.119199,0.227456,7.27602,10.9802,0.318767
sweep,100412,1.09532,38.1305,0.70161,1.66434,0.23643,0.38283,0.171573,3.16697,143.684,0.183582,46.3224,0.0252616,0.671696,2.63175,0.508988,463.416,50,10,-1048576,-7050,0.00200225,248.427,0.613804,0.0099058,0.00620753,0.0,27.0336,0.0352732,16.3914,0.593426,245.0,0.423115,0.0847947,0.513319,0.260458,14.7993,8.40724,0.0646267
sweep,100413,1.04304,39.7667,0.587479,1.73034,1.21994,0.114518,0.147426,2.77526,274.507,0.0524066,26.274,0.172589,0.451483,2.14004,1.1448,223.665,50,10,-1048576,-7050,0.0045559,181.88,0.520974,0.0195263,0.00290697,0.0,72.7991,0.0315724,62.2885,2.60462,132.737,0.121993,0.0272433,0.544744,0.0666493,8.05341,27.5816,0.42954
sweep,100414,1.2138,23.1217,0.815897,2.65889,1.27439,0.156544,0.199154,2.13149,65.6305,0.101481,30.6805,0.0290463,0.667015,1.79014,0.873359,214.349,50,10,-1048576,-7050,0.00338975,269.245,0.85216,-0.00600461,0.00140421,0.0,65.9737,0.0565127,50.3989,0.656849,728.09,0.170145,0.0245443,0.107648,0.105722,6.89523,27.0943,0.0835041
sweep,100415,0.707642,19.0832,0.918693,4.94954,0.9331,0.0935949,0.23381,3.52985,30.184,0.0937595,46.5867,0.0737633,0.242034,1.15689,1.36628,469.618,50,10,-1048576,-7050,0.00159538,214.09,0.825274,-0.00460584,0.00877103,0.0,36.8082,0.0710463,42.8596,0.924805,724.717,0.169119,0.0457274,0.182231,0.295728,6.40768,19.7456,0.297474
sweep,100416,1.11021,36.4237,0.248829,4.2698,0.0762846,0.0675462,0.0241976,1.92925,47.9763,0.189384,96.4047,0.168538,0.177347,2.60331,1.35948,507.319,50,10,-1048576,-7050,0.00493893,296.349,0.49416,-0.00595166,0.0032288,0.0,108.346,0.0494945,38.9577,0.729434,1037.88,0.520509,0.0350208,0.163378,0.127721,28.0917,20.0642,0.255118
sweep,100417,1.09158,31.0785,0.675554,2.46885,1.31491,0.387135,0.163818,4.22664,56.331,0.155752,67.6632,0.189588,0.133535,2.02859,0.649193,140.79,50,10,-1048576,-7050,0.00224057,179.029,0.810571,0.0182508,0.00864628,0.0,129.826,0.0851238,33.5051,0.00945767,47.7908,0.390747,0.0735093,0.50915,0.131737,24.9379,18.0201,0.140564
sweep,100418,1.05123,37.1997,0.654999,1.64272,0.0201651,0.437406,0.1816,2.50633,49.0974,0.0506147,93.2822,0.0778883,0.286386,1.01956,0.683528,202.339,50,10,-1048576,-7050,0.00233719,34.6205,0.588153,0.00446538,0.00332581,0.0,121.09,0.0702891,46.0305,1.86605,908.561,0.391556,0.0676367,0.264189,0.262903,21.9999,11.8191,0.529132
sweep,100419,1.14968,36.746,0.171981,5.06618,0.62049,0.0205421,0.122317,2.00962,51.8253,0.126453,71.73,0.013476,0.416755,1.69468,0.59106,256.908,50,10,-1048576,-7050,0.00234393,203.058,0.421057,0.0164818,0.00834064,0.0,197.67,0.0174197,62.4868,0.696031,417.847,0.584703,0.0916695,0.101314,0.239388,14.043,22.7596,0.0723435
sweep,100420,0.938845,32.4589,0.148045,1.29791,0.2017,0.377774,0.109585,0.412916,153.41,0.160843,87.2395,0.193205,0.28481,2.53109,1.07614,382.452,50,10,-1048576,-7050,0.000762914,112.972,0.852091,0.0155763,0.00134789,0.0,136.952,0.0172352,64.7947,1.18587,45.5766,0.338975,0.0761388,0.396443,0.177525,19.7685,13.5988,0.443907
sweep,100421,0.884975,23.1245,0.557899,3.93261,0.592025,0.354544,0.232638,4.53259,26.7293,0.0628473,21.336,0.0875339,0.546075,1.39643,0.911613,203.972,50,10,-1048576,-7050,0.00344574,120.797,0.76667,0.0185176,0.00551193,0.0,37.3848,0.0678708,59.519,1.1409,435.004,0.100154,0.0186908,0.282636,0.108321,10.8642,3.04832,0.25323
sweep,100422,0.744387,36.5295,0.258138,3.7685,0.239284,0.126025,0.272545,1.40353,259.754,0.196459,90.2036,0.0855687,0.967688,2.30187,1.35645,482.413,50,10,-1048576,-7050,0.00239739,174.174,0.538986,-0.0164022,0.00852283,0.0,134.951,0.0101017,48.5115,1.34349,731.119,0.182831,0.093189,0.484665,0.275651,8.66374,2.25965,0.200412
sweep,100423,1.12031,39.5415,0.179826,4.59778,0.851763,0.034862,0.0408462,2.17353,258.009,0.14179,92.1459,0.176224,0.899924,2.39995,0.869282,584.529,50,10,-1048576,-7050,0.00335313,271.843,0.873107,0.00678622,0.00919477,0.0,141.467,0.0819608,42.7319,0.0677192,104.123,0.183607,0.00695316,0.138389,0.107014,15.35,12.5186,0.425372
sweep,100424,0.733394,39.8106,0.733128,3.29344,1.16893,0.378865,0.113606,0.303628,49.0111,0.129623,33.1003,0.100577,0.522501,1.10131,1.25675,329.715,50,10,-1048576,-7050,0.00465097,83.4882,0.61695,-0.00900807,0.00926263,0.0,181.913,0.0812969,46.5424,0.834426,1019.32,0.283489,0.00586092,0.054941,0.132713,2.15789,29.9817,0.156716
sweep,100425,0.813993,32.9997,0.086294,1.52765,0.674024,0.14997,0.161715,3.36222,209.542,0.0850103,22.7158,0.130735,0.817712,2.31679,1.39707,224.085,50,10,-1048576,-7050,0.00189639,15.76,0.812576,0.0197203,0.000306965,0.0,163.981,0.0159147,22.5477,0.533731,496.855,0.45282,0.0281621,0.366021,0.228441,7.12643,18.9467,0.386737
sweep,100426,1.13039,34.1903,0.644981,3.38447,0.908194,0.261577,0.226698,0.159049,272.906,0.0229281,92.8177,0.0152765,0.355404,2.27618,1.29633,420.965,50,10,-1048576,-7050,0.00048955,208.32,0.225751,0.0113671,0.00752997,0.0,21.7182,0.0694977,6.60387,1.5751,245.158,0.134111,0.0753994,0.490691,0.213727,5.97962,11.6288,0.224797
sweep,100427,0.819196,32.8452,0.775748,2.281,0.000229811,0.171919,0.0167931,3.53385,230.195,0.0640512,99.1001,0.116732,0.392727,1.33,1.003,166.305,50,10,-1048576,-7050,0.00313,102.386,0.517377,-0.0185048,0.00192559,0.0,63.4752,0.0704411,26.9778,0.442625,113.939,0.449276,0.0786602,0.465776,0.0947507,29.199,23.8418,0.270126
sweep,100428,0.825549,30.1026,0.397681,2.37482,1.14184,0.392247,0.138963,2.94979,64.268,0.0943319,63.2865,0.0951883,0.42481,2.39672,0.88868,100.627,50,10,-1048576,-7050,0.00319795,38.5408,0.839135,0.013407,0.00801585,0.0,183.732,0.00555269,71.9502,1.22803,900.258,0.203788,0.0890213,0.359809,0.0455711,22.677,7.34556,0.160141
sweep,100429,1.09927,20.4683,0.380244,5.33596,0.641319,0.483413,0.131593,4.62166,42.6538,0.181457,28.273,0.123137,0.36547,1.30064,0.745554,103.057,50,10,-1048576,-7050,0.00338016,147.2,0.939741,0.00884623,0.00116575,0.0,175.761,0.0717402,44.0005,2.9436,305.826,0.577459,0.0576881,0.215099,0.0821151,19.8342,7.20383,0.577251
sweep,100430,0.757849,18.4383,0.203406,3.97813,0.552391,0.481485,0.282154,0.60255,68.5127,0.0713878,32.4471,0.017698,0.527202,1.48695,1.386,250.457,50,10,-1048576,-7050,0.00107533,121.062,0.711507,0.0103541,0.000978155,0.0,73.5531,0.0930835,61.1993,2.00424,604.977,0.229432,0.0226811,0.44044,0.111708,18.6522,27.9415,0.46483
sweep,100431,0.751533,18.2833,0.857077,5.52665,0.0237367,0.0230684,0.19225,0.204037,160.265,0.0426826,87.2997,0.0211565,0.783029,1.11406,1.49548,184.232,50,10,-1048576,-7050,0.000793761,30.2368,0.231015,0.0105468,0.0056318,0.0,66.3758,0.0863782,71.8709,1.01381,796.953,0.491415,0.0477589,0.0588022,0.118725,27.9555,9.73571,0.271728
sweep,100432,0.786408,39.8263,0.000556075,2.03231,0.915519,0.226404,0.286223,0.764246,82.8881,0.194456,7.41438,0.027479,0.0548785,1.37617,1.46626,287.35,50,10,-1048576,-7050,0.00431286,97.2115,0.922529,-0.018315,0.00389485,0.0,5.21971,0.0559478,52.4606,2.85654,836.967,0.188644,0.0196511,0.243415,0.093546,17.6104,17.9292,0.285681
sweep,100433,1.15328,28.4182,0.701448,3.66378,0.295475,0.282422,0.140894,4.39763,201.4,0.095392,86.9235,0.023848,0.188335,1.89347,1.4688,357.69,50,10,-1048576,-7050,0.000511218,51.9859,0.28721,0.0134178,0.00350717,0.0,47.7861,0.00803353,38.9228,1.86788,328.881,0.45957,0.0190517,0.359688,0.0810634,12.5507,22.7368,0.145637
sweep,100434,1.04419,22.4247,0.25436,5.51463,1.36571,0.292722,0.0316382,2.02684,224.857,0.0349432,82.2334,0.00561538,0.0691021,2.46554,0.975358,375.616,50,10,-1048576,-7050,0.000462593,6.11543,0.468957,-0.0114358,0.00977734,0.0,127.21,0.0750862,41.3481,0.733353,482.167,0.280865,0.033587,0.236551,0.212531,3.13906,6.88217,0.106589
sweep,100435,0.92227,34.7895,0.707947,2.76908,0.880072,0.470554,0.0254373,2.16299,50.1249,0.107143,37.471,0.134008,0.189055,1.5865,1.27142,404.543,50,10,-1048576,-7050,0.00390245,139.454,0.230706,-0.0181678,0.00775211,0.0,11.6211,0.0184521,70.9872,1.21787,1109.92,0.407739,0.0405457,0.371937,0.0743442,26.5396,15.0359,0.299781
sweep,100436,0.802404,31.2411,0.78912,5.95036,0.450255,0.246932,0.02506,0.0240243,106.393,0.125249,75.8431,0.130378,0.940354,1.3716,1.02795,296.375,50,10,-1048576,-7050,0.00330452,142.288,0.0513102,-0.0111194,0.00627833,0.0,73.687,0.0330847,31.7773,2.1887,898.561,0.414761,0.09072,0.17196,0.199217,5.6016,3.04677,0.390171
sweep,100437,0.729412,23.9149,0.192295,2.31855,1.00932,0.178893,0.0138308,3.80346,124.64,0.0734442,74.894,0.0388616,0.773693,1.98633,0.72683,124.709,50,10,-1048576,-7050,0.00164367,45.515,0.725577,-0.00800036,0.00618383,0.0,93.762,0.0728799,35.353,0.19589,437.68,0.392777,0.0775028,0.0874356,0.224133,10.6487,21.8539,0.598018
sweep,100438,1.25159,31.8263,0.694245,3.10829,0.168747,0.0371389,0.29784,2.17057,119.98,0.0647554,75.8858,0.0391228,0.76815,1.57386,1.29606,129.516,50,10,-1048576,-7050,0.00253414,251.195,0.914615,0.00243855,0.00635104,0.0,80.3104,0.0632889,22.879,1.48857,796.051,0.532437,0.0209764,0.181306,0.0748632,3.58678,5.38502,0.3341
sweep,100439,1.11752,20.5506,0.373263,3.14523,0.375447,0.124394,0.0375206,0.410733,210.317,0.146644,36.4564,0.103495,0.113696,1.80746,1.03705,131.572,50,10,-1048576,-7050,0.00189554,183.337,0.929273,0.0145046,0.00852919,0.0,98.8154,0.0556942,26.4185,2.19358,11.5363,0.390104,0.0616277,0.439967,0.182346,2.45408,5.08075,0.552561
sweep,100440,0.992595,19.6484,0.561258,1.40957,0.536786,0.493578,0.0674372,3.46691,217.699,0.0342478,50.3406,0.074895,0.151384,2.36965,0.676587,185.468,50,10,-1048576,-7050,0.00489274,191.777,0.636733,-0.0115512,0.00759366,0.0,185.465,0.0736905,6.65293,2.51363,574.953,0.406505,0.0451366,0.118864,0.0816674,25.3604,3.86437,0.252112
sweep,100441,0.71701,23.7693,0.203898,3.87266,1.41565,0.327139,0.0162568,2.19077,210.458,0.16212,77.8366,0.179651,0.330935,2.70671,1.46711,389.849,50,10,-1048576,-7050,0.000352397,155.619,0.643697,0.00300569,0.00774845,0.0,26.7722,0.0404628,51.5479,1.17,503.03,0.560503,0.0733752,0.0823674,0.0574834,23.081,24.2318,0.282532
sweep,100442,0.835945,23.4539,0.550798,1.57945,1.33317,0.0854195,0.267189,0.267132,151.381,0.179164,36.3161,0.0367349,0.254376,1.00771,1.33036,310.754,50,10,-1048576,-7050,0.00433092,190.728,0.330137,-0.00804999,0.00972401,0.0,179.916,0.0923939,12.3392,0.767228,717.688,0.295888,0.0300275,0.540244,0.210552,7.26594,20.0244,0.561599
sweep,100443,0.847962,32.6746,0.34117,4.08917,0.89474,0.39305,0.171143,3.55424,270.192,0.110937,73.1482,0.0886924,0.891943,2.04882,0.721227,371.889,50,10,-1048576,-7050,0.00433568,162.744,0.285727,0.0046381,0.00165038,0.0,65.3491,0.0517415,11.0177,2.7233,620.587,0.347943,0.0284645,0.509832,0.207916,13.3217,6.11876,0.327439
sweep,100444,1.27989,24.4787,0.762574,2.64441,1.47383,0.238823,0.0479081,3.21549,248.452,0.15374,42.0458,0.147408,0.715928,1.90744,0.747841,232.146,50,10,-1048576,-7050,0.00409239,220.153,0.711185,0.00840226,0.00118486,0.0,10.0225,0.0236464,44.286,2.51511,1063.18,0.345118,0.0764974,0.464614,0.188167,18.348,19.5331,0.515897
sweep,100445,0.842481,33.914,0.317747,2.32933,0.869635,0.104571,0.193241,1.51702,184.41,0.153468,46.2487,0.194664,0.0382919,1.86058,0.873296,139.89,50,10,-1048576,-7050,0.00264616,112.532,0.389849,0.00885681,0.00842045,0.0,5.78333,0.0665509,31.1351,2.96301,367.774,0.249455,0.00668775,0.188177,0.197886,17.942,7.59033,0.514985
sweep,100446,0.876324,34.0173,0.602576,5.01166,0.591709,0.302129,0.016659,3.63588,253.807,0.118565,46.9373,0.188812,0.263379,2.91258,0.989112,300.703,50,10,-1048576,-7050,0.00477034,222.574,0.974159,-0.00420122,0.00337151,0.0,112.162,0.0292556,65.6334,0.536305,1011.23,0.298566,0.0247946,0.512458,0.2392,21.4571,27.0762,0.169321
sweep,100447,1.01872,23.4081,0.594369,3.16863,0.641022,0.411544,0.293488,0.110004,200.98,0.104987,22.8558,0.173389,0.990743,1.12754,0.970455,413.067,50,10,-1048576,-7050,0.0013483,156.269,0.0682585,-0.00207077,0.00700169,0.0,82.5291,0.00614073,5.265,0.741008,634.624,0.27472,0.0966229,0.555033,0.283147,18.8002,8.0607,0.511719
sweep,100448,1.03588,18.006,0.385481,2.57984,0.622762,0.319122,0.171111,3.31224,58.6087,0.199062,87.4198,0.14417,0.24991,2.1538,1.24614,261.789,50,10,-1048576,-7050,0.00237541,99.7546,0.389959,0.00951221,0.00996095,0.0,38.8208,0.0808986,34.5658,1.44916,978.847,0.192887,0.0767166,0.421418,0.0612422,25.7588,2.19213,0.583745
sweep,100449,0.999462,20.7558,0.268792,5.28158,0.603745,0.234686,0.224169,4.5537,271.131,0.107285,28.7629,0.0835481,0.550277,2.92473,0.826016,161.174,50,10,-1048576,-7050,0.00148621,63.967,0.475031,-0.00721313,0.00203165,0.0,181.154,0.0352741,74.2018,0.0685386,796.848,0.320013,0.0676935,0.26168,0.208631,19.0226,12.2508,0.534637
sweep,100450,1.25769,23.4846,0.293955,4.89081,0.505533,0.469069,0.000813091,3.31025,234.789,0.137235,13.6474,0.0129407,0.377117,2.70116,0.92073,516.496,50,10,-1048576,-7050,0.000917746,285.652,0.350729,-0.00522366,0.0070634,0.0,171.434,0.0239763,25.0976,0.821816,1194.74,0.521891,0.0916374,0.11115,0.296944,13.7962,22.9626,0.502645
sweep,100451,1.27151,24.4315,0.423869,4.4506,0.604086,0.08023,0.238912,0.789352,136.148,0.148239,70.9265,0.0632623,0.139408,2.26325,0.74931,297.205,50,10,-1048576,-7050,0.00339332,12.0774,0.594751,0.0101602,0.00799299,0.0,114.095,0.0293082,73.6805,0.939533,1056.45,0.241738,0.0556942,0.338589,0.250624,24.1591,6.90523,0.0784476
sweep,100452,0.921091,33.7459,0.621835,5.41141,0.943478,0.162708,0.296512,2.46481,88.9287,0.124722,74.6139,0.0884537,0.548753,1.93995,0.983054,209.576,50,10,-1048576,-7050,0.000187246,286.067,0.491854,0.00837865,0.00526361,0.0,88.6392,0.0244806,55.7279,2.08369,801.782,0.174061,0.080135,0.437949,0.139477,8.50199,25.5224,0.597074
sweep,100453,1.18445,33.9101,0.0586089,5.28337,0.520994,0.132542,0.0745477,1.62086,170.858,0.112067,56.1739,0.0111553,0.795151,2.58815,1.40738,372.134,50,10,-1048576,-7050,0.00385191,193.267,0.292281,-0.00789069,0.0045825,0.0,80.3724,0.0843445,15.2192,1.84279,906.203,0.152804,0.095267,0.121077,0.0708426,25.7282,4.80408,0.589874
sweep,100454,1.05129,27.6277,0.162771,5.40216,1.35292,0.214335,0.253103,2.22412,112.867,0.195113,10.8976,0.0839366,0.514701,2.83808,1.25408,263.608,50,10,-1048576,-7050,0.00393239,262.578,0.494635,0.0121741,0.00279111,0.0,55.8492,0.00523407,71.5319,1.46386,783.409,0.35327,0.0451326,0.485345,0.22365,9.53952,9.33623,0.0663243
sweep,100455,0.710152,37.8348,0.0508291,5.0685,1.111,0.494207,0.0134752,3.16136,49.5123,0.174914,36.7256,0.0466485,0.941107,2.49263,0.626511,532.041,50,10,-1048576,-7050,0.000171374,69.9801,0.872031,0.0119344,0.000676645,0.0,154.337,0.0717068,36.9748,2.14837,544.712,0.141316,0.0130192,0.471685,0.235669,28.9144,19.7573,0.361277
sweep,100456,1.13716,36.2962,0.00168359,4.99016,0.22822,0.483277,0.175218,0.257685,94.9877,0.0935692,54.1147,0.025015,0.857894,2.53276,1.0895,222.554,50,10,-1048576,-7050,0.000376791,96.9836,0.786438,0.018627,0.00415981,0.0,114.014,0.0924939,53.3518,0.145468,588.173,0.161494,0.0380149,0.0722859,0.130559,11.1459,16.2473,0.107011
sweep,100457,1.04701,34.9827,0.794961,1.52401,0.44392,0.159988,0.217203,1.8478,61.7993,0.117168,52.9638,0.0279205,0.405468,2.50379,0.624001,109.939,50,10,-1048576,-7050,0.00487382,40.2219,0.902748,0.00896994,0.000729421,0.0,195.926,0.0204683,31.5167,1.76141,662.246,0.330612,0.0630817,0.184762,0.0838131,26.275,6.20434,0.274798
sweep,100458,1.10088,39.7661,0.0764847,4.64024,0.432126,0.360006,0.261364,1.71663,286.774,0.0352506,30.1398,0.110103,0.875135,1.32956,0.77319,177.915,50,10,-1048576,-7050,0.00225541,294.934,0.703928,0.0155394,0.00545818,0.0,141.0,0.0676515,53.3928,2.67095,61.0062,0.106571,0.0483717,0.307298,0.106158,12.2869,27.7463,0.57862
sweep,100459,1.08351,25.1103,0.172663,5.35965,0.116362,0.427271,0.188223,2.39845,135.032,0.0543464,46.7855,0.181234,0.228571,2.17115,1.43174,450.605,50,10,-1048576,-7050,0.00447434,46.2778,0.322442,-0.0122248,0.00688554,0.0,117.636,0.0971382,37.8436,1.75288,551.12,0.265585,0.0111206,0.167548,0.140784,3.19229,15.757,0.314593
sweep,100460,1.04891,32.4313,0.213898,1.72148,0.258272,0.45647,0.243141,1.74456,232.344,0.131321,12.7748,0.0171496,0.58909,2.35376,1.43372,272.086,50,10,-1048576,-7050,0.00178536,163.244,0.593468,0.010067,0.00741195,0.0,112.719,0.0621407,26.4482,1.23728,297.307,0.343143,0.0859635,0.330517,0.158246,28.8781,24.1609,0.574719
sweep,100461,0.913045,32.3303,0.707976,1.79101,1.38048,0.20179,0.114329,4.07322,149.879,0.0801089,77.7978,0.17726,0.025509,2.86469,1.34166,547.184,50,10,-1048576,-7050,0.00227182,167.732,0.246713,0.00317278,0.0062661,0.0,168.844,0.0974383,39.317,0.356303,145.971,0.416369,0.0750478,0.361146,0.19222,5.96821,20.276,0.583975
sweep,100462,0.751975,32.3758,0.492952,1.09623,0.0237404,0.357931,0.205558,0.720436,21.8877,0.0582956,30.5174,0.0984641,0.90374,2.3012,1.19662,232.003,50,10,-1048576,-7050,0.00230716,197.609,0.208328,0.00112057,0.0026188,0.0,54.2799,0.0436149,8.65777,2.39186,1073.35,0.453154,0.0495843,0.240867,0.299587,17.7087,2.29195,0.374057
sweep,100463,1.18042,26.6521,0.739893,5.95596,1.31356,0.40821,0.288903,3.09189,233.284,0.084091,6.95208,0.101257,0.81279,1.49131,1.1669,157.273,50,10,-1048576,-7050,0.00371438,195.367,0.247075,-0.0177583,0.0058547,0.0,116.234,0.00701847,77.7809,0.706572,152.962,0.41299,0.00965322,0.290192,0.0415225,29.7811,16.0613,0.376321
sweep,100464,0.864841,34.1794,0.659973,4.56857,1.17237,0.313174,0.191869,2.59065,224.919,0.149144,46.0509,0.168142,0.43063,2.39424,1.42145,157.354,50,10,-1048576,-7050,0.00436786,142.78,0.419513,-0.0187068,0.00884653,0.0,153.131,0.0275134,43.9888,1.0404,153.102,0.422062,0.0629572,0.113969,0.228589,18.219,8.82205,0.219704
sweep,100465,0.74144,30.2146,0.159703,4.31897,1.14376,0.0956178,0.142891,4.93059,182.449,0.0459334,29.2708,0.0842534,0.843166,1.80456,1.21781,120.439,50,10,-1048576,-7050,0.00372269,109.221,0.934354,-0.000970649,0.00367069,0.0,30.8122,0.0176793,15.4843,0.28559,96.4575,0.297147,0.0889687,0.46442,0.283612,26.0961,20.7267,0.306123
sweep,100466,1.25533,22.3652,0.946427,1.98503,1.31997,0.352327,0.0778976,4.70704,105.402,0.111204,94.2456,0.072173,0.538335,2.51164,0.862347,106.258,50,10,-1048576,-7050,0.00496929,274.801,0.174872,-0.0172932,0.00693358,0.0,48.2742,0.0414398,6.30328,2.5258,901.848,0.408186,0.0298378,0.308622,0.263926,19.8893,14.0274,0.0570542
sweep,100467,1.00618,30.7482,0.790065,2.54275,0.292701,0.211281,0.202064,1.85066,156.164,0.104864,68.0993,0.026707,0.154601,2.81068,0.732031,206.678,50,10,-1048576,-7050,0.000858691,62.499,0.276548,-0.00792268,0.00580204,0.0,52.0098,0.00715699,45.5797,2.49637,992.962,0.506062,0.0305134,0.285828,0.199096,24.9237,9.49466,0.168691
sweep,100468,1.09998,19.7945,0.30396,4.87535,1.30765,0.470954,0.0972725,0.403713,224.351,0.105495,41.9773,0.13643,0.841947,1.76573,1.19466,351.034,50,10,-1048576,-7050,0.00101754,211.973,0.777879,0.00522611,0.00540156,0.0,63.7899,0.0536914,10.885,0.497578,696.894,0.275745,0.0208346,0.335278,0.216724,11.7329,21.7463,0.570407
sweep,100469,1.16076,27.7423,0.926444,2.69931,0.815834,0.437193,0.23552,0.565053,54.9289,0.108731,71.7783,0.16668,0.904549,1.54865,1.10742,498.981,50,10,-1048576,-7050,0.00384846,236.131,0.120343,-0.0156534,0.000284057,0.0,80.6628,0.0634158,10.9629,1.68963,588.637,0.337412,0.0270069,0.180688,0.15588,21.5665,14.6387,0.0565531
sweep,100470,0.821542,35.7048,0.895292,2.33468,1.06461,0.281925,0.131399,2.93542,132.462,0.033008,33.4101,0.0754708,0.0890787,1.82334,1.33614,302.072,50,10,-1048576,-7050,0.00350776,92.5881,0.266548,0.0199794,0.00200149,0.0,38.9274,0.0587752,79.1541,0.745819,1101.38,0.147462,0.0661672,0.291683,0.272028,21.0472,24.7612,0.365373
sweep,100471,0.787568,20.0916,0.276173,3.08981,1.37823,0.0681417,0.269744,0.343452,201.91,0.188459,96.2326,0.103087,0.609165,2.13896,1.43127,321.224,50,10,-1048576,-7050,0.00142938,66.8985,0.984287,0.0193574,0.00445148,0.0,106.661,0.070376,27.0697,1.53859,537.435,0.591611,0.0789506,0.144557,0.197584,28.2337,8.77307,0.473958
sweep,100472,0.912836,25.0564,0.304543,1.89297,0.770655,0.279466,0.22512,2.68017,206.838,0.0555036,90.0489,0.0709657,0.798186,2.06591,0.591846,569.571,50,10,-1048576,-7050,0.00499562,180.486,0.144586,-0.0152866,0.00447162,0.0,182.648,0.0128049,67.4035,2.00631,986.083,0.487301,0.0822079,0.174121,0.262921,17.125,20.6167,0.437953
sweep,100473,1.23177,24.5678,0.473322,4.55232,0.243274,0.127666,0.223498,1.67491,155.919,0.195003,21.23,0.197981,0.649598,2.7316,0.681014,353.071,50,10,-1048576,-7050,0.00174258,53.0071,0.796595,0.0118536,0.00884672,0.0,167.665,0.0221068,23.9849,1.39786,742.945,0.276999,0.0404687,0.0823009,0.0665181,26.3906,23.4795,0.453509
sweep,100474,0.99623,38.098,0.404952,2.51005,1.34107,0.37848,0.104106,3.69895,70.9946,0.174088,96.9767,0.0951003,0.379472,2.90801,1.17033,143.232,50,10,-1048576,-7050,0.00325649,143.382,0.854784,-0.0122708,0.00443104,0.0,40.3755,0.0400163,62.0675,2.43183,963.342,0.437933,0.0169678,0.39728,0.0496144,25.7402,15.5141,0.558583
sweep,100475,0.829413,32.7371,0.713172,1.91224,0.910988,0.366546,0.195711,2.27975,28.029,0.0374068,90.5092,0.136142,0.512494,2.56869,1.40933,477.41,50,10,-1048576,-7050,0.00281265,122.703,0.445517,0.0138662,0.00578858,0.0,123.781,0.0936815,46.8722,1.34016,963.77,0.278173,0.0858222,0.296933,0.237239,9.70621,18.1824,0.255373
sweep,100476,0.997488,31.7533,0.0422609,1.67119,0.418365,0.415444,0.121934,1.95632,160.454,0.120434,80.8481,0.182435,0.881645,1.89402,0.837845,347.738,50,10,-1048576,-7050,0.00403727,225.065,0.616205,0.00459437,0.00537284,0.0,43.3198,0.0873535,45.1789,1.08668,840.14,0.227728,0.0946814,0.132173,0.094197,14.6923,26.2419,0.284285
sweep,100477,1.11412,31.567,0.183244,1.60906,0.361763,0.401021,0.150055,1.11694,268.437,0.185239,67.5773,0.133157,0.932164,2.34484,0.889946,204.167,50,10,-1048576,-7050,0.000867956,171.168,0.0648293,-0.00308304,7.19247e-05,0.0,55.9165,0.0134998,53.3887,2.22334,732.556,0.465502,0.0905834,0.152819,0.270518,26.5729,14.8949,0.269941
sweep,100478,0.814219,25.8405,0.711547,1.07382,0.835909,0.0354489,0.0316856,2.63487,116.32,0.0288725,29.2769,0.000435288,0.559893,2.87178,0.680014,198.005,50,10,-1048576,-7050,0.00443967,63.6589,0.976746,0.014368,0.00158598,0.0,3.32319,0.0668934,39.1318,2.35445,1008.07,0.484418,0.0666901,0.0528982,0.0800976,27.2374,20.8153,0.233625
sweep,100479,1.06373,34.2253,0.986804,3.9997,1.09196,0.334234,0.0841888,0.701077,85.8142,0.173836,50.085,0.00910693,0.819964,1.38922,0.988783,315.575,50,10,-1048576,-7050,0.000578344,109.618,0.87005,-0.0112846,0.00168834,0.0,1.94399,0.0246803,11.9426,2.63772,101.78,0.45514,0.0534958,0.33992,0.282289,9.55801,7.58777,0.517219
sweep,100480,1.11699,39.9978,0.658416,1.45312,0.105441,0.477883,0.17206,1.81431,26.1375,0.160648,88.3599,0.155992,0.818826,2.02881,1.26198,561.77,50,10,-1048576,-7050,0.0007221,298.023,0.424165,-0.015545,0.00856166,0.0,29.9143,0.0226562,78.8217,1.1529,1111.57,0.440054,0.0337586,0.207974,0.183003,10.4287,28.6364,0.110666
sweep,100481,1.0907,25.1272,0.788098,5.88875,1.47433,0.0883103,0.22132,2.28038,217.445,0.134623,14.7586,0.130555,0.542474,2.5193,1.14692,525.741,50,10,-1048576,-7050,0.00143066,142.098,0.958483,-0.0182386,0.000417741,0.0,52.6231,0.097068,16.9241,1.1308,864.692,0.322989,0.0982135,0.306034,0.159849,16.9208,11.7553,0.406309
sweep,100482,1.08878,31.8268,0.0923496,3.76622,0.807854,0.0559155,0.223197,4.69148,65.9006,0.135972,26.3369,0.182495,0.104581,1.87303,1.1377,576.14,50,10,-1048576,-7050,0.000654983,124.236,0.461628,0.0153806,0.00757978,0.0,82.8301,0.0284739,55.8373,0.951961,693.597,0.542491,0.0591456,0.170275,0.29809,6.78961,13.2184,0.293296
sweep,100483,1.11261,31.189,0.953156,5.72605,0.739283,0.442906,0.0486999,2.14219,157.633,0.0290277,84.326,0.0796551,0.421133,2.91143,0.994933,160.588,50,10,-1048576,-7050,0.00279484,293.935,0.271329,0.00681474,0.0051825,0.0,159.598,0.0847687,62.3886,0.286438,1152.91,0.46764,0.0956809,0.168436,0.158487,17.1118,23.4753,0.103974
sweep,100484,0.822288,33.8941,0.60555,2.66074,0.431322,0.178751,0.287287,0.0334274,273.802,0.159008,86.8835,0.0854387,0.386365,1.96489,0.991377,345.953,50,10,-1048576,-7050,0.00498525,100.845,0.577788,0.00591517,0.00928633,0.0,176.818,0.0430248,58.6155,2.36629,667.369,0.18566,0.0967066,0.427302,0.177303,11.4192,27.7584,0.0693612
sweep,100485,1.14812,19.4025,0.4584,4.62536,1.44508,0.185304,0.171896,1.66016,240.334,0.0821956,68.7888,0.0715976,0.383114,1.52779,1.11706,424.859,50,10,-1048576,-7050,0.00269654,155.117,0.949659,-0.00781066,0.00545029,0.0,155.775,0.0723239,31.8655,2.47473,41.9988,0.246325,0.0734135,0.543243,0.153207,18.527,8.32631,0.367327
sweep,100486,0.756152,33.3918,0.041845,5.76809,1.46089,0.194028,0.0240664,1.13632,119.119,0.112294,69.7199,0.143074,0.568106,2.16617,0.904832,219.36,50,10,-1048576,-7050,0.00136331,62.3928,0.0942039,0.0168889,0.00861327,0.0,187.455,0.0491958,75.7797,0.819531,1197.42,0.400284,0.0510667,0.50779,0.151035,21.8735,8.11516,0.47264
sweep,100487,0.985785,39.9588,0.873794,4.83567,0.978724,0.369222,0.117875,4.24577,109.99,0.182017,86.6392,0.104726,0.357453,1.21857,0.509011,424.584,50,10,-1048576,-7050,0.00120546,9.58889,0.539146,-0.0173644,0.0061485,0.0,77.2624,0.0681167,52.9461,1.84699,1172.73,0.482453,0.075727,0.225923,0.111032,26.221,19.5933,0.398898
sweep,100488,0.76565,39.8363,0.710869,5.338,1.48883,0.379328,0.0835437,2.18632,216.227,0.166869,20.6745,0.151616,0.981055,1.07355,0.990613,540.254,50,10,-1048576,-7050,0.000761239,169.63,0.15814,-0.00829555,0.00864641,0.0,5.13804,0.0075687,42.2498,0.327283,483.444,0.293288,0.0462391,0.330851,0.239807,5.62373,18.945,0.496165
sweep,100489,0.733942,33.2391,0.116111,1.09701,0.590326,0.217143,0.2899,4.20396,149.28,0.0965125,65.9113,0.0657762,0.545208,2.30072,1.47869,516.296,50,10,-1048576,-7050,0.00112802,249.299,0.852246,0.00562979,0.00849327,0.0,164.056,0.0135224,65.4186,0.475107,451.063,0.356669,0.0213989,0.0671091,0.0666755,5.59267,24.8581,0.475005
sweep,100490,0.966216,39.5047,0.745075,1.34936,0.734051,0.429088,0.281006,0.160305,91.8313,0.196903,75.0359,0.0111861,0.198775,2.49217,1.24707,412.417,50,10,-1048576,-7050,0.00398663,290.113,0.157354,-0.0165712,0.00825496,0.0,89.2658,0.0822974,52.0031,1.08672,667.289,0.135393,0.0384536,0.451973,0.0573043,21.0793,19.9701,0.231355
sweep,100491,0.900489,38.8061,0.44499,3.92608,0.80853,0.0471321,0.0193691,3.11123,293.911,0.0966014,28.1756,0.106897,0.576508,1.10436,0.516618,381.658,50,10,-1048576,-7050,0.00345929,267.048,0.870034,0.0199852,0.00296488,0.0,31.1772,0.0742512,43.5035,2.48787,86.3653,0.381007,0.0742813,0.0784883,0.259626,8.06457,21.1613,0.238214
sweep,100492,1.19259,36.1474,0.394378,2.29713,0.330839,0.439977,0.21084,0.379021,57.9974,0.102225,64.9256,0.199351,0.561596,1.58611,0.5175,151.098,50,10,-1048576,-7050,0.00174953,129.768,0.853068,-0.0189125,0.00893656,0.0,133.515,0.0427639,31.0134,0.838925,361.451,0.503304,0.041971,0.314354,0.185428,6.31473,13.3934,0.0793002
sweep,100493,1.06257,22.7828,0.57195,4.28563,1.49886,0.357814,0.143074,4.81398,224.805,0.127519,13.9229,0.124791,0.741538,2.3489,0.968171,553.089,50,10,-1048576,-7050,0.00192514,54.1361,0.415284,-0.00951057,0.00495596,0.0,49.6545,0.0429948,64.5971,2.6412,1139.72,0.259311,0.0571349,0.293809,0.197373,29.1321,13.2031,0.266613
sweep,100494,1.11587,24.6833,0.667315,5.4639,0.0793696,0.230176,0.155749,1.37048,280.959,0.0379193,85.7542,0.065836,0.441117,1.21111,0.763272,120.722,50,10,-1048576,-7050,0.00303051,32.7517,0.182489,-0.00707258,0.0054073,0.0,47.8738,0.0769326,23.5614,0.019105,900.484,0.498323,0.0520648,0.407663,0.229517,5.64525,8.98157,0.21341
sweep,100495,1.28652,32.6986,0.494849,3.45493,1.05163,0.392532,0.294976,1.63055,162.099,0.187127,68.408,0.142168,0.274905,2.87319,0.68552,471.184,50,10,-1048576,-7050,4.13562e-05,215.961,0.500608,0.0025737,0.00428222,0.0,99.0958,0.0909931,6.15972,2.59974,1108.98,0.506714,0.065475,0.552681,0.118547,15.2182,29.1996,0.128863
sweep,100496,1.29495,38.1006,0.129688,4.35513,0.457359,0.483285,0.0452005,3.48568,278.906,0.132903,29.574,0.0932637,0.762897,2.52138,1.14669,452.185,50,10,-1048576,-7050,0.00103121,15.821,0.461922,0.0104683,0.00137696,0.0,132.38,0.0585228,76.2851,0.012697,198.466,0.170153,0.0759541,0.21419,0.284142,29.1521,16.9664,0.139926
sweep,100497,0.706279,24.4403,0.166361,2.87007,0.0849197,0.491237,0.206693,2.33856,255.085,0.136872,46.9866,0.0819745,0.825758,2.17592,1.14295,297.0,50,10,-1048576,-7050,0.00461288,288.505,0.155589,0.00328566,0.00181831,0.0,49.845,0.00525161,11.0463,1.64826,344.657,0.40394,0.0828567,0.411291,0.0579719,8.06188,27.1578,0.520717
sweep,100498,1.27489,19.9879,0.505627,3.20104,1.38915,0.266597,0.299935,0.559523,116.914,0.0323161,45.3416,0.0366573,0.9701,2.98532,1.00799,299.448,50,10,-1048576,-7050,0.00376436,199.964,0.543534,0.00178612,0.00324162,0.0,4.14054,0.0135204,13.8968,1.06591,146.805,0.576985,0.042835,0.308776,0.0838177,26.0767,3.51294,0.566009
sweep,100499,1.03862,22.4524,0.196361,3.9781,0.361806,0.148344,0.112314,0.673542,170.859,0.126746,94.1267,0.198777,0.196948,1.76579,1.32314,569.928,50,10,-1048576,-7050,3.17743e-05,154.709,0.20494,-0.00467735,0.0013818,0.0,129.117,0.0747908,7.49192,1.90565,79.647,0.166023,0.0823583,0.248992,0.188706,4.61763,12.7359,0.320675
sweep,100500,0.903437,19.1205,0.829883,1.06191,0.520451,0.3278,0.267698,2.23962,284.116,0.15862,71.2345,0.177691,0.321264,1.93444,1.44214,269.782,50,10,-1048576,-7050,0.00467224,151.861,0.702834,0.0082901,0.0086829,0.0,139.593,0.00518568,58.2313,2.94129,563.341,0.377227,0.0883915,0.438212,0.0665207,13.8084,10.8039,0.208054
sweep,100501,0.739263,30.56,0.387597,2.34118,0.578295,0.0574678,0.045459,4.30294,196.145,0.0886306,41.4962,0.140615,0.628525,1.77415,1.4822,473.541,50,10,-1048576,-7050,0.00365648,144.567,0.0560791,0.0142227,0.00750898,0.0,85.2124,0.0378748,36.176,1.40279,49.4483,0.122961,0.0359937,0.0779001,0.196553,11.9415,11.0427,0.405504
sweep,100502,1.25827,28.5861,0.621985,5.22278,0.178072,0.401616,0.149866,4.12127,268.607,0.0739863,71.4472,0.0111209,0.389354,1.38884,0.674573,417.653,50,10,-1048576,-7050,0.0011858,282.708,0.128495,-0.00251718,0.00284032,0.0,112.9,0.0562702,16.1877,1.00127,130.825,0.509402,0.0495743,0.187994,0.156699,20.8132,8.59598,0.41617
sweep,100503,1.23501,37.8482,0.73055,5.96336,0.207823,0.333341,0.0986564,4.26093,208.226,0.068879,19.7157,0.084792,0.784925,2.90878,0.919217,507.545,50,10,-1048576,-7050,0.000841513,179.028,0.182781,0.016308,0.00489113,0.0,2.15911,0.014715,20.3506,0.960958,862.097,0.13873,0.0219864,0.308893,0.197848,3.62959,6.40264,0.593777
sweep,100504,1.02763,32.4824,0.797868,5.1901,0.466937,0.254587,0.0969283,4.20337,130.005,0.0920514,75.0304,0.138312,0.469715,1.82384,1.15436,195.759,50,10,-1048576,-7050,0.00397383,80.3224,0.108635,-0.0184205,0.00733844,0.0,29.5507,0.0240243,41.7218,0.696382,523.783,0.246526,0.0275074,0.0823165,0.238132,2.10273,6.57394,0.133654
sweep,100505,1.15802,21.6558,0.333144,4.02899,1.21824,0.350991,0.22689,2.69504,264.473,0.137624,75.4915,0.13702,0.687458,2.10301,0.947128,272.515,50,10,-1048576,-7050,0.00489709,158.19,0.966019,0.0092732,0.00313116,0.0,18.2222,0.0713719,71.1292,1.72467,193.464,0.319426,0.0100631,0.12281,0.0744583,21.0995,6.46222,0.48051
sweep,100506,1.00612,21.9729,0.195267,3.48253,0.612024,0.471494,0.205917,3.85517,122.203,0.0467672,5.5997,0.0488697,0.670422,2.76327,0.569296,350.972,50,10,-1048576,-7050,0.00113853,241.214,0.740859,-0.0047041,0.00963335,0.0,44.1977,0.090106,49.6002,1.83166,1101.04,0.394097,0.054041,0.075429,0.1044,18.1508,27.1844,0.467862
sweep,100507,1.00671,35.2181,0.464512,1.94032,0.824953,0.253647,0.242907,4.53732,239.613,0.0524213,56.1456,0.0524786,0.08973,1.08338,0.993887,586.411,50,10,-1048576,-7050,0.00241035,273.138,0.501957,-0.0120526,0.0022095,0.0,166.285,0.0282509,40.9796,2.83004,970.915,0.360461,0.0162125,0.520135,0.0744413,17.1892,10.0668,0.132983
sweep,100508,0.991018,29.6866,0.00735493,3.14307,0.395138,0.274632,0.133448,2.88574,235.076,0.0671019,59.8269,0.058072,0.136848,2.43431,1.14479,398.098,50,10,-1048576,-7050,0.00134115,102.826,0.539723,-0.0143689,0.00591991,0.0,153.161,0.0858962,17.0561,0.42649,609.446,0.126037,0.0791422,0.495709,0.157628,7.65947,12.8194,0.440313
sweep,100509,1.09561,38.6932,0.616425,3.79192,0.933581,0.465717,0.230952,3.16526,258.727,0.110043,40.9028,0.0440535,0.492969,1.36807,0.540141,347.843,50,10,-1048576,-7050,0.00148497,50.1232,0.532463,0.0102695,0.00997874,0.0,128.266,0.0212604,25.1383,0.0578663,683.045,0.348531,0.0717659,0.100417,0.0547684,10.7394,19.9645,0.111905
sweep,100510,0.770818,21.5651,0.594515,3.09427,0.0291164,0.0562794,0.0545742,0.890366,27.1348,0.0989498,75.8576,0.101226,0.37192,1.24398,0.797429,290.721,50,10,-1048576,-7050,0.00124928,229.693,0.41106,0.0101166,5.56654e-05,0.0,140.897,0.0359478,79.6269,0.918868,745.358,0.104892,0.0281524,0.599373,0.140535,8.85799,18.3045,0.590313
sweep,100511,1.16953,33.9936,0.164481,4.23382,0.365226,0.276546,0.125988,1.92131,210.975,0.11771,68.1631,0.173897,0.0736353,1.55898,1.21628,477.237,50,10,-1048576,-7050,0.00326222,265.889,0.827346,0.0107156,0.00712043,0.0,116.163,0.0911104,33.9952,1.66937,644.214,0.100265,0.0231069,0.52196,0.235394,7.68131,25.0899,0.26532
sweep,100512,1.0817,37.3568,0.397284,5.58303,0.170571,0.127405,0.109149,1.14938,292.93,0.15857,46.1195,0.0156422,0.42181,2.62185,1.24744,231.43,50,10,-1048576,-7050,0.00408637,96.0556,0.766616,0.0121234,0.00457508,0.0,107.026,0.0782236,69.5066,0.109997,258.281,0.557335,0.0772343,0.282491,0.142644,9.33155,12.5855,0.391409
sweep,100513,1.17968,34.8097,0.143634,5.35838,1.08077,0.0547076,0.291033,0.699329,242.934,0.0403196,21.4784,0.137857,0.921916,1.70518,1.10678,262.82,50,10,-1048576,-7050,0.00139507,26.1212,0.587418,0.0159198,0.00139655,0.0,143.365,0.0135308,44.9698,2.84571,561.511,0.325852,0.0944036,0.29501,0.240895,27.8089,9.89317,0.381523
sweep,100514,0.995445,28.5661,0.749996,3.57558,1.1845,0.28352,0.104999,1.32161,177.453,0.174693,97.2007,0.181436,0.119749,2.30086,0.655745,534.229,50,10,-1048576,-7050,0.00281259,290.119,0.795083,-0.0132756,0.00392419,0.0,23.7814,0.0248417,54.1551,1.21692,1083.44,0.248058,0.0672706,0.343552,0.121007,18.7608,4.50673,0.202689
sweep,100515,0.989539,33.4356,0.797739,4.37943,0.214249,0.135709,0.019318,3.01063,75.9179,0.0804133,72.3325,0.159331,0.0906058,2.88787,0.56075,389.235,50,10,-1048576,-7050,0.00291208,259.547,0.765477,0.00788224,0.00523402,0.0,110.169,0.0639863,13.346,0.825698,320.181,0.596614,0.0193337,0.246178,0.210375,15.3673,24.8772,0.20889
sweep,100516,0.716136,33.8467,0.617689,3.12447,0.51118,0.358873,0.167194,2.03409,139.132,0.0205434,57.4542,0.0911168,0.560299,2.11615,0.683446,306.273,50,10,-1048576,-7050,0.003678,134.57,0.702026,0.0155973,0.00359993,0.0,21.985,0.0166879,12.1034,0.37033,780.253,0.272335,0.0353028,0.274566,0.172791,23.6766,10.8553,0.547863
sweep,100517,0.865119,25.5718,0.0234942,2.33466,0.0952589,0.297869,0.143691,3.45492,256.386,0.167588,8.97269,0.011215,0.927013,1.1743,1.09926,130.354,50,10,-1048576,-7050,0.00474834,153.282,0.307568,0.0181527,0.00918703,0.0,119.471,0.0184091,50.6493,2.44025,985.081,0.241599,0.0385495,0.187677,0.226044,24.972,20.916,0.271789
sweep,100518,1.27238,30.7635,0.301345,5.23964,0.735237,0.440675,0.0061143,0.401417,251.108,0.0240373,73.1173,0.128425,0.48975,1.86314,0.832633,159.761,50,10,-1048576,-7050,0.000870675,89.5303,0.433552,0.00563127,0.00626309,0.0,145.677,0.0170399,5.13692,0.920339,1002.61,0.267777,0.0109278,0.413839,0.114813,8.03411,16.2501,0.415609
sweep,100519,1.25414,32.946,0.162968,5.8158,1.39836,0.383145,0.1193,1.82964,243.327,0.126358,80.0229,0.0516896,0.295151,2.0853,1.39982,284.523,50,10,-1048576,-7050,0.00497027,117.432,0.69497,0.0189719,0.00763909,0.0,75.2326,0.00696533,14.0647,0.474985,313.542,0.421134,0.0422925,0.480707,0.29427,6.0956,23.9888,0.53234
sweep,100520,1.18164,35.7879,0.950834,5.8488,0.448931,0.282893,0.258345,3.42527,296.267,0.0485109,34.2035,0.16565,0.669341,1.80299,0.857536,211.179,50,10,-1048576,-7050,0.00145281,22.0165,0.952191,-0.0136227,0.00410738,0.0,7.28285,0.0780058,18.5377,0.219917,1165.99,0.560775,0.0484673,0.336404,0.223251,24.9345,3.09374,0.367714
sweep,100521,1.0998,21.0516,0.589704,4.19872,1.10323,0.0883791,0.272731,4.2611,284.06,0.0892808,81.8187,0.152654,0.527086,1.32813,0.858075,472.231,50,10,-1048576,-7050,0.00371645,226.516,0.714346,0.0144041,0.00567995,0.0,95.2709,0.0739222,52.4511,1.25179,993.523,0.570099,0.0780076,0.219936,0.0772964,17.3411,10.5997,0.218011
sweep,100522,1.12761,35.4623,0.36328,3.45387,1.46523,0.234404,0.0685552,4.73212,179.205,0.14185,35.6077,0.132994,0.572245,1.43122,1.42075,238.89,50,10,-1048576,-7050,0.00281013,80.5948,0.111447,-0.00119733,0.0023436,0.0,16.3394,0.0711232,19.7019,1.92241,903.352,0.175512,0.0458364,0.256042,0.211724,19.1767,13.0121,0.428247
sweep,100523,1.19019,19.8258,0.50327,4.32287,0.888835,0.405355,0.0902161,3.52872,117.287,0.154693,76.6262,0.0283004,0.281708,2.98527,1.10445,587.182,50,10,-1048576,-7050,0.00364615,249.804,0.983998,0.0195091,0.00432908,0.0,177.397,0.0779742,62.7233,0.403843,390.469,0.227852,0.0115392,0.493021,0.152936,11.8788,14.0473,0.09455
sweep,100524,0.814391,21.102,0.496949,2.40093,0.322154,0.176192,0.00449208,1.72612,105.477,0.191223,48.872,0.0740816,0.39802,2.77742,0.71747,524.873,50,10,-1048576,-7050,0.00351809,200.242,0.860179,0.0182504,0.00252514,0.0,84.9946,0.0388557,63.1118,2.9655,731.05,0.246954,0.0624186,0.593394,0.0398592,18.3047,24.6788,0.184658
sweep,100525,0.819668,20.4336,0.773733,3.93908,1.38413,0.274981,0.089539,3.16838,181.025,0.0938297,58.4704,0.0177921,0.960954,2.48603,0.872281,368.119,50,10,-1048576,-7050,0.00122558,118.964,0.199723,-0.00192289,0.00609734,0.0,155.196,0.064953,67.2655,0.15775,262.582,0.596328,0.0641051,0.137563,0.0721862,26.8009,5.18674,0.468383
sweep,100526,1.19416,28.605,0.601131,1.65725,1.11554,0.469905,0.241507,0.84734,80.9313,0.185718,28.4478,0.146692,0.376777,1.70987,0.733309,330.238,50,10,-1048576,-7050,0.00131911,213.468,0.865663,0.0042579,0.00698936,0.0,109.789,0.0576435,59.2861,2.24196,1167.05,0.236292,0.0305991,0.551983,0.0676305,28.6379,3.32574,0.525216
sweep,100527,0.761005,28.9794,0.433545,5.95026,0.611584,0.422273,0.162127,3.89319,157.467,0.158311,37.3861,0.0225661,0.257053,2.43312,1.13476,400.465,50,10,-1048576,-7050,0.00279077,202.013,0.544046,0.00423321,0.00423252,0.0,56.7949,0.0805282,28.7249,1.84732,415.705,0.250401,0.0402567,0.469331,0.0668603,13.3941,22.1042,0.079397
sweep,100528,0.930106,31.2837,0.830074,5.78172,0.590619,0.224812,0.0468876,0.874559,25.0212,0.0880952,11.9001,0.0676875,0.313892,1.02677,1.25315,511.613,50,10,-1048576,-7050,0.000939287,73.1567,0.259266,-0.000369563,0.00330791,0.0,17.8272,0.0112667,42.0703,0.106363,458.854,0.427199,0.0166421,0.563172,0.293673,15.8585,3.38699,0.577445
sweep,100529,0.962818,36.0076,0.291663,2.92168,0.279135,0.26105,0.0605473,3.38815,42.5332,0.157117,36.9137,0.157636,0.978948,2.04748,0.799294,573.094,50,10,-1048576,-7050,0.00324128,231.493,0.31009,-0.00104505,0.00212854,0.0,45.6856,0.0506174,52.9693,2.52532,871.593,0.352562,0.00808945,0.115034,0.246199,25.1988,10.9288,0.292678
sweep,100530,0.965688,30.7766,0.913778,3.40173,1.13529,0.137235,0.000940021,4.15113,252.631,0.0514297,99.5966,0.138486,0.647743,2.63676,1.4468,421.778,50,10,-1048576,-7050,0.001929,103.571,0.131591,-3.69962e-05,0.000419914,0.0,116.267,0.0384598,33.3412,1.69851,222.968,0.562187,0.0591203,0.390289,0.147073,14.5546,11.8827,0.4915
sweep,100531,0.780154,21.7355,0.427263,4.75531,0.741635,0.340531,0.0430832,3.13173,129.497,0.0397981,32.9859,0.0221988,0.841992,1.28424,0.729261,157.74,50,10,-1048576,-7050,0.000507516,159.916,0.140848,0.0115751,0.00918276,0.0,142.174,0.0736711,41.0898,1.99732,1095.99,0.448279,0.06394,0.232834,0.0527122,13.5079,10.7064,0.585859
sweep,100532,1.01765,30.4042,0.263948,2.004,1.06518,0.472465,0.175841,3.13006,274.511,0.136784,44.1759,0.100508,0.552591,2.17803,1.33366,504.261,50,10,-1048576,-7050,0.000117549,201.096,0.685226,0.00122654,0.00542729,0.0,147.024,0.00825265,18.833,0.776511,1110.77,0.5227,0.0465109,0.202268,0.280929,7.77221,15.6677,0.335476
sweep,100533,0.901618,28.9512,0.0832162,1.12677,1.39818,0.109551,0.113287,1.67176,97.6882,0.122963,20.8146,0.0116511,0.60856,1.11848,0.97691,486.671,50,10,-1048576,-7050,0.00342974,191.203,0.736793,0.0166297,0.00412131,0.0,166.588,0.067397,30.6594,1.38512,161.425,0.490078,0.0367287,0.283675,0.231335,28.3512,16.678,0.3244
sweep,100534,0.966768,26.6084,0.131123,4.34317,1.05477,0.251334,0.290998,1.82584,122.203,0.0327828,75.6765,0.00943535,0.536109,2.19686,0.78802,473.323,50,10,-1048576,-7050,0.00434759,232.787,0.334073,-0.0190547,0.0079751,0.0,33.2566,0.0570415,71.4831,0.88649,989.997,0.461263,0.0202615,0.253294,0.25089,14.7189,13.6124,0.436815
sweep,100535,1.25757,21.1585,0.977755,1.4659,1.13347,0.362903,0.0140355,0.831404,276.62,0.0567939,46.2898,0.0280493,0.75512,2.79036,1.3561,296.327,50,10,-1048576,-7050,0.00201668,247.126,0.773987,-0.0185806,0.00113087,0.0,151.974,0.0624477,61.291,1.83917,297.797,0.22939,0.0136704,0.463107,0.0592099,19.4181,7.29493,0.575272
sweep,100536,0.703638,23.824,0.766169,3.1853,0.833877,0.45908,0.164302,0.742387,263.347,0.160396,58.4568,0.00315074,0.4688,2.66067,1.48054,309.173,50,10,-1048576,-7050,0.00103394,228.286,0.362866,0.0139648,0.00391931,0.0,100.17,0.0182186,40.9568,2.04381,694.516,0.235999,0.00887466,0.0808078,0.043387,21.6666,26.6714,0.542232
sweep,100537,0.779249,29.834,0.734991,1.08865,0.654044,0.403977,0.0695165,0.189643,117.848,0.0625247,96.881,0.166533,0.127619,2.52442,0.57024,524.446,50,10,-1048576,-7050,0.00439831,79.7491,0.142227,0.018772,0.00614608,0.0,130.842,0.0438231,19.5873,0.595594,40.9698,0.267992,0.0164016,0.41004,0.103621,24.8963,11.4886,0.158152
sweep,100538,0.985632,39.2429,0.0143067,2.61462,0.385553,0.416424,0.105998,1.48362,138.454,0.148992,17.7264,0.0376375,0.64032,1.97909,0.863905,554.411,50,10,-1048576,-7050,0.000713662,34.0806,0.603753,-0.0155854,0.000450603,0.0,161.85,0.0932114,14.8756,0.935464,1141.26,0.31771,0.0721047,0.385541,0.288127,10.7685,27.3625,0.576972
sweep,100539,1.14881,29.1108,0.998899,4.65016,1.00232,0.387021,0.191365,2.20643,104.827,0.170946,42.5035,0.0569412,0.321379,1.82689,1.48831,412.896,50,10,-1048576,-7050,0.00209717,169.463,0.299847,-0.00816177,0.00768734,0.0,179.82,0.0422994,16.5988,0.926745,64.5212,0.480107,0.0485497,0.426565,0.124316,21.6124,29.0964,0.420673
sweep,100540,1.1638,31.1777,0.261402,5.00125,0.346111,0.207355,0.118034,2.06635,32.5807,0.114273,98.7175,0.079793,0.644124,1.16687,1.2885,514.224,50,10,-1048576,-7050,0.00434467,270.094,0.819749,0.000728122,0.00854685,0.0,99.7765,0.0617339,31.9147,2.4559,350.125,0.267096,0.0775883,0.418659,0.290458,4.24609,25.7935,0.328682
sweep,100541,1.08269,28.8629,0.30997,4.03335,0.43587,0.148651,0.0689917,0.696249,44.9377,0.190072,25.1094,0.0361835,0.821153,1.82787,1.03238,336.638,50,10,-1048576,-7050,0.00212451,284.841,0.726678,-0.0182115,0.00624808,0.0,191.602,0.0266531,50.2878,1.55867,633.135,0.146984,0.0468379,0.156508,0.134423,14.5951,3.47493,0.196025
sweep,100542,0.742551,19.4034,0.717678,1.99022,0.888337,0.160734,0.289693,2.58509,150.007,0.127872,58.218,0.0563903,0.849671,2.51664,0.657637,174.483,50,10,-1048576,-7050,0.00488936,287.246,0.80802,-0.0116984,0.00326438,0.0,69.4663,0.00567332,8.89516,1.68188,196.433,0.390157,0.0993751,0.410326,0.0621923,17.3195,24.2885,0.493472
sweep,100543,0.842886,31.715,0.127858,3.02133,0.928819,0.415378,0.186824,3.52277,43.0542,0.079687,10.5489,0.0242268,0.488334,1.05179,1.06918,211.594,50,10,-1048576,-7050,0.00160393,198.076,0.855037,-0.0183679,0.00946714,0.0,197.511,0.0446635,47.7461,0.292447,350.71,0.460414,0.0578218,0.445843,0.21232,20.8924,3.72853,0.465293
sweep,100544,1.15081,29.2129,0.651156,4.13372,0.715148,0.423474,0.291052,0.735267,219.07,0.10794,38.942,0.108328,0.302707,2.71419,1.48096,261.639,50,10,-1048576,-7050,0.00428767,213.818,0.193629,0.000708416,0.00137911,0.0,115.014,0.0658317,13.3966,0.667093,111.428,0.421998,0.0809409,0.557344,0.169106,17.4963,20.0563,0.316309
sweep,100545,0.897262,39.7263,0.155897,5.35506,1.20931,0.458727,0.283368,2.09487,138.11,0.0595863,36.7755,0.120986,0.670317,1.06564,0.863262,446.59,50,10,-1048576,-7050,0.00283122,194.844,0.194602,0.015242,0.0027948,0.0,48.2692,0.0660935,60.6568,2.12382,1007.31,0.221357,0.0271328,0.495785,0.244264,14.9501,10.7145,0.297033
sweep,100546,1.06331,30.2261,0.519512,3.39676,1.47966,0.379927,0.0920433,1.50966,249.776,0.156513,58.2892,0.190133,0.336565,1.52987,0.989761,466.251,50,10,-1048576,-7050,0.000922047,52.0268,0.928935,0.0094296,0.00625564,0.0,32.2353,0.039707,44.8716,2.70422,886.507,0.463078,0.0529189,0.149853,0.269127,19.6189,28.0733,0.527452
sweep,100547,1.2457,38.6002,0.387162,5.6569,0.590701,0.0504085,0.100066,1.71103,176.121,0.187711,80.508,0.0145442,0.607189,2.32235,1.25674,468.381,50,10,-1048576,-7050,0.00382242,13.9302,0.0844669,-0.00600061,0.00614692,0.0,195.97,0.0797153,46.1479,2.31834,645.772,0.290062,0.029607,0.0680451,0.29412,2.50472,14.9523,0.199532
sweep,100548,0.8165,21.7407,0.0164016,1.85618,1.44956,0.303132,0.284135,1.32822,101.959,0.148977,75.5299,0.126803,0.519428,1.23568,0.865589,381.545,50,10,-1048576,-7050,0.00143126,297.352,0.445582,-0.00899522,0.00658906,0.0,113.158,0.0337671,57.0397,0.130502,770.996,0.554197,0.0822903,0.15251,0.0802641,9.54229,3.85803,0.383768
sweep,100549,0.841652,27.4616,0.161927,2.33446,0.764715,0.131966,0.250254,1.29957,69.8984,0.104259,19.8066,0.124362,0.394969,2.45184,1.33802,271.125,50,10,-1048576,-7050,0.000322764,142.504,0.922246,0.000498935,0.000411013,0.0,122.384,0.033166,51.6639,2.8897,259.964,0.553963,0.0948597,0.460915,0.181736,7.0539,23.357,0.279514
sweep,100550,1.03779,21.9323,0.831297,3.64005,0.732764,0.323502,0.0341979,0.172998,201.232,0.175436,55.7396,0.198369,0.416213,1.898,1.02766,232.536,50,10,-1048576,-7050,0.00265386,165.66,0.414494,-0.00823474,0.00925587,0.0,171.781,0.0241355,32.467,1.26295,1042.25,0.163265,0.0634796,0.205012,0.206733,10.0317,18.2636,0.395189
sweep,100551,1.04021,27.8146,0.577974,2.22601,0.50678,0.0870982,0.0793354,3.52788,66.6988,0.188013,43.2725,0.0613553,0.518548,1.82047,1.1338,146.151,50,10,-1048576,-7050,0.000939954,103.835,0.0825921,0.0145921,0.00962465,0.0,82.0766,0.0843681,45.9607,2.37979,328.852,0.293102,0.0137814,0.210745,0.228713,28.1603,28.8482,0.235491
sweep,100552,1.00246,20.0372,0.0761408,5.10181,1.14763,0.348607,0.217461,1.41712,59.6803,0.191817,14.0245,0.0743796,0.571387,2.35784,1.05292,492.573,50,10,-1048576,-7050,0.00460566,299.428,0.241751,0.0127669,0.00763426,0.0,52.272,0.0749456,25.6214,1.8531,491.492,0.343834,0.0105224,0.475125,0.135088,8.83847,10.6366,0.315429
sweep,100553,0.984707,31.3281,0.551816,5.50752,0.169888,0.318513,0.188307,3.99314,54.0969,0.0869513,97.6306,0.145982,0.633483,2.54017,1.46381,319.367,50,10,-1048576,-7050,0.000632949,96.2485,0.134195,0.00900023,0.00397556,0.0,7.5156,0.0692985,40.7432,1.4793,737.849,0.41213,0.0728953,0.255767,0.266113,8.22962,22.0653,0.156
sweep,100554,0.705232,19.6002,0.379863,2.14237,0.559837,0.412053,0.125677,2.4077,107.46,0.16076,72.7629,0.197445,0.905759,2.99108,0.790462,322.338,50,10,-1048576,-7050,0.00253746,256.637,0.146774,0.0084889,0.00319161,0.0,184.673,0.0811511,55.878,1.20557,410.685,0.223002,0.0690621,0.569456,0.0545481,22.585,5.81745,0.397416
sweep,100555,0.962761,26.0328,0.178293,3.39102,0.68009,0.34877,0.0549954,4.44399,187.627,0.0607202,58.3476,0.14162,0.205031,2.18724,0.89824,456.32,50,10,-1048576,-7050,0.00447354,219.975,0.39423,-0.0100705,0.00133831,0.0,130.521,0.00635177,45.0182,0.299354,1186.6,0.165577,0.0250755,0.187839,0.140521,29.9761,16.6394,0.540633
sweep,100556,0.735475,31.2188,0.643238,3.23822,0.559251,0.0660196,0.162167,4.19618,173.364,0.0379171,73.143,0.0708004,0.966985,1.64505,0.551131,582.007,50,10,-1048576,-7050,0.00129054,261.468,0.434202,0.0182969,0.00236403,0.0,154.507,0.0699025,7.18017,1.80828,925.38,0.303909,0.0280917,0.332459,0.17874,15.0342,27.1607,0.0759222
sweep,100557,0.96776,22.3738,0.840378,5.07802,0.203392,0.314999,0.27017,4.40957,118.383,0.0377165,96.6495,0.13572,0.182468,2.18983,0.89278,116.86,50,10,-1048576,-7050,0.00251482,109.451,0.717495,0.00189257,0.00464807,0.0,74.8383,0.0055879,64.3686,1.76964,864.469,0.235777,0.00958741,0.113519,0.254875,21.1211,16.7036,0.554821
sweep,100558,1.02814,25.3406,0.109661,5.49891,1.42459,0.123202,0.191738,1.15221,172.138,0.0744905,56.7197,0.0614592,0.440395,1.69074,0.731246,327.633,50,10,-1048576,-7050,0.00111788,297.109,0.878588,-0.0134122,0.000247519,0.0,51.0406,0.090773,38.5313,2.32969,1151.56,0.50806,0.0393714,0.459514,0.137863,27.1755,8.25269,0.130115
sweep,100559,0.991341,24.691,0.76628,1.20296,1.34086,0.307247,0.110336,1.71784,87.192,0.0343504,83.5369,0.130476,0.976031,2.45647,1.14035,362.63,50,10,-1048576,-7050,0.00230906,157.569,0.739792,0.0141068,0.00979807,0.0,162.563,0.0305704,43.3636,2.38789,765.958,0.182668,0.0614916,0.176525,0.113526,23.7028,29.8437,0.118451
sweep,100560,1.16481,23.0815,0.430651,2.56338,0.929228,0.461173,0.283087,0.708184,122.747,0.121965,26.5344,0.167887,0.808795,1.40543,1.01687,358.227,50,10,-1048576,-7050,0.00279055,87.8281,0.546008,-0.01154,0.00614373,0.0,190.498,0.0560424,28.7931,0.753474,342.092,0.466991,0.0300762,0.493654,0.0551626,22.1987,28.9939,0.171431
sweep,100561,1.05361,23.4309,0.182881,1.8563,1.09645,0.167436,0.277725,4.81887,283.179,0.161012,48.8723,0.0829307,0.60738,1.80956,0.740277,576.949,50,10,-1048576,-7050,0.00315261,60.1128,0.86555,-0.0151932,0.00747628,0.0,69.7271,0.0362387,60.1202,0.513646,910.733,0.596998,0.0844185,0.232258,0.247976,21.3919,16.7383,0.181029
sweep,100562,1.06658,35.5114,0.747079,5.66837,1.42758,0.209731,0.201926,4.85295,187.931,0.133051,87.9211,0.0872803,0.427465,2.4815,1.03415,598.773,50,10,-1048576,-7050,0.00312122,201.608,0.811094,0.00072736,0.00555898,0.0,117.376,0.0281628,31.6305,2.29956,1147.48,0.495135,0.0803034,0.555654,0.186671,24.452,16.8515,0.568026
sweep,100563,1.28113,26.4775,0.164819,1.46678,0.839459,0.476107,0.107723,0.804671,178.161,0.135935,53.151,0.183642,0.825437,1.71303,1.36968,247.256,50,10,-1048576,-7050,0.000757451,282.537,0.926277,-0.0182473,0.00483692,0.0,103.431,0.0125178,65.7919,0.638404,490.893,0.455428,0.0591876,0.201931,0.183182,22.1779,7.29641,0.151458
sweep,100564,0.989671,28.6866,0.889691,2.88961,1.01271,0.161382,0.225375,2.48233,208.534,0.133402,85.6921,0.139066,0.199323,1.48597,0.551165,338.339,50,10,-1048576,-7050,0.0048811,286.311,0.926312,0.00598662,0.00197595,0.0,13.0015,0.00793788,16.8,1.42964,693.226,0.566719,0.0409137,0.325079,0.0714004,12.5131,28.9312,0.543852
sweep,100565,1.19398,36.6547,0.130602,2.5557,0.250137,0.235758,0.259655,0.658342,95.3373,0.188953,62.8583,0.0495038,0.71612,1.5401,0.944564,507.863,50,10,-1048576,-7050,0.00299253,214.786,0.916014,-0.0189109,0.00901747,0.0,48.75,0.0938074,47.8671,0.10204,1024.78,0.184141,0.00966602,0.592826,0.29479,12.936,22.1181,0.391843
sweep,100566,1.13153,27.6646,0.113272,3.43301,1.13,0.495771,0.236511,4.13556,227.736,0.185733,6.88632,0.00295532,0.164869,2.88889,0.72375,230.086,50,10,-1048576,-7050,0.00299114,198.899,0.739189,-0.0114786,0.00339793,0.0,4.1015,0.0368984,28.7366,0.481278,904.129,0.121094,0.0982645,0.0749402,0.0571137,19.5096,9.64505,0.312452
sweep,100567,1.16261,36.7979,0.274412,5.56284,1.22693,0.130842,0.280017,4.94672,87.8972,0.082072,92.4945,0.184748,0.182122,1.97373,1.02294,549.994,50,10,-1048576,-7050,0.000179118,106.405,0.313353,-0.00117356,0.00340056,0.0,76.7361,0.0496521,48.332,1.56208,11.2299,0.330715,0.0151818,0.325752,0.115231,16.4458,19.0309,0.54098
sweep,100568,0.727689,27.6849,0.0289574,3.08177,0.794498,0.271373,0.126994,1.94196,274.231,0.196624,27.8546,0.157495,0.354026,2.57038,1.41578,133.7,50,10,-1048576,-7050,0.00105416,99.735,0.0810429,0.00631739,0.00244363,0.0,185.206,0.0206883,40.6397,1.02818,859.328,0.29446,0.0757118,0.476479,0.216861,18.696,24.6182,0.123232
sweep,100569,1.10696,18.7076,0.195934,5.77066,0.0505624,0.0547373,0.252922,4.9048,83.3329,0.152453,68.0828,0.0581544,0.880917,2.24982,1.33784,139.174,50,10,-1048576,-7050,0.00196308,92.7794,0.982841,0.0135572,0.00300897,0.0,182.85,0.0751084,37.0608,0.0690388,1141.45,0.37231,0.0609599,0.21402,0.0665642,27.4941,25.7064,0.0501021
sweep,100570,1.139,37.3065,0.10003,1.59507,1.04927,0.470099,0.20597,1.85709,168.156,0.0314391,72.4327,0.173525,0.372534,1.99999,0.672145,195.481,50,10,-1048576,-7050,0.00283694,269.28,0.614203,0.00439151,0.00882754,0.0,87.3913,0.0502729,54.9778,1.15412,38.4619,0.598696,0.0383336,0.184554,0.139653,20.3877,18.1655,0.105662
sweep,100571,1.25476,34.2685,0.368159,2.60796,1.07559,0.0793702,0.0621033,3.94631,296.621,0.121461,41.4975,0.172626,0.925588,1.35858,0.758265,109.236,50,10,-1048576,-7050,0.00314328,43.7825,0.151966,0.0169279,0.004133,0.0,70.6497,0.0611815,23.9486,1.228,433.131,0.161185,0.0536863,0.16262,0.152245,24.4886,27.4108,0.56742
sweep,100572,0.925038,32.3893,0.569164,2.17513,1.23407,0.242282,0.165337,0.946125,32.5497,0.159993,44.378,0.121142,0.0240222,1.08632,1.17844,291.174,50,10,-1048576,-7050,0.00416619,177.868,0.37946,-0.0107981,0.00303053,0.0,17.5756,0.059079,28.3253,1.48987,820.66,0.287902,0.0750506,0.302199,0.250363,18.3217,14.1961,0.556568
sweep,100573,1.07243,20.4056,0.162881,1.0502,0.0643335,0.0583735,0.231859,4.58928,50.0001,0.152615,13.5152,0.135937,0.0987584,1.1301,1.12909,279.708,50,10,-1048576,-7050,0.00286274,279.99,0.0891938,-0.00200738,0.0046606,0.0,80.4838,0.019928,56.7298,0.821162,1044.31,0.56923,0.0682807,0.513099,0.280476,4.33779,2.1609,0.266632
sweep,100574,0.937165,26.2775,0.767,3.38831,0.661785,0.103868,0.181245,3.12421,252.376,0.0668464,93.9335,0.0369561,0.452899,2.84797,0.81813,158.11,50,10,-1048576,-7050,0.00193776,207.561,0.448072,-0.0172807,0.00363747,0.0,100.075,0.0414648,39.5143,1.79084,618.791,0.143851,0.0637504,0.247846,0.224273,17.5048,5.03945,0.388638
sweep,100575,1.24939,34.2783,0.752574,4.91991,1.41558,0.267556,0.166946,3.91866,178.063,0.162275,54.0002,0.0316924,0.0859419,2.10621,1.35342,478.106,50,10,-1048576,-7050,0.00177022,107.014,0.24606,0.018812,0.00885942,0.0,100.934,0.0966158,78.183,1.73383,317.55,0.21703,0.0208038,0.435728,0.0485518,11.7432,9.20541,0.371422
sweep,100576,1.20231,28.5941,0.438025,3.91471,1.47376,0.0550343,0.100229,0.245223,51.2297,0.0700973,85.0314,0.164201,0.701827,2.06596,0.601695,121.091,50,10,-1048576,-7050,0.00249741,221.355,0.563902,0.0185243,0.00669535,0.0,5.80824,0.0923979,52.1509,0.537713,946.755,0.327665,0.0899042,0.302363,0.110411,4.25503,10.932,0.230687
sweep,100577,0.922018,31.2584,0.837901,1.87699,0.506816,0.485718,0.24363,3.35699,229.949,0.058741,29.651,0.121874,0.0657176,2.15303,1.27917,204.602,50,10,-1048576,-7050,0.000351505,200.252,0.303397,0.0164042,0.00320925,0.0,172.653,0.0821909,53.3149,1.14555,626.328,0.316449,0.0994112,0.0602296,0.105879,8.18474,3.15076,0.217909
sweep,100578,1.14119,26.5854,0.503142,4.67726,0.562548,0.28063,0.00402338,0.113872,174.695,0.0507256,12.1183,0.1378,0.462191,2.49985,0.704218,125.041,50,10,-1048576,-7050,0.00391988,56.5791,0.46862,-0.0172499,0.00876051,0.0,114.468,0.0754961,24.3191,1.30242,596.031,0.158205,0.0552022,0.105592,0.160103,4.27068,11.7758,0.251705
sweep,100579,0.890494,25.9171,0.987349,1.31309,0.202109,0.315445,0.169548,0.208612,258.505,0.140866,21.6331,0.0275031,0.329884,2.67003,0.807482,461.613,50,10,-1048576,-7050,0.000223241,253.09,0.523668,0.0197273,0.000147693,0.0,77.9755,0.0526516,75.5214,1.38383,386.097,0.568418,0.0732512,0.197304,0.123528,23.8908,17.2494,0.205503
sweep,100580,0.728031,34.0561,0.692234,4.38921,0.853923,0.0324813,0.0942463,0.118316,262.077,0.0292848,31.8827,0.0534825,0.326144,2.89272,0.867213,299.386,50,10,-1048576,-7050,0.0048407,25.9235,0.898445,-0.0167004,0.00190856,0.0,157.787,0.0461004,76.1104,2.75579,1198.43,0.151635,0.0471609,0.556633,0.281289,5.69066,19.1857,0.587406
sweep,100581,0.806341,18.9048,0.491378,1.48683,0.537238,0.197842,0.0632549,0.265693,101.912,0.1073,11.2054,0.13812,0.71799,2.86752,0.717658,413.973,50,10,-1048576,-7050,0.00437601,139.336,0.192129,0.00217802,0.00388936,0.0,74.7742,0.0924288,79.3955,0.525659,1153.42,0.150371,0.036985,0.509509,0.170535,10.2891,22.7793,0.526493
sweep,100582,0.806624,26.4336,0.394315,3.89799,0.706634,0.0351851,0.0485066,0.272715,79.729,0.119635,64.8489,0.179452,0.814672,2.08191,0.693265,281.342,50,10,-1048576,-7050,0.00238842,61.9204,0.0632306,0.0121688,0.00187762,0.0,175.261,0.0880304,77.4323,0.621871,804.27,0.209276,0.0488916,0.511398,0.150534,10.6363,18.4247,0.115809
sweep,100583,0.952777,22.7488,0.289249,4.4327,1.46968,0.43942,0.195623,0.851698,287.874,0.198539,91.9682,0.150277,0.663729,2.12546,1.19877,481.266,50,10,-1048576,-7050,0.00458609,5.30368,0.630668,-0.0123392,0.00710286,0.0,142.475,0.0882157,12.6911,2.29302,818.038,0.175684,0.0269502,0.550859,0.232501,23.1813,14.3992,0.0948906
sweep,100584,1.18491,23.9353,0.0519508,2.77569,0.468481,0.0552698,0.134842,3.70043,280.18,0.10154,94.314,0.0599075,0.703477,2.25341,0.850004,376.722,50,10,-1048576,-7050,0.00347926,166.055,0.437253,-0.0145524,0.00101854,0.0,10.3376,0.0916155,32.9544,2.6934,764.402,0.185908,0.0438528,0.242315,0.182366,16.3617,22.9579,0.0556397
sweep,100585,0.909272,39.0721,0.093649,4.9496,0.317328,0.21338,0.106127,0.669362,85.888,0.152042,26.1087,0.0499732,0.534597,2.00851,1.11517,339.771,50,10,-1048576,-7050,0.00224999,8.87819,0.383947,-0.00676985,0.00236603,0.0,51.9242,0.0335419,18.7028,0.0661148,884.807,0.257979,0.0531338,0.42447,0.0809678,20.589,14.6398,0.360115
sweep,100586,0.760125,19.9789,0.681481,2.31136,0.392306,0.0665213,0.248756,2.70871,114.458,0.0917951,44.3754,0.0445133,0.209464,1.3526,1.37937,352.742,50,10,-1048576,-7050,0.00024253,291.174,0.17339,0.00641252,0.000287372,0.0,146.036,0.0217753,57.9803,1.03796,782.244,0.309601,0.0828744,0.377758,0.0930537,21.7212,11.1951,0.51545
sweep,100587,0.994365,20.5625,0.501221,5.9181,1.2288,0.432924,0.175718,2.69463,167.753,0.15698,6.8046,0.196539,0.994606,2.04584,0.758618,280.11,50,10,-1048576,-7050,0.000836237,90.2034,0.77343,-0.0012053,0.000299716,0.0,104.513,0.0759147,56.3589,2.94864,249.678,0.206366,0.0109418,0.0866059,0.207523,24.9418,29.0564,0.158813
sweep,100588,0.936862,28.8224,0.0414035,1.90714,0.817802,0.473115,0.230141,0.66083,287.979,0.136819,98.2245,0.109794,0.775584,1.40179,1.43751,267.209,50,10,-1048576,-7050,0.00135225,269.557,0.321352,-0.00576032,0.00464326,0.0,61.8708,0.0625637,67.8283,0.188741,707.09,0.401221,0.0606526,0.500749,0.266865,11.0292,22.3835,0.307077
sweep,100589,1.01457,38.5307,0.204374,4.20642,0.406252,0.337955,0.108937,0.670219,146.256,0.0265647,83.6492,0.0552331,0.351079,2.25678,1.4679,339.485,50,10,-1048576,-7050,0.00324466,142.331,0.0741644,-0.0177574,0.00516513,0.0,49.3515,0.0895517,78.9109,1.40389,1141.45,0.165907,0.0591638,0.471952,0.154776,16.4079,28.4059,0.240392
sweep,100590,1.1477,23.0144,0.61149,2.9791,0.403341,0.321045,0.0171714,2.91404,56.1908,0.184871,52.5636,0.0762702,0.519801,2.8521,0.822627,589.405,50,10,-1048576,-7050,0.00296608,55.427,0.999137,0.00491169,0.00797014,0.0,94.9571,0.0339794,47.3345,2.28091,509.089,0.322123,0.069584,0.577799,0.291372,20.2307,6.83344,0.471648
sweep,100591,1.17014,20.3691,0.464142,1.65451,0.0600923,0.196437,0.0510453,1.68994,204.915,0.167804,69.7606,0.14895,0.975911,2.71841,0.615886,439.388,50,10,-1048576,-7050,0.00332073,170.116,0.380119,0.0188695,0.00410484,0.0,46.0151,0.0546588,43.4703,1.38371,934.143,0.212294,0.0329767,0.170108,0.191105,9.14213,17.1379,0.49334
sweep,100592,0.90363,20.6704,0.269965,3.81128,0.536287,0.423376,0.102309,3.10668,203.06,0.0400285,65.6626,0.0321116,0.0837584,2.58914,1.28064,411.047,50,10,-1048576,-7050,0.00099173,43.6772,0.192541,0.0198672,0.00771326,0.0,161.559,0.00913705,5.48322,2.63709,964.481,0.248648,0.0279938,0.530981,0.237246,15.7231,25.8879,0.304957
sweep,100593,1.24875,31.8671,0.750398,1.34579,0.50856,0.249907,0.295308,2.0027,91.2274,0.0507023,8.87148,0.0388578,0.241596,1.49668,0.71596,181.973,50,10,-1048576,-7050,0.00354305,248.107,0.820207,0.0105331,0.00141155,0.0,95.8906,0.0591327,71.5385,2.06077,1041.37,0.282751,0.0330269,0.534766,0.285019,26.4261,20.8329,0.538147
sweep,100594,0.943187,25.9547,0.23428,5.42006,1.16861,0.260805,0.262524,3.3317,197.882,0.169068,20.867,0.0944602,0.341953,1.00374,0.634308,222.668,50,10,-1048576,-7050,0.00277024,105.507,0.807108,-0.00990976,0.00136153,0.0,18.2964,0.0625753,48.3432,1.41819,850.154,0.173219,0.0225495,0.331553,0.267842,14.6698,23.0439,0.0678595
sweep,100595,1.04049,39.7932,0.390218,5.93347,0.639723,0.425139,0.0710821,0.103493,180.563,0.146778,45.1312,0.152542,0.772641,1.09497,0.646056,410.091,50,10,-1048576,-7050,0.0017755,77.9609,0.415945,0.0081131,0.00704354,0.0,70.445,0.0523747,59.2816,0.606157,1085.05,0.138252,0.0157672,0.354237,0.237905,17.3052,10.8004,0.432531
sweep,100596,0.769412,36.4064,0.940258,3.73288,0.884503,0.184221,0.113129,2.8295,93.814,0.111599,19.7201,0.0880521,0.867851,2.42145,0.594812,516.454,50,10,-1048576,-7050,0.00311711,6.31783,0.281363,-0.00254853,0.00784419,0.0,123.782,0.078681,54.4418,2.07446,150.935,0.280602,0.0324703,0.296187,0.198351,14.9197,15.523,0.268421
sweep,100597,1.28013,27.7924,0.940824,5.13925,0.768439,0.0353094,0.0392706,4.80772,207.835,0.105445,35.3551,0.0306298,0.0417361,1.80224,0.802681,512.637,50,10,-1048576,-7050,0.0040208,219.246,0.175479,0.00492288,0.00716489,0.0,197.83,0.096415,57.9237,0.87392,286.465,0.333617,0.0950417,0.45941,0.274799,10.09,10.4234,0.098851
sweep,100598,0.763514,19.071,0.723326,5.33617,0.923281,0.427683,0.154662,4.74216,55.6959,0.186168,93.3405,0.120319,0.179837,1.94226,0.823346,330.551,50,10,-1048576,-7050,0.00178589,35.881,0.821214,0.013473,0.00603028,0.0,53.2213,0.0375981,75.5668,2.13055,935.485,0.446783,0.0499271,0.460582,0.11058,27.4738,25.0818,0.58025
sweep,100599,1.05587,24.5483,0.812389,2.85425,0.377052,0.376628,0.111621,3.50356,264.965,0.0324819,79.4737,0.0903658,0.879755,2.39456,0.780898,386.247,50,10,-1048576,-7050,0.00183663,5.70013,0.786758,0.0102956,0.0038404,0.0,84.4159,0.0767696,62.2568,2.19779,133.342,0.299616,0.0402711,0.479101,0.136027,23.5526,4.27928,0.380653
sweep,100600,1.1014,35.4586,0.607124,3.01753,0.932817,0.176481,0.0567938,3.22318,61.0236,0.163165,51.5916,0.113361,0.952854,1.05587,0.594018,232.215,50,10,-1048576,-7050,0.00315265,296.358,0.859194,0.000623825,0.00405815,0.0,135.737,0.00762776,74.1288,0.54262,1112.38,0.459978,0.0823043,0.332734,0.276081,29.7722,16.1952,0.175772
sweep,100601,1.11867,37.8359,0.0393923,1.08019,0.0889692,0.239413,0.202872,4.89495,255.005,0.0944294,10.3778,0.0966563,0.94768,1.91204,0.654457,458.141,50,10,-1048576,-7050,0.00246811,62.0716,0.785489,-0.00411799,0.00398576,0.0,24.828,0.0904752,62.9069,0.988017,185.107,0.115912,0.0110072,0.481711,0.274367,5.18473,23.9238,0.113377
sweep,100602,1.11328,32.0499,0.646853,2.98873,1.29043,0.421073,0.0922784,1.70723,245.26,0.137578,31.284,0.0278826,0.979132,2.0961,1.35625,465.104,50,10,-1048576,-7050,0.00322962,291.559,0.784514,-0.0063707,0.00638215,0.0,125.656,0.0785967,76.3215,1.34736,941.399,0.238388,0.0576844,0.446774,0.042732,13.6373,28.2335,0.139381
sweep,100603,1.15562,26.4193,0.0604826,5.6715,0.316259,0.462233,0.186662,4.91439,273.041,0.159531,86.9695,0.0306954,0.860842,1.55174,1.41404,500.44,50,10,-1048576,-7050,0.00338774,48.6943,0.856751,0.00859022,0.00610808,0.0,198.028,0.0512324,25.9594,0.699768,975.732,0.224333,0.0994179,0.596826,0.0513144,2.72347,17.3148,0.205248
sweep,100604,0.864471,39.0043,0.228383,4.8715,0.26601,0.0595349,0.205258,3.66092,69.1527,0.0276942,83.3265,0.0947349,0.736972,2.66364,0.612921,122.441,50,10,-1048576,-7050,0.00178575,79.3476,0.758895,0.0178923,0.0092875,0.0,26.2786,0.0709751,11.9325,2.5099,349.398,0.239144,0.0175119,0.47611,0.169406,4.81119,23.0604,0.221503
sweep,100605,0.798714,24.8459,0.534209,3.96697,1.17058,0.418628,0.293276,3.87616,41.5145,0.156716,23.5927,0.144633,0.564851,2.58709,1.47626,173.376,50,10,-1048576,-7050,0.00184513,118.593,0.927011,0.018848,0.00184395,0.0,13.3081,0.0459395,33.0012,2.52989,526.235,0.542339,0.0933005,0.588718,0.226191,20.6001,19.4995,0.419021
sweep,100606,1.11428,30.3516,0.262367,1.97785,0.28038,0.469682,0.127318,3.83583,197.421,0.0265693,24.5088,0.1478,0.0846193,2.24545,1.07057,185.733,50,10,-1048576,-7050,0.00339733,159.097,0.16638,0.0115552,0.00879857,0.0,118.485,0.0137409,78.5717,1.30395,669.615,0.210956,0.0892626,0.260155,0.259551,12.9061,10.3525,0.134985
sweep,100607,1.20618,24.4172,0.126351,2.79811,0.308501,0.240847,0.199969,2.52507,216.893,0.091248,20.0816,0.0539336,0.76168,1.03612,1.3972,334.834,50,10,-1048576,-7050,0.00406355,23.5118,0.687124,-0.000568731,0.00370404,0.0,2.96577,0.0206836,75.9774,0.962705,28.1167,0.248219,0.0625513,0.543414,0.0606522,21.3028,11.5726,0.0747518
sweep,100608,1.27507,32.9604,0.81567,2.5063,0.932226,0.103397,0.146162,3.83989,191.448,0.10399,46.7078,0.190815,0.856018,1.26272,1.40644,496.328,50,10,-1048576,-7050,0.00467802,124.036,0.714779,0.0176777,0.00945086,0.0,130.703,0.0503628,79.9548,2.71792,950.396,0.55052,0.0346676,0.364884,0.235861,23.3215,27.4401,0.53416
sweep,100609,1.21866,18.7832,0.956721,1.84438,0.763997,0.327853,0.128313,1.89491,190.711,0.0727954,81.5201,0.16923,0.103963,2.24931,0.582679,263.369,50,10,-1048576,-7050,0.00191759,9.42908,0.0805859,-0.00654128,0.00177907,0.0,122.313,0.0730475,45.7307,0.562564,301.937,0.3245,0.0320303,0.453983,0.177266,21.4077,22.7815,0.149428
sweep,100610,1.19208,33.3133,0.857787,2.15175,0.966274,0.383376,0.00162698,2.82386,57.5537,0.0386783,23.5139,0.112658,0.0519295,1.00697,1.47567,260.888,50,10,-1048576,-7050,0.00162322,205.859,0.433964,-0.0195266,0.00318339,0.0,48.6703,0.0229627,5.24866,0.763637,889.547,0.574126,0.0357031,0.15335,0.158973,29.8152,18.9991,0.388252
sweep,100611,1.17521,38.0076,0.780705,2.96954,1.25129,0.0312609,0.085936,2.41121,54.4956,0.143575,88.2348,0.114414,0.60767,1.80028,0.95905,152.775,50,10,-1048576,-7050,0.00103097,43.6787,0.278679,-0.0153939,0.00144227,0.0,21.4357,0.0741436,63.2725,2.44726,117.827,0.219735,0.0717235,0.189911,0.0906146,15.2059,22.679,0.383447
sweep,100612,0.788596,32.9243,0.0699771,1.72647,0.659826,0.194201,0.0352228,4.20184,180.206,0.0363135,43.4964,0.061669,0.898086,2.45594,1.26391,203.99,50,10,-1048576,-7050,0.00108887,257.103,0.59038,-0.000656268,0.00457726,0.0,7.23737,0.0576708,5.57696,2.62076,1184.48,0.360156,0.04792,0.526957,0.193,11.4059,7.36937,0.583954
sweep,100613,0.961183,29.4746,0.36937,4.73789,0.0160998,0.341065,0.0363843,4.72861,22.9544,0.0567459,79.1701,0.142314,0.765465,2.16615,0.659225,186.676,50,10,-1048576,-7050,0.00121004,285.266,0.401156,0.00957946,0.00683146,0.0,73.7995,0.0503954,27.208,2.91404,378.491,0.386548,0.0838053,0.481109,0.143743,4.92031,4.34289,0.12961
sweep,100614,1.08287,23.893,0.635341,3.53039,1.08629,0.139069,0.0780162,1.84467,125.401,0.0537103,88.376,0.0516714,0.954835,1.74952,0.604949,552.144,50,10,-1048576,-7050,0.00170793,248.435,0.957848,-0.00529161,0.000496773,0.0,108.521,0.0184227,20.3444,2.11625,1008.24,0.271685,0.0402188,0.395686,0.0546478,24.1193,6.26791,0.5186
sweep,100615,0.712985,19.1008,0.639748,3.03423,0.56289,0.322492,0.266408,0.17974,283.55,0.0398793,95.4813,0.167721,0.820967,1.97193,1.33564,347.806,50,10,-1048576,-7050,0.00412763,44.3839,0.0735631,-0.0028758,0.00362914,0.0,75.626,0.00956631,27.7988,0.167915,524.411,0.356743,0.098322,0.56223,0.170147,28.9576,20.3737,0.298367
sweep,100616,0.738341,23.5751,0.631858,5.70245,1.00922,0.147189,0.0707026,1.17044,156.487,0.0965356,84.8194,0.117142,0.294289,1.11105,1.26364,461.55,50,10,-1048576,-7050,0.000806079,142.53,0.757891,-0.0162073,0.00542297,0.0,87.0554,0.0806527,43.5008,2.67643,747.044,0.529313,0.0160847,0.249347,0.12791,26.2624,13.5129,0.420324
sweep,100617,1.2301,18.9787,0.295591,1.28441,0.799827,0.322095,0.0467022,0.097477,163.238,0.196085,36.9803,0.00112447,0.779486,2.4547,0.768787,587.299,50,10,-1048576,-7050,0.00413218,233.234,0.161171,0.0148937,0.0021711,0.0,66.2136,0.0165064,13.6752,0.852597,819.17,0.441797,0.0140709,0.376887,0.297157,24.9028,26.2685,0.596847
sweep,100618,1.08466,39.3408,0.527068,3.42528,0.707035,0.0680586,0.0422384,3.3949,75.0328,0.097421,8.29117,0.107787,0.79729,1.81496,0.949061,483.068,50,10,-1048576,-7050,0.00032863,271.147,0.264996,0.007256,0.00198507,0.0,2.42013,0.0904564,44.1367,0.470701,680.592,0.435756,0.0984668,0.342634,0.136892,29.0607,18.0071,0.158189
sweep,100619,1.23504,26.9448,0.593964,1.8368,1.09605,0.494135,0.097985,2.45043,235.157,0.171548,27.8688,0.0574957,0.309324,1.0659,0.675082,250.352,50,10,-1048576,-7050,0.0026894,235.316,0.581714,-0.00530415,0.00108887,0.0,80.9164,0.0477967,59.1848,2.13516,320.541,0.555359,0.0314688,0.583089,0.14833,29.4928,2.77721,0.138263
sweep,100620,1.22507,36.993,0.986964,2.78864,1.23604,0.290706,0.217277,4.54015,89.8106,0.126923,17.7234,0.0375558,0.816407,1.15145,1.03463,483.478,50,10,-1048576,-7050,0.00382451,83.1553,0.984583,-0.0107315,4.8164e-06,0.0,67.9765,0.090034,6.1969,2.37569,683.875,0.238675,0.0419696,0.205631,0.173931,10.8643,11.0675,0.0901239
sweep,100621,1.09979,32.3792,0.592094,1.30532,0.84981,0.341918,0.199947,3.34974,286.798,0.184278,39.4638,0.0336365,0.903656,1.69262,0.57709,132.127,50,10,-1048576,-7050,0.00216766,242.244,0.0910025,-0.00688748,0.00142825,0.0,35.3769,0.0832287,34.2635,2.43602,839.178,0.435286,0.0877073,0.142922,0.197582,23.7565,14.8539,0.54896
sweep,100622,0.935411,33.9748,0.157783,2.59543,0.427437,0.266296,0.185164,4.82033,24.4668,0.179254,95.7691,0.167683,0.370628,1.46701,1.25086,455.255,50,10,-1048576,-7050,0.0027508,294.492,0.424783,-0.00919652,0.00943488,0.0,81.4993,0.0820116,74.9265,1.64803,958.88,0.55479,0.0581898,0.26263,0.211457,20.4168,8.14213,0.204999
sweep,100623,1.28084,39.7941,0.526861,5.1561,0.382571,0.26888,0.207733,4.99515,48.3897,0.0330854,24.9046,0.0872555,0.861839,1.27963,0.681727,547.747,50,10,-1048576,-7050,0.000475931,109.989,0.932174,-0.00770882,0.00750899,0.0,55.3379,0.053874,34.4897,0.832997,259.515,0.598696,0.0514117,0.306854,0.16604,20.4762,25.9996,0.105993
sweep,100624,0.915709,38.9553,0.055697,2.41669,0.431693,0.184621,0.268628,2.49441,258.638,0.195028,64.403,0.161125,0.412975,1.47573,0.826795,249.56,50,10,-1048576,-7050,0.00456327,168.837,0.86706,0.0118604,0.00693048,0.0,86.0772,0.0819557,64.1758,0.625782,1062.13,0.315499,0.0613282,0.430873,0.225201,12.024,16.9448,0.149733
sweep,100625,1.16502,22.8473,0.756017,3.91487,0.527019,0.257292,0.139172,1.5098,278.749,0.140857,56.8326,0.0580001,0.603996,2.64677,1.23181,119.762,50,10,-1048576,-7050,0.00386425,5.47105,0.7047,0.0134245,0.000836848,0.0,78.263,0.0813308,20.1286,1.38234,694.832,0.163888,0.0228915,0.0594996,0.189681,27.6626,21.2103,0.529909
sweep,100626,0.957614,30.6842,0.316401,2.35132,0.900606,0.325686,0.1695,4.98362,107.429,0.152731,87.4714,0.043595,0.230623,1.86057,0.658731,518.65,50,10,-1048576,-7050,0.00451646,46.5977,0.636075,0.00874433,0.00421674,0.0,17.2473,0.015697,30.3952,2.28748,900.503,0.182317,0.00857577,0.492224,0.241355,29.8244,17.4635,0.31943
sweep,100627,1.04945,25.9704,0.638452,3.52552,0.210216,0.0677597,0.107541,2.42026,46.9446,0.0870972,79.0681,0.0700283,0.543547,2.50017,1.47961,134.067,50,10,-1048576,-7050,0.00492066,78.58,0.115901,0.0144832,0.0060103,0.0,109.528,0.0630979,50.3794,0.0989888,1095.18,0.165308,0.0886175,0.0540458,0.0758428,29.446,12.5133,0.181987
sweep,100628,1.09041,31.9465,0.181468,5.0295,1.295,0.25826,0.068435,2.97856,147.051,0.168807,94.0,0.117303,0.712222,1.37543,0.513887,249.863,50,10,-1048576,-7050,0.00255315,115.48,0.410751,-0.0197007,0.00160813,0.0,57.0336,0.0791235,44.563,1.35994,548.191,0.408688,0.0859253,0.256037,0.0409994,17.0309,8.59737,0.15768
sweep,100629,0.784104,33.1578,0.209454,3.57618,0.314754,0.359829,0.162298,3.67952,110.81,0.0751778,92.7064,0.00483339,0.480081,2.13495,0.65146,437.606,50,10,-1048576,-7050,0.00251376,271.245,0.185572,-0.0150201,0.00988461,0.0,81.3889,0.086127,52.7663,0.0244412,170.681,0.132055,0.0990041,0.1817,0.1493,25.5902,16.2342,0.144657
sweep,100630,0.960099,29.9404,0.0514895,4.52867,1.20183,0.0612956,0.0224117,0.711944,296.426,0.167009,96.8716,0.19606,0.402532,1.98433,0.690341,129.078,50,10,-1048576,-7050,0.00430301,118.613,0.186482,0.00947245,0.00254987,0.0,43.824,0.0295499,37.0538,2.74879,870.293,0.590674,0.0616174,0.412686,0.207509,21.2967,22.3249,0.470527
sweep,100631,0.979184,39.5499,0.570897,1.6218,0.688275,0.492406,0.00365609,3.03782,227.428,0.082302,14.3624,0.189145,0.31941,1.5949,0.978843,422.613,50,10,-1048576,-7050,0.000886306,155.045,0.429157,-0.0181908,0.00431879,0.0,130.289,0.0379127,79.5119,0.316796,1106.62,0.348731,0.0338494,0.257544,0.122259,23.8709,14.9477,0.173212
sweep,100632,1.05991,34.1286,0.989735,3.31955,1.3351,0.437785,0.19908,1.76192,234.878,0.130162,59.6676,0.173197,0.465857,1.5253,0.695763,228.543,50,10,-1048576,-7050,0.00459636,25.967,0.679577,-0.00228893,0.0096191,0.0,153.371,0.0161675,19.1016,1.57873,177.384,0.411466,0.062273,0.356462,0.138763,7.64749,16.4403,0.424638
sweep,100633,1.09065,19.6441,0.861515,2.41453,0.0903236,0.476975,0.00615362,3.99171,20.6616,0.176652,68.0863,0.147192,0.0319048,2.11587,1.30052,512.491,50,10,-1048576,-7050,0.000983813,8.92168,0.588785,0.00578052,0.00876147,0.0,145.032,0.08845,79.29,2.66085,127.513,0.377321,0.0256691,0.524479,0.19791,21.503,15.4898,0.292539
sweep,100634,0.725393,22.8115,0.651987,4.67967,0.797863,0.106824,0.000820554,0.245285,177.076,0.0640437,88.1087,0.16278,0.972548,1.70036,0.947106,232.315,50,10,-1048576,-7050,0.00418378,299.663,0.831563,0.00210137,0.000776306,0.0,99.6358,0.0927581,66.2795,0.248687,851.791,0.581315,0.0657594,0.359622,0.0504269,3.43962,6.07629,0.157974
sweep,100635,0.80088,34.7109,0.994767,1.74184,0.915414,0.197883,0.290195,4.48854,130.344,0.0518197,80.2452,0.0445055,0.503937,2.84827,1.08022,189.406,50,10,-1048576,-7050,0.00224103,16.6831,0.906561,0.0143785,0.00146621,0.0,100.275,0.0436024,27.4098,0.988438,604.79,0.499864,0.0299925,0.323486,0.206352,27.007,11.2606,0.0649972
sweep,100636,0.948621,31.4048,0.864354,3.92175,1.01603,0.270839,0.292468,0.422472,48.9356,0.0490364,65.6084,0.00338156,0.406634,1.6118,1.06546,445.809,50,10,-1048576,-7050,0.00177904,163.648,0.396605,0.0113342,0.00534777,0.0,31.2315,0.0624405,66.6052,2.3897,1029.74,0.559603,0.0390114,0.17087,0.211659,28.6358,29.308,0.388528
sweep,100637,0.910129,37.7723,0.41551,4.28536,0.359835,0.145627,0.0135318,3.61408,294.03,0.058582,75.1774,0.00783485,0.230761,1.90873,1.19714,508.569,50,10,-1048576,-7050,0.00035621,128.268,0.955981,0.00529845,0.000227087,0.0,53.4299,0.0498797,42.38,0.590687,415.997,0.439771,0.0432042,0.0798979,0.109225,8.39695,7.98776,0.296496
sweep,100638,1.26128,19.4154,0.422262,1.71917,0.432933,0.342758,0.0889613,1.21093,64.4763,0.129681,6.58058,0.140165,0.635239,2.61017,0.679612,387.085,50,10,-1048576,-7050,0.00111422,207.247,0.220679,0.0153798,0.00621178,0.0,44.013,0.0825057,14.1254,0.121249,69.4903,0.443925,0.0404713,0.0643849,0.09584,14.8356,19.2092,0.565486
sweep,100639,0.835438,31.0028,0.463361,5.33099,0.532713,0.437111,0.0524547,3.73529,161.059,0.0606525,38.7755,0.0314561,0.869719,1.23491,1.24826,223.044,50,10,-1048576,-7050,0.00183527,292.079,0.475414,0.00113549,0.00488738,0.0,110.961,0.0604289,29.1721,0.891099,1026.24,0.438927,0.0533388,0.523788,0.178107,7.21429,28.8383,0.238972
sweep,100640,0.800144,39.0539,0.386258,1.97878,1.05229,0.342416,0.10563,0.0194747,299.907,0.174724,11.6945,0.0329124,0.796454,1.75519,0.835918,149.128,50,10,-1048576,-7050,0.00129228,114.244,0.224027,0.00483251,0.00182617,0.0,189.053,0.0927555,29.373,1.33187,10.002,0.295834,0.0478953,0.341926,0.228017,23.382,17.4324,0.149856
sweep,100641,1.03212,22.4026,0.460058,3.6891,0.733273,0.0393471,0.139568,1.71221,155.666,0.136455,63.5854,0.0133206,0.455805,1.92415,1.34433,378.342,50,10,-1048576,-7050,0.000624221,82.8035,0.809208,0.0192907,0.00588204,0.0,105.528,0.010829,68.8144,1.20853,478.89,0.368731,0.0427954,0.217934,0.294896,28.1544,7.67944,0.500012
sweep,100642,1.17561,22.4394,0.0163405,3.31135,0.351085,0.370099,0.162219,0.724806,288.819,0.155365,87.4282,0.0778045,0.214601,2.02912,1.39963,162.222,50,10,-1048576,-7050,0.00409661,112.966,0.234114,0.00233551,0.00817536,0.0,139.353,0.0298324,24.4676,1.70259,4.75905,0.377542,0.0554982,0.515951,0.173879,21.1045,6.82269,0.232715
sweep,100643,1.24583,24.6278,0.624185,3.81448,0.330433,0.278298,0.0357424,1.36121,232.664,0.158075,49.7742,0.0770272,0.119188,2.16623,0.879545,143.205,50,10,-1048576,-7050,0.00458535,245.291,0.983585,0.00779154,0.00081939,0.0,28.1096,0.0385216,17.2865,0.744821,647.402,0.347973,0.0652584,0.169608,0.0849318,15.8875,12.7724,0.420373
sweep,100644,0.921474,26.003,0.754645,3.01659,0.0609839,0.107072,0.281433,3.30284,267.017,0.0233397,87.1647,0.0612801,0.390382,1.60394,1.31996,173.44,50,10,-1048576,-7050,0.00340973,8.84233,0.240156,0.0021204,0.00477102,0.0,51.6628,0.0872977,13.1058,2.09989,464.454,0.552769,0.0280525,0.593131,0.0436741,19.3786,28.3034,0.31667
sweep,100645,0.83684,33.3959,0.261088,1.84547,0.213267,0.43412,0.167615,0.501221,49.2725,0.0352678,90.7596,0.18764,0.0658308,2.71606,1.11335,435.97,50,10,-1048576,-7050,0.00206149,243.1,0.448203,0.00798469,0.00559972,0.0,26.3973,0.0787634,52.2141,0.326844,72.2503,0.181613,0.054549,0.592635,0.14513,13.135,5.60094,0.402118
sweep,100646,0.785199,20.8923,0.997883,4.38632,0.671434,0.326945,0.19471,4.37781,263.246,0.127162,9.51071,0.0838705,0.371301,1.79579,1.2325,124.292,50,10,-1048576,-7050,0.00359797,276.48,0.152704,0.00674993,0.00621512,0.0,149.034,0.055313,73.6085,0.0511781,934.184,0.378817,0.012801,0.343635,0.0306208,6.08226,18.1304,0.457434
sweep,100647,1.16657,21.6387,0.311939,4.92464,0.27474,0.206083,0.0949694,1.53031,51.7118,0.199682,22.8782,0.000553313,0.974048,2.0893,1.37469,303.541,50,10,-1048576,-7050,0.00378445,297.298,0.922417,0.00408905,0.00356066,0.0,148.904,0.0768028,40.8193,0.776319,596.692,0.195704,0.0653538,0.383896,0.0912385,26.1395,4.26028,0.100579
sweep,100648,0.754343,33.2988,0.614386,4.73617,0.448876,0.0637299,0.2556,4.39752,57.8003,0.0425041,61.6649,0.171603,0.857485,1.02822,0.646181,464.755,50,10,-1048576,-7050,0.00359045,154.113,0.840523,-0.00623677,0.00369251,0.0,157.663,0.0180357,42.6412,1.47978,756.466,0.31553,0.0768442,0.06685,0.0974229,25.4558,2.49393,0.593433
sweep,100649,1.04702,24.4276,0.818598,3.92818,0.119271,0.450155,0.208146,0.267952,28.7239,0.024636,17.329,0.13165,0.914229,1.04063,0.682062,294.208,50,10,-1048576,-7050,0.000995434,39.396,0.366453,0.0103441,0.0025655,0.0,59.2032,0.0664831,30.3467,1.87175,425.6,0.239294,0.0665267,0.174962,0.184301,4.64376,10.252,0.45027
sweep,100650,0.758687,35.743,0.672332,1.18127,1.49804,0.447964,0.0906243,1.69101,217.818,0.0509832,55.9809,0.11606,0.151109,1.54404,0.876927,423.679,50,10,-1048576,-7050,0.000920451,130.769,0.308643,-0.0138876,0.00534377,0.0,24.6969,0.0619979,24.477,2.09422,795.396,0.306874,0.0394348,0.256532,0.292854,29.0713,29.3205,0.182189
sweep,100651,0.868443,26.9512,0.0954418,4.3944,0.191067,0.0777528,0.138127,0.954024,235.474,0.0727276,92.6602,0.045698,0.603371,1.13852,0.878699,466.515,50,10,-1048576,-7050,0.00387882,186.336,0.160999,0.0038913,0.0053941,0.0,151.679,0.0577173,61.1951,0.634921,957.002,0.276118,0.0907072,0.440325,0.237718,21.0884,21.8299,0.454079
sweep,100652,1.18478,30.2749,0.666251,2.62882,0.0747221,0.184928,0.0624328,1.95502,219.98,0.157005,74.5107,0.0316271,0.321125,1.09638,0.613336,350.639,50,10,-1048576,-7050,0.00342969,35.9564,0.66581,-0.00682439,0.00985059,0.0,45.6999,0.0482271,59.2068,2.96666,884.6,0.521856,0.0514069,0.182419,0.123201,8.84995,23.6636,0.0518467
sweep,100653,0.78799,31.6733,0.564282,4.00705,0.754439,0.467675,0.0264556,0.912106,137.684,0.0856426,49.879,0.0107232,0.519159,1.20412,1.13671,549.129,50,10,-1048576,-7050,0.000696404,147.3,0.378511,-0.00121297,0.00439966,0.0,94.6789,0.0670013,58.8254,2.36919,1122.29,0.157607,0.0294675,0.34918,0.297246,12.1065,26.3234,0.533328
sweep,100654,0.75771,35.1647,0.867141,3.31698,0.632844,0.15897,0.0016815,3.15775,35.8013,0.0604452,17.5189,0.0399154,0.700943,2.286,0.782181,145.993,50,10,-1048576,-7050,0.00340908,15.1972,0.216862,-0.0094028,0.00590579,0.0,48.2159,0.022738,73.2071,0.972722,277.353,0.380889,0.0640498,0.242417,0.235016,10.7423,3.26109,0.164901
sweep,100655,1.12398,27.652,0.656922,1.52762,0.233931,0.139802,0.240141,1.99932,287.275,0.198869,42.0216,0.107507,0.466208,2.5818,1.47484,536.857,50,10,-1048576,-7050,0.00397936,206.819,0.342925,0.00468038,0.00300094,0.0,31.1005,0.0935542,50.0228,2.60949,601.842,0.352953,0.0574577,0.401869,0.0960939,3.00068,6.57191,0.502447
sweep,100656,1.11381,28.5387,0.256988,2.76894,0.866813,0.341347,0.0383144,0.5955,24.2095,0.135938,34.9488,0.117139,0.747979,1.35574,1.48521,460.955,50,10,-1048576,-7050,5.77488e-06,285.201,0.22125,-0.0169801,0.00576853,0.0,103.89,0.080912,79.6166,0.941113,994.067,0.341769,0.0143518,0.241541,0.224933,6.47886,29.2585,0.243288
sweep,100657,1.2702,35.5148,0.529571,2.83273,0.0628289,0.425119,0.250111,1.46428,24.5408,0.139347,96.2651,0.155486,0.581199,1.56319,0.834364,567.443,50,10,-1048576,-7050,0.00400355,214.568,0.888944,0.00920835,0.00781177,0.0,59.1546,0.0264098,29.1187,1.51064,375.445,0.261254,0.0241406,0.14653,0.158223,14.3965,4.97292,0.168487
sweep,100658,0.814099,24.9054,0.890537,2.79603,0.575743,0.497068,0.274866,1.11237,212.792,0.0532365,45.4272,0.0265899,0.445241,1.32882,1.48713,469.261,50,10,-1048576,-7050,0.00391381,88.4175,0.329505,-0.015789,0.00553789,0.0,151.128,0.0463767,21.852,2.81423,69.2826,0.2923,0.0108724,0.473265,0.111057,21.0914,9.54512,0.480814
sweep,100659,1.0691,36.5333,0.938572,2.96543,0.368999,0.404457,0.279607,4.33773,145.301,0.0571912,21.2688,0.0931512,0.682392,1.71385,0.862388,224.248,50,10,-1048576,-7050,0.000455364,123.764,0.66717,-0.0108502,0.00564248,0.0,157.959,0.0297958,62.4458,2.06308,1155.09,0.294652,0.0557344,0.361457,0.21359,20.2987,8.60204,0.592063
sweep,100660,0.780287,23.2126,0.358895,3.87094,1.21402,0.148588,0.00435505,0.0537256,180.586,0.05639,43.0254,0.173504,0.307856,2.72928,0.776754,152.157,50,10,-1048576,-7050,0.000224573,236.053,0.833985,0.0150933,0.00307885,0.0,108.146,0.0667968,61.4301,2.57702,858.575,0.130977,0.0501013,0.052653,0.269278,20.9729,3.78028,0.11271
sweep,100661,1.26494,23.8603,0.0142071,3.74966,0.0597872,0.474313,0.0580778,3.77711,74.2752,0.0562183,53.6292,0.148744,0.488573,1.40427,1.25081,599.409,50,10,-1048576,-7050,0.00464103,154.411,0.552378,-0.00148951,0.00509332,0.0,122.565,0.0671395,20.4164,2.24175,344.982,0.261129,0.0578741,0.293459,0.241151,18.408,4.94476,0.446003
sweep,100662,0.940628,39.3816,0.698599,1.72542,0.191792,0.260471,0.091656,4.22043,63.4632,0.184465,94.4018,0.0565825,0.865679,2.13516,0.964361,101.162,50,10,-1048576,-7050,0.0047134,65.8611,0.607449,0.0171129,0.0099387,0.0,7.63788,0.0741819,16.0345,1.07684,511.354,0.404002,0.053319,0.55951,0.241801,12.4404,8.9444,0.0776851
sweep,100663,1.01113,30.4344,0.578051,3.47337,0.852374,0.342848,0.26788,0.498828,148.497,0.0610837,51.0278,0.0734815,0.407671,2.06554,1.2044,109.892,50,10,-1048576,-7050,0.00218787,21.4566,0.294281,-0.00827192,0.00900608,0.0,161.743,0.0883312,44.4934,1.75837,148.354,0.465603,0.0919727,0.115228,0.182392,24.422,11.3833,0.445935
sweep,100664,1.00934,20.2477,0.631294,5.86138,1.42931,0.346043,0.138106,3.54197,70.9438,0.0429368,63.5243,0.00878707,0.456595,1.0401,1.2179,437.54,50,10,-1048576,-7050,0.00248395,228.013,0.369077,0.000251085,0.00943204,0.0,186.88,0.0783101,42.1558,1.51175,173.938,0.490663,0.0838311,0.329771,0.207588,4.01456,26.3388,0.402282
sweep,100665,0.713971,24.4429,0.904291,4.6477,1.30109,0.375365,0.263378,4.83082,167.474,0.135573,38.3968,0.025298,0.6033,1.53184,0.68269,213.189,50,10,-1048576,-7050,0.00367756,9.78837,0.307741,-0.00853465,0.00391928,0.0,168.127,0.0395983,54.0825,1.94201,35.0016,0.254358,0.0545697,0.28852,0.1085,14.1361,7.13548,0.202506
sweep,100666,0.949226,35.6166,0.048696,5.52487,0.184015,0.0831531,0.106567,1.91349,104.383,0.138165,9.65492,0.0517664,0.194966,1.66559,1.15729,446.869,50,10,-1048576,-7050,0.00472615,137.869,0.948733,0.0132062,0.00570993,0.0,15.3553,0.0816977,8.26287,2.57685,596.572,0.110129,0.0611481,0.592855,0.0453702,26.153,23.3825,0.322031
sweep,100667,0.95248,18.2719,0.038851,1.77923,1.47905,0.278324,0.0232415,3.22034,170.056,0.169586,46.7539,0.0749502,0.196022,1.18454,0.570645,371.745,50,10,-1048576,-7050,0.00317859,122.721,0.381146,0.0108696,0.00784893,0.0,144.119,0.0515959,43.8628,1.54396,1059.03,0.249672,0.04966,0.43891,0.0660509,13.3938,25.5161,0.130077
sweep,100668,0.891448,22.5255,0.0338835,4.30692,1.07899,0.0932597,0.266249,2.25412,40.5096,0.101578,77.3223,0.00888134,0.443223,2.78528,1.1887,431.061,50,10,-1048576,-7050,0.000448836,97.0363,0.248142,0.0187053,0.00596242,0.0,70.2057,0.0562302,71.374,1.32953,153.812,0.586543,0.0342689,0.262149,0.292248,10.4764,19.6269,0.170584
sweep,100669,0.717192,38.8022,0.903837,3.01783,0.650251,0.471236,0.172925,4.24079,235.371,0.0976632,31.6019,0.127034,0.825278,1.27865,0.5316,323.352,50,10,-1048576,-7050,0.00159685,55.0296,0.514099,0.00502591,0.0010708,0.0,59.8385,0.0599448,5.68255,0.367708,183.435,0.525456,0.08361,0.503171,0.166236,26.4137,21.7271,0.0520833
sweep,100670,0.915985,31.8377,0.460805,3.25047,0.365802,0.0600628,0.291015,1.47613,171.949,0.064775,77.3371,0.107334,0.49811,1.43588,1.22026,468.966,50,10,-1048576,-7050,0.00215646,233.918,0.96957,0.00349213,0.00949011,0.0,96.5096,0.0217765,73.2063,1.4961,848.766,0.337569,0.0916766,0.56676,0.276891,26.963,20.6371,0.51599
sweep,100671,0.842267,30.9256,0.346772,2.96462,0.822209,0.253796,0.0729778,1.26683,179.803,0.185944,24.1777,0.0183932,0.67022,1.81263,0.915765,280.996,50,10,-1048576,-7050,0.00355428,256.332,0.952988,0.0159322,0.00759646,0.0,17.1614,0.0313234,79.4936,1.69002,342.911,0.323059,0.0301555,0.597956,0.297119,26.0421,9.17469,0.106183
sweep,100672,1.18175,39.8284,0.215382,4.94921,0.976677,0.0422547,0.0712013,1.8465,38.8487,0.171162,72.9787,0.00986591,0.526362,1.18495,1.42747,536.075,50,10,-1048576,-7050,0.000975376,147.137,0.186694,0.018682,0.00333002,0.0,28.6042,0.0825801,65.7501,1.83008,897.583,0.144173,0.0752382,0.386521,0.236675,4.71176,22.6491,0.499075
sweep,100673,0.830767,18.911,0.711446,5.30011,0.389789,0.0763465,0.0522837,1.98976,92.263,0.0756801,56.0256,0.181805,0.368908,2.95317,0.743029,206.998,50,10,-1048576,-7050,0.000876897,119.396,0.359978,-0.0124503,0.0056897,0.0,145.72,0.0576119,37.4213,0.616009,835.228,0.262732,0.0364054,0.474745,0.224065,6.55224,25.4867,0.581603
sweep,100674,0.738173,35.3375,0.739299,1.287,0.687111,0.264035,0.248224,0.271036,275.934,0.0948544,21.2319,0.0408088,0.722041,2.26156,1.12319,556.368,50,10,-1048576,-7050,0.00233424,227.324,0.730718,0.0124173,0.00308195,0.0,128.666,0.0331829,11.4713,1.40557,547.202,0.486141,0.0743453,0.211813,0.224873,2.25979,4.07986,0.136782
sweep,100675,0.753993,33.3384,0.06439,1.71721,0.269396,0.0838163,0.103602,2.91547,262.658,0.199771,15.4966,0.0896063,0.850301,1.32463,0.927634,412.69,50,10,-1048576,-7050,0.0016773,125.842,0.120017,-0.00570715,0.00436277,0.0,187.549,0.0901361,54.3717,0.117843,956.877,0.155193,0.0637106,0.49928,0.0959645,3.82541,9.14964,0.150392
sweep,100676,0.847399,38.306,0.32537,2.88546,0.545428,0.432483,0.185412,4.9965,213.201,0.184636,42.7674,0.0980538,0.45388,1.03118,1.15431,102.559,50,10,-1048576,-7050,0.00297639,64.9154,0.452434,0.00436023,0.00950606,0.0,112.933,0.0596155,15.4441,2.04743,727.633,0.237522,0.0293568,0.371507,0.132812,21.3935,8.88192,0.239586
sweep,100677,1.08946,27.9986,0.0534262,3.06867,1.12072,0.274057,0.105308,1.95015,111.278,0.0711623,42.7819,0.0491862,0.82642,2.85316,0.594317,376.446,50,10,-1048576,-7050,0.000324649,180.306,0.73852,0.0119853,0.00462726,0.0,148.748,0.0765301,7.48173,2.55054,392.175,0.416134,0.0099417,0.498887,0.147797,12.6209,20.6477,0.233948
sweep,100678,1.02308,30.6228,0.129045,4.07706,1.36102,0.410268,0.0538656,0.0547325,174.904,0.133769,83.9701,0.163627,0.215539,2.55131,1.26352,245.958,50,10,-1048576,-7050,0.00147481,177.682,0.966575,0.0193398,0.00613677,0.0,58.2704,0.0613196,52.2118,2.82008,1103.08,0.537179,0.0102023,0.289522,0.134126,18.5077,26.4482,0.440125
sweep,100679,1.16569,39.2836,0.88331,3.20453,0.868718,0.383831,0.0305501,1.35568,147.642,0.0247698,77.0074,0.0747978,0.232475,1.80388,1.19558,273.125,50,10,-1048576,-7050,0.00302003,173.741,0.630197,-0.00883704,0.00544753,0.0,96.8554,0.0568064,12.8484,1.08385,121.751,0.156323,0.0190939,0.353908,0.167116,23.5751,29.37,0.228045
sweep,100680,0.720648,36.4666,0.4656,3.55995,0.513671,0.2603,0.293551,3.31546,199.479,0.151433,42.1737,0.147223,0.566229,2.07828,1.48358,456.728,50,10,-1048576,-7050,0.00131413,169.551,0.653512,-0.0165302,0.00852264,0.0,183.458,0.0626973,12.2939,0.236675,697.211,0.409795,0.0478737,0.332232,0.199894,12.8372,7.34694,0.26854
sweep,100681,0.85036,36.9549,0.00431746,4.42053,1.07154,0.284831,0.226583,0.635363,223.641,0.165547,66.8036,0.0898406,0.460662,1.83458,1.08157,398.191,50,10,-1048576,-7050,0.00130966,13.5853,0.102173,0.0184895,0.00071012,0.0,139.553,0.0588505,61.0812,2.27564,1101.01,0.217586,0.0848046,0.361285,0.0836566,6.79066,8.96544,0.301494
sweep,100682,1.25212,34.7195,0.663944,2.20538,0.885336,0.119484,0.135811,4.51976,280.159,0.11714,93.35,0.1469,0.215842,2.1246,1.19509,105.779,50,10,-1048576,-7050,0.000857466,216.626,0.560779,-0.018992,0.0093851,0.0,157.154,0.0945269,77.1883,2.14252,508.358,0.508234,0.0289956,0.252963,0.274853,15.3142,26.8603,0.274731
sweep,100683,0.745187,38.1683,0.695277,3.55156,0.607556,0.134616,0.264278,1.53748,63.6482,0.0298927,43.8614,0.178709,0.947316,1.79382,1.03368,152.001,50,10,-1048576,-7050,0.00409023,219.389,0.34806,0.0147234,0.00680526,0.0,161.514,0.0801874,77.3396,1.37253,982.01,0.560983,0.0725015,0.0900795,0.21698,3.30141,23.3294,0.304286
sweep,100684,1.1831,28.5887,0.327803,5.28419,1.14989,0.153168,0.171306,2.54803,113.391,0.0237635,34.7643,0.117849,0.988232,1.63702,1.17396,383.877,50,10,-1048576,-7050,0.00351542,238.671,0.955584,0.01533,0.00399984,0.0,152.821,0.0920282,31.5399,0.189043,209.455,0.504177,0.0426475,0.453535,0.0746005,27.4093,20.364,0.140069
sweep,100685,0.86442,30.3239,0.428546,5.81583,1.40502,0.440255,0.0529534,4.30247,151.039,0.132664,86.5026,0.0588195,0.984564,2.49407,0.743468,242.196,50,10,-1048576,-7050,0.00422259,37.0923,0.524436,0.00923699,0.00426254,0.0,184.731,0.0811096,64.3084,1.19952,238.059,0.329762,0.0254328,0.2324,0.0699037,15.1188,23.6187,0.177634
sweep,100686,0.730256,28.8048,0.750625,1.7662,1.1254,0.362344,0.136016,0.603663,67.7808,0.0600577,61.0578,0.0281218,0.564785,1.97894,1.05922,359.539,50,10,-1048576,-7050,0.00147311,278.324,0.0581427,-0.00591997,0.00923393,0.0,188.86,0.00707016,7.35802,1.2337,637.915,0.249734,0.0429208,0.120444,0.141401,11.5602,15.5324,0.345533
sweep,100687,0.712939,38.4647,0.983823,2.32881,0.471104,0.309661,0.245364,3.96135,148.252,0.164448,58.4374,0.0477077,0.651538,1.35193,1.39399,457.244,50,10,-1048576,-7050,0.00348499,166.921,0.397597,-0.00598426,0.00314479,0.0,196.849,0.0102113,66.9063,0.436168,587.624,0.159544,0.00922533,0.177584,0.193753,13.9977,3.02327,0.301006
sweep,100688,1.07552,28.9815,0.565688,2.97939,1.07096,0.403448,0.225836,0.50149,230.574,0.115394,51.4922,0.0862393,0.417278,2.27913,0.774344,127.113,50,10,-1048576,-7050,0.00161281,203.228,0.692563,0.0168936,0.00446612,0.0,96.2913,0.0561311,27.5142,2.63205,412.041,0.247818,0.0792714,0.552554,0.216093,20.1484,20.8242,0.40271
sweep,100689,1.15225,31.5689,0.517127,3.67983,0.530074,0.0343023,0.00138597,2.68818,256.638,0.0333439,81.4568,0.0124567,0.307204,2.97901,1.23858,441.086,50,10,-1048576,-7050,0.0036314,182.244,0.64899,-0.00244163,0.00168099,0.0,122.4,0.0553791,24.7365,0.593797,513.304,0.268783,0.00631195,0.465169,0.260212,23.0014,18.7565,0.101181
sweep,100690,1.16253,23.6731,0.744504,2.17683,0.163947,0.133685,0.0743939,0.900132,37.2602,0.0803413,15.7284,0.132676,0.455374,1.89287,0.641381,482.57,50,10,-1048576,-7050,0.00375301,191.387,0.720366,0.0108881,0.00465316,0.0,158.456,0.063486,54.0508,0.049544,196.685,0.317019,0.0086472,0.429999,0.158791,14.0482,17.8828,0.367469
sweep,100691,1.08031,35.8411,0.365294,3.80788,1.0443,0.467562,0.104041,3.61943,73.3776,0.0316406,57.9083,0.079655,0.0418882,1.27364,1.1013,358.443,50,10,-1048576,-7050,0.00336981,46.8199,0.345392,-0.00371839,0.00884732,0.0,114.476,0.0565134,31.9742,0.580622,1192.51,0.296336,0.0601452,0.383907,0.150008,28.7718,11.7984,0.194993
sweep,100692,1.12512,32.7259,0.276393,5.41327,0.812912,0.312881,0.293203,2.15375,175.602,0.172335,51.1551,0.0986621,0.529361,1.81299,1.15902,167.445,50,10,-1048576,-7050,0.00250405,160.654,0.222577,-0.00558327,0.00633698,0.0,160.017,0.0900475,8.79935,2.84471,708.457,0.376816,0.0372206,0.144115,0.240953,29.8391,26.1872,0.168721
sweep,100693,1.2427,30.1012,0.171152,2.74768,0.455614,0.170085,0.142633,3.5794,36.8801,0.118073,85.2561,0.108031,0.743428,1.76461,1.03597,365.766,50,10,-1048576,-7050,0.0042895,17.1983,0.477069,-0.0132409,0.00864613,0.0,136.543,0.00746364,45.6547,0.320726,516.464,0.196576,0.0506911,0.290689,0.127305,5.04856,13.5812,0.255497
sweep,100694,1.24667,22.6104,0.37425,3.71333,0.185666,0.446421,0.0810432,4.36578,250.834,0.152874,6.6076,0.00926812,0.033646,1.70334,0.899971,512.863,50,10,-1048576,-7050,0.00427185,152.661,0.162842,-0.00758544,0.00482414,0.0,71.3353,0.0937058,40.5475,1.33689,141.01,0.310652,0.0789194,0.575836,0.0643532,16.5691,6.48285,0.249479
sweep,100695,0.99471,18.3935,0.0817142,2.94467,0.979595,0.439596,0.0624403,1.81589,103.506,0.0758913,88.1697,0.0547024,0.158879,1.93859,0.860103,530.56,50,10,-1048576,-7050,0.000609547,233.119,0.69522,0.0169986,0.00423974,0.0,137.959,0.0105923,67.5397,0.00354614,457.912,0.359472,0.0321328,0.0599713,0.190173,6.82681,14.3151,0.466557
sweep,100696,0.862746,25.0117,0.400054,2.10283,1.19162,0.152211,0.0119477,4.96183,231.432,0.198698,75.1407,0.0239815,0.468809,1.82126,1.11564,220.147,50,10,-1048576,-7050,0.00274168,152.202,0.594416,0.00909359,0.0088171,0.0,149.932,0.0248752,28.6492,1.92833,881.294,0.322705,0.0474861,0.168256,0.0965989,20.6345,9.66834,0.449882
sweep,100697,1.07142,32.0941,0.854649,1.81648,0.166276,0.283671,0.142874,2.43485,208.123,0.0934168,58.7136,0.0204574,0.482185,2.32008,0.707518,138.207,50,10,-1048576,-7050,0.0015447,277.072,0.829179,0.0178275,0.00472927,0.0,10.8099,0.0892939,15.0706,1.79479,1195.25,0.553363,0.0202232,0.349182,0.185226,27.5183,26.1435,0.175985
sweep,100698,0.876161,36.2581,0.0280184,4.11493,1.40082,0.0433574,0.131153,3.45066,254.327,0.0972426,87.7819,0.0280402,0.208771,2.61987,1.29424,581.335,50,10,-1048576,-7050,0.000121135,203.062,0.192411,0.00648411,0.00460491,0.0,54.104,0.0986439,6.20335,2.49471,705.954,0.290019,0.088603,0.54865,0.193761,9.29775,17.3706,0.128302
sweep,100699,0.901048,26.682,0.440078,5.35244,0.225264,0.398636,0.135325,3.16874,74.4435,0.101819,23.9755,0.152764,0.778057,2.20514,1.44197,567.695,50,10,-1048576,-7050,0.000708931,219.565,0.40218,0.0105335,0.00565666,0.0,115.796,0.0834196,54.0143,0.834426,560.249,0.208442,0.0548522,0.449271,0.251862,25.7207,25.667,0.318199
sweep,100700,1.11719,30.993,0.942857,4.45444,0.0386489,0.359665,0.0595901,2.098,253.117,0.0524844,67.1349,0.195255,0.953745,1.05298,0.976028,118.743,50,10,-1048576,-7050,0.00119851,87.6045,0.55993,-0.000784375,0.00191682,0.0,183.413,0.0597837,40.9888,1.00576,951.426,0.319629,0.0182907,0.432396,0.106129,6.71246,14.4812,0.361816
sweep,100701,0.846775,30.5085,0.686673,3.43449,1.0123,0.411682,0.132457,0.594436,132.048,0.0728079,80.036,0.0418383,0.394844,2.92877,0.598529,267.94,50,10,-1048576,-7050,0.00273683,284.815,0.543492,-0.00555976,0.00662711,0.0,65.469,0.0548782,32.2544,2.23615,1101.54,0.332424,0.041408,0.412741,0.0817782,19.7051,10.2763,0.520102
sweep,100702,1.2,38.2815,0.425396,4.50372,0.20659,0.435542,0.0829118,0.613684,40.5897,0.167268,5.88534,0.145585,0.857774,1.27065,1.42767,566.54,50,10,-1048576,-7050,0.00231181,158.754,0.831313,-0.00755966,0.00953717,0.0,123.666,0.0867452,9.13785,0.0809003,824.341,0.504646,0.089009,0.542363,0.152307,3.72307,27.5797,0.152817
sweep,100703,1.27815,18.3508,0.797086,3.24109,0.266334,0.281926,0.259035,1.77449,165.794,0.169604,19.4588,0.092906,0.21628,2.89423,1.40878,202.574,50,10,-1048576,-7050,0.00298267,264.699,0.711113,0.0109576,0.00667613,0.0,144.399,0.0799156,31.0219,0.205813,657.112,0.363537,0.0457467,0.567296,0.0572257,22.0521,6.20669,0.421352
sweep,100704,1.14341,35.7681,0.101391,2.30862,1.3738,0.312554,0.277985,1.7552,290.089,0.0273552,84.7892,0.126114,0.872432,2.09139,0.604304,353.602,50,10,-1048576,-7050,0.0032615,9.94551,0.638225,0.0124402,0.0027922,0.0,86.3491,0.0942576,26.6169,1.42463,362.253,0.242815,0.0735899,0.272479,0.106721,27.4401,27.8058,0.335309
sweep,100705,1.19107,35.2861,0.209676,3.70117,0.505785,0.46598,0.136224,2.57782,199.666,0.0855547,28.9885,0.0593168,0.709842,1.5128,1.17558,374.541,50,10,-1048576,-7050,0.00153914,83.4988,0.531521,-0.0146115,0.00180512,0.0,171.439,0.0950747,62.1901,2.56345,176.842,0.316723,0.0288412,0.47675,0.195098,3.52672,9.03103,0.519955
sweep,100706,1.25566,19.467,0.750538,5.32356,0.508253,0.134868,0.299734,2.53028,90.5388,0.142644,85.8389,0.1009,0.627562,1.00639,0.612447,217.518,50,10,-1048576,-7050,0.00245572,81.3909,0.523162,0.0156125,0.0057896,0.0,188.067,0.0248948,52.3562,1.58568,28.0161,0.125348,0.0790953,0.535309,0.104432,20.7149,26.1342,0.383254
sweep,100707,1.29977,38.7254,0.396226,5.32184,0.175821,0.220644,0.178576,1.99123,126.896,0.0598698,28.9415,0.16992,0.403249,1.95476,0.950524,116.902,50,10,-1048576,-7050,0.000219928,270.341,0.435619,-0.00815757,0.00766159,0.0,128.543,0.0361782,38.508,0.554494,1016.32,0.309058,0.0421454,0.538792,0.0729298,12.093,3.13032,0.348638
sweep,100708,0.863915,36.7986,0.290224,4.1301,0.0202992,0.04775,0.169646,2.31722,236.433,0.0890123,39.7624,0.0644586,0.930001,2.32921,0.988402,388.577,50,10,-1048576,-7050,7.47169e-05,51.3666,0.91437,-0.0199531,0.00836971,0.0,83.0584,0.0188928,50.7261,0.0618775,325.124,0.435579,0.0542871,0.416233,0.0652686,20.5468,4.35464,0.385625
sweep,100709,0.72504,24.7804,0.551694,5.86737,1.14967,0.221527,0.132553,1.18526,284.665,0.08585,81.5572,0.00868788,0.929905,2.65722,0.611784,426.702,50,10,-1048576,-7050,0.00228295,42.3388,0.852744,-0.0147583,0.0072853,0.0,142.383,0.0397379,31.6241,2.99899,1031.07,0.272795,0.0594049,0.404442,0.294641,8.28863,16.5345,0.5523
sweep,100710,1.01132,38.976,0.610076,2.90741,1.1001,0.116901,0.236572,4.69777,67.6365,0.0613879,6.14664,0.166102,0.55887,1.75669,0.871826,543.991,50,10,-1048576,-7050,0.00362136,262.309,0.485907,0.0120479,0.00785671,0.0,75.8297,0.0403258,44.9703,2.65143,1074.22,0.302775,0.0783667,0.186607,0.242587,11.4299,2.02905,0.377291
sweep,100711,0.809592,33.2103,0.257775,2.27892,1.47484,0.106699,0.135846,4.281,296.821,0.137186,45.935,0.0241055,0.586835,2.33527,1.41151,513.977,50,10,-1048576,-7050,0.00275942,30.9765,0.497919,-0.015535,0.00296896,0.0,105.296,0.0475152,47.7545,2.70209,721.871,0.455421,0.0865791,0.0884108,0.121415,13.1654,24.6362,0.471034
sweep,100712,1.12873,31.1723,0.0559516,3.67297,1.43096,0.0677768,0.233998,3.21354,208.428,0.112373,91.193,0.0873993,0.508422,1.62035,1.20091,311.318,50,10,-1048576,-7050,0.00440183,178.498,0.215061,-0.0163515,0.00686554,0.0,194.858,0.0529914,18.5986,1.31589,514.824,0.374044,0.0316306,0.460597,0.25211,7.16588,11.2791,0.284372
sweep,100713,1.08008,21.7813,0.316678,4.17377,0.118651,0.214233,0.115546,2.07376,228.046,0.0948435,98.2312,0.0196032,0.060311,2.55252,0.827561,246.932,50,10,-1048576,-7050,0.000195121,265.824,0.220656,0.00869026,0.00764781,0.0,108.055,0.0631622,38.2315,2.37118,599.235,0.531308,0.00653208,0.116466,0.293132,14.0116,28.0834,0.562014
sweep,100714,0.883678,36.3926,0.204019,2.50079,1.37533,0.498806,0.196871,0.174535,167.124,0.0710233,87.3328,0.0988809,0.0610731,1.18186,1.36009,425.829,50,10,-1048576,-7050,0.00341179,65.8941,0.163739,0.016252,0.00231737,0.0,197.817,0.0945926,37.8964,2.95026,1169.37,0.27323,0.0126631,0.412331,0.252217,7.71054,26.1966,0.337291
sweep,100715,0.774249,27.4988,0.593367,5.2207,0.473661,0.477319,0.214706,2.22944,193.87,0.0835388,42.2073,0.120575,0.0731499,2.74695,1.0516,169.169,50,10,-1048576,-7050,0.00187419,60.1991,0.404521,0.00995235,0.00122169,0.0,40.7852,0.0289999,33.1966,0.896145,440.686,0.338091,0.0600803,0.568579,0.135466,28.9717,7.54236,0.54474
sweep,100716,0.836325,25.215,0.94793,5.50009,1.02486,0.341638,0.213159,1.34695,198.055,0.067341,51.4565,0.124485,0.248843,1.42582,0.570355,270.772,50,10,-1048576,-7050,0.000569599,279.306,0.08326,0.0182532,0.00118672,0.0,3.55462,0.0629397,24.5054,2.39035,935.867,0.518261,0.0943538,0.252568,0.297057,5.97115,2.80929,0.266647
sweep,100717,1.24218,20.2595,0.887731,2.10539,1.47092,0.0732246,0.242409,1.15223,87.387,0.102679,81.7704,0.0644472,0.0302233,1.81752,0.788921,564.635,50,10,-1048576,-7050,0.00147944,168.269,0.970026,0.006743,0.00288076,0.0,46.5992,0.0696545,57.938,0.721358,373.975,0.392941,0.079835,0.103426,0.281416,17.3843,22.5452,0.195721
sweep,100718,0.710015,27.3602,0.807493,4.42354,1.39969,0.243376,0.0918451,0.595082,33.1437,0.182474,35.7681,0.191284,0.158185,2.04891,0.812721,211.538,50,10,-1048576,-7050,0.00321794,238.509,0.509605,-0.0198912,0.00316266,0.0,45.363,0.0243477,27.3667,2.40907,248.869,0.533467,0.0989764,0.263176,0.159691,16.3228,27.0736,0.446954
sweep,100719,1.23173,22.6631,0.0700679,2.51398,1.21865,0.195462,0.127554,3.11811,285.6,0.108423,51.8739,0.123267,0.0962615,1.61689,0.558857,181.476,50,10,-1048576,-7050,0.00492782,237.674,0.125509,0.00492962,0.00597739,0.0,73.9751,0.0676802,8.21902,1.23216,156.096,0.217545,0.0519546,0.443579,0.183162,28.4265,17.9426,0.332765
sweep,100720,0.85355,34.6013,0.0889783,3.89101,0.280431,0.375183,0.187931,4.17873,42.3118,0.178454,37.691,0.159665,0.188934,1.53018,0.917582,208.615,50,10,-1048576,-7050,0.00107707,212.684,0.587401,-0.00846123,0.00819171,0.0,168.135,0.00765881,46.1577,2.20715,231.311,0.368467,0.0655151,0.5924,0.0973987,12.3267,16.9457,0.394207
sweep,100721,1.26266,37.194,0.372527,2.36183,1.27097,0.195103,0.124292,2.94514,60.6812,0.197427,24.984,0.162585,0.746834,1.46591,0.870262,569.134,50,10,-1048576,-7050,0.00372229,27.0729,0.552553,0.0179269,0.0067634,0.0,42.427,0.0580109,50.4366,0.650294,429.328,0.178238,0.0114234,0.489434,0.230363,21.3635,18.0555,0.0716021
sweep,100722,0.720625,27.144,0.451715,1.37063,0.42257,0.372273,0.274115,4.4037,159.046,0.0625683,94.4049,0.113761,0.249824,1.43747,0.54289,310.343,50,10,-1048576,-7050,0.00270476,52.6317,0.0569374,-0.01538,0.00753323,0.0,65.9439,0.0407027,13.1177,2.50367,250.484,0.540144,0.0409874,0.586826,0.26663,12.5163,3.30452,0.213151
sweep,100723,0.722462,29.0329,0.76457,5.93576,1.38555,0.191387,0.157291,4.97705,216.564,0.0620493,47.8187,0.0347279,0.536564,2.88443,0.589037,155.042,50,10,-1048576,-7050,0.000615113,75.5194,0.326602,0.00986154,0.00855096,0.0,35.9835,0.0959577,13.3527,1.3419,191.412,0.127415,0.0108975,0.330843,0.146365,20.1984,13.661,0.529322
sweep,100724,1.11661,39.7073,0.451554,3.01471,1.40304,0.249094,0.0229274,1.59881,153.445,0.194772,46.8195,0.143214,0.877052,2.2035,1.47411,488.181,50,10,-1048576,-7050,0.00362709,17.8867,0.719765,-0.00920488,0.00129744,0.0,167.646,0.022924,40.1821,0.633242,388.003,0.182928,0.0577151,0.449917,0.240174,25.807,27.3411,0.57213
sweep,100725,0.784185,30.0561,0.58169,2.23595,0.600716,0.13282,0.0231764,1.13522,142.285,0.151303,27.9038,0.0304758,0.527647,1.69598,1.44281,244.247,50,10,-1048576,-7050,0.000122206,223.681,0.976285,-0.011195,0.00809118,0.0,33.7729,0.0859518,7.88344,1.17686,74.8556,0.540078,0.0427278,0.489699,0.127723,15.8287,16.3392,0.0876847
sweep,100726,1.00588,32.6714,0.300463,2.69476,1.02886,0.0921712,0.16923,2.32166,24.0237,0.104559,42.3485,0.0846714,0.394047,1.05175,0.991793,330.233,50,10,-1048576,-7050,0.00409188,128.965,0.940477,-0.00964154,0.00957483,0.0,44.3414,0.00708174,6.25224,1.03875,903.938,0.112817,0.0227982,0.439129,0.0546589,27.8253,19.1159,0.579138
sweep,100727,1.27261,32.0919,0.567284,5.10167,0.408316,0.16635,0.286897,1.23392,226.788,0.121665,87.9774,0.143915,0.873026,1.17054,0.542132,502.526,50,10,-1048576,-7050,0.00199143,277.464,0.0860966,0.00712445,0.00961511,0.0,163.25,0.0147877,51.1555,0.744708,537.409,0.573452,0.0080307,0.167151,0.209927,19.9233,19.5756,0.104705
sweep,100728,0.963678,24.8364,0.418158,4.47941,1.13354,0.147953,0.200814,3.12361,58.5565,0.101566,45.6969,0.114627,0.585537,1.86348,0.751664,359.495,50,10,-1048576,-7050,0.00294684,73.5815,0.260324,-0.0135022,0.00563787,0.0,110.901,0.0286486,65.174,2.24341,490.35,0.106304,0.0129608,0.470089,0.205104,27.9358,20.2911,0.167845
sweep,100729,1.11397,24.1194,0.426434,3.59069,0.300598,0.329899,0.0606036,0.901064,33.3511,0.0517726,11.4154,0.109511,0.467689,1.00927,1.03727,240.684,50,10,-1048576,-7050,0.00209271,22.3769,0.519847,0.00562775,4.50243e-05,0.0,162.421,0.0734964,69.7873,0.838095,575.229,0.480824,0.0108562,0.381072,0.208219,6.93705,2.35091,0.275875
sweep,100730,0.915564,37.538,0.398658,4.4702,0.535258,0.427381,0.0575614,3.41307,92.7423,0.0926523,95.0597,0.0638463,0.882634,1.1137,1.06799,212.923,50,10,-1048576,-7050,0.00213348,179.03,0.542496,0.0197029,0.00778049,0.0,31.5597,0.00929676,54.3667,1.20724,593.29,0.106315,0.0850036,0.408295,0.249297,22.2336,22.0965,0.359581
sweep,100731,1.10562,38.7323,0.952802,5.21466,0.531338,0.0293624,0.183479,2.41625,248.709,0.101207,96.1703,0.0823301,0.0343906,2.47019,1.14909,394.453,50,10,-1048576,-7050,0.00039147,134.075,0.347097,0.00456544,0.00425362,0.0,36.6988,0.0778204,61.5056,0.558077,387.198,0.338741,0.0823851,0.408698,0.233488,17.6759,19.3071,0.45331
sweep,100732,1.2107,19.8297,0.425086,3.60067,0.778469,0.174986,0.151003,3.95419,231.78,0.168795,98.8303,0.19514,0.435543,2.69264,0.97545,540.088,50,10,-1048576,-7050,0.00453633,187.73,0.335379,0.00556738,0.00890855,0.0,192.275,0.059624,9.7491,2.13268,14.8881,0.414575,0.02455,0.0940838,0.106333,21.2052,21.7537,0.205728
sweep,100733,1.26916,24.4457,0.622879,3.63975,0.168095,0.397748,0.00584454,1.59284,151.771,0.127535,41.7213,0.166579,0.671122,1.01416,0.52029,153.401,50,10,-1048576,-7050,0.000516809,280.948,0.590718,-0.00768148,0.00924797,0.0,99.8124,0.0249674,66.0764,1.28251,310.508,0.211886,0.0153069,0.177138,0.110929,17.6531,4.03074,0.195678
sweep,100734,1.11887,28.935,0.195683,1.61959,0.255683,0.253196,0.0793509,4.14453,77.595,0.0642503,21.179,0.173234,0.356365,2.91704,1.28462,409.139,50,10,-1048576,-7050,0.00463773,114.032,0.440924,0.00699679,0.00116713,0.0,77.9584,0.028087,46.7465,1.55636,310.891,0.462803,0.0525951,0.560825,0.227667,12.6259,24.1688,0.124066
sweep,100735,1.17185,18.3986,0.652196,1.92627,1.09795,0.473678,0.0339794,2.42983,264.938,0.181824,75.7288,0.0682598,0.120974,1.49941,0.604598,354.795,50,10,-1048576,-7050,0.00323786,14.3674,0.131131,0.0174996,0.00922215,0.0,36.9415,0.082864,69.9425,1.41928,764.514,0.371025,0.00765464,0.173984,0.182583,11.2746,5.53503,0.289234
sweep,100736,0.885051,35.8795,0.302957,2.94261,0.729367,0.337869,0.242074,3.19222,74.533,0.187696,26.2371,0.130444,0.168583,2.0896,0.553593,204.293,50,10,-1048576,-7050,0.00442182,182.482,0.72636,-0.0105448,0.00908209,0.0,28.3341,0.0470445,43.9222,0.0818526,841.386,0.346393,0.0408279,0.368068,0.130407,3.00009,11.8212,0.253958
sweep,100737,0.744546,35.4596,0.351409,3.21887,0.45112,0.202452,0.248713,4.28172,75.9346,0.174045,84.6482,0.0116327,0.309987,2.92543,1.03874,261.52,50,10,-1048576,-7050,0.00138562,43.5845,0.122808,0.00430546,0.0098196,0.0,8.56685,0.0379518,8.23275,2.9795,249.323,0.272297,0.0094578,0.242065,0.249015,10.6451,9.66756,0.196689
sweep,100738,0.773645,21.8976,0.887435,5.42244,0.646174,0.368942,0.271021,2.98062,33.0996,0.116855,26.9387,0.179848,0.639049,2.10742,1.13955,234.158,50,10,-1048576,-7050,0.00307096,13.2129,0.956383,-0.0161618,0.00958358,0.0,62.3689,0.0864758,36.6882,1.33561,72.7922,0.140035,0.0880505,0.119882,0.256742,6.2101,18.1883,0.401766
sweep,100739,1.28646,22.6551,0.716997,5.57751,0.582226,0.229122,0.0073848,4.51254,118.168,0.0518385,11.0799,0.145001,0.54827,1.30156,0.578242,494.419,50,10,-1048576,-7050,0.0026876,166.803,0.596048,-0.0174769,0.00402029,0.0,78.5703,0.0491715,53.0064,1.42065,898.185,0.272622,0.0608852,0.238773,0.257474,25.4272,16.3057,0.221379
sweep,100740,0.915162,26.1972,0.615266,3.66386,0.283024,0.0200918,0.155545,1.8899,142.977,0.0247224,34.5014,0.150553,0.76989,1.22123,1.22336,111.166,50,10,-1048576,-7050,0.00406351,239.053,0.911799,-0.0131407,0.00535817,0.0,164.805,0.083355,5.4386,1.86507,707.322,0.369173,0.0406753,0.172053,0.197642,14.0124,3.15553,0.341935
sweep,100741,0.817487,22.3721,0.83212,5.57635,0.155334,0.160352,0.122438,3.38334,157.822,0.178198,23.3739,0.181564,0.357264,1.38321,1.29041,183.645,50,10,-1048576,-7050,0.00377533,117.128,0.297274,0.019636,0.00940707,0.0,141.255,0.0856723,64.7466,0.925814,951.535,0.55894,0.0132299,0.468591,0.277853,3.9958,20.7854,0.566377
sweep,100742,0.878019,21.4422,0.108715,1.77896,0.726392,0.16087,0.202695,4.05482,62.0615,0.103543,67.0345,0.0971004,0.667716,2.4844,0.936424,183.212,50,10,-1048576,-7050,0.000214743,233.548,0.206091,-0.00437614,0.00784061,0.0,181.302,0.0701386,5.24305,1.41752,1040.4,0.371775,0.0948476,0.231438,0.0538457,24.6427,28.4187,0.353713
sweep,100743,1.02659,24.9977,0.80549,1.71039,0.440407,0.305382,0.157427,3.00422,161.047,0.047048,76.746,0.173449,0.210568,2.22667,1.21033,330.933,50,10,-1048576,-7050,0.00135539,152.591,0.84541,0.00412072,0.00778964,0.0,183.658,0.0897675,15.9954,1.00544,720.046,0.471656,0.0335987,0.122148,0.188186,10.5964,10.4961,0.300322
sweep,100744,0.806516,25.4169,0.847251,5.22434,0.686699,0.128045,0.298316,3.72186,205.973,0.182247,90.9107,0.171619,0.209835,1.66888,1.02424,443.832,50,10,-1048576,-7050,0.00356909,71.8343,0.39749,-0.00975112,0.00385342,0.0,165.517,0.0855218,33.3681,2.49535,306.233,0.304702,0.0504407,0.554174,0.252594,23.2547,20.9053,0.511051
sweep,100745,0.740627,27.0009,0.0724809,4.64311,0.988308,0.0366315,0.0616396,1.83555,104.28,0.137237,92.3409,0.0738702,0.256013,1.21974,1.18296,372.584,50,10,-1048576,-7050,0.00458085,278.387,0.636852,-0.0159747,0.00901756,0.0,62.7645,0.0477779,64.6166,0.253671,527.669,0.154802,0.0357714,0.249666,0.163476,12.5652,11.5327,0.11694
sweep,100746,1.17299,34.9461,0.307787,1.87272,0.90999,0.377034,0.268287,2.21249,128.224,0.071948,11.0739,0.0721436,0.871509,1.73129,0.542512,573.254,50,10,-1048576,-7050,0.00386122,111.812,0.983744,0.0180523,0.00497732,0.0,51.2135,0.05779,73.6698,0.0423049,822.351,0.357293,0.073293,0.372093,0.0796717,7.01724,19.305,0.150062
sweep,100747,1.01767,29.3601,0.780597,3.52129,1.12254,0.399612,0.0131378,1.35891,270.4,0.0275981,56.9458,0.0839918,0.87191,2.67291,1.12707,372.328,50,10,-1048576,-7050,0.00335062,19.7732,0.679018,0.00789158,0.00802416,0.0,60.6969,0.0541921,25.8706,0.618935,589.79,0.466104,0.0119578,0.325542,0.136482,8.44087,4.28867,0.132774
sweep,100748,1.00395,29.5098,0.968907,4.20302,0.563191,0.0350167,0.246927,0.505083,142.306,0.136958,27.9682,0.141877,0.162089,2.2703,0.562774,510.933,50,10,-1048576,-7050,0.00493458,286.427,0.463731,-0.00130676,0.00561187,0.0,167.481,0.0768544,70.2231,1.14559,850.145,0.259636,0.0514925,0.155355,0.21837,24.287,6.20371,0.0830108
sweep,100749,1.12644,22.6273,0.24396,2.30686,0.596176,0.252128,0.212396,4.72404,288.058,0.0727757,16.8916,0.147936,0.629828,2.30867,1.13026,149.97,50,10,-1048576,-7050,0.000723113,276.436,0.498735,0.0114189,0.00728805,0.0,128.402,0.0787769,27.2437,1.66106,332.765,0.51713,0.0389049,0.134881,0.189498,9.70954,14.3647,0.584545
sweep,100750,0.833226,38.6035,0.55385,2.64217,1.11954,0.242446,0.212668,3.95266,42.1122,0.0584234,61.909,0.175023,0.267687,1.91384,0.602622,470.424,50,10,-1048576,-7050,0.00178678,29.0262,0.106433,0.0163491,0.00350599,0.0,130.693,0.0105243,23.2869,1.96462,941.648,0.335965,0.0894078,0.115784,0.249343,16.4685,5.14925,0.108556
sweep,100751,1.27658,36.234,0.22999,2.7049,0.177249,0.0498162,0.136315,2.71191,157.93,0.108303,73.8884,0.127265,0.526561,2.1717,1.21215,201.92,50,10,-1048576,-7050,8.40819e-05,38.0901,0.538069,0.0173902,0.00831245,0.0,15.1051,0.0321624,22.43,2.28857,201.211,0.589114,0.081474,0.474336,0.244128,2.90199,14.9646,0.100294
sweep,100752,0.963524,38.1536,0.921087,2.28524,1.23118,0.494118,0.191857,1.88608,272.74,0.0524278,70.0816,0.0590874,0.286907,2.80092,1.3039,207.642,50,10,-1048576,-7050,0.00449471,298.58,0.722611,0.00580009,0.00158145,0.0,54.842,0.0166455,31.0898,1.18787,504.302,0.493201,0.011591,0.0627763,0.0812286,3.7515,21.3283,0.450919
sweep,100753,1.22795,25.9855,0.186986,1.15806,1.04874,0.236499,0.0544516,3.68684,140.867,0.194247,82.5924,0.024834,0.143898,2.74825,0.995096,236.73,50,10,-1048576,-7050,0.00394893,78.7177,0.62908,-0.0079599,0.00777334,0.0,95.6113,0.0745153,59.4304,1.13053,866.768,0.404802,0.0185702,0.315917,0.29591,28.9097,14.2961,0.0504405
sweep,100754,0.765236,27.2613,0.562558,2.10305,0.991867,0.467721,0.126402,2.70459,35.9686,0.149011,18.9061,0.121895,0.886856,1.88019,0.528987,201.712,50,10,-1048576,-7050,0.00457502,73.6184,0.836854,0.0116607,0.00654385,0.0,33.6786,0.0366083,12.1256,2.18879,282.578,0.38189,0.0511876,0.471329,0.21936,16.3847,26.8084,0.53985
sweep,100755,1.11581,26.4944,0.105911,4.83277,0.933364,0.466412,0.26498,4.80698,34.4069,0.0639208,56.3276,0.168448,0.157632,1.92496,0.839753,588.476,50,10,-1048576,-7050,0.00110279,15.0621,0.966483,0.0171774,0.00813986,0.0,86.2103,0.0967,18.9614,0.506891,185.535,0.47275,0.0280074,0.538188,0.255688,17.4055,18.0905,0.118233
sweep,100756,0.935923,29.4144,0.178228,5.57438,1.0162,0.0699891,0.000759674,3.8298,74.4068,0.0592281,77.4919,0.117255,0.607056,1.37657,0.919206,352.725,50,10,-1048576,-7050,0.00144753,231.563,0.882909,-0.00971785,0.00663651,0.0,155.858,0.0649859,20.9785,2.32722,755.66,0.464068,0.0155931,0.152656,0.231865,17.8344,27.9614,0.565255
sweep,100757,0.872451,24.1076,0.0180931,4.61724,1.40835,0.410853,0.208201,4.9778,218.522,0.155375,75.0471,0.0324106,0.117874,2.42328,0.910837,216.283,50,10,-1048576,-7050,0.000735646,64.9216,0.918663,-0.0125138,0.00443944,0.0,74.7464,0.0855434,69.3086,1.00377,466.715,0.561225,0.0111832,0.298924,0.187154,13.1707,29.0491,0.205076
sweep,100758,1.06903,23.5937,0.838688,3.09086,0.263912,0.445975,0.271664,0.520063,205.235,0.0863318,75.738,0.0772479,0.137945,2.08834,1.31079,134.215,50,10,-1048576,-7050,0.00303279,281.582,0.67409,-0.0157314,0.00374327,0.0,121.555,0.0999661,67.4198,2.84365,344.683,0.51814,0.0664751,0.168395,0.175075,3.73991,5.40435,0.298696
sweep,100759,1.1781,31.3075,0.779108,3.44078,0.971543,0.285639,0.133285,4.87769,128.536,0.173745,58.9896,0.0494259,0.840938,1.76003,0.541618,537.867,50,10,-1048576,-7050,0.000675168,281.545,0.737958,-0.0115619,0.00573935,0.0,86.3509,0.0164974,58.2507,0.951114,188.219,0.30292,0.0761772,0.055596,0.15764,15.952,26.5167,0.31644
sweep,100760,0.825485,31.1371,0.864097,1.28686,0.927412,0.474643,0.202,0.245535,31.0089,0.15297,24.0783,0.00712131,0.268923,2.1654,1.42829,580.386,50,10,-1048576,-7050,0.0034934,185.613,0.415676,-0.0136733,0.00952016,0.0,28.5738,0.0517954,26.4614,0.663394,546.228,0.403443,0.0183986,0.513725,0.224416,24.3879,19.5987,0.145183
sweep,100761,0.959864,26.6308,0.909649,1.40282,0.385971,0.33023,0.026074,0.692919,293.029,0.0561945,28.4443,0.0760763,0.463411,2.13966,0.888974,226.052,50,10,-1048576,-7050,0.00216824,34.6799,0.586675,0.00740941,0.00372634,0.0,152.099,0.00910046,52.9821,0.514945,977.154,0.398743,0.0790829,0.570298,0.0952539,18.4584,14.0905,0.479475
sweep,100762,0.823822,24.409,0.473361,3.79102,0.333799,0.486036,0.0730128,2.42659,223.782,0.134116,77.0902,0.160502,0.166157,1.8611,0.786953,226.082,50,10,-1048576,-7050,0.00471817,91.1949,0.164033,0.00519709,0.00435515,0.0,141.123,0.0923581,40.1293,2.99175,420.485,0.129108,0.0429658,0.0539559,0.210287,29.2923,21.2144,0.137619
sweep,100763,0.724041,26.51,0.510031,5.59521,0.888948,0.45311,0.122626,0.0304794,179.59,0.154805,62.3406,0.0751587,0.0986276,2.49254,0.900565,203.65,50,10,-1048576,-7050,0.004074,206.953,0.338196,0.0182498,0.00582876,0.0,31.4053,0.0896559,35.3712,1.65988,887.245,0.507055,0.0392865,0.528385,0.0827399,5.97777,27.4663,0.581999
sweep,100764,0.884537,29.3674,0.311609,5.81553,1.22968,0.445046,0.164465,3.58562,139.785,0.137788,53.7139,0.0164961,0.70303,1.96079,1.39866,562.28,50,10,-1048576,-7050,0.00316165,180.311,0.0695633,0.0192735,0.00716322,0.0,144.758,0.027181,78.0706,2.8246,303.026,0.25848,0.0608171,0.121059,0.239931,13.0539,7.60835,0.0744684
sweep,100765,1.25691,38.0861,0.608487,4.71554,1.39856,0.367977,0.16787,0.66133,252.627,0.0375129,61.4495,0.00319573,0.759797,2.09273,0.720266,549.268,50,10,-1048576,-7050,0.00339193,160.197,0.660004,-0.00763582,0.00839592,0.0,41.7648,0.0431755,52.1278,1.39224,1101.74,0.167014,0.090599,0.350701,0.169223,7.9424,4.06309,0.469309
sweep,100766,1.15528,23.979,0.112015,4.73412,1.1693,0.476478,0.077421,0.764594,164.495,0.0694796,44.1788,0.134634,0.472207,1.41248,1.41033,311.556,50,10,-1048576,-7050,0.00228403,209.5,0.211041,-0.000512522,0.00715148,0.0,78.0344,0.0889041,33.6984,2.20918,371.958,0.37249,0.0729439,0.30979,0.273433,3.76222,27.2494,0.490653
sweep,100767,1.15419,18.3827,0.362313,5.59559,0.0845579,0.448665,0.190015,1.11615,205.6,0.160724,20.5397,0.0176247,0.991597,2.36183,1.33525,287.934,50,10,-1048576,-7050,0.00285105,50.5231,0.305537,-0.00960979,0.00271764,0.0,81.0488,0.06094,21.2469,0.164754,1158.76,0.3745,0.079223,0.0796577,0.159688,15.4557,20.9593,0.127462
sweep,100768,1.12655,26.4058,0.412192,5.13032,0.964494,0.274899,0.124705,3.38696,97.576,0.0680599,53.747,0.189024,0.403481,2.04452,0.993498,555.583,50,10,-1048576,-7050,0.00182218,147.687,0.858716,0.0147792,0.00802395,0.0,178.413,0.0724546,7.45271,0.74787,1094.06,0.399839,0.0404456,0.297644,0.0846789,13.9025,15.3592,0.326599
sweep,100769,1.04683,30.2756,0.959884,1.37985,0.0857173,0.145236,0.138223,2.6285,185.762,0.0427414,27.1257,0.00383888,0.572033,1.09471,0.504919,102.085,50,10,-1048576,-7050,0.00163434,218.715,0.648126,-0.00201258,0.00130384,0.0,26.4562,0.055855,24.9044,1.38513,1076.82,0.486261,0.0309687,0.290769,0.230092,4.99046,29.3117,0.132821
sweep,100770,1.01964,22.4697,0.628233,2.60812,0.951667,0.402139,0.0871754,1.39104,79.9318,0.161936,27.9685,0.0169053,0.633653,2.37666,0.790697,182.847,50,10,-1048576,-7050,0.0029804,187.192,0.285078,-0.0111279,0.00482377,0.0,59.2142,0.0505006,58.3842,0.133179,285.942,0.36479,0.0344209,0.476302,0.163689,23.8009,10.5586,0.542626
sweep,100771,1.18414,21.7133,0.276212,2.34726,0.868989,0.371333,0.0693734,4.72609,100.672,0.0819832,10.0877,0.0427692,0.983869,1.0696,0.704148,311.134,50,10,-1048576,-7050,0.00423818,9.95598,0.840211,0.0115976,0.00311486,0.0,5.14264,0.0248224,33.1277,1.6826,132.866,0.25002,0.0293835,0.0613813,0.238074,23.2924,5.19301,0.0695628
sweep,100772,1.20241,30.724,0.0801251,3.80316,1.02793,0.386228,0.231571,4.15395,178.185,0.163661,39.2378,0.15283,0.166397,1.67722,0.972647,331.727,50,10,-1048576,-7050,0.00142881,108.789,0.284545,-0.0110842,0.00576851,0.0,126.415,0.0507286,61.6705,1.93087,784.409,0.428376,0.0243531,0.368534,0.287198,2.29749,11.1943,0.0902709
sweep,100773,0.78086,32.6591,0.708535,3.94765,1.00802,0.305056,0.150299,0.284493,257.803,0.0334348,84.7365,0.0436874,0.614562,1.75047,1.01561,396.472,50,10,-1048576,-7050,0.00245135,152.023,0.456215,0.0122657,0.000181962,0.0,75.0186,0.0789806,65.9163,0.812501,541.676,0.393389,0.0898766,0.341966,0.098168,18.9328,9.64666,0.173302
sweep,100774,1.19031,23.0992,0.291115,3.29512,0.978244,0.173194,0.216131,2.91394,77.4075,0.0706064,16.1525,0.0243485,0.206308,2.01158,1.46702,301.25,50,10,-1048576,-7050,0.00408834,30.0787,0.484646,-0.0108702,0.0085329,0.0,102.118,0.0746523,35.078,2.19308,1021.95,0.341235,0.0598635,0.302289,0.108786,8.63374,5.82063,0.570882
sweep,100775,0.912851,38.6392,0.216869,2.4071,0.951512,0.0862004,0.144658,4.41479,152.657,0.0361655,91.1989,0.025581,0.462233,2.13319,0.679296,211.411,50,10,-1048576,-7050,0.000792665,27.3679,0.791537,0.00883242,0.00361906,0.0,189.36,0.0777446,72.0163,0.120684,181.324,0.496529,0.0726963,0.321149,0.217372,12.5601,17.3154,0.420862
sweep,100776,0.948757,22.4972,0.381425,4.21326,1.2767,0.397643,0.27978,0.386214,257.02,0.182887,51.2471,0.0379941,0.384048,1.29131,0.723134,391.803,50,10,-1048576,-7050,0.00422188,239.699,0.0526745,-0.0078545,0.00347906,0.0,112.539,0.0489888,27.2976,2.82231,238.15,0.518184,0.0464327,0.486218,0.168711,5.32681,12.6127,0.097437
sweep,100777,0.817206,22.375,0.194607,4.74241,1.4398,0.374198,0.242324,0.275121,63.4274,0.164735,58.1033,0.0161995,0.715968,2.29544,0.689676,166.757,50,10,-1048576,-7050,0.000798213,204.461,0.494189,0.00494038,5.58348e-05,0.0,75.946,0.0615977,40.1934,2.37825,646.702,0.296336,0.0147155,0.102623,0.0739978,21.4828,2.48361,0.432993
sweep,100778,1.29783,35.9505,0.967383,1.76948,0.982036,0.416656,0.0998407,1.32706,42.3303,0.065026,97.1367,0.166278,0.706009,1.32691,0.617819,228.469,50,10,-1048576,-7050,0.00490565,78.1106,0.104535,0.00825159,0.00330057,0.0,110.701,0.0915858,7.41244,2.65254,426.257,0.381475,0.0772732,0.464189,0.0395087,15.8898,21.9716,0.276237
sweep,100779,1.28475,26.9368,0.539344,1.12702,1.21259,0.265886,0.0889992,1.08713,85.538,0.0748586,93.6473,0.0809278,0.672917,1.6746,1.13289,329.645,50,10,-1048576,-7050,0.00379264,30.8821,0.467437,0.00215771,0.00916442,0.0,145.509,0.0625098,5.25782,1.37775,51.7712,0.408785,0.0320954,0.155088,0.124709,23.0318,28.7319,0.387853
sweep,100780,0.990267,18.378,0.114448,1.1519,0.254048,0.414808,0.272722,4.60526,147.112,0.166425,42.7001,0.174944,0.704533,2.81231,1.45224,592.469,50,10,-1048576,-7050,0.0017679,190.468,0.469187,0.0178314,0.00672534,0.0,51.2675,0.0399379,38.7417,1.23802,981.246,0.526434,0.0383447,0.222174,0.1731,16.3875,16.5326,0.112886
sweep,100781,1.28808,21.8644,0.489418,5.17081,1.44509,0.363891,0.28817,0.626931,101.798,0.0942903,54.3475,0.19914,0.228437,2.45871,0.806151,255.268,50,10,-1048576,-7050,0.00203669,34.0083,0.476049,-0.00149418,7.81218e-06,0.0,149.033,0.0916036,54.3529,0.591072,934.665,0.217214,0.0347271,0.579628,0.299134,3.70081,3.30097,0.0822789
sweep,100782,0.834324,27.2512,0.540432,2.31775,0.21366,0.293956,0.270715,4.3379,23.4633,0.0313348,72.5063,0.160743,0.917587,2.8698,1.38639,322.184,50,10,-1048576,-7050,0.00364055,216.931,0.805614,-0.00791118,0.00599559,0.0,83.8087,0.0765427,67.0349,1.51768,371.197,0.120961,0.0734137,0.264911,0.194208,23.8919,20.0489,0.271532
sweep,100783,0.752416,21.0891,0.584845,4.54543,0.279802,0.2359,0.270017,0.0881228,152.628,0.182349,33.9047,0.145072,0.466473,2.1822,1.19381,188.252,50,10,-1048576,-7050,0.00112361,150.477,0.142513,-0.0106051,0.00179317,0.0,174.973,0.0505164,10.0347,2.92341,897.256,0.464002,0.0619839,0.429446,0.238438,23.197,18.1124,0.0924791
sweep,100784,1.07637,39.0292,0.285819,5.43581,1.16657,0.0643289,0.148922,2.61664,223.904,0.109868,52.3966,0.136011,0.779173,2.34854,0.623537,377.448,50,10,-1048576,-7050,0.00291073,10.2204,0.112433,-0.00372435,0.0040302,0.0,74.4324,0.0167719,30.5472,2.6959,254.864,0.493005,0.0810453,0.361269,0.293106,16.1737,20.9547,0.100921
sweep,100785,1.17743,19.1905,0.923271,5.19856,0.124963,0.301879,0.273218,1.86722,202.839,0.1058,82.4968,0.103509,0.403839,1.17879,0.690876,470.06,50,10,-1048576,-7050,0.00431055,225.265,0.452475,0.0181809,0.00280185,0.0,80.5315,0.0889518,19.7044,1.67492,109.314,0.464781,0.0864877,0.290093,0.0421347,18.2512,10.133,0.27835
sweep,100786,1.06441,29.7159,0.914741,5.02683,0.682759,0.464421,0.0746558,3.59643,253.486,0.163108,26.1173,0.0492327,0.393895,1.7422,1.4715,287.789,50,10,-1048576,-7050,0.0016529,295.04,0.623653,0.00687275,0.00539564,0.0,156.007,0.00927404,29.5664,2.08305,633.257,0.251246,0.0338337,0.330474,0.281684,6.33696,26.7489,0.359998
sweep,100787,1.20829,27.1511,0.0188958,5.7056,1.09731,0.0315156,0.260115,0.299698,176.844,0.0230273,70.5402,0.0938363,0.941388,1.26128,1.14496,239.513,50,10,-1048576,-7050,0.00287834,246.201,0.252141,0.0171568,0.003955,0.0,138.91,0.0961864,19.4165,2.13063,521.403,0.516112,0.0550434,0.562797,0.262273,18.9346,12.8263,0.320259
sweep,100788,0.967887,25.1934,0.810447,2.80512,0.504401,0.0890479,0.221545,0.909099,226.499,0.146363,9.59147,0.0455127,0.543532,1.56623,1.10649,274.757,50,10,-1048576,-7050,0.00491222,261.281,0.348966,-0.000374088,0.00926298,0.0,91.4349,0.00971554,34.0334,0.43072,852.281,0.16131,0.0975792,0.518011,0.18764,7.08683,22.8565,0.554067
sweep,100789,1.28849,36.149,0.874109,1.50866,0.771566,0.243113,0.0576111,4.7093,293.118,0.194256,34.1268,0.115475,0.688453,2.13526,1.36839,339.008,50,10,-1048576,-7050,0.000532815,27.4378,0.928176,-0.00896367,0.00698852,0.0,138.529,0.0238829,37.7639,0.51119,220.024,0.501565,0.0183127,0.0566376,0.209162,3.25624,29.508,0.515691
sweep,100790,0.823566,34.7065,0.996749,1.59401,0.37981,0.369155,0.0987235,1.02533,47.7613,0.0487084,46.7759,0.0037305,0.358326,2.41629,0.835753,550.158,50,10,-1048576,-7050,0.000432237,200.429,0.733333,-0.00133122,0.00260319,0.0,59.9624,0.0817285,58.7931,1.51371,1056.36,0.596646,0.0275124,0.056855,0.16131,21.3867,19.6791,0.358558
sweep,100791,0.755159,26.9294,0.913259,4.23774,1.42647,0.482869,0.0527747,4.67931,54.2926,0.123903,56.9149,0.0203167,0.481757,2.84926,0.852197,459.809,50,10,-1048576,-7050,0.000981102,144.856,0.214631,0.0189278,0.00511765,0.0,40.6613,0.0988103,9.82294,2.31563,247.952,0.106719,0.0318337,0.401088,0.264124,29.1005,3.62737,0.53643
sweep,100792,0.997667,30.0576,0.287617,4.53187,1.09369,0.318063,0.0964804,4.24843,149.398,0.160513,17.2557,0.0320965,0.469967,2.32843,1.03631,204.847,50,10,-1048576,-7050,0.000407745,71.0711,0.356026,0.0125501,0.00586485,0.0,144.845,0.0242295,59.5134,1.10741,820.978,0.359981,0.00539573,0.373357,0.14337,24.8936,9.9384,0.556887
sweep,100793,0.701147,26.2282,0.340716,1.67382,1.20821,0.144888,0.208511,2.959,268.321,0.14728,27.516,0.053871,0.658484,1.47327,1.45092,488.406,50,10,-1048576,-7050,0.000121102,213.923,0.992681,-0.0171694,0.00704053,0.0,145.133,0.0259838,19.8849,2.41129,811.255,0.20289,0.00507536,0.408419,0.148572,18.4254,29.4169,0.392186
sweep,100794,1.01982,32.4747,0.78942,5.59353,0.324595,0.0750267,0.286868,0.122812,152.075,0.199155,55.2742,0.11927,0.474373,2.55762,1.13557,258.167,50,10,-1048576,-7050,0.00300663,41.8662,0.88988,-0.0176802,0.00325675,0.0,156.761,0.0267026,13.7969,0.671518,867.314,0.461636,0.00992065,0.588047,0.266655,7.04841,15.1748,0.109135
sweep,100795,0.891698,33.6423,0.428634,3.31305,0.400683,0.499865,0.0852327,3.57268,171.263,0.0436371,41.3253,0.154641,0.412737,2.18263,0.533141,500.125,50,10,-1048576,-7050,0.00172994,66.5162,0.348586,-0.0198918,0.00287623,0.0,131.233,0.0550521,35.1167,1.69819,248.21,0.423479,0.0714994,0.501939,0.249003,10.4593,3.96427,0.238612
sweep,100796,1.07264,26.4683,0.287456,5.5162,0.701472,0.186648,0.206027,2.02711,240.124,0.134864,6.57174,0.0787462,0.558686,2.14393,0.578839,284.673,50,10,-1048576,-7050,0.00160113,269.39,0.992691,-0.00931267,0.00482883,0.0,13.3926,0.045211,51.2034,0.388435,823.603,0.231304,0.0290872,0.148821,0.215028,25.5621,5.91198,0.435712
sweep,100797,0.737159,19.7495,0.953874,4.05772,0.268608,0.0866018,0.279277,1.9509,242.802,0.0966358,80.5134,0.0488703,0.253836,2.28942,1.35729,452.424,50,10,-1048576,-7050,0.00116573,206.093,0.575964,-0.010536,0.00131432,0.0,172.474,0.0448822,55.7656,1.10492,4.2919,0.457897,0.0915663,0.169141,0.191949,11.2575,29.9464,0.27799
sweep,100798,0.92872,37.7593,0.797348,1.92437,1.34307,0.445046,0.0164896,2.62016,62.6622,0.079166,31.3715,0.146752,0.991049,1.6634,1.31741,265.008,50,10,-1048576,-7050,0.00319636,152.606,0.457105,-0.00662386,0.00998655,0.0,65.875,0.0284322,54.6547,1.29322,611.378,0.244717,0.0839443,0.0736034,0.148086,22.8869,23.2274,0.113791
sweep,100799,0.968932,23.1442,0.154309,3.78016,1.12707,0.134797,0.216188,0.0165744,82.8041,0.0529756,56.8471,0.177538,0.70576,2.93164,1.42489,498.759,50,10,-1048576,-7050,0.000134838,113.637,0.456092,-0.0117343,0.0063282,0.0,77.0783,0.0664371,20.3107,2.39803,726.721,0.582702,0.0752534,0.121902,0.206191,12.4233,10.8146,0.225278
sweep,100800,1.03202,21.6015,0.297594,3.20524,0.982391,0.393331,0.0740627,1.19153,264.894,0.168259,56.0437,0.185335,0.733256,1.34248,1.15858,598.461,50,10,-1048576,-7050,0.00318536,89.0254,0.489251,0.0192491,0.00984823,0.0,184.642,0.0121534,46.4583,1.03432,890.335,0.352196,0.0783979,0.472548,0.22711,8.59713,26.5489,0.0786321
sweep,100801,0.994495,25.7965,0.469753,5.75523,0.276787,0.0351726,0.271964,2.79759,105.841,0.0409319,62.9775,0.138012,0.48202,1.68043,1.03774,468.303,50,10,-1048576,-7050,0.00179147,28.8939,0.809131,-0.0022641,0.00162798,0.0,91.3493,0.0579738,10.2737,2.93663,919.36,0.48814,0.0460777,0.208432,0.264635,19.4228,10.5721,0.119354
sweep,100802,1.08258,38.464,0.179892,5.79497,0.516111,0.227514,0.0885577,1.40089,271.327,0.198285,82.4957,0.101743,0.438542,2.7391,1.46316,126.615,50,10,-1048576,-7050,0.00338899,299.496,0.360106,-0.00732434,0.0099233,0.0,84.4888,0.013991,29.9182,2.40753,455.361,0.242919,0.097645,0.0519373,0.131883,17.6677,9.44152,0.247543
sweep,100803,0.870427,19.6308,0.513808,2.49749,0.575492,0.190599,0.277801,1.09866,105.964,0.136873,92.4667,0.168552,0.857076,2.65645,1.0123,177.509,50,10,-1048576,-7050,0.00220206,126.714,0.338379,-0.00200363,0.00225943,0.0,32.6394,0.0433781,7.02052,1.03685,161.199,0.559575,0.0335361,0.276381,0.180988,19.8803,28.5521,0.575264
sweep,100804,1.29933,31.6437,0.933187,1.27467,0.590413,0.24335,0.0938045,0.452625,37.8568,0.0453219,89.5843,0.0704124,0.13929,2.86863,1.16702,285.929,50,10,-1048576,-7050,0.00457358,292.525,0.274099,-0.00835155,0.0072511,0.0,101.485,0.0582381,7.87923,0.0354711,127.763,0.212622,0.090973,0.512936,0.269581,27.1128,13.917,0.143654
sweep,100805,0.862795,28.3128,0.0649018,3.12753,1.26038,0.0530251,0.151034,3.69462,110.541,0.102904,13.695,0.140245,0.492416,2.01814,0.547833,511.549,50,10,-1048576,-7050,0.0029759,287.472,0.168578,0.00698622,0.00194458,0.0,101.75,0.00580249,59.745,1.48254,1039.32,0.231057,0.0209123,0.442405,0.0445142,2.10745,21.4541,0.533809
sweep,100806,1.07582,18.4433,0.298686,4.88876,0.466502,0.0440382,0.155681,4.26654,181.994,0.0440384,80.1659,0.064422,0.189845,2.14625,1.21155,117.068,50,10,-1048576,-7050,0.000849041,29.7299,0.400064,-0.019061,0.00343025,0.0,84.4032,0.0210185,27.9977,0.152241,664.061,0.130126,0.0842806,0.307753,0.183604,23.9683,5.15345,0.480935
sweep,100807,0.743298,22.6556,0.752975,1.14723,0.944057,0.481126,0.220382,1.724,115.28,0.109636,23.8001,0.119977,0.0736319,2.57565,1.14108,403.481,50,10,-1048576,-7050,0.00440527,158.108,0.768059,0.010508,0.0078019,0.0,184.081,0.0581735,36.4667,1.66486,899.565,0.222001,0.0795685,0.375274,0.0331227,3.25842,8.48264,0.500878
sweep,100808,1.13058,28.7073,0.753773,4.73724,0.219637,0.162097,0.0563697,1.34229,35.2814,0.0765486,6.05699,0.0764255,0.394406,2.69859,1.22303,472.731,50,10,-1048576,-7050,0.00155999,47.3529,0.253829,0.00523057,0.00203062,0.0,69.8148,0.0784407,28.0655,0.499352,536.444,0.16712,0.0734288,0.263478,0.046995,23.248,26.5588,0.539137
sweep,100809,0.877913,37.4183,0.0866507,2.94132,0.216651,0.401474,0.254161,0.206017,23.9947,0.142492,94.0966,0.112737,0.768742,2.02004,0.928005,371.455,50,10,-1048576,-7050,0.00331142,73.9989,0.351957,-0.00176465,0.000606726,0.0,196.283,0.0439587,74.6645,1.48451,254.214,0.421199,0.0723348,0.373711,0.100613,26.5687,21.5984,0.152007
sweep,100810,1.21359,37.3532,0.929976,5.96248,1.24012,0.466643,0.266361,0.783368,181.884,0.050034,65.1048,0.0337955,0.710791,2.92257,1.45993,204.532,50,10,-1048576,-7050,0.00305805,238.49,0.433856,-0.00512269,0.00967708,0.0,190.379,0.00758698,61.9684,0.817334,1048.0,0.578539,0.0269328,0.326237,0.101864,7.86609,16.6002,0.138047
sweep,100811,0.838872,37.2749,0.829667,4.01378,1.10666,0.177623,0.151561,0.791145,28.0562,0.150341,78.5296,0.114707,0.176754,1.60708,1.30836,351.492,50,10,-1048576,-7050,0.000816369,21.9343,0.469086,-0.00174332,0.00329857,0.0,4.10983,0.00571265,58.5966,0.245621,807.74,0.57004,0.0655925,0.146109,0.182455,27.342,15.5044,0.47538
sweep,100812,1.04152,18.6574,0.0668148,1.71914,0.264393,0.486302,0.177538,1.6346,252.128,0.0313066,62.0829,0.125185,0.29608,1.35299,0.628839,194.448,50,10,-1048576,-7050,0.0005422,218.078,0.126173,-0.00306711,0.000409799,0.0,120.993,0.0662485,28.6072,1.82861,768.416,0.55457,0.0209173,0.22201,0.128184,11.1909,25.5615,0.0653005
sweep,100813,0.774117,27.4706,0.174405,4.2726,1.0649,0.223509,0.0728071,2.49411,71.7924,0.189904,57.2946,0.188475,0.620902,1.61311,1.43026,500.434,50,10,-1048576,-7050,0.000240529,137.56,0.974143,0.00933159,0.00827513,0.0,94.3528,0.0418785,29.9703,2.0543,112.655,0.102506,0.0981354,0.474275,0.127764,14.7106,9.83917,0.456976
sweep,100814,0.872763,25.8927,0.582459,5.94941,1.37373,0.0307976,0.0147817,3.40638,109.305,0.15006,20.7875,0.121128,0.142877,1.02087,1.48476,588.024,50,10,-1048576,-7050,0.00487675,17.9404,0.166709,-0.00452291,0.00220134,0.0,64.6605,0.0186696,73.442,0.340435,1099.66,0.29578,0.0953518,0.555468,0.0644096,9.76327,12.1709,0.567913
sweep,100815,1.04353,25.5173,0.982369,4.99673,0.00110532,0.0758902,0.126097,3.9435,203.623,0.199038,66.3055,0.0223042,0.200295,2.65638,1.16952,245.399,50,10,-1048576,-7050,0.000587895,276.08,0.571774,-0.0118678,0.00964891,0.0,39.9619,0.0851588,73.0558,2.75941,195.289,0.410934,0.0210352,0.388199,0.133756,8.95855,12.3958,0.527826
sweep,100816,0.717354,32.6507,0.778588,4.3702,0.933578,0.387054,0.257813,1.03278,99.4055,0.186394,10.1516,0.180006,0.217093,2.67413,0.659466,337.229,50,10,-1048576,-7050,8.27154e-05,87.1603,0.921172,-0.015559,0.0087374,0.0,146.568,0.0700084,23.0131,0.653182,1161.58,0.211119,0.0657965,0.36108,0.0545738,24.2897,18.8633,0.247495
sweep,100817,0.968092,23.0788,0.552655,2.4328,0.162245,0.248956,0.175278,2.04352,168.136,0.145463,35.3823,0.0402173,0.135841,2.36019,1.35008,178.176,50,10,-1048576,-7050,0.00403104,51.0978,0.551219,-0.0146468,0.000292562,0.0,182.172,0.0149039,71.6587,0.119268,387.174,0.518372,0.0553619,0.397516,0.0994962,2.08768,20.8569,0.505098
sweep,100818,0.797836,31.8172,0.283158,5.77971,1.06722,0.0977102,0.24057,0.867917,198.986,0.070712,58.7809,0.098231,0.302021,2.81353,1.48474,356.226,50,10,-1048576,-7050,0.00275501,125.302,0.627886,0.0155398,0.00961911,0.0,115.313,0.0133694,45.3217,1.20486,254.639,0.23017,0.0651433,0.177709,0.290529,23.6185,9.63321,0.083466
sweep,100819,1.29012,20.8493,0.0997646,5.22397,0.690602,0.171961,0.103415,2.48077,62.9672,0.0274939,23.3938,0.173124,0.975881,1.22754,1.28014,455.179,50,10,-1048576,-7050,0.000977664,70.1422,0.272662,0.00144436,0.0031699,0.0,53.3616,0.0813184,73.7741,2.95895,302.642,0.243505,0.0816456,0.208547,0.100012,2.1921,16.5567,0.288058
sweep,100820,0.869838,38.3305,0.826941,2.19149,1.00553,0.480875,0.135685,3.38447,124.284,0.037636,5.41683,0.152879,0.818043,1.19613,1.35286,482.152,50,10,-1048576,-7050,0.00344737,220.804,0.855973,-0.0167708,0.00262901,0.0,47.2382,0.0272196,52.3206,1.53704,35.123,0.14013,0.0875078,0.188197,0.211006,20.2355,26.3964,0.199111
sweep,100821,1.13497,39.8544,0.522499,4.72137,0.547174,0.49894,0.144222,3.72333,211.953,0.0997676,5.93847,0.0667063,0.521446,1.68843,0.92623,378.774,50,10,-1048576,-7050,0.0038167,108.66,0.72541,0.00881457,0.000836613,0.0,125.122,0.093639,71.8229,2.42734,263.499,0.41152,0.0446771,0.318337,0.298487,4.21135,17.5173,0.241805
sweep,100822,1.18993,33.7367,0.914641,3.01224,0.064564,0.135851,0.182533,2.1473,30.4391,0.0530885,64.9187,0.0625436,0.370643,2.52638,1.27875,123.621,50,10,-1048576,-7050,0.00369947,132.417,0.393519,0.0147967,0.00839717,0.0,145.227,0.0347691,9.23704,1.51283,324.782,0.208502,0.0752128,0.157284,0.277532,27.5439,6.78177,0.112377
sweep,100823,1.29232,23.9307,0.924682,4.16609,1.33927,0.250235,0.136432,2.98678,290.683,0.195878,47.1917,0.186654,0.933353,2.77273,0.756884,158.268,50,10,-1048576,-7050,0.000455952,55.6439,0.439948,0.0100312,0.00506896,0.0,195.803,0.0790174,43.3062,0.805829,1096.49,0.428552,0.0886816,0.428429,0.185769,5.37256,10.5194,0.549645
sweep,100824,0.934899,28.909,0.857927,1.53081,0.366017,0.475143,0.157418,2.44443,201.277,0.124531,20.8438,0.0558178,0.319723,2.81997,1.02108,384.158,50,10,-1048576,-7050,0.00262339,262.533,0.584059,0.0089943,0.00190035,0.0,93.7849,0.0860492,45.7847,2.69998,256.237,0.120916,0.0580841,0.0599502,0.153451,17.5011,8.07952,0.425681
sweep,100825,1.11781,22.879,0.738563,4.85842,0.25219,0.273419,0.113997,2.15459,72.7792,0.0355397,87.8672,0.107435,0.523341,2.28693,1.00445,220.45,50,10,-1048576,-7050,0.00131678,213.95,0.570411,0.000433527,0.00449455,0.0,195.974,0.0678723,72.5281,2.68441,517.977,0.48658,0.0565774,0.356943,0.227195,10.8973,29.7229,0.197333
sweep,100826,1.12614,33.3626,0.104644,5.8725,1.22457,0.343401,0.170308,1.09485,282.243,0.118572,19.5839,0.0776802,0.693417,1.05539,1.45492,491.34,50,10,-1048576,-7050,0.00492571,146.35,0.663769,0.0142288,0.00211993,0.0,14.3449,0.0898432,32.9294,1.78416,539.586,0.468005,0.0503964,0.376764,0.0826342,3.73811,7.66637,0.35234
sweep,100827,1.0091,26.4156,0.357646,3.14042,1.36147,0.0459918,0.0508497,1.85134,172.614,0.0554428,27.3068,0.0162473,0.413505,2.6821,0.649811,584.881,50,10,-1048576,-7050,0.00409261,97.3002,0.853075,-0.00217601,0.00256366,0.0,33.9184,0.0207375,35.93,2.60804,531.234,0.380172,0.0697477,0.108564,0.273406,14.8724,27.9262,0.393691
sweep,100828,0.755467,29.3956,0.550394,2.69566,0.691319,0.485095,0.235612,1.3438,268.178,0.0798933,62.8159,0.0781763,0.0844755,1.18089,0.574686,261.086,50,10,-1048576,-7050,0.00418145,71.9554,0.579224,-0.000866328,0.00380789,0.0,185.295,0.0133882,27.9984,1.70296,69.3655,0.544204,0.022842,0.39319,0.243373,27.1056,15.0244,0.101211
sweep,100829,0.859348,39.7387,0.613678,1.75663,1.38282,0.315134,0.0202298,4.41241,124.781,0.073108,7.1993,0.000705342,0.065908,2.85931,1.24222,595.14,50,10,-1048576,-7050,0.00341446,18.9125,0.929501,-0.0180317,0.00388405,0.0,5.86436,0.0600935,35.0566,1.94252,931.935,0.358376,0.0578417,0.348214,0.212043,4.00367,27.9013,0.0933949
sweep,100830,1.28379,24.1515,0.544478,3.27915,0.883566,0.196449,0.100682,2.52731,174.489,0.0651862,86.0196,0.156931,0.187591,2.45932,0.77349,582.22,50,10,-1048576,-7050,0.00298252,35.2775,0.133713,0.0107742,0.00782797,0.0,52.9547,0.0519654,22.5246,0.651956,810.675,0.597369,0.063335,0.395049,0.0486902,19.9507,5.13185,0.227087
sweep,100831,0.861717,34.3105,0.285362,5.35767,0.883476,0.167181,0.234844,3.21027,127.726,0.196247,19.741,0.142961,0.354604,2.02942,1.47182,312.63,50,10,-1048576,-7050,0.00336292,94.7673,0.899975,-0.00886141,0.000422973,0.0,6.03886,0.060182,55.1393,2.94386,1146.16,0.200537,0.0923457,0.224109,0.100137,13.9406,16.1879,0.22983
sweep,100832,0.968853,24.7756,0.377668,1.24002,0.438036,0.122609,0.193324,2.5935,187.755,0.158407,77.7257,0.133368,0.246337,2.33988,0.866658,225.71,50,10,-1048576,-7050,0.00349865,158.848,0.211285,-0.0173652,0.00379654,0.0,82.9416,0.0219509,9.63147,0.244444,188.729,0.503563,0.0623458,0.382955,0.262367,11.7732,2.6302,0.0845436
sweep,100833,0.812921,31.4102,0.268071,3.86774,1.33681,0.396357,0.078485,2.03245,103.758,0.0633669,29.0267,0.182885,0.450925,1.23284,0.893929,415.398,50,10,-1048576,-7050,0.000514215,206.978,0.458625,0.00124839,0.00939789,0.0,56.2686,0.0808451,25.6829,1.42262,56.8707,0.17276,0.00781324,0.136715,0.0604759,24.9279,23.0621,0.538601
sweep,100834,0.968798,32.4101,0.849332,3.80125,0.654628,0.364899,0.257631,4.76843,123.622,0.066565,17.2576,0.178954,0.299136,1.29815,0.639973,349.234,50,10,-1048576,-7050,0.00460914,277.085,0.662496,-0.000994989,0.00366592,0.0,72.2667,0.0803063,17.1103,0.236503,1172.98,0.330242,0.0835293,0.136935,0.224458,21.1925,15.3567,0.53281
sweep,100835,0.747152,32.7897,0.251486,5.44205,0.123902,0.174665,0.0153511,2.60435,40.4581,0.136158,17.8342,0.0857105,0.665537,2.88184,1.08492,345.856,50,10,-1048576,-7050,0.00217489,197.923,0.442032,0.014571,0.00795233,0.0,165.117,0.0321792,32.2729,0.912505,266.578,0.219096,0.0169609,0.0737502,0.104854,21.0124,8.47734,0.209734
sweep,100836,1.02995,29.8093,0.811031,4.01001,0.233806,0.316176,0.047776,4.39933,78.0987,0.119265,8.84189,0.0318798,0.325972,2.61255,1.09147,235.177,50,10,-1048576,-7050,0.00383639,219.621,0.390436,0.00885688,0.000386172,0.0,170.231,0.0523753,24.941,2.6789,31.7371,0.100668,0.076673,0.559951,0.141544,28.3051,13.6327,0.14259
sweep,100837,0.961438,21.068,0.338348,3.70048,0.52974,0.250489,0.227957,4.01099,29.4066,0.061388,8.85441,0.117452,0.43228,1.732,1.0316,299.334,50,10,-1048576,-7050,0.0035573,295.111,0.803429,0.001447,0.00848307,0.0,94.4833,0.0118639,61.2571,0.886098,855.602,0.529789,0.0409234,0.17475,0.202185,22.4999,21.9507,0.147357
sweep,100838,1.09443,27.5813,0.873053,1.41401,0.607744,0.0860935,0.221703,1.50872,233.285,0.145797,33.9554,0.121582,0.618511,2.57642,0.927219,282.166,50,10,-1048576,-7050,0.00282317,224.894,0.0984508,0.00355436,0.00463276,0.0,171.353,0.0356603,43.1948,1.13777,719.398,0.381893,0.0191014,0.306054,0.118289,2.01806,29.1119,0.0844399
sweep,100839,1.1453,20.3376,0.230709,5.43414,0.245836,0.315081,0.159862,1.69143,136.247,0.0910604,64.7769,0.146581,0.268972,1.92994,0.699415,293.991,50,10,-1048576,-7050,0.000431213,279.709,0.642561,-0.0108875,0.00392005,0.0,28.3253,0.0953748,21.5008,0.341577,108.202,0.50911,0.0792028,0.465277,0.179252,14.6015,27.9913,0.433087
sweep,100840,0.913705,37.4602,0.122902,1.66628,1.15605,0.0463731,0.111233,4.08722,39.6133,0.121698,8.17813,0.180075,0.767873,2.49584,1.12181,567.438,50,10,-1048576,-7050,0.00455909,66.0423,0.916665,0.0183716,0.00161429,0.0,164.162,0.0982882,21.6108,0.0215889,824.721,0.243658,0.0674271,0.49356,0.278773,29.7858,23.7864,0.306845
sweep,100841,0.886819,27.6172,0.933597,1.43147,0.870079,0.0515165,0.113212,0.102446,107.512,0.104126,70.1267,0.189259,0.490417,2.94855,0.805945,288.627,50,10,-1048576,-7050,0.00274916,34.8185,0.157537,0.00906213,0.00635457,0.0,92.4366,0.0427906,15.0414,1.70035,979.536,0.19118,0.0353758,0.311517,0.136458,28.774,14.4269,0.560817
sweep,100842,1.22373,22.7425,0.750294,3.23909,0.11068,0.355645,0.248765,2.94459,187.438,0.130449,24.3554,0.180766,0.545393,2.36477,0.790897,346.598,50,10,-1048576,-7050,9.64115e-05,294.546,0.136041,0.000159194,0.00868256,0.0,129.209,0.0645507,9.9402,1.50103,1146.44,0.462076,0.0592062,0.216846,0.217215,28.3242,20.8857,0.103578
sweep,100843,1.00459,18.7391,0.384004,5.77252,1.23873,0.361934,0.168194,0.280739,199.33,0.0338921,35.813,0.128327,0.30611,2.64441,1.03384,429.077,50,10,-1048576,-7050,0.00156838,166.195,0.632265,0.00984537,0.000444235,0.0,136.229,0.0851485,74.1105,1.77817,80.0978,0.340917,0.0241168,0.428944,0.145633,9.11715,20.8865,0.143021
sweep,100844,0.729463,33.6958,0.101287,3.37497,0.957206,0.0368604,0.109431,0.0996574,271.587,0.0311877,64.7075,0.0894131,0.965389,1.72829,1.22576,229.865,50,10,-1048576,-7050,0.000892295,33.4321,0.83283,0.0115107,0.00736827,0.0,76.3301,0.0388041,73.6219,2.48748,329.843,0.570522,0.0823682,0.0761192,0.290698,29.1824,6.75072,0.471075
sweep,100845,1.15256,26.3945,0.0326644,3.29269,1.339,0.255263,0.234412,1.00042,20.4877,0.185551,14.8425,0.0947308,0.445471,1.74889,0.821186,555.434,50,10,-1048576,-7050,0.00179485,42.2862,0.983052,-0.0108446,0.00194323,0.0,46.6669,0.0799776,6.51121,1.72045,1113.45,0.303169,0.0651727,0.518915,0.103117,20.2679,19.9017,0.565505
sweep,100846,0.910633,26.369,0.756329,4.48618,0.611271,0.061541,0.292121,0.708393,208.522,0.128728,62.0261,0.0697247,0.378524,1.3449,0.57242,501.182,50,10,-1048576,-7050,0.000125435,236.929,0.424878,-0.00697517,0.000438311,0.0,58.0556,0.0645523,34.387,1.44699,1151.31,0.294447,0.0855459,0.227721,0.168633,9.96881,16.3108,0.187434
sweep,100847,0.754056,34.9179,0.242436,4.43574,0.213671,0.387573,0.239668,0.239759,151.011,0.112041,92.5262,0.105984,0.47614,2.06458,1.47243,224.63,50,10,-1048576,-7050,0.00112876,293.112,0.595726,-0.0101058,0.00610363,0.0,169.558,0.00795805,55.3053,1.08855,543.761,0.454676,0.0733338,0.368869,0.0556198,18.5641,27.4324,0.0813243
sweep,100848,1.17162,35.9022,0.410625,1.55464,0.439103,0.387105,0.201356,0.16404,265.435,0.0490427,66.2006,0.0820694,0.0556214,2.04045,0.903689,396.877,50,10,-1048576,-7050,0.00481159,208.956,0.608337,0.000816323,0.00687225,0.0,93.1031,0.0228196,41.1982,2.08566,1065.91,0.454813,0.00814423,0.530875,0.052849,27.5758,9.53228,0.435826
sweep,100849,1.16515,35.1803,0.125108,3.67352,0.933098,0.484093,0.0574444,4.35552,106.308,0.184996,83.2174,0.0524516,0.51971,1.79028,1.14636,106.677,50,10,-1048576,-7050,0.00282454,48.0232,0.11398,-0.00467847,0.00836514,0.0,1.41846,0.0971613,13.8049,1.51313,167.774,0.422144,0.0507105,0.328126,0.0343566,25.9483,26.2938,0.0738052
sweep,100850,1.25054,30.5707,0.196405,4.39656,0.171084,0.322475,0.200065,2.27447,113.172,0.147589,74.4572,0.0411499,0.578102,1.13673,0.996281,445.517,50,10,-1048576,-7050,0.00150295,253.461,0.0943327,-0.0189986,0.00911856,0.0,146.852,0.0599496,12.1493,2.50062,447.155,0.579716,0.0126764,0.364278,0.0497998,26.233,2.93848,0.310076
sweep,100851,1.28286,22.0106,0.162748,4.00926,0.429586,0.356044,0.292001,3.21226,143.653,0.159194,9.83375,0.175329,0.0821802,1.35621,0.896719,158.389,50,10,-1048576,-7050,0.00237323,177.607,0.756628,-0.0095855,0.00873431,0.0,105.492,0.071037,5.93013,1.5891,895.741,0.496358,0.0972764,0.239604,0.125382,14.9223,22.6941,0.268096
sweep,100852,0.919347,37.0552,0.139015,3.89241,1.23288,0.175428,0.19449,4.81297,197.055,0.148433,72.8452,0.0970454,0.0214539,2.17192,0.962298,590.015,50,10,-1048576,-7050,0.00198607,12.257,0.676252,0.00803045,0.0095211,0.0,136.38,0.0837575,35.168,1.12351,75.9432,0.312064,0.0338297,0.172655,0.172515,25.2286,27.9153,0.0624525
sweep,100853,1.00314,37.3953,0.139893,5.91165,0.425177,0.257508,0.021144,1.45566,167.802,0.181455,47.9247,0.0794262,0.746079,2.22621,0.954518,460.112,50,10,-1048576,-7050,0.00368832,51.8088,0.338051,0.00806098,0.0095193,0.0,163.006,0.0394744,15.0184,0.799156,172.399,0.529088,0.054101,0.132421,0.195222,20.6127,7.18822,0.426549
sweep,100854,0.951969,23.1062,0.190519,3.23802,0.490808,0.432158,0.229177,2.95124,281.718,0.144646,16.0405,0.0749927,0.739217,2.02713,0.626162,362.956,50,10,-1048576,-7050,0.00231436,189.15,0.72242,0.0106353,0.004251,0.0,52.028,0.0348434,77.6977,1.31937,535.02,0.156034,0.0462803,0.0871404,0.146803,9.27888,18.2576,0.52096
sweep,100855,1.24921,39.8733,0.0664283,4.21752,0.328942,0.0824533,0.0238395,1.53086,175.487,0.146613,38.5262,0.0288584,0.607605,2.38196,1.07824,431.179,50,10,-1048576,-7050,0.00135792,62.6769,0.630115,0.0150823,0.00794953,0.0,77.3262,0.050709,44.975,2.04363,1169.0,0.253712,0.0131506,0.575251,0.148174,5.86353,15.7479,0.439
sweep,100856,1.19506,32.1532,0.297663,4.2847,0.438155,0.297585,0.0940053,0.789382,35.5725,0.107042,95.9067,0.0401752,0.257205,2.70121,0.89546,507.361,50,10,-1048576,-7050,0.000970161,179.957,0.348585,0.00343761,0.00890584,0.0,49.8598,0.094667,49.8605,2.36073,1011.91,0.397513,0.0451365,0.57882,0.181847,11.6471,22.2778,0.585712
sweep,100857,1.27084,23.5815,0.714131,3.30438,1.08917,0.195132,0.116259,0.961019,138.674,0.0252734,17.8739,0.0404804,0.0718275,2.67641,0.961774,557.133,50,10,-1048576,-7050,0.00387228,243.783,0.940484,0.00820038,0.00798417,0.0,28.8598,0.0143501,50.6365,0.326567,196.208,0.29999,0.0965124,0.235009,0.212328,14.4419,29.6465,0.346283
sweep,100858,1.22089,21.8207,0.451613,4.5178,1.38569,0.402924,0.216134,2.27876,152.839,0.121375,72.7083,0.00104997,0.276126,1.82904,1.25265,421.562,50,10,-1048576,-7050,0.00435464,213.698,0.923358,-0.00775976,0.00162793,0.0,198.967,0.0853996,20.2557,1.27668,108.02,0.452063,0.00927033,0.235869,0.163967,23.4623,7.40312,0.275604
sweep,100859,0.855678,34.4795,0.617155,1.51675,1.39786,0.492027,0.259473,0.583001,70.3863,0.100873,76.6156,0.192607,0.649674,2.0035,1.10012,549.18,50,10,-1048576,-7050,6.86826e-05,175.214,0.991863,0.0137555,0.00847986,0.0,1.77287,0.0789961,17.991,2.14239,337.234,0.501018,0.0660111,0.174728,0.262338,13.8888,6.13778,0.13329
sweep,100860,1.20443,29.1621,0.0634852,5.63415,0.321839,0.096476,0.144157,1.25186,75.9837,0.13271,55.1421,0.0583348,0.885341,2.00419,0.560169,475.2,50,10,-1048576,-7050,0.00123808,258.057,0.382962,-0.0159023,0.00876757,0.0,53.1568,0.0389543,31.9258,0.380984,645.233,0.286976,0.0576956,0.0631451,0.144843,5.79507,12.5691,0.509473
sweep,100861,1.27415,18.1368,0.56426,2.57191,1.40918,0.378559,0.249325,1.45005,96.8738,0.0958268,49.7596,0.185257,0.593751,1.80504,0.807691,266.066,50,10,-1048576,-7050,0.00481949,108.949,0.926094,0.0142783,0.00839783,0.0,134.644,0.0284483,17.5327,1.33808,949.08,0.51405,0.032909,0.443447,0.136541,23.2315,16.8983,0.500676
sweep,100862,0.961704,20.7749,0.605502,5.68936,0.370035,0.154733,0.295722,2.24371,66.7638,0.0406464,38.1712,0.0183807,0.57816,2.16381,0.646199,311.024,50,10,-1048576,-7050,0.0034883,175.946,0.167204,-0.00569827,0.000568678,0.0,10.9651,0.0560957,26.4992,0.242641,919.907,0.58017,0.0662277,0.589816,0.297458,14.8091,11.9825,0.222916
sweep,100863,0.799781,27.1918,0.00467776,4.45025,1.34051,0.207096,0.155507,1.23863,125.707,0.150056,67.5989,0.0562037,0.975812,1.4569,1.09794,310.782,50,10,-1048576,-7050,0.00268826,131.242,0.949141,0.0147646,0.00190351,0.0,154.201,0.0182885,57.4145,0.480132,1127.72,0.183045,0.0791517,0.515004,0.276751,5.39708,3.85089,0.239941
sweep,100864,1.07008,26.1149,0.500558,4.98352,0.755383,0.0880185,0.139899,0.250443,144.159,0.0988852,24.3475,0.159462,0.993976,1.18223,0.674019,491.59,50,10,-1048576,-7050,0.000987184,176.78,0.594154,-0.00468943,0.00517664,0.0,180.914,0.0780677,44.462,1.18125,726.545,0.12097,0.0986534,0.322744,0.294778,5.09676,12.8119,0.261208
sweep,100865,1.09545,23.8549,0.0888837,4.61491,0.74278,0.0261507,0.123465,2.59719,204.681,0.154043,11.5742,0.109893,0.589179,1.13561,0.716998,161.91,50,10,-1048576,-7050,0.00076542,206.749,0.306377,0.00609132,0.000698072,0.0,182.794,0.0181555,44.1367,2.90438,571.678,0.106272,0.00815307,0.0802316,0.101828,21.4041,28.3412,0.157058
sweep,100866,1.25597,19.1991,0.843134,4.282,0.86781,0.207554,0.0980115,4.4944,185.481,0.147492,75.2007,0.098923,0.904441,1.79727,0.710724,434.568,50,10,-1048576,-7050,0.000488501,111.35,0.630124,-0.0145088,0.00187965,0.0,197.164,0.0293023,72.5775,1.34876,303.08,0.263044,0.0640715,0.262681,0.262955,16.72,4.1862,0.376101
sweep,100867,1.26537,24.4493,0.792027,5.78313,1.38817,0.445359,0.0596219,0.864168,225.973,0.0384491,51.7616,0.0616686,0.499991,1.85565,1.34033,502.359,50,10,-1048576,-7050,0.00298829,103.578,0.529641,0.00328138,0.00710586,0.0,162.244,0.0777792,74.4238,2.73467,433.939,0.220583,0.0879233,0.255801,0.0665921,14.2909,28.1898,0.467129
sweep,100868,0.798223,31.6571,0.600317,5.55958,0.154296,0.170557,0.154157,2.97463,80.2841,0.0228447,37.4536,0.107668,0.865992,2.08011,1.30438,220.577,50,10,-1048576,-7050,0.00223456,172.152,0.174261,0.0174097,0.00443272,0.0,87.817,0.0414662,36.1962,0.684165,489.205,0.386107,0.0458259,0.572524,0.0906488,26.3757,14.7366,0.116661
sweep,100869,1.18697,28.0163,0.446772,4.76036,0.917918,0.491306,0.102894,2.87838,94.6651,0.193802,49.4381,0.0178973,0.580295,1.51703,0.993761,324.842,50,10,-1048576,-7050,0.00392035,29.6125,0.148068,0.0149625,0.00838483,0.0,68.9189,0.0298354,26.8439,0.921315,1020.37,0.531574,0.0518344,0.327255,0.160606,16.8458,4.87382,0.372684
sweep,100870,1.29687,27.8702,0.304401,4.4189,0.77648,0.104775,0.151602,0.317571,142.061,0.0401404,64.3597,0.0400327,0.943717,2.25393,1.179,271.359,50,10,-1048576,-7050,0.00490836,254.263,0.863268,0.00114733,0.000104122,0.0,145.595,0.0263014,70.9288,1.55345,776.023,0.426515,0.0928084,0.403576,0.189106,25.1194,26.9714,0.524404
sweep,100871,1.16844,32.9159,0.659376,3.47516,1.2798,0.0588949,0.0918019,1.75044,296.892,0.158921,22.9902,0.1584,0.81381,2.86086,1.32529,283.3,50,10,-1048576,-7050,0.000526261,292.704,0.715389,0.0151784,0.00405809,0.0,194.859,0.0161479,9.05397,2.88426,217.331,0.472601,0.0476378,0.589383,0.207722,28.2956,15.8427,0.102121
sweep,100872,1.29783,30.6827,0.373526,5.63372,0.672525,0.487401,0.190418,4.55113,298.97,0.125955,67.5205,0.131915,0.867538,2.11215,0.587981,390.835,50,10,-1048576,-7050,0.00246889,23.5243,0.75877,-0.00335835,0.0098764,0.0,52.0916,0.0148381,58.5603,1.90139,600.197,0.195011,0.0163224,0.467137,0.0883526,15.349,26.4362,0.355346
sweep,100873,0.717156,35.5007,0.719911,5.0851,0.660823,0.0307802,0.174656,3.29076,232.262,0.199076,43.0595,0.176503,0.754892,2.60339,0.59845,531.019,50,10,-1048576,-7050,0.00368956,88.97,0.363357,-0.00454925,0.00489799,0.0,145.313,0.034087,22.6738,2.52046,143.889,0.445262,0.0283703,0.597924,0.165684,17.0848,25.8916,0.568554
sweep,100874,1.09549,33.8728,0.445838,1.68817,0.541482,0.410271,0.109446,1.5616,47.4687,0.142042,69.1082,0.158794,0.944296,2.29366,1.04435,435.166,50,10,-1048576,-7050,0.00342048,232.735,0.865417,0.0102122,0.00308998,0.0,58.459,0.0159843,28.6526,2.92781,797.135,0.121037,0.0364851,0.194445,0.282345,28.314,23.6941,0.547578
sweep,100875,0.896595,37.5203,0.214502,2.06615,1.10976,0.145962,0.243803,2.37144,69.5658,0.163501,11.1194,0.0181797,0.710693,2.71812,0.634516,358.245,50,10,-1048576,-7050,0.00250484,242.833,0.430227,0.0167981,0.00321379,0.0,195.323,0.0994492,74.4207,1.8866,696.46,0.276151,0.0281581,0.134837,0.0431388,26.5995,24.1489,0.465508
sweep,100876,0.989135,28.7716,0.841539,1.0295,1.05616,0.0785371,0.077477,3.92257,113.754,0.14777,60.1411,0.115113,0.169302,1.7268,1.2897,472.159,50,10,-1048576,-7050,1.09727e-05,188.243,0.400347,-0.0143643,0.00267776,0.0,22.7126,0.0972855,25.4447,2.11859,522.699,0.560256,0.0882372,0.57425,0.0971165,15.4739,6.18899,0.138931
sweep,100877,1.12765,38.4395,0.148446,2.46499,1.435,0.413432,0.118573,2.24026,194.803,0.190732,91.7425,0.158364,0.954575,1.46827,0.809137,471.095,50,10,-1048576,-7050,0.00261223,285.349,0.347955,0.0160016,0.00848588,0.0,176.57,0.0815879,42.6707,1.9408,1018.91,0.461701,0.0265696,0.448068,0.288907,4.28049,25.8105,0.541414
sweep,100878,1.2921,35.8109,0.737978,2.085,1.22427,0.468376,0.175778,2.83092,111.277,0.03861,6.75722,0.0522121,0.502159,1.2751,1.30476,249.688,50,10,-1048576,-7050,0.00436079,173.496,0.279617,-0.0190867,0.00214093,0.0,90.233,0.0763236,47.7287,0.51548,937.594,0.316,0.0735029,0.432458,0.101634,11.5098,9.68415,0.309355
sweep,100879,0.966004,26.4503,0.331697,4.37526,0.368444,0.216851,0.035876,2.37795,168.449,0.0882198,94.4754,0.0178385,0.2735,1.31509,1.24064,490.407,50,10,-1048576,-7050,0.00232868,290.252,0.577519,0.0111189,0.000991439,0.0,99.7379,0.0335394,15.6452,1.79576,421.8,0.531389,0.0926504,0.540114,0.284235,22.9376,17.8496,0.294738
sweep,100880,1.21388,30.2049,0.330159,5.80939,0.0621573,0.12773,0.0185468,3.68675,55.1067,0.195535,94.0575,0.115147,0.327397,2.54802,0.87096,287.837,50,10,-1048576,-7050,0.000774791,197.821,0.642921,-0.00631337,0.000125753,0.0,91.9131,0.0221132,9.15869,2.24192,888.182,0.306513,0.0888951,0.409571,0.112312,4.17645,17.805,0.0921823
sweep,100881,1.0116,19.201,0.535738,5.59064,0.403861,0.342272,0.0761217,1.90167,269.581,0.0755565,78.2986,0.0822721,0.679368,2.29757,0.758965,470.356,50,10,-1048576,-7050,0.0039749,76.9458,0.833254,-0.0157413,0.00468848,0.0,46.7342,0.0888232,10.5141,0.534005,337.691,0.139549,0.0123453,0.516345,0.159199,11.3965,23.0347,0.105838
sweep,100882,0.853222,24.0642,0.548282,4.49358,0.930708,0.0716526,0.0324357,0.821097,264.043,0.196397,12.6458,0.0111967,0.865701,1.91028,1.25323,478.612,50,10,-1048576,-7050,0.00156484,47.9782,0.448242,0.00623079,0.00655917,0.0,9.09903,0.0306321,40.3086,1.83733,797.563,0.308894,0.0939529,0.47341,0.22459,11.7724,14.1222,0.516183
sweep,100883,1.28702,25.2105,0.639477,3.3167,0.682782,0.234709,0.283409,3.67436,36.3233,0.13179,8.13113,0.0444295,0.216968,2.80691,0.77592,431.76,50,10,-1048576,-7050,0.00466572,293.754,0.73727,-0.0140414,0.000546316,0.0,94.4226,0.0683201,37.9035,0.317413,359.388,0.391953,0.016091,0.47331,0.240521,13.9358,13.9057,0.117943
sweep,100884,0.733242,34.1211,0.553373,1.9157,0.836174,0.223238,0.25559,3.72591,279.265,0.189341,96.0839,0.143513,0.0941743,1.93452,1.1978,404.742,50,10,-1048576,-7050,0.0034987,282.447,0.852964,0.0154298,0.0054063,0.0,166.765,0.0391151,68.0215,2.72896,243.283,0.174588,0.0951748,0.145256,0.159319,5.96812,17.0191,0.228499
sweep,100885,0.767426,28.6969,0.85327,4.26121,0.602744,0.229752,0.266968,1.97497,136.273,0.087929,44.1181,0.132569,0.351391,1.24754,0.91795,438.857,50,10,-1048576,-7050,2.11712e-05,210.265,0.558589,0.00986776,0.000594113,0.0,33.7162,0.0313698,58.2841,0.85598,254.508,0.147425,0.027483,0.0666534,0.103506,11.746,9.68645,0.237752
sweep,100886,0.746348,23.7717,0.433791,4.7896,1.30684,0.157966,0.0659053,1.835,46.7559,0.190621,48.0572,0.0311683,0.60707,1.00796,1.36804,487.742,50,10,-1048576,-7050,0.00373135,209.063,0.582944,0.00730253,0.00959686,0.0,93.3359,0.0911787,42.5925,1.03625,1002.9,0.500925,0.0575593,0.244686,0.296602,3.09385,25.938,0.337066
sweep,100887,0.891146,31.7269,0.898675,4.13192,1.46807,0.139813,0.143578,3.40796,227.69,0.1658,52.2644,0.199997,0.698423,1.45311,1.44557,342.442,50,10,-1048576,-7050,0.00269002,93.5993,0.61862,-0.00676329,0.00768596,0.0,13.7007,0.0726119,10.5086,0.689455,463.314,0.137743,0.0597374,0.119104,0.250821,23.2737,8.9948,0.361606
sweep,100888,1.27388,38.2032,0.63498,3.74103,0.25933,0.247619,0.0601846,2.72845,89.5749,0.111946,95.4622,0.0351186,0.711019,1.3673,0.67126,106.342,50,10,-1048576,-7050,0.000976681,223.469,0.135181,0.0155554,0.00934012,0.0,47.5703,0.0639206,9.59617,1.2034,913.751,0.433349,0.0571219,0.328271,0.169295,12.71,25.3697,0.223326
sweep,100889,0.875098,24.3397,0.387592,4.81743,1.28888,0.0410219,0.238315,3.56088,31.5517,0.166298,57.374,0.0164059,0.660355,1.14829,1.23292,556.693,50,10,-1048576,-7050,0.00133958,282.957,0.464072,0.0174328,0.00388458,0.0,37.1236,0.0722986,14.5443,1.62787,676.166,0.1407,0.0497848,0.331689,0.237914,16.7704,4.18297,0.242601
sweep,100890,1.12984,25.767,0.795466,2.12706,1.17829,0.18163,0.0583041,4.615,145.054,0.0834057,55.6571,0.0410153,0.0503122,1.49019,0.823735,545.772,50,10,-1048576,-7050,0.00377348,165.655,0.493609,0.0070223,0.00145829,0.0,160.649,0.0138333,61.3142,1.1993,195.103,0.534647,0.0649573,0.535911,0.21035,14.8724,16.8683,0.118608
sweep,100891,0.890784,33.4493,0.102634,2.45383,1.12361,0.151231,0.202816,3.22087,170.718,0.095444,69.4186,0.0262099,0.373704,1.19126,1.25239,500.388,50,10,-1048576,-7050,0.0036295,88.816,0.211354,0.008388,0.000756409,0.0,27.8884,0.00566611,79.767,0.878168,103.991,0.464109,0.0627024,0.538245,0.190273,4.30337,3.18786,0.382853
sweep,100892,1.00115,21.8916,0.887029,5.2686,0.700707,0.088239,0.187386,2.18342,253.582,0.113574,44.9075,0.149705,0.061953,2.23786,1.44631,206.324,50,10,-1048576,-7050,0.00192676,93.592,0.994176,-0.00540646,0.00728757,0.0,146.076,0.0187551,68.1427,2.59633,932.246,0.460101,0.0712263,0.586839,0.0424893,13.7232,11.8478,0.189954
sweep,100893,1.25985,24.9501,0.65034,1.02027,0.533115,0.0268317,0.198434,4.07043,64.435,0.135993,50.0152,0.179302,0.771284,2.03219,0.849018,548.056,50,10,-1048576,-7050,0.000521662,292.267,0.475371,0.00883305,0.000888068,0.0,21.9826,0.0769092,14.9512,1.7052,269.169,0.231247,0.0428068,0.202414,0.0830779,22.2879,9.77703,0.0537442
sweep,100894,0.730377,24.8102,0.824853,4.12174,0.983332,0.245917,0.192165,3.51385,212.945,0.0306584,20.4599,0.0956025,0.833967,2.05108,1.48629,571.651,50,10,-1048576,-7050,0.00327094,192.437,0.992225,0.0172057,0.00263316,0.0,140.449,0.0558878,51.1777,0.288692,227.635,0.350732,0.0203169,0.417235,0.227369,29.7491,4.66476,0.517091
sweep,100895,1.04264,25.124,0.886751,5.39672,0.925135,0.345805,0.0126512,3.82019,224.366,0.182125,19.7709,0.161839,0.291346,1.7733,0.91114,490.285,50,10,-1048576,-7050,0.000882756,24.0776,0.708774,-0.00163702,0.00414578,0.0,110.515,0.0816853,60.3742,2.21412,96.7089,0.133488,0.0746199,0.148632,0.180835,14.3619,15.0055,0.286164
sweep,100896,1.02886,36.9048,0.900268,1.35999,0.220328,0.274963,0.0324225,3.33628,97.4011,0.07137,92.6889,0.140013,0.481667,2.69943,0.556914,105.997,50,10,-1048576,-7050,0.00413342,56.0035,0.861999,-0.0188145,0.000918581,0.0,171.736,0.0808042,51.289,1.27184,891.619,0.558941,0.0439628,0.298648,0.144379,4.47518,3.18525,0.320719
sweep,100897,0.70295,27.9172,0.840493,1.27028,0.629615,0.356595,0.228696,4.17859,143.051,0.129918,90.6771,0.150988,0.503113,2.13601,0.875331,441.151,50,10,-1048576,-7050,0.00379865,82.1427,0.0787251,-0.0052269,0.00327367,0.0,44.6207,0.0948538,75.0965,1.57836,831.901,0.482069,0.0404494,0.588609,0.115263,15.866,10.3314,0.212027
sweep,100898,1.04857,25.9961,0.660897,3.90678,0.572158,0.26429,0.0607168,3.79131,26.8157,0.199546,16.0553,0.142319,0.995998,1.3794,0.899897,349.731,50,10,-1048576,-7050,0.00448804,283.986,0.671253,0.00803306,0.00390537,0.0,34.9198,0.0786915,52.4679,2.85968,675.285,0.281582,0.0364033,0.338818,0.103833,8.37829,25.9811,0.335207
sweep,100899,1.21946,22.8946,0.91313,5.18175,1.08002,0.41632,0.106379,1.53767,207.053,0.114836,30.5313,0.0751026,0.448304,2.98516,1.41369,155.164,50,10,-1048576,-7050,0.0030419,59.5828,0.572014,0.00274381,0.000617902,0.0,148.597,0.0996823,48.0321,2.40458,539.547,0.508531,0.0503788,0.149714,0.236221,16.1256,16.219,0.10327
sweep,100900,1.02955,38.725,0.136315,5.15973,0.0095493,0.0664096,0.1386,2.75952,214.308,0.0842715,34.3331,0.198887,0.422247,2.86092,0.954031,145.45,50,10,-1048576,-7050,0.000718965,111.133,0.556346,0.00471189,0.0024767,0.0,3.79853,0.0140735,31.1194,0.106477,596.37,0.447116,0.0539446,0.330212,0.0335863,13.5115,5.52593,0.27596
sweep,100901,1.26111,21.909,0.808869,5.21934,1.15385,0.152069,0.0789105,3.58271,260.466,0.125284,28.979,0.165985,0.571962,2.99335,1.49488,553.181,50,10,-1048576,-7050,4.75046e-05,9.84755,0.729833,-0.00424254,0.00409025,0.0,38.4289,0.0619459,15.8906,1.59363,1185.05,0.113485,0.0308289,0.177038,0.113334,15.0069,7.43576,0.104127
sweep,100902,1.29982,22.1252,0.745812,1.35554,0.20266,0.095451,0.00280933,1.19428,157.507,0.125783,76.8578,0.0509877,0.322061,2.73889,0.825281,318.149,50,10,-1048576,-7050,0.00264926,199.715,0.789804,-0.0110243,0.00808821,0.0,63.0219,0.065569,27.4779,0.0373026,279.369,0.525716,0.0200094,0.387798,0.227186,3.5816,20.6072,0.237425
sweep,100903,0.877709,32.6133,0.439096,3.42067,0.293536,0.205695,0.125162,0.415818,265.703,0.127213,67.1796,0.118603,0.17798,2.39484,1.18846,395.502,50,10,-1048576,-7050,0.00419752,260.577,0.0554964,-0.00599496,0.00311006,0.0,107.073,0.0589748,60.6278,0.713801,363.744,0.224993,0.063519,0.534252,0.202118,28.7093,9.37128,0.366342
sweep,100904,1.24936,36.2598,0.0807795,1.20508,0.776094,0.029021,0.0806362,2.9365,199.201,0.155665,16.9472,0.181717,0.557335,1.39306,0.679792,301.495,50,10,-1048576,-7050,0.0048105,5.24273,0.558417,-0.00792842,0.000676341,0.0,140.046,0.0124628,10.3588,0.44678,781.171,0.193826,0.0321914,0.437207,0.16017,22.1224,9.43101,0.565045
sweep,100905,0.701563,32.4054,0.899361,1.88301,0.964493,0.118162,0.254545,3.65425,164.661,0.0723454,96.103,0.00251928,0.0991875,2.6801,0.530028,175.211,50,10,-1048576,-7050,0.000549626,19.2872,0.787274,-0.0175816,0.00336206,0.0,110.755,0.0276418,39.7933,0.231014,319.858,0.587932,0.00742681,0.274454,0.231622,11.1198,5.24168,0.412445
sweep,100906,0.782105,36.8951,0.147551,4.37952,1.14219,0.105675,0.0904854,1.53251,28.5184,0.136657,63.0174,0.0996501,0.290726,1.26892,0.586825,146.378,50,10,-1048576,-7050,0.00101736,128.808,0.547236,-0.00858441,0.00630052,0.0,197.777,0.0279133,45.8932,1.3331,474.527,0.54587,0.0296746,0.111972,0.185165,21.4423,13.3119,0.568926
sweep,100907,1.28005,31.5768,0.225582,5.82833,1.38178,0.446408,0.145717,1.37121,186.242,0.0872525,66.6086,0.128654,0.368722,2.31324,0.757366,302.346,50,10,-1048576,-7050,0.00276149,254.535,0.226746,0.00525362,0.00416523,0.0,184.861,0.0323608,25.2054,0.184737,959.152,0.415985,0.035926,0.199599,0.0982986,28.988,4.21556,0.131387
sweep,100908,1.18177,33.3872,0.643678,3.3156,0.506215,0.374589,0.0724815,0.0711673,184.858,0.15648,42.6214,0.0219378,0.96994,2.53518,0.913509,443.642,50,10,-1048576,-7050,8.63147e-05,14.7852,0.141054,-0.0157812,0.000204617,0.0,20.5455,0.0752495,69.87,0.298268,515.915,0.296172,0.0782959,0.451503,0.158541,12.4992,12.462,0.534813
sweep,100909,1.23422,34.8187,0.339387,3.69124,1.04509,0.0337441,0.279001,0.524148,73.1596,0.0482085,81.5412,0.0244107,0.461773,1.32591,1.15635,231.022,50,10,-1048576,-7050,0.00165963,166.975,0.937977,-0.010749,8.06132e-05,0.0,109.56,0.0908225,17.5889,0.761568,1107.89,0.380268,0.0959858,0.307921,0.250636,20.8946,26.9241,0.373608
sweep,100910,1.02106,39.517,0.286796,3.76064,1.12087,0.32338,0.279264,3.22277,262.919,0.141158,68.6867,0.107697,0.956809,1.49098,1.13157,299.348,50,10,-1048576,-7050,0.00473481,244.725,0.413219,-0.010311,0.00461775,0.0,126.834,0.0587993,42.7719,1.23622,88.6528,0.227945,0.0820948,0.140212,0.292042,11.5113,16.2845,0.0521765
sweep,100911,0.841761,28.749,0.00384166,5.44913,1.15418,0.408302,0.238033,4.46149,22.728,0.172701,13.404,0.00387268,0.696451,1.59578,1.03789,424.165,50,10,-1048576,-7050,0.00111943,193.505,0.324817,-0.0195572,0.00082498,0.0,190.077,0.0769802,45.8273,0.981894,228.738,0.158197,0.0703958,0.180459,0.083382,20.7373,25.2739,0.219661
sweep,100912,1.12953,33.1567,0.027034,2.91048,0.434448,0.354014,0.221024,2.4116,68.6269,0.147589,62.5558,0.166384,0.514461,1.46022,0.816608,430.378,50,10,-1048576,-7050,0.00462154,77.8514,0.192013,0.0186083,0.00610545,0.0,74.2007,0.00635521,45.6834,1.35988,756.991,0.590617,0.0800177,0.498901,0.229265,17.9269,2.20606,0.248712
sweep,100913,0.710056,18.4547,0.029057,2.42075,0.088983,0.288398,0.10675,1.79613,175.795,0.103786,97.5188,0.154534,0.0609876,1.97205,0.866362,189.082,50,10,-1048576,-7050,0.00159915,262.515,0.419712,-0.0194265,0.00376084,0.0,11.9667,0.0941787,52.2143,0.635704,304.147,0.429744,0.0446043,0.3518,0.169578,6.95136,11.9513,0.494824
sweep,100914,1.24244,24.7578,0.35564,5.09759,0.253729,0.435597,0.0484315,2.5429,244.85,0.0917904,43.0646,0.122052,0.699475,2.0318,0.741468,234.259,50,10,-1048576,-7050,0.00226643,202.183,0.140394,0.00705129,0.00594637,0.0,150.083,0.0515541,21.0157,1.78915,111.582,0.308127,0.0415977,0.286956,0.243693,16.6893,13.5575,0.432747
sweep,100915,0.987856,30.7686,0.481235,2.45549,1.37941,0.0238324,0.101102,0.107829,74.613,0.0272164,74.4524,0.0446889,0.37955,1.76414,1.42625,317.047,50,10,-1048576,-7050,0.00104764,243.163,0.437443,-0.0143262,0.00308276,0.0,82.5433,0.0580838,64.0975,0.279523,209.264,0.57323,0.0905066,0.177637,0.192999,28.294,16.0362,0.467841
sweep,100916,0.80199,37.8476,0.176137,4.29649,0.943787,0.206735,0.0875811,0.828012,80.7047,0.0923749,12.8203,0.0879817,0.156719,2.59968,0.950064,250.491,50,10,-1048576,-7050,0.00446561,211.621,0.6489,-0.00589718,0.00556624,0.0,177.447,0.0245385,55.1202,2.97763,514.167,0.188804,0.0491244,0.176524,0.109006,29.9622,19.2799,0.422111
sweep,100917,1.28405,27.8702,0.928312,5.37774,3.04451e-06,0.352106,0.178641,3.29783,201.09,0.123207,84.7488,0.0837555,0.771254,1.25093,0.863928,170.163,50,10,-1048576,-7050,0.00160724,275.766,0.0891563,-0.00887221,0.00113085,0.0,77.7408,0.0581387,14.2283,0.25212,915.473,0.189852,0.0637606,0.21919,0.110641,16.6771,16.9295,0.562145
sweep,100918,0.761771,35.1932,0.632256,1.92729,1.14447,0.317952,0.195716,3.68,193.3,0.161718,71.4699,0.179843,0.988805,1.71487,1.07876,507.5,50,10,-1048576,-7050,0.00341723,92.2393,0.950742,-0.00330437,0.00786813,0.0,164.376,0.0374308,71.1095,1.83018,388.571,0.318469,0.0251177,0.310415,0.194773,5.54394,4.72525,0.103956
sweep,100919,0.761043,39.8487,0.965707,3.1361,0.851922,0.401232,0.0787261,2.76604,77.544,0.154174,48.3337,0.174253,0.659826,1.60846,1.49108,535.11,50,10,-1048576,-7050,0.000107876,126.873,0.670096,0.0118431,0.00189233,0.0,191.943,0.0939266,26.0198,0.841096,1089.74,0.352011,0.0264827,0.223948,0.0881331,19.7511,19.3755,0.139422
sweep,100920,1.10666,38.4454,0.721553,4.23598,1.08355,0.347452,0.287514,2.86984,132.863,0.122258,49.8104,0.17891,0.998764,2.93014,1.11006,306.002,50,10,-1048576,-7050,0.000522316,93.63,0.710168,-0.00356256,0.00317438,0.0,84.8502,0.00569277,38.0812,0.469089,1057.23,0.395549,0.027015,0.497775,0.072117,3.93209,4.9919,0.435947
sweep,100921,0.79358,38.8596,0.966442,5.04518,0.00996284,0.403218,0.171685,4.46281,113.818,0.0671346,34.0179,0.100473,0.370146,2.27275,1.12191,372.401,50,10,-1048576,-7050,0.00395324,73.4588,0.546788,-0.0104147,0.00520591,0.0,199.603,0.0801981,11.8734,0.125886,556.931,0.355752,0.0834458,0.584373,0.247891,5.601,7.63929,0.126343
sweep,100922,0.837,26.8195,0.819349,2.92388,1.13058,0.159099,0.0213238,3.8641,243.466,0.0576169,11.7239,0.0946649,0.235577,2.78078,1.00737,379.929,50,10,-1048576,-7050,0.000409102,182.741,0.653475,-0.0121218,0.00782282,0.0,59.1502,0.089804,26.3591,2.1499,304.682,0.566962,0.0158116,0.326137,0.0760267,12.455,17.4247,0.502986
sweep,100923,0.978634,19.2423,0.545424,3.02875,0.380801,0.0771436,0.224265,2.58451,282.942,0.0664118,7.71029,0.0929976,0.47285,1.79879,0.869797,247.367,50,10,-1048576,-7050,0.0046647,129.512,0.630297,0.011593,0.00284906,0.0,45.5786,0.0417713,40.7436,1.60818,976.161,0.528007,0.0165867,0.545795,0.175611,14.4527,18.5939,0.240497
sweep,100924,0.941812,24.3407,0.170885,1.13118,0.0172648,0.231988,0.169772,2.06342,94.5364,0.0946936,49.2935,0.12724,0.301672,1.85915,1.21934,143.185,50,10,-1048576,-7050,0.00427856,123.114,0.561754,0.0152906,0.000284541,0.0,130.676,0.0250002,70.1003,2.08058,481.034,0.305164,0.0622718,0.326817,0.0691615,13.2077,4.09949,0.535219
sweep,100925,1.08613,37.7261,0.249421,5.61263,0.87759,0.304472,0.128564,2.28553,93.4992,0.0582313,98.0361,0.151851,0.176694,1.58909,0.897237,215.418,50,10,-1048576,-7050,0.000438729,39.5179,0.663894,-0.00262731,0.00245586,0.0,103.364,0.0144073,65.123,1.95873,1057.24,0.307433,0.0719297,0.570196,0.185496,22.904,29.6922,0.111567
sweep,100926,0.771956,31.5892,0.0612315,2.16569,0.165183,0.478996,0.291485,2.6174,295.482,0.041966,26.9277,0.197138,0.180131,2.19461,0.538895,317.157,50,10,-1048576,-7050,0.00103882,75.6923,0.672443,0.000302129,0.00424179,0.0,122.083,0.0633376,47.911,1.59712,460.525,0.103377,0.0558348,0.466231,0.242045,24.5638,13.588,0.51671
sweep,100927,1.27763,28.3015,0.663814,3.93076,0.473879,0.321954,0.285197,0.755708,98.709,0.142302,61.5958,0.118589,0.624963,1.34448,0.854267,114.486,50,10,-1048576,-7050,0.00483974,108.798,0.428661,0.0110367,0.00835804,0.0,127.875,0.016223,23.2302,1.13957,230.788,0.539448,0.0941067,0.189506,0.148082,7.71705,19.5863,0.369353
sweep,100928,1.28291,34.3021,0.64584,5.32226,1.37171,0.124876,0.00226403,2.85574,171.808,0.0326428,26.7782,0.0993565,0.856024,2.14667,1.00927,395.831,50,10,-1048576,-7050,0.00186379,258.614,0.509011,0.0178346,0.00703981,0.0,67.0129,0.00947828,43.0044,0.0675737,684.798,0.29486,0.00996165,0.546704,0.113782,25.8371,3.48025,0.232968
sweep,100929,0.704554,32.2234,0.470989,3.27587,0.138519,0.455706,0.045422,4.21846,40.5403,0.113896,97.1419,0.0731119,0.0879907,1.33856,1.18281,168.539,50,10,-1048576,-7050,0.00279989,95.8968,0.275711,-0.0170598,0.00709687,0.0,199.42,0.0458653,76.9252,2.3535,64.2529,0.242955,0.0487295,0.287666,0.145466,3.90381,20.1779,0.553543
sweep,100930,0.886619,35.8122,0.472653,2.6351,0.564042,0.310107,0.250703,1.5977,225.849,0.194206,80.0177,0.0213135,0.56945,2.99756,0.628488,180.307,50,10,-1048576,-7050,0.00418944,226.583,0.416998,-0.000130076,0.00938772,0.0,114.757,0.0324233,43.9085,0.16842,754.838,0.391221,0.0964088,0.129287,0.237669,27.9603,10.9085,0.110575
sweep,100931,0.839788,29.9104,0.240852,3.58477,1.23241,0.317582,0.151192,0.796858,61.9875,0.11581,34.1879,0.105006,0.895109,2.2496,1.29459,558.746,50,10,-1048576,-7050,0.00280927,20.8759,0.257189,0.0136871,0.00346173,0.0,148.547,0.082261,37.8296,1.02158,513.99,0.56284,0.0399815,0.371001,0.180541,10.3934,12.3896,0.418878
sweep,100932,0.72742,36.7359,0.786154,5.07405,1.03583,0.190796,0.213377,4.85206,92.1766,0.179291,76.3986,0.161984,0.714296,2.20762,1.20864,506.71,50,10,-1048576,-7050,0.00247951,150.076,0.594463,-0.0133193,0.00842114,0.0,132.941,0.0227474,54.9656,1.24462,880.538,0.566497,0.0776566,0.515259,0.128242,2.53562,17.7226,0.542143
sweep,100933,1.26995,29.1877,0.922034,2.02991,1.21082,0.0265172,0.250462,2.59024,195.664,0.0300544,12.6417,0.124826,0.693416,1.26726,1.45272,513.222,50,10,-1048576,-7050,0.00176687,5.32725,0.130808,-0.00693806,0.00714187,0.0,43.1156,0.0971714,23.0192,0.46018,909.497,0.360959,0.0711677,0.345832,0.0527446,22.73,9.34792,0.0631496
sweep,100934,1.29262,30.5505,0.0752748,4.93732,0.766384,0.178245,0.209233,1.33574,136.506,0.0977319,52.0919,0.0133606,0.529478,2.0718,1.26651,272.314,50,10,-1048576,-7050,0.00078155,157.344,0.566451,-0.0123498,0.00687528,0.0,32.3275,0.0482067,69.0141,0.354088,121.499,0.242101,0.0773118,0.547085,0.27585,13.0146,11.9818,0.425213
sweep,100935,0.751489,24.5239,0.593286,4.26411,1.09027,0.0801792,0.124253,1.09172,244.178,0.0399924,89.0353,0.199708,0.0214325,2.04379,1.47055,191.407,50,10,-1048576,-7050,0.000592301,251.318,0.424224,0.0153765,0.00678383,0.0,87.2163,0.0568182,52.4235,1.52254,232.998,0.431736,0.0194666,0.390977,0.237202,21.5806,20.4566,0.219786
sweep,100936,0.814128,23.756,0.212007,3.25496,0.0328846,0.109197,0.0490252,1.10076,249.4,0.0636301,95.2725,0.193056,0.862153,1.42307,1.04284,326.085,50,10,-1048576,-7050,0.00401674,224.593,0.225931,-0.0150706,0.0070178,0.0,130.126,0.0688462,70.6375,2.29707,503.005,0.563804,0.0188987,0.556056,0.0903895,21.0954,10.7412,0.0782599
sweep,100937,0.880718,20.6353,0.789171,2.24008,0.579723,0.361347,0.0109719,2.22398,240.5,0.177663,59.3352,0.0972413,0.791639,2.05488,1.32,316.704,50,10,-1048576,-7050,0.00388679,52.9668,0.0669165,0.00738421,0.00318541,0.0,163.673,0.0480939,15.9278,0.686417,1180.02,0.439739,0.0379527,0.345239,0.258394,18.6946,9.32795,0.292254
sweep,100938,1.04328,21.9129,0.488693,3.56961,0.879632,0.322677,0.289686,3.72336,153.409,0.0651788,7.422,0.0365977,0.31595,2.71439,1.22888,548.879,50,10,-1048576,-7050,0.00235238,20.1938,0.443612,-0.0117156,0.00999352,0.0,41.9157,0.00673181,70.1557,1.63822,870.614,0.501648,0.0969042,0.326096,0.16447,17.8371,9.04671,0.27011
sweep,100939,1.18859,22.6761,0.68112,3.88645,0.246161,0.362894,0.086588,0.500569,233.815,0.103155,24.343,0.00794855,0.224741,1.65621,1.25229,294.224,50,10,-1048576,-7050,0.000958738,29.4907,0.329032,-0.0133474,0.000800319,0.0,85.797,0.0978206,45.911,0.409364,880.286,0.225234,0.0616562,0.0882075,0.0843441,5.85413,2.51802,0.475559
sweep,100940,1.21137,35.4097,0.340569,1.58956,0.373171,0.11548,0.254438,1.972,82.0619,0.116968,10.8516,0.0864942,0.660334,1.33344,1.48851,467.949,50,10,-1048576,-7050,0.00261963,194.376,0.695556,0.0157496,0.00983169,0.0,196.407,0.031696,59.7332,0.174582,337.239,0.369918,0.0837384,0.101624,0.256388,25.7448,27.1937,0.250191
sweep,100941,1.27257,32.4447,0.229678,2.3655,1.23109,0.176366,0.0309625,1.3343,75.2587,0.125418,45.1623,0.0329982,0.683677,2.62545,0.823733,566.598,50,10,-1048576,-7050,0.000387476,267.378,0.652867,-0.00766028,0.0098634,0.0,138.115,0.0100087,71.3602,1.73658,284.799,0.490848,0.0609058,0.233536,0.250499,14.795,4.77131,0.585311
sweep,100942,0.7321,31.3149,0.931102,2.22178,0.672628,0.038073,0.191874,4.63894,222.945,0.069426,30.4829,0.197162,0.74097,1.62621,0.626126,108.765,50,10,-1048576,-7050,0.00210216,196.446,0.781644,0.0196006,0.00698325,0.0,12.4921,0.0318534,42.366,0.976686,180.588,0.153639,0.0118282,0.115917,0.108523,10.8557,4.68693,0.560573
sweep,100943,1.19084,38.9411,0.560982,5.50493,0.101425,0.435239,0.218238,3.68885,129.717,0.179192,95.7949,0.0398066,0.618911,2.31554,1.19771,558.748,50,10,-1048576,-7050,0.00172426,242.663,0.126785,0.0102492,0.00154525,0.0,152.856,0.0671096,32.8235,1.34644,1049.19,0.553375,0.0153634,0.512001,0.257508,14.0813,17.1761,0.596889
sweep,100944,1.15973,21.699,0.556469,3.2964,0.649223,0.058775,0.226034,1.59048,176.577,0.168282,58.8938,0.135407,0.306064,1.9133,1.2706,579.938,50,10,-1048576,-7050,0.000425477,294.007,0.795753,-0.00133205,0.0097559,0.0,39.8056,0.0814381,57.4914,1.19544,770.711,0.376883,0.0858019,0.453011,0.138651,11.553,21.4254,0.222779
sweep,100945,0.968717,24.3829,0.784446,4.69626,1.33719,0.0353521,0.178556,0.404439,258.897,0.162068,62.2855,0.121108,0.050761,2.98784,0.537254,405.902,50,10,-1048576,-7050,0.00250027,73.3798,0.118428,-0.00953559,0.00553605,0.0,68.1128,0.0270938,8.44872,0.806722,1192.85,0.249461,0.014729,0.332029,0.0773424,22.9961,5.95484,0.206018
sweep,100946,0.822057,22.7725,0.173466,1.15697,0.674012,0.285265,0.181847,0.784738,151.788,0.115611,82.5664,0.0714514,0.174663,1.32687,1.41756,244.757,50,10,-1048576,-7050,0.00319717,156.92,0.818752,-0.015446,0.00283319,0.0,176.007,0.0656402,34.2815,2.3532,839.528,0.301261,0.050584,0.479182,0.167052,14.3019,2.80447,0.316627
sweep,100947,0.796012,30.2967,0.959854,3.75745,0.0708948,0.422356,0.286166,4.10042,64.364,0.196755,69.6279,0.0480564,0.0612226,1.19686,1.31539,156.363,50,10,-1048576,-7050,0.00459649,97.3707,0.868179,-0.00343226,0.00411323,0.0,50.5251,0.0252805,31.2843,0.922839,543.727,0.106225,0.0575373,0.260435,0.274718,10.1266,12.2286,0.139964
sweep,100948,1.22837,39.0072,0.851227,1.408,1.43952,0.10763,0.140771,3.92921,292.939,0.0866845,39.7284,0.142653,0.541855,2.40554,0.829909,496.235,50,10,-1048576,-7050,3.42824e-05,142.705,0.50979,-0.000792774,0.00936041,0.0,46.1388,0.0376845,53.8915,1.3387,802.491,0.512954,0.0330851,0.236072,0.084016,25.3795,21.1732,0.105485
sweep,100949,1.11068,24.9281,0.622405,5.42436,1.05074,0.180208,0.211395,3.04832,38.5516,0.191438,70.7037,0.0151347,0.535409,2.44959,0.990616,311.118,50,10,-1048576,-7050,0.00039761,78.0252,0.632118,0.0163836,0.00424084,0.0,125.014,0.0283576,79.4618,0.789389,809.953,0.304733,0.026313,0.388504,0.1488,25.9035,19.5849,0.514464
sweep,100950,0.826907,19.7814,0.224994,2.02386,0.424832,0.0399784,0.288593,0.270709,270.294,0.0708482,69.2975,0.1793,0.244281,1.36301,1.34928,201.0,50,10,-1048576,-7050,0.00465168,109.311,0.206093,-0.00755428,0.00719468,0.0,33.2502,0.0371377,53.1875,1.21684,1030.56,0.32872,0.0720672,0.244181,0.149015,25.1529,6.37261,0.211538
sweep,100951,1.13174,25.7607,0.283509,2.78901,1.26858,0.166398,0.134848,2.34998,143.813,0.110284,28.7774,0.138018,0.381902,1.63131,0.589927,391.229,50,10,-1048576,-7050,0.00492976,280.779,0.839608,-0.0171872,0.00725608,0.0,137.134,0.0443931,43.9971,1.36268,388.284,0.350797,0.052225,0.10524,0.172033,25.3888,26.3404,0.496243
sweep,100952,0.943721,25.4957,0.019734,3.15911,0.286436,0.118463,0.257797,1.74416,216.441,0.1794,29.281,0.106971,0.098728,1.73934,0.925056,509.182,50,10,-1048576,-7050,0.0026388,23.5897,0.938863,-0.0102968,0.00883817,0.0,147.477,0.089771,54.8001,0.90977,1165.45,0.163479,0.0988834,0.252105,0.122726,11.3159,26.1254,0.198214
sweep,100953,0.90799,32.6736,0.862898,3.07146,0.761172,0.342522,0.199181,0.287621,293.791,0.0766455,24.941,0.0980074,0.170373,1.19247,0.659913,312.047,50,10,-1048576,-7050,0.000622583,18.3761,0.458692,0.00279248,0.00354167,0.0,59.7219,0.0287085,57.9149,1.21625,115.853,0.38086,0.0772852,0.568073,0.0870406,15.3648,19.7173,0.517898
sweep,100954,1.12051,34.6795,0.155374,5.42855,0.770055,0.0556924,0.134803,2.70182,92.1473,0.143392,80.9375,0.150932,0.757522,2.75313,1.49504,190.699,50,10,-1048576,-7050,0.00260465,191.928,0.412802,0.00602156,5.36381e-05,0.0,132.563,0.0875625,46.9113,2.65473,956.987,0.594153,0.0382151,0.403524,0.171247,5.19578,29.6795,0.0556139
sweep,100955,0.744852,18.6727,0.737005,4.96994,0.472525,0.483947,0.141304,3.35672,243.791,0.0740105,55.0571,0.171186,0.832562,2.69391,1.34129,448.352,50,10,-1048576,-7050,0.000451713,222.665,0.514685,-0.0122207,0.00330736,0.0,88.2821,0.0813271,16.6999,0.00578871,945.287,0.108752,0.0586179,0.440659,0.0844922,15.8038,19.188,0.297228
sweep,100956,0.902703,38.7376,0.990856,2.80792,1.34278,0.240446,0.22544,2.73776,124.903,0.0895284,55.5826,0.130709,0.0594204,1.37228,0.714672,123.534,50,10,-1048576,-7050,0.00299148,170.648,0.499217,-0.00553589,0.00535228,0.0,120.392,0.0456666,25.4035,0.187063,8.95499,0.577723,0.0904416,0.120517,0.223982,19.0567,13.852,0.290085
sweep,100957,1.07157,32.5077,0.616834,4.31914,1.35356,0.436701,0.105407,4.03017,89.2941,0.130003,42.9703,0.184508,0.243841,2.3274,1.40533,142.165,50,10,-1048576,-7050,0.00196794,223.12,0.281019,0.00739544,0.000243068,0.0,87.0865,0.0595501,52.6178,1.61975,463.637,0.571402,0.0242692,0.308342,0.268309,26.9695,16.9634,0.452076
sweep,100958,1.25977,24.2616,0.060859,5.99301,1.34981,0.49168,0.135338,4.33075,224.727,0.144947,55.165,0.197174,0.19024,1.41111,1.02178,133.308,50,10,-1048576,-7050,0.00427767,203.676,0.118436,0.0118954,0.00740752,0.0,174.416,0.0860168,73.0545,1.18517,714.817,0.571459,0.0304268,0.563879,0.143158,17.1792,13.7158,0.543288
sweep,100959,1.01953,38.9631,0.353791,1.74455,1.21117,0.488882,0.193636,3.34374,228.908,0.137913,95.6233,0.0699794,0.550946,2.97164,1.05569,367.587,50,10,-1048576,-7050,0.00304937,274.012,0.796741,0.0179057,0.006694,0.0,150.355,0.0440377,8.56277,1.72931,509.088,0.162464,0.0685421,0.344204,0.0737496,8.88801,24.0286,0.574846
sweep,100960,0.826288,19.1935,0.406354,3.71333,0.562729,0.216942,0.248918,0.0696164,294.066,0.0735804,97.2346,0.0760907,0.126171,1.99466,0.517891,281.193,50,10,-1048576,-7050,0.00174546,80.5529,0.760335,-0.010848,0.00569025,0.0,121.183,0.0671239,29.7587,1.96926,638.197,0.174258,0.0497598,0.0706409,0.067001,24.3087,26.4129,0.352249
sweep,100961,1.03744,26.0589,0.184939,4.34783,0.512156,0.35915,0.0798887,1.70851,132.511,0.0329164,95.3721,0.134968,0.0707429,2.80948,0.602063,444.736,50,10,-1048576,-7050,0.00232759,266.248,0.0635393,0.0159884,0.00100333,0.0,30.13,0.0863477,71.0301,1.07955,1025.35,0.365944,0.0143461,0.474928,0.18577,14.0409,29.1573,0.0609961
sweep,100962,0.960009,35.6196,0.879041,4.23618,0.740095,0.471972,0.282578,3.45845,77.6314,0.0528437,90.8638,0.0417591,0.346171,1.1843,1.35876,285.717,50,10,-1048576,-7050,0.00489185,47.5393,0.954606,-0.00910257,0.00774764,0.0,114.301,0.0384149,24.3738,2.23596,1124.81,0.30909,0.036304,0.200988,0.174695,22.2229,29.9379,0.342017
sweep,100963,1.19895,28.172,0.499678,2.13573,1.40409,0.0358157,0.105639,3.34359,208.931,0.151945,19.9567,0.124673,0.867449,1.84586,0.660145,179.07,50,10,-1048576,-7050,0.00230236,67.514,0.948294,0.00902109,0.00976801,0.0,0.708791,0.0118138,59.788,2.32926,359.301,0.466227,0.0256482,0.293362,0.0772425,10.8961,16.9687,0.431547
sweep,100964,0.736973,30.8461,0.883241,1.083,0.329641,0.432496,0.207699,2.796,57.1151,0.185021,51.3743,0.131751,0.306868,1.41867,0.843084,126.78,50,10,-1048576,-7050,0.00204394,10.0825,0.280406,-0.0189795,0.00683877,0.0,106.603,0.0952682,45.465,2.65367,652.938,0.502311,0.0731031,0.161922,0.136351,23.1563,9.24492,0.290894
sweep,100965,1.136,23.8175,0.133957,3.12903,1.3651,0.198929,0.298369,2.5088,205.98,0.0432604,15.7026,0.182318,0.438273,2.8096,0.970833,380.963,50,10,-1048576,-7050,0.00236664,78.3313,0.675613,-0.0139168,0.00346314,0.0,116.481,0.0483029,52.3826,1.78954,905.96,0.11982,0.0598577,0.426094,0.0504904,28.9647,29.823,0.583538
sweep,100966,1.13842,27.8348,0.541204,4.14806,1.27916,0.0517478,0.0615872,1.88622,149.53,0.152137,66.0927,0.152996,0.365794,2.05032,0.973811,267.7,50,10,-1048576,-7050,0.00151513,107.032,0.40207,0.0175843,0.0052303,0.0,53.594,0.0367831,44.0066,2.19277,1104.27,0.234151,0.0626626,0.488803,0.077812,11.7476,29.425,0.164818
sweep,100967,1.08839,31.8485,0.679127,2.87004,0.200336,0.0829131,0.270876,4.23198,100.334,0.14122,70.3455,0.082874,0.805083,2.54944,1.27166,437.345,50,10,-1048576,-7050,0.00243526,55.8532,0.284249,-0.0105931,0.00297606,0.0,188.389,0.0518863,43.6636,1.04997,781.121,0.32822,0.0925378,0.554642,0.0944793,25.0113,15.9604,0.115122
sweep,100968,0.764276,30.0252,0.552052,2.10782,0.897154,0.274269,0.101668,4.70466,270.487,0.142251,34.4653,0.00999624,0.0267812,1.19568,0.510029,149.498,50,10,-1048576,-7050,0.000533624,47.2178,0.289627,0.0161939,0.00815893,0.0,60.936,0.0839623,67.7147,2.69042,1182.26,0.53126,0.0222784,0.310206,0.156566,26.6623,29.2045,0.168063
sweep,100969,1.14049,38.2538,0.676865,5.67884,0.261975,0.318002,0.284874,0.550867,229.648,0.0429831,68.4313,0.172769,0.999237,1.76251,0.821814,495.689,50,10,-1048576,-7050,0.00340213,94.7469,0.520874,0.0103819,0.000212138,0.0,96.0962,0.0922175,25.46,0.464675,129.895,0.41389,0.038678,0.489431,0.290453,16.8695,28.2089,0.230768
sweep,100970,0.910197,32.5126,0.300082,4.12025,1.31062,0.192135,0.284766,0.894749,231.258,0.182584,31.856,0.191312,0.452202,2.48947,1.08525,174.135,50,10,-1048576,-7050,0.00471401,68.8496,0.170286,0.011348,0.00064164,0.0,88.9633,0.0925174,63.1,1.94411,350.317,0.566678,0.0415128,0.539408,0.269857,7.00221,24.1726,0.0994145
sweep,100971,1.28108,24.4204,0.0815931,2.77651,1.07275,0.275522,0.134062,2.09135,247.522,0.0933348,50.0142,0.0621322,0.911254,2.87083,1.03986,211.901,50,10,-1048576,-7050,0.00393609,201.457,0.285399,0.00898757,0.00948138,0.0,160.207,0.0121861,52.8531,0.404658,901.573,0.330591,0.0168929,0.497421,0.264774,21.0253,26.6149,0.287475
sweep,100972,0.76718,25.4795,0.423009,3.72349,0.776506,0.301353,0.00490929,0.742066,79.1259,0.166374,8.20433,0.172369,0.496563,1.86644,1.02844,323.48,50,10,-1048576,-7050,0.00497673,105.582,0.253637,-0.0131502,0.00617983,0.0,168.502,0.0969785,7.5505,0.798218,495.82,0.5047,0.0406823,0.248568,0.271667,11.0616,2.33786,0.508805
sweep,100973,0.817065,30.4762,0.730356,4.01634,1.01368,0.413804,0.18425,2.2896,78.4411,0.0523808,63.8024,0.161258,0.647096,1.10548,0.621682,312.208,50,10,-1048576,-7050,0.00284133,221.689,0.778172,0.000182263,0.0077258,0.0,115.35,0.0123164,47.9464,2.40955,600.751,0.317178,0.0488875,0.430886,0.129649,5.50366,16.4908,0.547128
sweep,100974,0.930803,38.7488,0.208954,3.63271,1.30211,0.314395,0.133027,3.7887,49.3123,0.175051,71.1167,0.0307061,0.65442,1.37492,0.94808,334.338,50,10,-1048576,-7050,0.00331257,43.5009,0.112932,-0.00897555,0.00510745,0.0,12.7072,0.0170319,61.0719,1.58567,80.6769,0.342754,0.0611372,0.132202,0.0369045,29.6427,16.9966,0.159932
sweep,100975,0.816167,22.7077,0.837589,4.19043,0.141738,0.451639,6.49423e-05,3.19651,212.919,0.113319,38.4419,0.108015,0.142927,1.33008,0.789902,415.888,50,10,-1048576,-7050,0.00134085,63.4573,0.80423,-0.00608533,0.00811996,0.0,82.9377,0.0570736,13.5971,1.29019,45.9352,0.367215,0.0900658,0.283807,0.0930907,6.21522,7.84019,0.159837
sweep,100976,0.709635,27.0061,0.466083,4.76384,0.528246,0.0474029,0.189891,2.4332,213.01,0.116307,86.3732,0.0865406,0.408272,1.84497,1.46503,582.481,50,10,-1048576,-7050,0.00295789,118.593,0.482525,-0.00548948,0.00729857,0.0,53.1407,0.08717,70.1307,2.52332,275.172,0.274019,0.0287263,0.558132,0.207991,25.9547,25.594,0.339265
sweep,100977,0.779025,39.2018,0.855154,2.53667,0.894805,0.415866,0.112751,3.41764,153.82,0.182371,52.8369,0.0134324,0.4323,1.50389,0.890939,313.118,50,10,-1048576,-7050,0.00277022,21.5725,0.523233,0.00362828,0.00359219,0.0,127.721,0.0188206,26.3315,0.70788,1072.3,0.426014,0.0210581,0.53863,0.165722,9.2307,7.09393,0.462331
sweep,100978,0.916141,19.2406,0.432627,2.73211,0.371965,0.114715,0.211615,4.49501,52.7718,0.133126,10.4966,0.12044,0.269354,2.50768,0.981513,108.39,50,10,-1048576,-7050,0.00189473,40.4762,0.868406,0.00892302,0.000936714,0.0,51.1425,0.0462346,65.2356,2.32918,1007.9,0.30285,0.0893281,0.0974907,0.0724947,28.1542,24.9239,0.503274
sweep,100979,1.0816,23.723,0.71102,4.73381,0.776211,0.288867,0.0840959,1.78224,178.019,0.0912672,14.0439,0.0573246,0.944867,2.95019,0.893644,422.597,50,10,-1048576,-7050,0.00364773,135.289,0.427124,-0.0187711,0.00917007,0.0,199.701,0.038264,13.4166,0.621562,1122.03,0.43505,0.095467,0.330531,0.232081,4.45055,21.4995,0.568666
sweep,100980,1.27553,31.5264,0.335859,1.50178,1.07598,0.442898,0.20849,3.02325,145.767,0.174828,62.3062,0.0892001,0.650602,1.63847,1.21092,176.715,50,10,-1048576,-7050,0.00119025,41.0834,0.250466,0.00584356,0.00281843,0.0,123.048,0.0213452,36.4215,0.551794,966.69,0.168644,0.052796,0.269626,0.067563,25.6186,6.00887,0.197859
sweep,100981,1.02146,39.5575,0.309196,4.2672,0.784604,0.407006,0.287686,3.24337,102.037,0.126161,77.764,0.00726484,0.627069,2.67418,0.693173,364.004,50,10,-1048576,-7050,0.000654379,59.7324,0.670352,0.00448917,0.00600296,0.0,2.98073,0.0676087,13.9829,0.597007,1033.95,0.37698,0.0327487,0.355189,0.145593,3.31136,5.90558,0.398984
sweep,100982,0.752136,35.4524,0.519526,1.84919,0.284195,0.0590195,0.190353,1.64939,217.386,0.0580586,98.7484,0.105976,0.683685,2.46535,0.780425,387.234,50,10,-1048576,-7050,0.000533985,145.791,0.110639,0.0187534,0.00207301,0.0,7.7982,0.0673066,58.1481,2.50168,123.326,0.31073,0.00602172,0.0655365,0.237867,29.7393,3.31712,0.060984
sweep,100983,0.883087,27.7522,0.299464,5.97657,1.30345,0.130657,0.225512,2.90496,62.8464,0.0547402,66.3864,0.0812743,0.958811,2.23118,1.13736,333.707,50,10,-1048576,-7050,0.00086123,258.642,0.0508671,-0.0129758,0.00507693,0.0,137.784,0.0106162,74.6247,0.0028524,1080.76,0.560325,0.0292744,0.074198,0.172611,6.82088,12.4423,0.336702
sweep,100984,0.744592,26.0106,0.31523,3.30588,0.776935,0.107767,0.27134,2.15254,135.553,0.0587867,54.9947,0.0163024,0.365001,2.89037,1.06909,582.091,50,10,-1048576,-7050,0.00269793,123.139,0.396604,0.0122038,0.000224104,0.0,51.5376,0.0691042,56.1007,2.08265,571.018,0.503005,0.00581708,0.425839,0.168886,18.337,9.26586,0.333187
sweep,100985,1.0601,28.265,0.28943,2.097,0.0628987,0.484776,0.278008,4.33537,256.172,0.139798,77.6696,0.0800958,0.963345,1.6113,1.33127,186.224,50,10,-1048576,-7050,0.00280082,155.595,0.492665,0.00204589,0.00205405,0.0,177.662,0.082739,52.1552,0.932719,757.033,0.485649,0.0783266,0.292682,0.228352,23.5468,13.6746,0.56332
sweep,100986,0.783929,34.6538,0.306818,3.2662,0.287966,0.314461,0.126509,0.957505,147.641,0.0403034,95.6006,0.198212,0.910501,1.77664,1.22666,115.742,50,10,-1048576,-7050,0.00151386,128.993,0.490728,0.00973141,0.00206275,0.0,151.006,0.0467134,55.213,1.18875,249.316,0.408168,0.0703831,0.150431,0.211795,25.7903,29.6268,0.0619651
sweep,100987,0.710295,34.1329,0.656268,4.81149,0.778833,0.323872,0.0419049,4.66988,201.332,0.100858,92.8391,0.105325,0.685103,2.28102,0.911629,227.954,50,10,-1048576,-7050,0.00171568,216.283,0.396522,0.0154176,0.00425324,0.0,97.1736,0.016441,9.44598,1.28069,169.562,0.261503,0.0747864,0.281045,0.200208,16.62,20.2236,0.392853
sweep,100988,1.23246,19.1366,0.101143,4.74927,0.145997,0.287047,0.194738,2.89531,261.224,0.176854,34.2917,0.000416562,0.449137,2.13979,0.973898,527.374,50,10,-1048576,-7050,0.00264187,156.652,0.794411,-0.00811338,0.00336052,0.0,19.2464,0.082046,27.0697,0.394339,16.7434,0.231382,0.088896,0.446606,0.256664,7.78989,29.6002,0.524693
sweep,100989,0.967255,38.7783,0.233436,1.67759,0.52143,0.499708,0.165199,4.00561,133.547,0.0397295,95.0861,0.097067,0.053561,1.40347,1.46177,494.32,50,10,-1048576,-7050,0.0049404,91.0435,0.894355,0.0144616,0.0090214,0.0,8.24305,0.0838828,15.104,2.34015,219.007,0.516498,0.0627117,0.148792,0.112698,11.4052,21.0283,0.257416
sweep,100990,0.807534,33.3391,0.295972,5.94036,0.374074,0.188794,0.0894313,4.39222,200.337,0.188077,71.1514,0.0519226,0.779953,1.09743,1.3155,438.446,50,10,-1048576,-7050,0.00159896,61.3349,0.120318,-0.00720278,0.00761031,0.0,189.022,0.0529043,55.8116,2.39131,50.6423,0.544531,0.0183176,0.193449,0.268999,5.49601,15.6808,0.284971
sweep,100991,1.05996,34.8225,0.387317,5.31656,0.138206,0.314508,0.212246,0.278958,215.757,0.0223113,18.597,0.0600587,0.489694,1.15894,0.503083,299.276,50,10,-1048576,-7050,0.00371493,220.759,0.74686,0.00201041,0.00237145,0.0,181.717,0.0232302,31.5813,1.99793,877.282,0.149051,0.0214988,0.273441,0.23736,8.10874,23.626,0.270867
sweep,100992,1.20027,23.1893,0.886481,2.38305,0.360727,0.0394616,0.242577,1.52358,142.321,0.104442,46.9361,0.197404,0.767036,1.9032,1.14007,522.423,50,10,-1048576,-7050,0.00299712,64.458,0.748339,0.00441311,0.0051015,0.0,42.4737,0.0564694,72.9455,0.148193,715.143,0.583711,0.0809173,0.158836,0.0637351,9.80582,25.9442,0.200135
sweep,100993,1.13017,19.1628,0.880387,3.81484,0.320101,0.103104,0.240779,2.19537,48.3132,0.137912,27.9959,0.16951,0.621545,2.20191,1.19909,109.84,50,10,-1048576,-7050,0.00422635,36.3849,0.10103,-0.00310825,0.00332158,0.0,133.855,0.0485878,7.53218,2.21302,312.029,0.458606,0.0870838,0.527141,0.0850687,26.9792,20.4439,0.38393
sweep,100994,1.28984,31.5936,0.798137,4.64679,0.105155,0.107568,0.247245,0.0061317,265.88,0.0324214,38.3723,0.0353825,0.194759,2.86024,0.528879,241.15,50,10,-1048576,-7050,0.00254761,25.3026,0.128902,-0.00557754,0.00525767,0.0,187.07,0.0979988,75.862,0.509175,114.658,0.160724,0.0840244,0.440196,0.078972,23.0591,21.3176,0.572437
sweep,100995,1.17173,26.1051,0.818393,5.01037,0.342668,0.275991,0.251355,4.11922,164.455,0.198733,38.2533,0.102347,0.629761,1.3747,1.23336,179.139,50,10,-1048576,-7050,0.00263512,88.7384,0.493933,-0.00047781,0.00329586,0.0,53.2943,0.0619973,55.5866,1.12636,417.794,0.583417,0.0111666,0.122855,0.0791143,5.30134,24.9989,0.462019
sweep,100996,1.03563,38.7052,0.381384,3.16209,0.229441,0.111521,0.0753942,2.85419,163.503,0.0254174,74.5401,0.0820072,0.6912,2.79429,0.997635,109.624,50,10,-1048576,-7050,0.003133,112.126,0.787239,-0.00541504,0.00341644,0.0,112.033,0.0166926,79.0793,1.41559,647.868,0.340159,0.067727,0.460224,0.126255,14.3733,3.97246,0.521327
sweep,100997,0.797366,18.3691,0.554485,2.21128,0.382888,0.437459,0.229174,1.91187,160.023,0.164486,49.476,0.109243,0.935017,1.43332,1.26649,159.599,50,10,-1048576,-7050,0.000535401,100.978,0.624837,0.00891947,0.000550537,0.0,84.9443,0.0942487,13.7634,0.974295,333.42,0.505372,0.0376122,0.31996,0.137964,7.34299,2.41827,0.506009
sweep,100998,0.845816,29.4142,0.592039,1.04228,0.376633,0.275906,0.281653,2.73914,233.079,0.0934756,66.2171,0.0562966,0.674038,2.32785,1.15959,170.497,50,10,-1048576,-7050,0.000691733,156.422,0.395776,-0.015033,0.00803635,0.0,78.8292,0.00763382,55.7433,1.15802,132.961,0.155573,0.011153,0.261515,0.127706,10.7624,27.1358,0.386338
sweep,100999,1.22921,30.4632,0.950524,2.65075,0.726271,0.472329,0.152062,1.58808,258.311,0.0475793,58.6465,0.0378038,0.323569,2.73731,0.649604,222.697,50,10,-1048576,-7050,0.00152315,72.0118,0.121564,-0.0069114,0.00778313,0.0,195.266,0.0203514,19.7934,1.7229,816.74,0.521634,0.0819186,0.225684,0.293338,9.37758,9.69372,0.279836
sweep_gain,200000,0.706338,24.1609,0.470852,3.06286,0.848852,0.261573,0.206921,3.91395,73.1993,0.127204,78.0897,0.13572,0.834416,2.99702,0.980761,497.621,50,10,-1048576,-7050,0.000562316,215.42,0.527733,0.00269889,0.00416939,-0.0022345,74.5359,0.0780586,8.73678,1.2734,76.5316,0.10364,0.00968978,0.413185,0.188823,12.1866,7.10813,0.107561
sweep_gain,200001,0.924114,38.4842,0.437875,3.79896,1.14222,0.0790948,0.032717,1.093,246.732,0.181508,15.1583,0.15643,0.94962,1.68238,0.888333,555.641,50,10,-1048576,-7050,0.000514689,133.715,0.136945,0.0140739,0.00911534,-0.017231,30.7082,0.0823939,27.7481,2.68833,883.542,0.189575,0.0866842,0.386224,0.250057,12.4655,29.7503,0.108725
sweep_gain,200002,1.2967,18.8024,0.0311895,1.18575,0.868086,0.1209,0.212328,2.12322,270.029,0.0315007,10.6492,0.0698568,0.443267,2.77623,1.15493,250.478,50,10,-1048576,-7050,0.00075794,257.621,0.92022,-0.0129568,0.000908006,0.0249148,91.9297,0.0640781,68.7599,1.23134,70.3603,0.383345,0.0808182,0.191725,0.225482,21.9623,11.397,0.349986
sweep_gain,200003,1.23047,26.8122,0.97006,5.41248,0.344461,0.0945131,0.187344,2.21816,202.432,0.162652,9.76107,0.153445,0.56618,1.75014,0.896245,220.869,50,10,-1048576,-7050,0.00240054,76.779,0.533939,-0.00708909,0.00716699,-0.0303755,91.6946,0.0448955,61.3656,2.27168,928.131,0.528888,0.0143911,0.151717,0.161703,8.71067,15.3303,0.451889
sweep_gain,200004,0.926555,24.529,0.855389,5.61496,0.486825,0.324857,0.0431627,3.10362,21.3106,0.166859,89.885,0.0203179,0.81961,2.66103,0.707157,453.849,50,10,-1048576,-7050,0.00218887,112.241,0.388252,-0.0113285,0.00594066,-0.0433152,119.085,0.0871492,44.7142,2.30512,38.2599,0.371661,0.0712625,0.314735,0.23867,21.0376,19.7227,0.349563
sweep_gain,200005,0.776447,20.0721,0.069086,2.65527,0.52862,0.220044,0.0221703,1.34465,161.565,0.0634913,52.6803,0.007507,0.835202,2.9513,1.28084,350.774,50,10,-1048576,-7050,0.00447377,170.807,0.980696,-0.00981263,0.00167543,0.0453562,136.0,0.00960863,61.3248,1.56106,1154.69,0.314956,0.0581614,0.428018,0.287625,22.0855,15.99,0.409657
sweep_gain,200006,0.705563,29.9183,0.796621,4.29302,0.0537507,0.219459,0.106302,4.55756,33.8775,0.172086,73.1334,0.158184,0.930392,1.13373,1.20216,189.825,50,10,-1048576,-7050,0.00163522,221.471,0.538434,0.0186444,0.00438508,0.011851,149.263,0.030869,75.1863,0.084508,881.714,0.201333,0.0963294,0.436039,0.183746,19.8333,14.4817,0.240776
sweep_gain,200007,1.27943,19.7214,0.131691,3.95225,0.701559,0.499004,0.172706,1.16358,152.067,0.04006,84.9471,0.185762,0.920653,1.69379,0.552808,285.318,50,10,-1048576,-7050,0.000794395,56.6437,0.427424,-0.0103035,0.00779205,0.0327878,2.50222,0.0828921,36.3279,0.583168,1042.57,0.191964,0.0235338,0.0565274,0.290225,17.5702,11.3474,0.181911
sweep_gain,200008,1.04107,28.7237,0.895094,4.70982,0.984821,0.410084,0.0395857,0.371167,184.703,0.115358,24.2832,0.123595,0.643447,2.52762,1.34364,215.382,50,10,-1048576,-7050,0.00173436,260.939,0.961739,0.00169069,0.00673821,0.0217106,8.72737,0.0323841,34.8671,2.41232,653.336,0.244278,0.0731681,0.474953,0.19829,4.0502,26.8074,0.383707
sweep_gain,200009,0.946539,23.2242,0.493498,4.04454,0.74785,0.0749455,0.0168024,4.93716,33.8673,0.0757962,94.9992,0.0358712,0.512116,2.12401,1.46548,189.967,50,10,-1048576,-7050,0.00091893,149.675,0.790968,0.0163618,0.00904203,-0.0297981,102.805,0.038422,64.4137,2.71514,77.1899,0.194158,0.0895755,0.25084,0.232637,4.21033,14.6447,0.479181
sweep_gain,200010,0.986644,26.2688,0.290714,3.80578,0.351539,0.306763,0.0383415,4.47578,220.849,0.104651,13.1639,0.00149149,0.214528,1.62177,1.38398,595.415,50,10,-1048576,-7050,0.00436543,190.121,0.889675,0.00793242,0.00420797,-0.0321413,42.8717,0.0811695,52.1133,2.54622,39.679,0.107679,0.0303047,0.515415,0.04675,2.85595,7.00895,0.166598
sweep_gain,200011,0.787563,24.2228,0.499737,2.92165,0.837995,0.0336539,0.192938,0.62662,48.732,0.105236,32.9351,0.151766,0.934211,1.45798,0.866171,406.525,50,10,-1048576,-7050,0.00471797,203.197,0.755806,-0.0180017,0.00483819,0.0293185,87.7382,0.0301476,19.6908,2.26045,1186.56,0.477927,0.00983907,0.542369,0.236723,5.50437,14.9493,0.484025
sweep_gain,200012,1.28338,30.3892,0.49522,3.36511,1.02092,0.283742,0.0780336,4.6695,62.2126,0.125515,54.2962,0.0106921,0.366748,2.92226,1.42441,551.462,50,10,-1048576,-7050,0.0028181,261.382,0.667741,-0.00738923,0.00455787,0.0283666,6.96228,0.0463367,22.3567,2.8932,435.147,0.56714,0.03904,0.264785,0.164053,25.378,13.4264,0.424849
sweep_gain,200013,1.16674,39.1689,0.685931,5.57778,0.711453,0.0692204,0.278293,1.00051,127.999,0.169785,42.5753,0.168678,0.439161,2.01998,0.722882,431.557,50,10,-1048576,-7050,0.00497113,163.583,0.938627,0.00106356,0.00437543,-0.00812763,36.4373,0.0175412,79.9766,2.66887,752.137,0.181228,0.0128592,0.342512,0.037659,24.2498,11.7662,0.217853
sweep_gain,200014,1.22699,26.1149,0.514003,3.20818,1.15083,0.297152,0.0840804,4.04101,145.261,0.0713209,48.3791,0.113632,0.654683,1.06662,0.692124,352.998,50,10,-1048576,-7050,0.000473134,118.755,0.733819,-0.0141863,0.00624277,0.0054951,198.738,0.0953395,31.0074,1.48087,691.279,0.190211,0.030941,0.299648,0.144744,18.1105,13.9875,0.419206
sweep_gain,200015,1.2976,29.4991,0.289686,2.22109,0.264566,0.0335868,0.297504,2.81655,102.295,0.115736,76.5616,0.175294,0.675212,2.13869,0.549886,183.122,50,10,-1048576,-7050,0.00116419,84.1513,0.616169,0.0196896,0.00732471,-0.00612832,99.4906,0.0541177,42.0955,0.925656,1096.49,0.256866,0.0898293,0.483357,0.079641,26.1832,18.989,0.337452
sweep_gain,200016,1.06028,26.2577,0.270598,4.88649,1.38554,0.489722,0.279068,1.94252,40.8393,0.193974,94.7783,0.102526,0.0352376,2.56145,1.27329,106.951,50,10,-1048576,-7050,0.00322386,35.8889,0.719056,-0.00884064,0.00878325,-0.0208562,25.229,0.0874293,78.9358,0.541131,158.765,0.571358,0.0200579,0.0584043,0.106697,21.2427,21.4488,0.42809
sweep_gain,200017,0.938051,18.3146,0.779982,3.70363,1.28777,0.33264,0.137319,1.28694,29.1086,0.162633,38.4862,0.193373,0.589116,2.55602,1.26894,123.42,50,10,-1048576,-7050,0.00385266,294.926,0.871824,0.000433957,0.00989903,-0.000723336,170.819,0.0952194,29.4501,2.87848,260.501,0.364031,0.0388758,0.0848447,0.0510021,3.86934,28.2781,0.11938
sweep_gain,200018,0.92541,28.6699,0.953452,4.75942,1.16073,0.491504,0.225786,2.55164,235.635,0.0271094,10.7135,0.11096,0.117773,1.84293,1.28795,146.641,50,10,-1048576,-7050,0.00348781,123.727,0.530584,0.00795505,0.00176819,-0.0314921,31.9834,0.0244307,76.3801,2.48063,562.066,0.557198,0.0646853,0.242829,0.058044,29.8941,3.46412,0.559333
sweep_gain,200019,1.22767,20.2986,0.0786824,3.25029,1.4432,0.339071,0.296969,0.116315,272.232,0.145379,80.4682,0.0988545,0.756072,1.56074,0.98261,435.784,50,10,-1048576,-7050,0.000268305,55.7317,0.330897,0.00623442,0.00238466,-0.043144,40.8545,0.0564328,62.4881,1.53918,1034.59,0.287811,0.0117197,0.148737,0.1142,29.0344,21.8085,0.0885979
sweep_gain,200020,1.08929,27.112,0.215805,4.5215,1.2309,0.232986,0.0295946,2.5651,282.601,0.130724,87.5081,0.00266544,0.462915,2.8765,1.49049,504.95,50,10,-1048576,-7050,0.00474535,131.227,0.736118,-0.00527839,0.000918834,-0.0268273,90.428,0.0550548,32.1919,2.19439,372.202,0.494773,0.0436947,0.148541,0.284024,20.2052,24.5139,0.169604
sweep_gain,200021,1.03173,19.5318,0.643622,2.6299,0.518981,0.0284609,0.288208,3.83446,278.829,0.0860686,40.2531,0.0890059,0.133124,2.4726,0.522146,483.949,50,10,-1048576,-7050,0.00082781,5.72073,0.550812,0.00812115,0.00860965,0.0121241,74.7734,0.0533194,61.9766,2.71736,38.8028,0.43952,0.0602776,0.495156,0.277354,23.506,22.9189,0.542409
sweep_gain,200022,0.88248,21.469,0.872959,4.49519,0.957132,0.437829,0.286072,2.55554,228.906,0.0633178,88.7174,0.0626535,0.698329,2.40861,0.572056,138.77,50,10,-1048576,-7050,0.0017837,38.2632,0.494373,-0.00532738,0.0093201,-0.0377471,117.341,0.0799456,50.9799,1.96722,294.503,0.394228,0.0553152,0.272222,0.251925,4.16645,19.0621,0.370972
sweep_gain,200023,0.898243,18.2288,0.101491,3.00891,0.862902,0.170497,0.00458123,0.623223,152.506,0.183025,54.5941,0.182339,0.643398,1.19003,0.907027,226.391,50,10,-1048576,-7050,0.000103459,143.615,0.421631,-0.0100905,0.0035863,0.037084,117.398,0.0767864,33.6887,0.161935,948.204,0.163198,0.0274652,0.395043,0.188037,23.3064,12.1957,0.363005
sweep_gain,200024,1.26079,39.7544,0.857237,5.0301,0.160726,0.0462798,0.0883298,4.06172,155.294,0.175665,42.0956,0.0414826,0.786733,1.95076,1.05326,553.17,50,10,-1048576,-7050,0.00322804,62.245,0.173062,-0.0139503,0.00381155,0.00357878,106.249,0.0201662,46.0014,0.217718,516.333,0.454016,0.0324045,0.282928,0.0723588,28.0045,3.92333,0.205972
sweep_gain,200025,0.752693,24.7954,0.112108,5.7855,1.18227,0.229915,0.0697993,2.00343,33.417,0.145606,5.96508,0.108075,0.334688,1.0196,0.811151,290.698,50,10,-1048576,-7050,0.00267534,166.471,0.337844,-0.00580528,0.00154439,-0.0436861,113.508,0.0220611,54.3187,0.916306,135.199,0.510478,0.0978628,0.374335,0.251579,10.2161,11.7508,0.331684
sweep_gain,200026,1.23499,25.9943,0.638526,4.47996,1.21955,0.0971159,0.146684,1.34134,192.711,0.0652844,47.0362,0.0535204,0.466464,1.82668,0.525122,180.439,50,10,-1048576,-7050,0.00453918,135.59,0.930457,-0.0182323,0.00778776,-0.0213579,88.3921,0.012643,61.3173,2.12913,1014.72,0.349277,0.0536669,0.293793,0.231745,28.6339,27.2417,0.297783
sweep_gain,200027,0.919836,39.7536,0.612186,3.79487,0.431763,0.122248,0.149972,2.95928,51.9004,0.108181,8.94196,0.0255526,0.120075,2.30045,1.3634,354.996,50,10,-1048576,-7050,0.00414258,62.6311,0.838263,0.000994763,0.00248378,0.0495688,131.545,0.0619695,24.675,1.83666,518.028,0.258357,0.0390823,0.129428,0.134217,23.9881,29.0032,0.442036
sweep_gain,200028,1.17152,27.8749,0.00193923,3.53008,0.67029,0.390258,0.128793,0.168264,133.765,0.157075,41.5439,0.105603,0.905209,1.74188,0.678081,366.816,50,10,-1048576,-7050,0.00322096,172.744,0.387162,0.0154964,0.00316917,-0.0480856,134.762,0.036057,20.1618,2.99415,1089.39,0.563475,0.0111344,0.0551087,0.248302,10.2367,21.5186,0.279775
sweep_gain,200029,1.09508,22.3603,0.174637,2.35484,1.13951,0.24531,0.0835597,2.74503,160.772,0.198609,10.3322,0.0743235,0.118449,2.02117,0.691115,241.347,50,10,-1048576,-7050,0.00117918,206.216,0.482829,0.0177571,0.00655667,0.0378753,67.0697,0.00548675,68.2275,1.56601,330.136,0.32593,0.0839246,0.538325,0.0957542,3.31483,13.5276,0.160701
sweep_gain,200030,1.18913,24.8545,0.14754,1.89201,0.870929,0.162967,0.193595,0.634276,231.91,0.193527,62.5323,0.174768,0.494269,1.24656,0.695969,234.244,50,10,-1048576,-7050,0.00477047,79.1179,0.437331,-0.0178776,0.00589738,-0.0498922,199.653,0.0768962,33.3727,1.26163,1013.48,0.404597,0.0448681,0.345151,0.135673,15.6606,21.1207,0.0924119
sweep_gain,200031,0.985937,27.2767,0.11242,4.06505,0.775467,0.367841,0.137941,1.71204,106.843,0.152448,85.8203,0.135214,0.803951,1.15121,1.0036,206.457,50,10,-1048576,-7050,0.00250157,154.027,0.584463,0.00827098,0.00681836,-0.023857,182.811,0.0878295,22.8717,0.887337,725.939,0.382676,0.0317176,0.151705,0.0360989,24.5007,27.3719,0.120871
sweep_gain,200032,1.09264,29.2338,0.418864,1.80075,0.32796,0.426467,0.138715,3.21476,143.772,0.0863282,7.9331,0.0915108,0.414381,1.99423,0.625894,442.257,50,10,-1048576,-7050,0.000298629,44.7743,0.393854,-0.0181058,0.000397711,0.00797521,6.9127,0.0990153,18.4631,2.05127,673.244,0.121589,0.0554868,0.195738,0.219836,23.9256,8.44248,0.506959
sweep_gain,200033,1.18006,28.1743,0.648751,2.18672,0.436373,0.337443,0.267843,2.50492,114.586,0.0379811,81.3529,0.0732084,0.391908,1.36669,0.563394,155.456,50,10,-1048576,-7050,0.00163449,149.133,0.681756,0.00665614,0.00574004,-0.0491247,11.2966,0.0811139,27.4306,2.17406,110.138,0.451702,0.0074952,0.518773,0.180561,6.2623,13.0901,0.337695
sweep_gain,200034,1.06201,32.0637,0.638907,5.75078,1.05364,0.143931,0.182958,1.23358,26.054,0.0348951,17.1561,0.131609,0.719294,1.62517,0.702785,199.868,50,10,-1048576,-7050,0.00370263,17.5166,0.369559,0.00749709,0.00856549,-0.0494381,162.426,0.0451071,24.2723,2.19139,12.9941,0.567407,0.0533494,0.44701,0.211696,5.04382,12.8488,0.49522
sweep_gain,200035,0.87307,25.5135,0.0535651,3.41088,0.214983,0.403053,0.225808,2.6674,287.179,0.0418832,10.8609,0.0632151,0.944403,2.15359,1.47825,519.825,50,10,-1048576,-7050,0.00323609,299.657,0.313943,-0.0170973,0.00086879,0.0232268,57.0667,0.0381019,16.1952,1.02874,663.471,0.290501,0.0308959,0.458887,0.292378,15.8272,15.7914,0.100005
sweep_gain,200036,0.917265,37.4512,0.37847,5.27928,0.752321,0.12939,0.0535098,0.552775,104.496,0.111447,40.1307,0.128694,0.280948,1.13081,0.929542,192.416,50,10,-1048576,-7050,0.00235438,83.1711,0.424918,-0.0106743,0.00849673,-0.0265691,88.9721,0.0365407,26.8334,0.655303,67.731,0.375386,0.0728062,0.497168,0.059557,3.46999,23.7751,0.122671
sweep_gain,200037,1.04537,19.0431,0.554323,3.31793,1.11296,0.36118,0.154192,4.23314,199.274,0.0870969,52.0162,0.188217,0.346489,2.38069,1.32034,111.925,50,10,-1048576,-7050,0.00225419,187.543,0.932138,0.00834312,0.00763924,-0.0432154,43.8069,0.0556769,45.5413,1.56671,861.105,0.145951,0.0290807,0.585905,0.13077,23.3198,13.5627,0.43974
sweep_gain,200038,0.750456,19.6308,0.735278,1.6215,0.193017,0.108901,0.187067,0.74527,263.507,0.135819,32.7362,0.0178029,0.242008,2.19961,1.03353,466.801,50,10,-1048576,-7050,0.00265472,212.868,0.187978,-0.0136399,0.00900574,0.031125,84.7032,0.0657505,18.2808,0.168092,1093.1,0.249053,0.0779489,0.0614527,0.195116,24.0878,2.64143,0.444587
sweep_gain,200039,0.722073,27.7775,0.548269,1.70619,0.101009,0.202861,0.283826,2.97363,140.539,0.0685989,15.054,0.133199,0.106914,2.47483,0.575753,188.797,50,10,-1048576,-7050,0.000596521,26.2322,0.20723,0.0157591,0.00810619,-0.018707,179.386,0.044244,12.0831,2.86903,163.495,0.455087,0.0561695,0.0818615,0.186831,10.6478,16.1233,0.560857
sweep_gain,200040,1.11886,21.1801,0.660022,2.04851,0.0864716,0.182636,0.131176,2.98398,279.423,0.191511,90.1441,0.0652683,0.718392,1.76902,0.637949,289.018,50,10,-1048576,-7050,0.0038913,197.859,0.467243,0.0122984,0.00415017,0.0246952,87.7367,0.0933638,9.46228,1.95956,576.928,0.106363,0.0627325,0.527998,0.144764,15.225,10.6429,0.244976
sweep_gain,200041,1.04486,18.404,0.184771,2.82188,0.839527,0.460509,0.0587166,0.219599,34.7719,0.134284,93.6098,0.136266,0.769042,2.80214,0.845326,330.385,50,10,-1048576,-7050,0.00177685,118.566,0.334252,-0.00980225,0.00163252,-0.0137072,60.9697,0.0177002,39.0633,0.118525,631.8,0.478066,0.0829961,0.510999,0.0546285,22.0279,12.3667,0.108033
sweep_gain,200042,1.23465,21.9264,0.0930706,1.09998,0.658277,0.451492,0.262076,0.451943,28.1179,0.0303684,44.9956,0.199696,0.53666,2.18483,0.572675,247.739,50,10,-1048576,-7050,0.000702705,167.435,0.842301,-0.00481845,0.00148147,-0.0182255,195.231,0.0194696,20.7586,1.61023,465.353,0.144633,0.0683223,0.411114,0.11842,5.79768,3.87348,0.46695
sweep_gain,200043,1.20844,21.3747,0.858324,2.04927,1.17345,0.454315,0.00559444,3.72191,103.568,0.199214,14.617,0.0730793,0.842075,2.6585,1.47757,577.283,50,10,-1048576,-7050,0.00256348,33.142,0.169359,0.00352876,0.00758226,0.010629,141.769,0.0749474,59.4391,0.126578,756.969,0.295062,0.0407011,0.296746,0.157051,24.0704,28.7797,0.505953
sweep_gain,200044,0.963264,39.6952,0.296272,2.76967,0.874502,0.200052,0.281998,4.83348,137.122,0.109226,6.12838,0.0140102,0.836347,2.06531,0.518703,172.075,50,10,-1048576,-7050,0.00289876,30.4422,0.371765,0.0193962,0.00798532,-0.0193224,125.144,0.00627609,53.3131,1.15279,690.495,0.189993,0.0221463,0.375983,0.266861,27.8208,17.0004,0.578933
sweep_gain,200045,1.01465,32.1925,0.997277,5.66268,1.42589,0.063248,0.0162563,2.32674,146.146,0.105921,9.95955,0.183448,0.861944,2.44585,0.657344,488.112,50,10,-1048576,-7050,0.00120526,215.652,0.264277,0.0135453,0.000544955,0.0341075,36.8691,0.0835782,27.0453,0.879754,498.01,0.243423,0.0844732,0.394631,0.13364,20.7002,25.7322,0.0978091
sweep_gain,200046,1.11559,39.5879,0.294968,1.75157,0.506065,0.331903,0.142233,1.07436,224.523,0.120519,12.4934,0.0723631,0.17171,2.05338,0.733408,485.947,50,10,-1048576,-7050,0.00396637,170.335,0.148066,-0.0153689,0.00209681,0.00658154,158.477,0.0653446,78.4818,2.02019,906.532,0.155709,0.0230106,0.149408,0.268439,20.9342,12.8354,0.56382
sweep_gain,200047,0.739652,30.4168,0.188843,5.00727,0.699826,0.253106,0.253302,0.998773,64.1984,0.131945,92.6406,0.0350437,0.0935264,1.85439,0.985031,591.611,50,10,-1048576,-7050,0.00162034,12.8273,0.244261,-0.00634302,0.00287823,-0.0450066,169.964,0.0756632,32.4572,1.31997,633.402,0.576954,0.0827577,0.308889,0.273551,5.66875,16.5877,0.293037
sweep_gain,200048,1.15575,34.0283,0.646129,3.46749,0.206206,0.388227,0.111979,0.791378,118.928,0.0302207,94.2087,0.10302,0.715949,1.821,0.551824,152.014,50,10,-1048576,-7050,0.000521615,70.1916,0.515118,0.00952122,0.00191074,0.0361827,110.832,0.00560884,14.4521,2.22909,5.50775,0.41238,0.0612992,0.338641,0.212463,10.3094,17.9781,0.547676
sweep_gain,200049,1.2174,37.177,0.686237,3.87244,1.38184,0.0581421,0.184901,4.71509,292.685,0.182451,36.9558,0.165914,0.574164,2.43975,1.16262,306.463,50,10,-1048576,-7050,0.00308499,188.052,0.387258,0.00259828,0.000931169,0.0425086,28.6046,0.0117872,17.372,2.01964,152.944,0.434873,0.0561159,0.507554,0.265818,15.163,9.58214,0.247086
sweep_gain,200050,0.735706,28.7322,0.12221,4.03586,0.139037,0.145416,0.189423,0.0352193,263.461,0.163586,87.9962,0.111069,0.996382,2.6121,0.793443,152.091,50,10,-1048576,-7050,0.00194399,78.0038,0.124429,0.00676099,0.00176872,0.0215309,77.9504,0.0375968,5.02953,0.529755,866.928,0.483269,0.0493045,0.399863,0.205475,17.7044,24.1995,0.588362
sweep_gain,200051,1.15305,31.6576,0.175675,3.80335,1.06249,0.126323,0.0329811,0.740536,181.469,0.0854657,19.9655,0.0601957,0.356611,2.31799,0.687281,167.625,50,10,-1048576,-7050,0.000759782,298.139,0.774069,-0.0083514,0.00766731,0.0247811,54.1393,0.0221544,51.0477,0.23813,653.671,0.229164,0.00971634,0.186338,0.117287,8.55629,3.91601,0.421479
sweep_gain,200052,0.985929,24.0957,0.775893,1.72849,0.443943,0.449845,0.165801,2.58909,51.3596,0.182463,63.4252,0.142428,0.494039,1.40792,0.611194,540.509,50,10,-1048576,-7050,0.00203138,110.968,0.43235,-0.0102837,0.00476076,0.0449492,65.5335,0.0622269,65.8533,0.881706,952.25,0.334354,0.0587035,0.367114,0.256124,18.8526,21.6828,0.196023
sweep_gain,200053,1.21969,32.2242,0.979849,2.01896,1.36642,0.254082,0.185579,0.266021,86.5465,0.0661462,62.7557,0.133958,0.384128,1.74254,1.05412,414.691,50,10,-1048576,-7050,0.00232862,180.913,0.17713,0.0028541,0.00509048,-0.0403028,42.4877,0.0186317,60.7817,0.355696,855.629,0.17859,0.0596728,0.540291,0.178258,7.39436,22.2341,0.234587
sweep_gain,200054,0.883779,20.8095,0.09204,4.55454,1.00916,0.441115,0.296648,0.0943435,47.9041,0.109255,40.0572,0.0683815,0.731926,2.1376,0.871512,580.718,50,10,-1048576,-7050,0.00460551,73.8222,0.667919,0.00301355,0.00918888,0.0414655,153.287,0.0562769,47.6616,0.989893,25.8391,0.179023,0.037408,0.248602,0.0341478,3.48144,18.005,0.354646
sweep_gain,200055,0.825571,37.4296,0.799657,2.76889,1.32697,0.214747,0.0745054,4.35759,259.164,0.157644,98.0075,0.18356,0.544088,1.1001,0.57029,170.333,50,10,-1048576,-7050,0.000728469,219.956,0.258001,0.00698004,0.00232189,0.0100809,63.4435,0.099167,18.7707,1.71346,844.067,0.204206,0.0119578,0.527396,0.208363,16.9446,14.2432,0.535967
sweep_gain,200056,0.913904,38.9068,0.229925,4.04648,0.36192,0.324483,0.0248878,4.40898,90.5211,0.103616,83.6839,0.0624948,0.221358,1.54992,0.811173,177.522,50,10,-1048576,-7050,0.00356486,194.211,0.204922,0.0129224,0.000723872,0.0240974,30.8977,0.0872105,68.5113,1.20195,206.717,0.376729,0.0557931,0.308004,0.0437409,19.908,17.3144,0.349347
sweep_gain,200057,1.13067,24.2453,0.0349196,2.92096,0.0306287,0.271122,0.290716,0.907185,71.734,0.101445,24.409,0.154278,0.514092,2.12277,1.07045,479.477,50,10,-1048576,-7050,0.00410231,67.5392,0.896791,-0.00592292,0.00953984,-0.0404999,176.598,0.020729,8.01005,0.133319,696.082,0.273161,0.0779938,0.520939,0.152282,2.4959,14.3368,0.276312
sweep_gain,200058,1.07075,25.3307,0.751759,2.80847,1.29026,0.161343,0.00863349,4.20613,106.56,0.10737,46.2774,0.0173942,0.740499,1.28954,0.630192,144.548,50,10,-1048576,-7050,0.00239411,213.406,0.648085,0.00260406,0.00717904,-0.00459583,96.4916,0.060847,41.3768,0.41,551.97,0.250092,0.076856,0.2494,0.0898864,26.7617,26.2786,0.513962
sweep_gain,200059,1.09631,28.2336,0.701401,5.11356,0.938827,0.320901,0.219036,2.74425,203.686,0.0836037,48.3174,0.0421547,0.378523,1.67739,0.632217,298.573,50,10,-1048576,-7050,0.00197045,25.1606,0.630259,0.0198439,0.00198483,-0.0269481,41.6913,0.0470062,65.2493,1.5024,405.536,0.358128,0.0796832,0.473425,0.157668,9.56073,17.4058,0.373771
sweep_gain,200060,1.19973,27.9212,0.777349,5.04975,0.779273,0.482139,0.140153,4.47032,269.034,0.0749306,75.4373,0.00844776,0.80947,1.171,0.968331,391.439,50,10,-1048576,-7050,0.00263978,90.6327,0.368169,-0.0158557,0.000616238,-0.0306317,150.733,0.0490467,9.81782,1.39976,529.677,0.438303,0.0596746,0.174288,0.0401541,15.3092,4.29434,0.310852
sweep_gain,200061,0.760387,29.3716,0.0117121,4.39985,0.332431,0.462099,0.225884,1.63265,88.3264,0.162704,89.0451,0.0524251,0.162974,2.96124,0.915178,213.677,50,10,-1048576,-7050,0.00266113,69.6138,0.419118,0.0121547,0.00637248,0.046976,60.2393,0.0112403,59.7839,0.875976,597.033,0.548911,0.039592,0.372035,0.12169,19.674,20.0194,0.265541
sweep_gain,200062,0.736807,19.4165,0.574695,3.90824,0.186164,0.052831,0.290724,1.03468,148.313,0.106334,45.4062,0.168168,0.529868,1.85729,0.518274,561.432,50,10,-1048576,-7050,0.00369222,270.899,0.73547,0.000530667,0.00230015,0.00964936,194.619,0.0153332,44.1102,0.963447,1010.68,0.456196,0.00915058,0.332618,0.0993172,7.8378,22.1532,0.582503
sweep_gain,200063,1.012,20.8861,0.672928,2.29774,0.246808,0.411536,0.269715,1.45815,79.46,0.128385,8.30641,0.16842,0.0256221,1.78642,1.32718,180.247,50,10,-1048576,-7050,0.00119747,44.2073,0.555235,-0.00501822,0.00436224,0.0431279,191.88,0.0425163,24.578,2.52027,880.128,0.447986,0.0287171,0.554374,0.261665,11.8235,14.4624,0.321719
sweep_gain,200064,1.22217,27.2775,0.639894,2.69691,1.49762,0.239009,0.0395549,1.54619,35.9925,0.0745938,59.1465,0.0625207,0.582053,1.14688,0.750635,506.781,50,10,-1048576,-7050,0.00417832,223.196,0.124079,-0.00565407,0.00141982,-0.0336551,102.658,0.0249924,28.2027,2.71125,264.684,0.317303,0.0827409,0.514039,0.0895527,2.19283,5.42338,0.249703
sweep_gain,200065,0.976468,37.2946,0.255175,3.07312,0.0702203,0.426655,0.119851,0.864905,56.7047,0.105941,33.5753,0.173559,0.843395,2.02746,1.29337,335.592,50,10,-1048576,-7050,0.00340504,222.049,0.10994,0.00678226,0.00168695,0.00312293,176.356,0.0169572,6.93159,1.19375,671.174,0.323926,0.0859991,0.410512,0.202537,27.7424,5.77343,0.140872
sweep_gain,200066,0.804743,19.1075,0.248238,5.00522,1.19307,0.350013,0.0272702,2.28336,84.9534,0.156208,93.4817,0.135331,0.522715,2.48703,0.783576,187.474,50,10,-1048576,-7050,0.00113522,29.6231,0.0927042,-0.0130261,0.0032729,0.0120573,104.923,0.0179463,79.1558,1.53832,1116.57,0.160437,0.0676704,0.219706,0.0686065,17.6077,6.1235,0.347508
sweep_gain,200067,0.867172,34.2586,0.97613,2.1515,1.17356,0.449105,0.146298,3.32258,171.237,0.131879,54.5209,0.0182756,0.760335,1.4907,0.538431,535.083,50,10,-1048576,-7050,0.00301823,86.7644,0.376387,-0.0136253,0.00872997,0.0213447,158.735,0.00920697,8.46112,2.35476,1162.24,0.341144,0.037561,0.334869,0.162201,4.32227,6.47906,0.559735
sweep_gain,200068,0.850396,31.5536,0.914309,3.73527,0.513462,0.398691,0.165113,1.23923,181.026,0.133297,70.9253,0.0668107,0.328668,2.08278,0.84949,361.141,50,10,-1048576,-7050,0.00466573,282.301,0.129709,-0.00814338,0.00234709,-0.0385712,13.1339,0.0722639,34.3545,0.418912,810.099,0.518427,0.00796432,0.368534,0.0766403,29.1076,15.9697,0.143691
sweep_gain,200069,0.882818,34.1337,0.26301,5.01579,1.07955,0.0305427,0.178882,2.75375,65.7576,0.144514,34.8023,0.104285,0.074785,1.49325,1.30516,223.823,50,10,-1048576,-7050,0.00168969,231.846,0.319652,0.00359619,0.0036012,0.0385865,161.215,0.0381137,45.4205,2.33374,737.348,0.344621,0.0272868,0.0902942,0.225523,15.8488,6.665,0.379342
sweep_gain,200070,0.861011,21.8898,0.808656,3.80266,0.252607,0.0442045,0.0868384,1.18328,237.667,0.0680611,75.0262,0.0742391,0.22851,2.85655,1.30827,464.557,50,10,-1048576,-7050,0.00376189,107.546,0.135474,-0.0157863,0.00704732,0.0407375,24.7774,0.0264525,38.8177,0.000906987,491.223,0.182986,0.0779588,0.281722,0.256795,22.9219,21.4372,0.468482
sweep_gain,200071,1.29107,30.3546,0.87004,5.77122,0.951694,0.140261,0.245325,4.04353,44.0856,0.199618,10.4445,0.0995469,0.402669,2.79806,0.756759,270.037,50,10,-1048576,-7050,0.00360316,128.497,0.773296,0.00477707,0.00527413,-0.00443575,136.252,0.0170199,66.6838,2.24339,1126.24,0.131411,0.0817786,0.33684,0.0979331,23.9679,21.2171,0.185786
sweep_gain,200072,1.29676,18.3355,0.802763,2.67635,1.33401,0.249368,0.059865,4.7596,33.8474,0.132834,14.162,0.174742,0.927624,1.98505,0.730691,379.382,50,10,-1048576,-7050,0.00410742,278.887,0.29142,0.0176709,0.00321786,0.0242685,74.019,0.0126278,55.2985,0.869269,913.603,0.139578,0.0154972,0.419583,0.223829,21.5428,21.5678,0.490581
sweep_gain,200073,0.912026,22.5397,0.738131,2.99453,1.13119,0.0825943,0.154569,0.521416,107.65,0.142021,21.281,0.117381,0.912216,2.36912,0.938439,246.181,50,10,-1048576,-7050,0.00401311,204.508,0.464476,0.00102388,0.00646985,0.0407344,31.1795,0.0573958,15.5534,0.209661,990.251,0.198144,0.0316934,0.270134,0.257197,17.8229,24.2424,0.299795
sweep_gain,200074,0.799496,38.2473,0.465933,5.64781,0.607053,0.0776006,0.0600619,0.579736,223.743,0.157272,61.3213,0.115123,0.387339,1.31349,1.03815,555.959,50,10,-1048576,-7050,8.43707e-06,208.289,0.0904134,-0.00946726,0.0059072,0.0059655,184.31,0.0616195,62.3125,0.496489,801.912,0.374145,0.0328161,0.0956882,0.194208,27.2037,3.93572,0.188066
sweep_gain,200075,1.18331,35.681,0.548141,1.63842,0.261252,0.095197,0.277745,1.21494,118.852,0.134774,47.6754,0.026967,0.624104,2.14925,0.97134,400.253,50,10,-1048576,-7050,0.00351263,95.8654,0.109799,-0.0153296,0.00764289,-0.0166871,56.3102,0.0131667,24.0798,2.13687,1052.24,0.14631,0.0323821,0.233339,0.138557,2.56065,6.74115,0.0953204
sweep_gain,200076,1.17617,20.2153,0.261139,2.91689,1.29277,0.128072,0.126633,2.7111,62.9805,0.187954,97.299,0.177666,0.471284,2.46964,1.2353,316.452,50,10,-1048576,-7050,0.000397734,45.2179,0.378596,-0.0198561,0.00668598,-0.0371084,144.848,0.0988466,57.4578,0.168775,520.437,0.559855,0.015609,0.17436,0.216531,12.3948,17.3208,0.128429
sweep_gain,200077,1.25593,36.3215,0.295318,3.03387,1.21127,0.491165,0.0273302,1.06507,65.8584,0.0774909,52.8423,0.173427,0.645189,1.7688,1.20799,155.963,50,10,-1048576,-7050,0.00390158,106.534,0.0684631,-0.0164899,0.00119783,-0.0348311,192.513,0.0122926,20.0845,1.80227,311.782,0.295646,0.0950668,0.145578,0.0682807,27.1795,19.9095,0.589511
sweep_gain,200078,1.25153,39.9719,0.58805,5.38936,0.457886,0.211504,0.0576996,1.34175,35.7975,0.0738433,65.5206,0.180498,0.402261,2.35375,0.99324,410.765,50,10,-1048576,-7050,0.00484941,28.6281,0.0920272,0.00908669,0.00249135,0.0472479,4.64215,0.0310352,64.5186,0.645917,461.18,0.294706,0.0215532,0.257824,0.221732,27.5769,18.2598,0.183544
sweep_gain,200079,0.706831,21.8782,0.948334,5.18019,0.929309,0.334939,0.138856,0.641328,168.72,0.186642,60.2666,0.0754037,0.111355,2.03521,0.595239,134.847,50,10,-1048576,-7050,0.000176822,287.562,0.813143,-0.0184837,0.00679904,-0.0194991,87.8738,0.0809629,18.7754,0.369407,1032.83,0.298497,0.0203315,0.158733,0.0954856,23.7982,25.0629,0.125852
sweep_gain,200080,0.79576,33.2294,0.299181,3.94399,1.33934,0.370465,0.0513048,2.2017,221.19,0.0690492,16.339,0.0826044,0.346011,1.40462,0.82139,261.779,50,10,-1048576,-7050,0.00260017,222.424,0.220495,0.00884131,0.00191528,0.0350944,42.1322,0.0967056,5.9149,2.49869,709.703,0.434149,0.0123307,0.0747972,0.250188,21.5752,14.4124,0.149742
sweep_gain,200081,0.772085,39.4537,0.945052,5.35588,0.279785,0.367155,0.163441,0.011487,133.937,0.0421454,92.1535,0.12085,0.691772,2.06532,1.11531,167.203,50,10,-1048576,-7050,0.00274239,172.069,0.94993,-0.0053888,0.00267356,-0.00433317,35.5716,0.00651705,22.9336,2.7764,1098.96,0.449665,0.0853027,0.560589,0.299644,9.8266,7.10284,0.404734
sweep_gain,200082,1.02188,29.7229,0.735603,3.14443,0.229115,0.227266,0.219657,4.55827,251.156,0.186582,90.2301,0.0289176,0.402015,1.59221,1.12843,430.366,50,10,-1048576,-7050,0.000465689,227.014,0.290495,0.00456531,0.0032715,-0.042389,89.3616,0.0486985,16.2918,0.473265,286.319,0.255539,0.0930507,0.528287,0.240919,14.0417,7.80341,0.311372
sweep_gain,200083,0.904394,26.4632,0.789285,1.94748,0.163686,0.28113,0.198349,4.87051,179.56,0.0910338,43.9314,0.0624698,0.30868,1.87743,1.45769,268.194,50,10,-1048576,-7050,0.00111442,164.546,0.724115,-0.00171587,0.00843219,-0.0127266,12.0944,0.0609404,37.5525,2.23991,1101.72,0.180972,0.0406144,0.53127,0.257937,6.85663,25.2594,0.110473
sweep_gain,200084,1.01257,35.2341,0.930803,4.02576,1.24792,0.0980072,0.261772,0.278088,234.69,0.0748615,25.8086,0.116556,0.0494244,1.30521,1.11746,116.562,50,10,-1048576,-7050,0.0005033,82.4891,0.417655,-0.0187747,0.000881352,0.0368312,192.892,0.087703,28.7898,2.88461,208.009,0.222147,0.0727474,0.462814,0.18287,29.5731,13.5432,0.310255
sweep_gain,200085,0.775493,26.1403,0.481277,4.87588,0.776668,0.048129,0.154806,2.07854,200.275,0.0415902,45.2265,0.050914,0.57092,2.9356,0.775308,224.6,50,10,-1048576,-7050,0.00172673,112.093,0.672729,-0.00399179,0.00574996,-0.00117817,115.349,0.0238389,20.5815,0.245638,1063.96,0.121421,0.0580619,0.414243,0.0719084,4.35857,11.7921,0.431988
sweep_gain,200086,1.2694,28.4814,0.462622,1.75063,0.734884,0.263013,0.079494,1.09851,155.44,0.113374,31.0925,0.0247866,0.783618,1.17631,1.34514,582.26,50,10,-1048576,-7050,0.000308536,154.266,0.85777,0.0144034,0.00231502,-0.0215966,47.2716,0.0524685,57.8996,2.58918,229.857,0.112049,0.0293039,0.179646,0.169865,19.6265,16.716,0.436263
sweep_gain,200087,0.895511,34.6856,0.289062,4.10378,0.958132,0.321242,0.271945,1.89316,87.7499,0.167177,60.2102,0.134403,0.0774045,2.02691,1.46504,189.937,50,10,-1048576,-7050,0.00127312,52.0509,0.37274,-0.00732883,0.00977607,-0.0332399,146.646,0.0591447,17.5153,1.3828,735.363,0.288456,0.0190947,0.397618,0.0493715,29.888,21.44,0.310305
sweep_gain,200088,0.817955,21.8536,0.857126,3.39442,1.3667,0.386142,0.0538657,3.98684,217.496,0.197814,80.117,0.118188,0.823763,2.85518,0.982042,506.042,50,10,-1048576,-7050,0.00317371,270.529,0.512805,-0.00232871,0.00385165,0.0256415,118.57,0.0703558,66.0357,0.810732,281.862,0.353741,0.0530103,0.565715,0.176856,4.84797,6.84876,0.380484
sweep_gain,200089,1.17803,31.1709,0.0244745,4.10807,1.11241,0.267809,0.00549215,2.76715,42.5272,0.0282285,16.4543,0.136107,0.566893,2.51077,0.908142,555.015,50,10,-1048576,-7050,0.000422111,252.141,0.588708,0.0081683,0.00336633,0.0340315,73.7132,0.015005,34.5863,1.60684,675.863,0.271521,0.00924072,0.443247,0.190513,25.2268,4.23831,0.335212
sweep_gain,200090,1.03722,26.1226,0.640703,3.13648,0.333175,0.0538978,0.107376,1.57006,27.9149,0.128498,55.7353,0.189393,0.694567,2.4896,0.825842,365.659,50,10,-1048576,-7050,0.00371481,108.501,0.388311,0.00504873,0.00828491,-0.0253679,65.6532,0.0513461,60.7089,1.17317,711.443,0.547823,0.0141472,0.527545,0.0451095,14.3128,27.1976,0.450276
sweep_gain,200091,0.832806,35.8495,0.790901,4.2261,1.37078,0.0305818,0.118314,2.17053,133.23,0.115401,42.308,0.128745,0.533715,1.97343,0.997791,473.955,50,10,-1048576,-7050,0.00482598,137.708,0.211667,-0.0159506,0.00193802,0.0403316,140.788,0.0533984,60.5371,1.63452,1190.12,0.429106,0.0250942,0.300348,0.247003,7.55597,8.44759,0.190892
sweep_gain,200092,0.827809,24.7168,0.134768,2.57855,0.0267249,0.202796,0.149834,3.55947,212.343,0.111736,46.8356,0.120342,0.0324205,1.75809,0.759931,251.324,50,10,-1048576,-7050,0.00401487,70.3404,0.0652971,-0.009208,0.00578221,-0.0486641,145.763,0.0303995,15.2529,0.618885,684.694,0.494255,0.0349528,0.560629,0.0813101,18.6216,27.725,0.396845
sweep_gain,200093,0.75379,20.4221,0.630972,2.96945,0.848913,0.131648,0.0659654,0.459844,255.356,0.144916,69.7782,0.000232932,0.127538,1.44386,1.4084,442.418,50,10,-1048576,-7050,0.00128804,126.59,0.595261,0.00867396,0.00587993,0.0465293,181.446,0.054974,73.4159,1.06486,851.018,0.220803,0.0780237,0.404883,0.0558555,11.1277,23.3623,0.501784
sweep_gain,200094,0.864934,22.758,0.959608,5.07233,0.803117,0.35511,0.251987,2.1479,217.564,0.0803897,92.1347,0.060773,0.0385347,2.77514,1.25407,534.856,50,10,-1048576,-7050,0.00153569,25.1928,0.227309,-0.00676611,0.00386941,0.0176102,79.8715,0.0315456,65.1493,1.41068,804.727,0.444449,0.0827234,0.296529,0.0334047,17.4763,13.396,0.575818
sweep_gain,200095,1.06681,32.1678,0.709344,4.25135,0.843501,0.445456,0.214775,2.41349,78.4703,0.0238954,41.5747,0.0480567,0.194277,2.9048,1.31013,326.232,50,10,-1048576,-7050,0.00213116,266.131,0.725144,0.015498,0.00409505,0.0231937,162.484,0.0640755,60.7686,2.24228,235.04,0.418089,0.0938909,0.214323,0.255065,27.0058,4.69184,0.317175
sweep_gain,200096,1.03606,32.2361,0.54609,1.29268,0.356372,0.111968,0.154989,2.39847,166.125,0.131723,24.9585,0.00998734,0.263217,1.41855,1.40169,369.931,50,10,-1048576,-7050,0.00464115,177.852,0.834581,0.00874527,0.00228053,0.0188044,183.785,0.03763,47.8411,0.768705,69.3265,0.500537,0.0628294,0.403639,0.0859829,27.2102,3.35479,0.546228
sweep_gain,200097,0.769304,32.8234,0.898131,3.78442,0.109249,0.394326,0.146998,4.74955,267.823,0.133089,95.6461,0.180879,0.618562,1.83937,0.610709,247.18,50,10,-1048576,-7050,0.00203373,105.862,0.219781,0.0106989,0.000334686,0.0333511,173.785,0.0551212,12.7973,2.83151,17.8192,0.595631,0.0592891,0.101222,0.0491908,17.5513,29.4382,0.473806
sweep_gain,200098,0.830916,30.1023,0.278324,3.08299,0.434283,0.491988,0.116007,1.70643,46.154,0.124456,19.2263,0.0210357,0.353069,1.84622,0.866742,221.322,50,10,-1048576,-7050,0.00437262,221.669,0.948986,0.0145709,0.00705776,-0.00455134,134.87,0.0763894,6.22896,2.03935,899.88,0.203591,0.0430422,0.234955,0.195778,9.01781,20.5997,0.335061
sweep_gain,200099,0.858359,32.8326,0.708116,5.12025,1.43692,0.210005,0.1745,1.05826,97.954,0.0244274,16.9611,0.0318003,0.809399,2.01228,0.780751,272.047,50,10,-1048576,-7050,0.00242571,221.36,0.411434,0.00295806,0.00249881,-0.0114898,58.3276,0.0526565,61.7633,1.10622,640.503,0.238457,0.0932549,0.123063,0.178405,15.5495,29.6601,0.296422
sweep_gain,200100,0.708467,37.9929,0.485727,5.63234,0.0758957,0.366825,0.0656097,1.90212,162.864,0.0742713,80.551,0.0802317,0.8676,1.27097,0.521655,253.2,50,10,-1048576,-7050,0.000878042,159.016,0.41084,-0.0172166,0.00577738,0.0272057,194.998,0.0231755,24.3364,0.232741,1002.23,0.429133,0.0476019,0.096502,0.15146,20.3841,16.7007,0.593793
sweep_gain,200101,1.10815,39.1617,0.245535,4.99071,1.4381,0.34357,0.0967364,1.05145,167.648,0.0548106,97.8154,0.154629,0.729808,1.55938,0.673419,178.983,50,10,-1048576,-7050,0.00491032,240.447,0.720023,0.0199281,0.000589248,-0.0286526,89.3013,0.0479971,65.9017,1.2336,135.454,0.380744,0.0768428,0.205713,0.199998,16.3806,27.1163,0.193466
sweep_gain,200102,0.933472,18.1408,0.908972,3.26442,1.02216,0.425036,0.127632,2.72856,270.717,0.19796,67.3778,0.100645,0.33337,1.47238,1.2042,438.486,50,10,-1048576,-7050,0.00438512,65.5304,0.777323,0.00038537,0.00632608,0.0114392,5.87567,0.097514,49.365,2.25845,383.391,0.464849,0.0920369,0.544582,0.0760944,7.56884,3.70735,0.126912
sweep_gain,200103,1.16782,18.8126,0.0594912,2.74988,0.492341,0.159825,0.266418,2.47089,75.6948,0.166392,15.7535,0.133563,0.303224,1.63892,0.610528,534.474,50,10,-1048576,-7050,0.00122173,139.412,0.0549515,0.00613387,0.00922689,-0.0471333,65.5289,0.0355111,10.9668,0.532404,1100.27,0.543284,0.0456252,0.215207,0.28256,13.2993,19.6726,0.17039
sweep_gain,200104,0.776445,36.6335,0.984629,1.33333,0.444668,0.40704,0.246496,3.07139,284.768,0.152101,95.9937,0.165122,0.582372,2.63613,1.03267,455.295,50,10,-1048576,-7050,0.00358725,64.8719,0.834862,0.00879199,0.00655293,-0.02777,39.193,0.0389412,30.2864,1.17072,116.706,0.146956,0.0541214,0.177365,0.0828732,15.4922,19.667,0.13947
sweep_gain,200105,0.729491,36.8009,0.272107,5.00492,1.16004,0.258276,0.221478,4.58596,206.551,0.139096,21.1163,0.0131062,0.576292,2.92434,1.05277,100.491,50,10,-1048576,-7050,0.00213589,228.007,0.621221,0.00489639,0.0088768,-0.00223044,64.5638,0.0543587,49.0682,2.05384,876.478,0.141668,0.0362524,0.534945,0.179404,11.0163,13.0965,0.566801
sweep_gain,200106,1.13684,38.9454,0.479392,4.74938,0.433037,0.206724,0.261204,1.40733,97.4775,0.147931,60.1745,0.186034,0.294846,2.37669,1.37426,380.992,50,10,-1048576,-7050,0.00326188,278.612,0.783336,0.00921189,0.000634712,-0.04507,188.204,0.0266251,11.7019,1.29464,31.9756,0.322199,0.0804778,0.26703,0.119499,23.3846,25.4172,0.396299
sweep_gain,200107,1.0097,28.9868,0.762695,2.27052,0.121825,0.340649,0.147901,4.93296,236.223,0.0845234,37.628,0.194909,0.199684,1.15,0.594365,247.603,50,10,-1048576,-7050,0.0046221,282.712,0.199069,0.00606865,0.00798326,-0.0263926,183.935,0.0835586,35.4165,1.49988,928.697,0.217776,0.0845379,0.104883,0.118331,4.29212,28.0813,0.482149
sweep_gain,200108,1.18273,33.8689,0.0822043,4.85682,0.600708,0.48924,0.0840614,1.41316,289.823,0.0959939,11.5716,0.152864,0.425802,1.38476,0.766406,569.166,50,10,-1048576,-7050,0.00385983,122.282,0.341955,0.00518607,0.00641732,-0.0437024,145.338,0.0715017,22.3809,0.417116,829.525,0.380516,0.0763495,0.224136,0.03045,21.041,3.05819,0.130129
sweep_gain,200109,1.25921,32.5483,0.648161,3.63964,1.38464,0.0326142,0.0725992,1.43618,217.862,0.121784,49.2226,0.104469,0.873703,2.39243,0.926541,322.198,50,10,-1048576,-7050,0.000323783,202.954,0.749129,-0.00985988,0.00134228,-0.0392509,4.28453,0.0654957,53.0623,1.08964,1142.69,0.19517,0.0939457,0.556368,0.210132,25.1825,19.6858,0.188333
sweep_gain,200110,1.03458,25.0611,0.111852,2.63015,1.12744,0.116885,0.105333,0.669753,88.5534,0.173449,81.121,0.163306,0.651004,1.76693,0.874384,151.853,50,10,-1048576,-7050,0.00161376,129.945,0.577039,0.00234854,0.00883764,0.01386,117.502,0.0806991,21.2612,0.984919,169.273,0.16275,0.0279194,0.141173,0.254315,21.5176,12.6523,0.143688
sweep_gain,200111,0.957052,33.8587,0.46786,4.07983,0.300496,0.0459036,0.141334,1.26621,125.2,0.159636,6.37298,0.0665973,0.348665,2.07798,0.996672,316.477,50,10,-1048576,-7050,0.00340269,113.931,0.445887,0.00590932,0.00437532,-0.00636418,11.7315,0.0674265,31.7349,1.40282,40.9103,0.225531,0.011129,0.222048,0.265191,3.40442,10.8535,0.124207
sweep_gain,200112,1.21089,25.2268,0.107581,4.5012,1.35616,0.416879,0.264142,0.213867,23.8733,0.0330749,27.3415,0.120247,0.625368,2.80992,1.20999,208.124,50,10,-1048576,-7050,0.00191071,35.244,0.730282,-0.0040347,0.0015173,-0.0447074,122.415,0.0322006,14.0885,1.66152,185.271,0.121244,0.03319,0.301825,0.165163,4.63419,4.97641,0.233595
sweep_gain,200113,1.29127,38.5422,0.660248,3.97691,0.428185,0.062566,0.276101,1.23498,281.085,0.0621581,94.5781,0.136758,0.540886,1.90091,1.1187,341.503,50,10,-1048576,-7050,0.00138845,298.625,0.919814,-0.00066208,0.00590955,0.044087,98.2126,0.0905328,76.2966,1.46719,295.96,0.499741,0.0346059,0.335817,0.177415,15.7849,6.19975,0.580057
sweep_gain,200114,1.09972,30.128,0.9296,1.43638,0.454815,0.0404694,0.0838483,4.88471,271.08,0.0548446,58.4571,0.0589239,0.0705028,2.16786,1.27145,212.184,50,10,-1048576,-7050,0.00296095,45.9968,0.281013,0.00484917,0.00316869,-0.0390623,169.912,0.0324224,11.0833,0.800109,435.647,0.46413,0.0343078,0.428272,0.278571,9.04239,13.0445,0.222279
sweep_gain,200115,1.15853,26.863,0.764221,1.11102,0.882043,0.311511,0.0324959,1.46991,52.2099,0.0213331,80.4846,0.0770829,0.391561,2.10467,0.54008,448.684,50,10,-1048576,-7050,0.00457852,113.374,0.234091,-0.0140177,0.00554785,0.0137359,136.39,0.054884,57.9267,1.02159,749.244,0.290419,0.0729521,0.529893,0.0776302,19.8298,28.6729,0.164651
sweep_gain,200116,1.04194,30.604,0.893461,3.60743,0.491101,0.215779,0.297338,4.93503,165.787,0.0305165,37.9964,0.121658,0.800325,2.18483,1.35114,569.523,50,10,-1048576,-7050,0.00301365,44.4665,0.0604512,0.00983591,0.000792079,0.0110837,51.373,0.0118824,50.2903,0.530106,540.985,0.442431,0.068869,0.412725,0.286046,20.5083,7.82181,0.383738
sweep_gain,200117,1.2732,22.8817,0.747282,4.02828,1.37997,0.24384,0.271953,2.30819,253.878,0.164195,88.322,0.17797,0.790076,1.43004,1.15973,393.636,50,10,-1048576,-7050,0.00499912,138.972,0.244789,0.0155887,0.00762403,0.0438827,147.514,0.0314478,69.178,1.16236,89.8457,0.450652,0.0324975,0.288436,0.0941384,29.2196,24.5241,0.58189
sweep_gain,200118,0.705152,22.0571,0.480317,3.47753,0.86794,0.105413,0.292615,0.699734,191.292,0.120376,75.3261,0.000898422,0.507711,1.01052,0.536912,412.0,50,10,-1048576,-7050,0.00281765,119.078,0.646699,-0.0173452,0.00241905,-0.00237573,18.5091,0.0246714,59.8215,2.28526,406.857,0.324265,0.0769544,0.226966,0.12955,24.9254,14.3343,0.0858964
sweep_gain,200119,1.05742,31.203,0.783592,2.68071,0.150843,0.189786,0.105838,2.98324,50.7458,0.0930686,78.534,0.117835,0.170925,2.49019,0.723364,319.49,50,10,-1048576,-7050,0.000484327,187.673,0.903974,-0.0065106,0.000457602,-0.0137,156.925,0.080585,12.3527,1.0452,226.307,0.407505,0.0626973,0.34947,0.277267,11.5767,3.25398,0.274253
sweep_gain,200120,0.977048,34.8612,0.211269,5.54091,1.42913,0.410491,0.0941019,3.78384,242.972,0.151259,95.338,0.0392619,0.943507,2.8259,0.508269,161.648,50,10,-1048576,-7050,0.00489907,254.729,0.450586,0.0104193,0.0095043,0.0467121,49.7864,0.0861376,26.494,0.983257,170.349,0.200224,0.0722216,0.35331,0.226748,5.7933,4.28971,0.133243
sweep_gain,200121,1.05562,34.5462,0.574329,2.77781,0.868894,0.412113,0.17866,4.70795,264.906,0.102958,58.0093,0.0897703,0.680436,1.68078,0.771387,262.023,50,10,-1048576,-7050,0.00245773,42.8419,0.396259,0.013452,0.00289833,-0.00229249,61.4497,0.092181,71.5853,0.737091,927.161,0.349139,0.0578805,0.414298,0.113594,3.71886,10.1753,0.493395
sweep_gain,200122,0.901734,23.9239,0.0286846,1.84768,0.139164,0.382053,0.148663,1.07758,200.456,0.0434404,88.9088,0.0431074,0.232953,2.04539,0.708238,225.962,50,10,-1048576,-7050,0.00383703,262.643,0.439628,-0.00146049,0.000173299,-0.0116054,137.752,0.0630975,76.4605,2.42067,290.611,0.407406,0.0188128,0.0998869,0.229448,27.5573,18.2136,0.401509
sweep_gain,200123,0.822466,23.0131,0.557894,4.66053,0.650072,0.212782,0.134646,2.00125,145.69,0.141808,11.5913,0.0643563,0.268162,2.91928,1.28979,434.276,50,10,-1048576,-7050,0.00265126,49.2362,0.423759,0.00196177,0.00539456,-0.0171817,106.075,0.0675512,79.0654,1.21487,181.807,0.193178,0.0121871,0.243286,0.110682,2.37429,17.3071,0.178017
sweep_gain,200124,0.853003,21.6889,0.73431,4.87104,0.765094,0.4916,0.0309467,3.19537,63.9637,0.0910274,17.7385,0.174292,0.256556,2.93057,0.929126,106.852,50,10,-1048576,-7050,0.00184191,270.378,0.55534,-0.0164628,0.00437234,-0.0375951,159.072,0.0820382,73.0234,1.24092,330.524,0.494369,0.0192312,0.536311,0.121337,29.1349,6.83735,0.180561
sweep_gain,200125,1.26422,38.2833,0.952476,1.35706,0.371959,0.240349,0.264147,3.70355,37.2459,0.119335,97.9732,0.166118,0.401532,1.9734,1.02063,545.089,50,10,-1048576,-7050,0.00267589,239.903,0.993098,0.0174597,0.00694797,-0.0369547,103.793,0.0729446,79.086,1.12274,574.561,0.372725,0.0762875,0.349591,0.296416,16.964,26.9053,0.442231
sweep_gain,200126,0.735187,24.9797,0.197603,4.89846,0.225901,0.395709,0.221144,3.62939,117.057,0.186917,92.106,0.117492,0.900729,2.66947,1.33187,132.211,50,10,-1048576,-7050,0.000405799,149.393,0.877535,-0.00624159,0.000677721,0.00919083,76.1449,0.0131601,22.4464,0.265273,214.152,0.276013,0.0544007,0.374407,0.107221,5.22285,12.4529,0.510201
sweep_gain,200127,1.28857,32.1623,0.75636,5.30972,1.38906,0.219017,0.217815,2.83695,124.888,0.0852129,34.1701,0.170077,0.535759,2.77695,1.09832,245.196,50,10,-1048576,-7050,0.00118385,77.9663,0.497885,0.019358,0.00994018,0.00795928,160.222,0.0390014,8.89197,1.67959,25.1469,0.27136,0.0294416,0.252539,0.159818,27.8958,29.4107,0.508916
sweep_gain,200128,0.912616,24.0612,0.761652,1.87504,0.560888,0.493493,0.287692,2.3406,268.638,0.0783348,87.3856,0.125827,0.273687,2.13205,0.988156,531.274,50,10,-1048576,-7050,0.00309069,247.556,0.742787,0.00914631,0.00313911,0.0239673,198.006,0.096784,5.17312,2.88173,597.891,0.142784,0.0290495,0.55074,0.159224,5.00639,19.4431,0.537806
sweep_gain,200129,1.28707,22.0993,0.397674,4.3629,0.773236,0.128951,0.12783,3.87665,103.686,0.0855564,92.0911,0.0260158,0.0694038,1.37458,0.506897,138.846,50,10,-1048576,-7050,0.00152072,290.722,0.47438,-0.00887477,0.00512023,0.0106663,14.1599,0.0196841,57.5307,2.46086,936.342,0.545003,0.0761764,0.181337,0.258015,28.9617,13.0988,0.574501
sweep_gain,200130,0.754511,20.2231,0.995045,4.40248,0.591235,0.418228,0.0129308,1.83402,126.446,0.0228782,85.9886,0.183753,0.422144,2.63562,1.26072,241.466,50,10,-1048576,-7050,0.0037243,149.719,0.469802,0.0144301,0.00947775,0.0199234,123.673,0.0773645,72.1876,0.607319,497.475,0.243599,0.0149914,0.210343,0.134175,28.2431,9.37501,0.0843453
sweep_gain,200131,0.996463,31.3978,0.82906,2.1281,1.13152,0.423689,0.16248,2.51693,122.196,0.100612,72.3354,0.116706,0.312168,2.47964,1.16599,215.338,50,10,-1048576,-7050,0.00236438,77.8575,0.973233,-0.0197456,0.00740709,-0.00162105,116.749,0.0518126,59.6299,0.919998,736.618,0.489484,0.0760337,0.358102,0.0394654,3.15919,6.19698,0.131556
sweep_gain,200132,1.00689,28.3357,0.836781,4.8102,0.605703,0.372347,0.2395,2.48931,269.163,0.169923,91.9402,0.108468,0.622552,1.04577,0.745297,397.67,50,10,-1048576,-7050,0.00195496,127.812,0.109565,-0.0199714,0.00562961,0.0289535,2.0351,0.0687975,14.1382,2.44734,522.925,0.25378,0.0552782,0.44606,0.171983,6.20568,7.15822,0.375904
sweep_gain,200133,0.844881,22.3774,0.871048,5.10325,0.539103,0.282371,0.159951,3.79063,232.462,0.161795,83.5238,0.079272,0.382934,2.44098,1.22354,269.084,50,10,-1048576,-7050,0.00326229,231.406,0.998489,-0.000622659,0.00246425,0.0442713,162.521,0.0557005,11.8807,1.76077,641.966,0.251726,0.0259054,0.225359,0.112052,15.809,17.4688,0.0705978
sweep_gain,200134,1.25145,34.72,0.637163,2.54423,1.46122,0.149957,0.172752,3.28836,101.907,0.065153,18.0707,0.180405,0.929888,2.73377,1.12108,173.173,50,10,-1048576,-7050,0.0042109,199.29,0.483664,-0.00095193,0.00810624,-0.00447229,32.9127,0.0445505,25.6523,2.77868,799.206,0.219087,0.0718144,0.143476,0.291333,4.93348,8.92585,0.543392
sweep_gain,200135,0.88582,32.3685,0.165055,3.59659,1.42323,0.451883,0.0899177,2.54225,146.986,0.146033,5.34175,0.188254,0.713684,2.60858,0.596253,421.156,50,10,-1048576,-7050,0.000260293,173.255,0.166389,-0.0140774,0.00326182,-0.0250497,7.05867,0.0671914,16.5647,0.993927,240.096,0.25894,0.00751916,0.594012,0.106981,17.253,27.3193,0.452383
sweep_gain,200136,0.952589,22.1024,0.686485,5.01999,0.0136114,0.0313054,0.0746923,4.60986,54.1373,0.0217258,98.3967,0.155772,0.488771,2.85889,0.51447,273.804,50,10,-1048576,-7050,0.00421748,109.795,0.604256,0.0020379,0.00371714,0.0292498,77.9097,0.0460988,31.8189,0.407628,801.555,0.223094,0.0131732,0.150766,0.0857125,4.2111,27.158,0.14614
sweep_gain,200137,0.885748,22.041,0.290227,3.55734,0.888791,0.258319,0.130803,0.919485,26.0343,0.121206,65.0031,0.172816,0.725721,1.93899,0.958776,190.943,50,10,-1048576,-7050,0.00296016,11.3381,0.226729,-0.0165792,0.00943606,0.049109,198.805,0.00865377,17.3841,0.269743,328.625,0.173235,0.0932556,0.27357,0.147309,5.72535,9.88953,0.537673
sweep_gain,200138,1.21692,39.3314,0.49977,2.33214,0.920976,0.164066,0.22387,2.33214,298.825,0.124652,34.7291,0.0593804,0.412687,2.87374,0.741179,180.904,50,10,-1048576,-7050,0.00175647,96.7811,0.091662,0.00292908,0.00241031,0.0387434,147.497,0.0247586,58.7184,0.216486,779.574,0.171037,0.0505074,0.207366,0.0734008,14.0749,5.41848,0.10921
sweep_gain,200139,1.2098,19.2815,0.814075,4.11079,1.09997,0.160625,0.229741,1.3863,162.165,0.0335998,42.6292,0.0548401,0.735186,2.32071,1.35166,454.891,50,10,-1048576,-7050,0.00239729,186.023,0.880186,0.00737298,0.00165051,0.0230985,28.4087,0.0391502,59.4214,1.87046,884.525,0.40924,0.0317838,0.420113,0.0910271,22.0528,20.0066,0.0540513
sweep_gain,200140,1.1419,34.052,0.530251,2.71678,1.12688,0.362144,0.264697,4.02073,55.3779,0.105992,80.5512,0.156622,0.458588,1.04669,1.12944,346.087,50,10,-1048576,-7050,0.000311536,64.3845,0.145931,0.00900001,0.000349285,0.032282,5.19002,0.0272443,29.5191,0.494823,733.641,0.558838,0.0554153,0.439974,0.225088,2.71947,26.3584,0.534231
sweep_gain,200141,0.984163,31.1973,0.955409,1.99544,0.521011,0.154358,0.198095,1.60318,201.938,0.109401,6.32646,0.0643014,0.567075,1.03457,0.624196,345.651,50,10,-1048576,-7050,0.00172664,274.265,0.76411,-0.0176551,0.00136643,-0.0419345,169.063,0.0774298,49.6404,1.60104,753.767,0.542889,0.0809182,0.165517,0.051227,5.50611,3.97264,0.296184
sweep_gain,200142,1.26668,22.6804,0.00857574,5.94808,0.162805,0.0769464,0.095861,0.182771,181.803,0.0772797,36.682,0.089186,0.302697,2.58958,1.40192,262.726,50,10,-1048576,-7050,0.00238907,95.0747,0.82597,-0.00522678,0.00107353,-0.0466508,161.598,0.0764013,11.0165,1.87997,1183.3,0.511001,0.0097073,0.339272,0.0674941,25.647,18.0715,0.119245
sweep_gain,200143,0.726568,29.2193,0.371298,4.75523,0.424511,0.472799,0.20588,0.831124,134.107,0.112834,31.6076,0.146987,0.687388,2.90578,0.652199,256.607,50,10,-1048576,-7050,0.0017704,35.16,0.992321,0.0195871,0.00584262,-0.0100224,101.452,0.0814884,54.4246,0.330757,602.161,0.467784,0.0957206,0.0622319,0.0771633,20.4353,22.0251,0.223791
sweep_gain,200144,1.24815,25.9026,0.535409,5.42286,0.334582,0.375992,0.0106114,1.47323,268.795,0.106859,39.2242,0.112541,0.310507,2.60749,1.47789,435.21,50,10,-1048576,-7050,0.000206157,130.896,0.15332,0.0122314,0.00186526,-0.0217479,72.2014,0.0887282,33.3311,0.852739,500.677,0.131606,0.00797341,0.505642,0.15487,14.9102,10.8191,0.120007
sweep_gain,200145,1.188,31.7681,0.600792,3.46597,0.473481,0.360515,0.287854,4.29533,216.218,0.144635,63.2749,0.0217868,0.991216,2.66938,1.10597,137.816,50,10,-1048576,-7050,0.00393155,283.588,0.195789,-0.0190052,0.00176526,0.00519869,174.726,0.07129,23.826,1.31742,1185.65,0.558516,0.0819161,0.351204,0.175335,6.25763,24.065,0.203255
sweep_gain,200146,0.976042,24.1146,0.897037,5.86656,0.264773,0.346999,0.209777,3.74792,73.8369,0.18751,34.0924,0.163563,0.166078,2.61805,1.11106,550.058,50,10,-1048576,-7050,0.00105229,180.317,0.777202,0.0137184,0.00948619,-0.0244124,38.6605,0.0118668,58.7155,1.69534,7.67705,0.563007,0.0861523,0.242909,0.0459339,14.1887,8.12248,0.114952
sweep_gain,200147,1.29408,21.1846,0.799474,3.38376,0.782191,0.062679,0.180864,0.300627,299.07,0.105676,65.3194,0.0740063,0.476885,1.29282,1.02385,514.875,50,10,-1048576,-7050,0.00217514,8.72328,0.165583,0.0157498,0.0068498,0.00982437,129.677,0.0811219,59.9254,0.916694,321.206,0.446713,0.079424,0.424777,0.190948,4.52757,12.2076,0.478778
sweep_gain,200148,1.27374,18.9698,0.754303,5.35882,0.00131606,0.417163,0.122748,1.38227,142.395,0.0647887,35.3099,0.131001,0.63699,1.02996,1.39195,213.545,50,10,-1048576,-7050,0.00303342,139.569,0.596846,-0.0197091,0.00666578,0.00202485,52.5653,0.0565855,13.5814,1.15271,1042.78,0.102958,0.0404734,0.230019,0.0589731,24.4037,9.21961,0.354641
sweep_gain,200149,1.15221,25.5566,0.231492,1.58671,0.973512,0.235205,0.0650294,3.53776,293.442,0.0254609,51.6511,0.0776934,0.781319,2.58778,1.36084,345.082,50,10,-1048576,-7050,0.00181081,226.57,0.285134,-0.0191806,0.000855863,-0.00526233,60.032,0.0266215,42.1823,2.24219,1069.35,0.420474,0.0994117,0.0951012,0.236949,3.33117,25.568,0.58625
sweep_gain,200150,0.96021,24.4365,0.556799,1.84966,1.40883,0.0333534,0.247664,0.487362,289.995,0.150457,91.0142,0.161571,0.843831,1.14289,1.33263,439.369,50,10,-1048576,-7050,0.00217534,86.1448,0.421263,-0.012218,0.00644589,0.0343475,70.0289,0.0417912,73.9728,0.0158031,92.1807,0.539136,0.0611411,0.215473,0.118034,24.8237,5.14295,0.494262
sweep_gain,200151,0.860638,20.7125,0.838599,4.0852,1.19497,0.0792812,0.20224,1.34263,47.8951,0.0259068,8.08798,0.0072241,0.139134,2.86414,0.937946,498.332,50,10,-1048576,-7050,0.00420459,293.262,0.50976,0.00683302,0.00382699,0.00459073,39.0,0.0417937,43.6429,1.49605,466.026,0.579448,0.052195,0.117012,0.288743,11.0092,19.4192,0.215951
sweep_gain,200152,1.0506,21.6584,0.268662,1.22547,1.36588,0.399368,0.163325,2.71416,215.333,0.149247,99.2931,0.0664502,0.38769,1.07207,0.921285,379.501,50,10,-1048576,-7050,0.004274,99.8769,0.39484,-0.0156874,0.000934675,-0.0135953,186.953,0.0754022,70.218,2.90303,684.819,0.308011,0.0840863,0.249912,0.0635831,6.56444,6.68497,0.146119
sweep_gain,200153,0.888782,20.3931,0.384094,2.71479,0.0163143,0.24782,0.0508067,4.90704,227.791,0.178937,69.4543,0.184455,0.662576,1.06162,1.44244,380.475,50,10,-1048576,-7050,0.00406623,298.487,0.71532,0.0177899,0.00827474,0.00990717,17.3561,0.0280894,56.0164,0.135782,759.093,0.549725,0.0823241,0.103801,0.0432482,14.2139,14.7249,0.375047
sweep_gain,200154,1.24106,35.9041,0.305692,1.57226,1.34776,0.20877,0.186593,4.84397,117.401,0.172647,54.0113,0.0750743,0.869288,1.54747,0.754149,521.665,50,10,-1048576,-7050,0.000307124,253.511,0.51072,-0.00669297,0.000211001,-0.0462602,31.0474,0.0316356,68.1219,0.815743,776.809,0.493059,0.0721693,0.122417,0.0644261,26.3252,4.86027,0.590226
sweep_gain,200155,0.872252,23.6554,0.45218,3.16452,0.651527,0.260737,0.038512,1.53155,49.1311,0.0873943,70.7231,0.00515352,0.427706,1.39798,1.07361,207.691,50,10,-1048576,-7050,0.0012442,42.3156,0.930536,-0.00157358,0.00682773,0.0422712,154.341,0.0848698,73.0058,1.54227,1011.97,0.337229,0.0448169,0.514939,0.127509,5.78739,28.2105,0.390235
sweep_gain,200156,1.26626,32.0867,0.0344555,5.31335,0.318207,0.186799,0.0255603,1.96799,250.831,0.154359,17.6453,0.159822,0.596942,1.84115,1.27037,535.652,50,10,-1048576,-7050,0.00434808,262.69,0.0920588,-0.00158903,0.00162204,-0.00498218,119.784,0.08932,9.93856,1.85779,738.407,0.35726,0.0183436,0.170931,0.0591889,7.97957,18.4594,0.370704
sweep_gain,200157,1.16796,33.4361,0.540786,4.00648,0.0963593,0.341769,0.0461004,1.08514,131.324,0.0295315,73.5984,0.0715685,0.242922,1.495,1.00031,323.546,50,10,-1048576,-7050,0.0034527,123.291,0.611886,0.013764,0.00799165,0.0460158,88.8992,0.0101507,58.4835,0.830341,1127.95,0.507885,0.04789,0.215786,0.10192,19.0101,25.6387,0.296723
sweep_gain,200158,1.09602,39.5116,0.471985,5.22355,0.945503,0.138843,0.278037,1.21357,114.515,0.160275,11.226,0.0664485,0.518366,1.72652,1.19606,245.539,50,10,-1048576,-7050,0.00169602,256.547,0.43998,-0.0176042,0.00945405,-0.0166977,189.9,0.05489,23.8166,2.32463,934.327,0.218202,0.0127669,0.573397,0.227643,19.1256,27.9326,0.149172
sweep_gain,200159,0.916903,31.1306,0.642087,4.31827,0.260708,0.108951,0.139146,4.60437,167.799,0.153577,50.6892,0.0677642,0.335214,1.62544,1.21939,360.733,50,10,-1048576,-7050,0.00169537,139.479,0.12713,-0.010942,0.00802786,0.0213968,26.6492,0.098849,52.2436,0.550869,287.307,0.268878,0.0680768,0.205058,0.286832,19.4687,24.8027,0.5013
sweep_gain,200160,1.0133,18.5209,0.381714,4.32463,1.04571,0.330666,0.272361,0.102822,51.1947,0.0813898,95.7543,0.123749,0.0527283,1.23572,0.758497,251.964,50,10,-1048576,-7050,0.00171243,114.273,0.939411,-0.00960599,0.00263442,-0.00044564,21.8669,0.0933102,25.9792,1.77852,1012.42,0.171378,0.0685544,0.210546,0.136939,11.7981,2.83991,0.462071
sweep_gain,200161,0.738873,37.2517,0.085536,4.19866,1.05483,0.192235,0.139809,4.75009,242.793,0.0592361,43.8807,0.0562765,0.228233,1.40774,1.36412,475.413,50,10,-1048576,-7050,0.00241034,217.998,0.79445,-0.0117907,0.000656714,0.00724067,117.457,0.0932118,54.0407,0.388057,22.1685,0.521857,0.0707637,0.534514,0.196894,17.448,22.7345,0.350689
sweep_gain,200162,0.790474,32.475,0.744659,3.2046,0.902076,0.103906,0.209595,2.37021,121.147,0.0275442,88.7547,0.115564,0.93145,2.14498,1.20488,463.948,50,10,-1048576,-7050,0.000243608,69.0834,0.792258,0.0023349,0.00675292,0.0150484,56.3029,0.0323222,62.822,2.67407,293.826,0.197934,0.0877542,0.575523,0.13813,11.6702,2.68775,0.0942649
sweep_gain,200163,0.845463,37.2258,0.780296,1.71173,1.44157,0.452294,0.0359323,3.85163,131.979,0.122656,74.648,0.083636,0.401811,2.68105,1.2249,208.248,50,10,-1048576,-7050,0.00134354,234.998,0.149134,-0.00264012,0.00862565,0.0391965,103.727,0.00656686,48.8578,2.17863,1106.33,0.450987,0.0451485,0.199547,0.246405,17.5012,7.91827,0.18735
sweep_gain,200164,1.18729,19.3813,0.464727,4.01408,0.383848,0.42436,0.134068,0.746142,178.276,0.0396256,89.4959,0.133825,0.0819819,1.52204,0.784922,515.048,50,10,-1048576,-7050,0.00216505,295.614,0.518291,0.00397122,0.00913482,0.0445444,61.2893,0.0967824,36.5215,2.55082,819.093,0.348187,0.0411503,0.592787,0.0634029,3.30442,4.03971,0.114377
sweep_gain,200165,0.89288,24.9119,0.6084,3.11574,0.693562,0.0371844,0.148719,2.48872,54.7524,0.045024,90.1941,0.0723989,0.597657,1.49066,0.738258,162.783,50,10,-1048576,-7050,0.00460853,273.594,0.161507,-0.019549,0.0018467,0.0314403,4.57276,0.0562771,51.3525,0.946684,1145.72,0.272522,0.0429103,0.143201,0.147821,27.4863,12.7128,0.327267
sweep_gain,200166,1.15391,23.4291,0.755222,4.40058,0.291757,0.0568641,0.101741,4.61281,92.955,0.108811,29.3615,0.178462,0.853849,1.36856,1.44308,254.558,50,10,-1048576,-7050,0.00110935,178.782,0.6613,-0.0185805,0.00195742,-0.0296964,41.393,0.0492568,26.215,1.33248,1125.55,0.411693,0.00802042,0.241111,0.227578,14.1228,28.7559,0.533495
sweep_gain,200167,1.11213,24.4419,0.272352,3.84208,1.49235,0.249229,0.000129333,2.32362,38.0451,0.0607404,91.3002,0.132463,0.234511,1.82871,0.891252,472.29,50,10,-1048576,-7050,0.00474323,154.586,0.505768,0.00902453,0.00637231,-0.0328637,84.1736,0.0366443,68.4498,0.361851,1087.61,0.320213,0.0154027,0.390191,0.080426,17.4345,15.3235,0.490226
sweep_gain,200168,0.728674,29.9987,0.480077,2.02784,0.89914,0.289703,0.0302174,2.76101,118.819,0.0471012,37.532,0.0307187,0.779861,1.23079,1.22381,120.008,50,10,-1048576,-7050,0.000110509,240.033,0.639668,0.0120537,0.00116947,-0.00763846,104.247,0.050891,13.338,1.84034,207.39,0.377553,0.0514886,0.34716,0.271904,7.45764,8.97071,0.124713
sweep_gain,200169,1.25909,39.2578,0.0562492,2.33115,0.0161758,0.207096,0.00264791,1.07648,81.1846,0.134969,31.0438,0.168265,0.477678,2.49054,1.43634,527.638,50,10,-1048576,-7050,0.000298158,61.9242,0.317206,0.0092199,0.00509763,0.0333173,6.19246,0.0959049,56.8294,0.0767499,604.053,0.492509,0.0219504,0.100378,0.218855,3.82053,11.9784,0.547936
sweep_gain,200170,1.08839,38.2477,0.0015275,5.10056,0.938273,0.306089,0.225897,1.32698,173.97,0.0753008,14.2535,0.0109869,0.642632,2.7797,1.17843,136.255,50,10,-1048576,-7050,0.00484795,6.99228,0.635723,0.00899686,0.00821688,0.0179478,111.249,0.0859393,67.327,2.72028,799.007,0.230945,0.0220363,0.130376,0.0950987,26.2606,16.1505,0.38487
sweep_gain,200171,1.02723,23.9049,0.326528,2.17953,0.955709,0.371094,0.168154,3.43686,113.553,0.106871,74.8786,0.105432,0.894524,2.64296,1.43501,294.334,50,10,-1048576,-7050,0.00159714,67.5309,0.108015,0.0107274,0.0039701,0.00379016,157.052,0.0620521,19.6612,1.35543,112.513,0.133798,0.0954973,0.416139,0.226645,3.40853,14.6346,0.558448
sweep_gain,200172,1.24536,26.07,0.325287,1.18978,0.602313,0.422982,0.204331,1.30625,124.585,0.166595,41.4482,0.114982,0.658237,1.25147,1.27559,333.719,50,10,-1048576,-7050,0.000167815,173.208,0.348865,-0.0100593,0.00725777,-0.0303355,165.915,0.0931469,72.1971,2.64097,509.525,0.154103,0.0525061,0.146596,0.161868,8.78254,28.6204,0.532149
sweep_gain,200173,1.0384,26.935,0.718659,1.41616,1.48667,0.30658,0.189382,0.288922,137.049,0.1122,60.6293,0.0496382,0.554295,1.86615,0.624444,509.849,50,10,-1048576,-7050,0.000687714,261.231,0.115258,-1.27201e-05,0.00547687,-0.0322143,7.23254,0.0301544,49.9867,1.55991,304.611,0.316511,0.0689722,0.521897,0.192949,5.63875,16.1291,0.348956
sweep_gain,200174,0.903191,30.0673,0.177234,4.71125,1.11726,0.171332,0.0198805,2.54634,204.506,0.171479,27.0502,0.0680579,0.587199,2.31164,0.736788,186.009,50,10,-1048576,-7050,0.00220187,264.671,0.808857,-0.0118477,0.00442371,-0.0174356,14.3152,0.0763339,69.1094,1.24053,866.323,0.216419,0.0987718,0.524709,0.153475,15.6049,28.4145,0.485121
sweep_gain,200175,1.13449,39.2214,0.28487,4.52825,1.42381,0.33985,0.20586,3.97985,293.482,0.107617,25.9522,0.0745994,0.556581,1.8583,1.47293,357.977,50,10,-1048576,-7050,0.00120606,162.0,0.156414,-0.0155269,0.00451444,-0.0425315,20.8657,0.0571922,55.5833,1.78807,1048.89,0.372889,0.0535297,0.292642,0.150347,2.46697,14.9442,0.16984
sweep_gain,200176,0.836472,38.123,0.886096,5.74832,0.338734,0.328745,0.254146,0.822021,273.471,0.184758,28.4672,0.0311938,0.494406,1.55025,0.713555,335.528,50,10,-1048576,-7050,0.00028907,176.267,0.104673,-0.0134504,0.00160066,0.0252508,172.139,0.0824922,73.3814,1.2607,199.651,0.231359,0.045326,0.0722983,0.160496,29.1215,14.0483,0.489633
sweep_gain,200177,1.16481,28.9859,0.80453,5.75853,0.347707,0.236157,0.282299,0.702038,232.979,0.13319,55.2343,0.122281,0.544775,2.26554,1.20832,317.342,50,10,-1048576,-7050,0.00419141,281.382,0.0623828,-0.0186358,0.00636014,0.0224846,24.7748,0.0738444,14.6798,0.32831,734.79,0.292731,0.0358189,0.111453,0.146408,28.3885,25.6858,0.187844
sweep_gain,200178,1.20497,35.5675,0.396736,3.26814,0.994186,0.194397,0.182657,4.86825,191.777,0.0836201,22.4536,0.0110489,0.213624,1.39633,0.80901,498.184,50,10,-1048576,-7050,0.00337851,83.108,0.999427,-0.00496853,0.0054423,-0.0125328,108.325,0.0760405,49.1293,1.89055,80.9692,0.189166,0.0781895,0.0672458,0.26827,6.40617,25.3461,0.342784
sweep_gain,200179,0.835794,18.563,0.081699,1.81456,1.35961,0.477554,0.239394,1.81996,246.043,0.175368,29.2475,0.0326471,0.668859,1.31002,0.825736,366.016,50,10,-1048576,-7050,0.00382115,129.204,0.104516,0.018204,0.00681474,-0.00211525,29.4413,0.032821,17.0228,2.10295,293.572,0.359127,0.0883454,0.0645701,0.130885,25.8299,3.61987,0.395435
sweep_gain,200180,0.897749,19.455,0.143705,3.49122,1.01348,0.38438,0.0614528,3.35732,215.919,0.197856,59.0482,0.0489346,0.488786,2.6708,1.35267,242.678,50,10,-1048576,-7050,0.00373266,14.796,0.281174,-0.00959792,0.00948943,-0.0391823,50.4321,0.00680677,13.0247,1.41862,755.162,0.283721,0.0398531,0.372208,0.0807237,8.55084,22.3948,0.44466
sweep_gain,200181,0.731555,22.0842,0.909988,4.06345,1.49164,0.391313,0.123832,3.61838,66.0861,0.029026,15.4579,0.0501921,0.360205,2.93276,1.15125,246.932,50,10,-1048576,-7050,0.00416433,258.513,0.867953,0.0189754,0.00313522,-0.0233807,106.676,0.0185127,55.1162,1.35031,384.159,0.492161,0.0241231,0.36245,0.0710253,28.3771,5.60403,0.317519
sweep_gain,200182,1.22805,37.9112,0.237854,2.4109,0.848302,0.438428,0.271718,2.17044,294.341,0.128233,67.9078,0.016137,0.241644,2.26037,0.991635,438.412,50,10,-1048576,-7050,0.00207775,59.1578,0.454714,0.00322177,0.00378782,0.016213,100.965,0.0774591,65.357,2.44181,208.303,0.195606,0.0603701,0.596955,0.0309839,27.7948,24.7921,0.559153
sweep_gain,200183,1.0143,28.7048,0.643698,1.86333,0.0369765,0.474322,0.0276467,1.83131,183.594,0.0322199,34.9007,0.0284038,0.728982,1.92984,0.771748,118.289,50,10,-1048576,-7050,0.000637775,85.716,0.693292,-0.0177466,0.000335292,-0.0345525,28.2653,0.0329014,47.6858,2.92615,194.193,0.206983,0.0773773,0.205432,0.0701805,21.8736,28.7911,0.143369
sweep_gain,200184,1.29036,33.3421,0.130818,5.61835,1.33261,0.425234,0.276937,2.38488,68.9264,0.0408945,80.2829,0.145635,0.591263,1.70996,0.545302,586.898,50,10,-1048576,-7050,0.00182623,72.1007,0.197914,0.00256047,0.000112159,0.017659,168.806,0.0861306,75.5561,1.9583,667.605,0.436611,0.067177,0.518364,0.170019,21.9351,21.366,0.136658
sweep_gain,200185,0.996379,32.193,0.306022,2.57018,0.573525,0.392486,0.191845,0.995411,81.9803,0.146134,80.9723,0.127979,0.0413403,1.92479,1.2464,493.56,50,10,-1048576,-7050,0.00154003,32.3216,0.558612,0.0185425,0.000523319,-0.0141459,127.792,0.041975,77.7788,2.9463,326.266,0.435993,0.0479532,0.158024,0.147906,24.9392,15.455,0.406855
sweep_gain,200186,1.06017,32.1607,0.016128,3.69363,0.604366,0.447897,0.0174978,0.714289,76.4699,0.0928209,80.6755,0.0511703,0.407729,1.30175,0.833185,283.944,50,10,-1048576,-7050,0.00123674,224.034,0.793109,-0.00934102,0.0020889,0.0428615,46.7715,0.0377482,11.6319,2.5824,161.327,0.410961,0.0520278,0.240314,0.187892,25.3239,6.17222,0.343958
sweep_gain,200187,1.29158,39.9268,0.078006,3.91988,0.560011,0.123556,0.175111,4.45459,47.5757,0.158466,25.5122,0.168054,0.165773,2.12798,0.880903,316.716,50,10,-1048576,-7050,0.00289117,116.833,0.361614,0.0091986,0.00307774,-0.0225209,72.0202,0.0466977,48.249,0.0373209,940.285,0.320869,0.0665652,0.403912,0.0656013,13.4718,25.8215,0.208233
sweep_gain,200188,0.743352,27.2223,0.314064,4.36911,0.151036,0.0876802,0.0844853,3.01836,298.513,0.0915841,58.9054,0.0220514,0.511925,2.65174,1.44104,566.376,50,10,-1048576,-7050,0.00472119,111.159,0.116336,0.0193041,0.00387407,-0.0361113,66.6111,0.00657475,28.3569,2.63539,74.1647,0.264149,0.0477286,0.580572,0.152169,7.59291,23.2536,0.345816
sweep_gain,200189,0.895049,29.7329,0.449283,4.40399,1.46959,0.337003,0.0739817,1.6021,226.505,0.0490276,47.7527,0.121129,0.726695,2.06183,1.04242,503.27,50,10,-1048576,-7050,0.00477279,292.11,0.448053,-0.0149086,0.00414368,0.00552152,29.4954,0.0513185,23.0174,2.98247,1064.57,0.490637,0.0457563,0.379765,0.0356204,25.2478,16.4813,0.488269
sweep_gain,200190,1.20872,25.0574,0.0980447,2.20285,0.883278,0.122054,0.297669,0.634263,114.847,0.179031,19.6993,0.12114,0.678297,2.94954,0.630226,424.098,50,10,-1048576,-7050,0.00491981,96.5845,0.682334,0.0105313,0.00285157,0.0481005,80.2834,0.0899275,37.5607,1.04969,156.527,0.257272,0.0359535,0.303681,0.273735,17.6856,26.9871,0.127031
sweep_gain,200191,1.24093,34.7716,0.422263,3.2416,0.535656,0.257531,0.07581,1.53406,145.591,0.173051,32.583,0.161835,0.499097,1.20732,1.17295,384.32,50,10,-1048576,-7050,0.004908,196.615,0.91428,0.00663267,0.00295011,-0.0225225,109.628,0.00859979,28.3211,2.04945,677.98,0.206487,0.00674126,0.158911,0.0465539,25.1797,11.953,0.333913
sweep_gain,200192,0.791084,28.4257,0.360647,5.41795,1.08611,0.352028,0.102526,3.68824,106.922,0.0928441,42.3954,0.109779,0.685636,2.37229,1.37479,289.698,50,10,-1048576,-7050,0.000583215,53.5459,0.564846,0.0130282,0.00462578,-0.0309165,164.958,0.0602139,49.6214,1.82325,819.577,0.219346,0.0269159,0.26212,0.0697163,3.06981,28.1573,0.118741
sweep_gain,200193,0.770877,21.1044,0.074104,1.49908,0.731652,0.192211,0.28698,2.84898,177.275,0.187519,67.9044,0.0228666,0.475409,1.61693,1.21021,151.058,50,10,-1048576,-7050,0.00347784,192.349,0.61908,-0.00700817,0.00677012,-0.041696,91.7015,0.0827494,72.0358,2.22218,65.5528,0.363909,0.013473,0.382836,0.254224,24.9272,28.8674,0.3932
sweep_gain,200194,0.836202,37.7249,0.323011,3.25176,0.503149,0.379044,0.16924,3.14109,283.438,0.0317402,67.5981,0.157115,0.51964,1.02667,1.46269,130.929,50,10,-1048576,-7050,0.000294924,39.298,0.664214,0.0106318,0.00252196,0.0423082,104.977,0.0453291,65.5454,1.34275,44.4309,0.568154,0.0405296,0.512305,0.229369,10.4145,19.4665,0.181699
sweep_gain,200195,1.00256,34.9519,0.791952,2.59958,0.166916,0.0578513,0.144716,0.824092,211.411,0.087714,24.5098,0.0305988,0.860545,2.44481,1.33309,289.614,50,10,-1048576,-7050,0.000756746,83.8666,0.967891,0.0177354,0.000845067,0.0410099,103.977,0.0171581,26.0884,2.64889,404.027,0.416782,0.0767385,0.297984,0.204186,26.2251,9.0045,0.157857
sweep_gain,200196,0.794688,37.4078,0.00605906,5.45753,0.681986,0.469429,0.293345,4.88113,111.444,0.172833,81.3158,0.16581,0.748506,1.68817,1.16058,304.207,50,10,-1048576,-7050,0.00475021,194.459,0.786447,-0.0115555,0.0097335,0.0163369,196.199,0.088001,43.8439,1.12225,128.896,0.255992,0.0987972,0.221453,0.123572,10.0589,28.2344,0.0634557
sweep_gain,200197,0.954668,36.9049,0.236316,1.84947,0.970654,0.108954,0.0575421,3.04996,208.961,0.107415,11.4573,0.142708,0.762406,2.42631,1.45116,109.545,50,10,-1048576,-7050,2.06187e-05,196.051,0.882176,0.000372715,0.00220768,-0.0075671,54.7562,0.0613111,52.1953,1.61978,682.129,0.395299,0.0545696,0.391197,0.0439694,4.34058,2.85291,0.469649
sweep_gain,200198,1.0895,22.9754,0.904646,1.1855,1.30664,0.396478,0.168804,0.850696,166.077,0.171175,98.8325,0.089868,0.187647,2.80934,1.09316,499.513,50,10,-1048576,-7050,0.00294623,80.1313,0.453253,0.000645175,0.00773451,-0.0265987,87.4054,0.0472171,57.2243,0.289107,144.487,0.20756,0.0721316,0.467153,0.142048,17.5863,28.4119,0.453803
sweep_gain,200199,0.792905,31.7367,0.512392,5.65724,0.896152,0.400965,0.109649,3.67332,91.2947,0.0582899,57.9235,0.152611,0.433001,1.5034,1.00323,417.004,50,10,-1048576,-7050,0.00323277,261.534,0.756803,-0.00700597,0.00205722,-0.0374101,136.641,0.056016,41.176,0.044567,781.523,0.203945,0.00900479,0.400779,0.286603,9.98843,16.4588,0.212859
sweep_gain,200200,0.922935,25.3226,0.792722,4.69563,0.130531,0.218861,0.159554,4.85415,255.451,0.131167,50.2263,0.191923,0.262562,2.62641,1.17999,447.225,50,10,-1048576,-7050,0.000534838,131.022,0.163947,0.0109526,0.00164717,-0.0411386,175.056,0.0682272,42.6011,2.59193,280.548,0.563679,0.00890784,0.135716,0.111553,21.5455,3.67592,0.485009
sweep_gain,200201,0.911305,27.163,0.542502,2.0927,1.2634,0.217749,0.0325386,0.0568819,201.373,0.143253,70.9814,0.0812654,0.922599,1.03532,1.36051,261.423,50,10,-1048576,-7050,0.00347341,124.291,0.95446,0.00441362,0.00619794,-0.0333228,14.6917,0.0807548,74.714,0.414885,753.448,0.216273,0.0425441,0.501409,0.268912,23.3456,27.2964,0.482312
sweep_gain,200202,0.952713,29.3781,0.334097,5.82033,0.623588,0.0902468,0.192856,2.15112,241.319,0.185194,56.0574,0.0303067,0.850985,2.02741,1.30766,339.023,50,10,-1048576,-7050,0.00327121,122.077,0.167003,0.0193764,0.00617719,-0.0331918,86.5695,0.0942788,48.8813,2.42282,610.533,0.473499,0.0772214,0.525815,0.274969,29.0229,5.05009,0.230769
sweep_gain,200203,0.901385,25.1569,0.432579,5.93051,0.516684,0.237475,0.0295228,2.24391,255.043,0.037867,93.1944,0.0224983,0.936429,2.77833,1.35682,222.552,50,10,-1048576,-7050,0.00414439,220.602,0.18588,-0.00332203,0.00790413,-0.0253411,176.271,0.0345354,31.4255,2.31714,290.429,0.388895,0.0697447,0.523008,0.0799012,26.3623,18.3314,0.308787
sweep_gain,200204,1.28237,22.8455,0.484547,5.16441,1.07486,0.26258,0.251488,2.08733,220.546,0.171285,26.4207,0.123553,0.898642,1.87439,1.16175,488.109,50,10,-1048576,-7050,0.000645602,239.916,0.337528,-0.00904215,0.00357197,0.00860302,3.20795,0.0104849,16.8836,1.09049,1033.38,0.529345,0.057086,0.0675918,0.144577,14.2225,19.4478,0.375912
sweep_gain,200205,0.965525,24.7324,0.790021,5.569,0.0185447,0.221562,0.11255,2.95343,217.925,0.128682,44.2412,0.162335,0.718434,2.17448,1.30266,412.015,50,10,-1048576,-7050,0.00456567,204.354,0.89742,0.00787212,0.00992833,0.0343499,84.5742,0.0306094,7.0953,2.61662,579.977,0.450482,0.00750444,0.549892,0.281237,21.4776,8.72436,0.571067
sweep_gain,200206,0.715301,32.3417,0.604518,1.99449,0.986007,0.218172,0.164453,2.16737,165.58,0.168842,30.4594,0.100681,0.764302,2.89168,0.729991,123.775,50,10,-1048576,-7050,0.0010316,123.02,0.896408,-0.00586924,0.00448835,0.00388992,130.265,0.0507601,17.7038,0.766558,12.9155,0.313,0.0451701,0.476638,0.216347,19.3326,18.4479,0.499715
sweep_gain,200207,0.956216,32.9289,0.631953,3.21863,0.0291316,0.158867,0.13722,2.44539,51.91,0.143508,98.0228,0.0882347,0.909991,1.24041,0.76008,583.679,50,10,-1048576,-7050,0.00283525,237.893,0.123088,-0.00943163,0.00450417,-0.0246098,126.226,0.0469632,76.423,0.142425,103.675,0.366671,0.0862197,0.220236,0.200539,22.4601,14.6604,0.307307
sweep_gain,200208,0.786206,38.6278,0.496137,3.10364,0.483632,0.219325,0.257825,3.36482,30.3303,0.166927,74.7476,0.0925194,0.474367,1.78771,1.23497,362.479,50,10,-1048576,-7050,0.00335919,241.485,0.0797535,-0.00108247,0.00718589,-0.00105721,125.525,0.0361649,43.7821,2.01904,35.5796,0.263027,0.0872488,0.392566,0.0796719,7.51495,17.8156,0.242018
sweep_gain,200209,1.06498,27.2471,0.269101,4.11161,0.264797,0.496169,0.275029,0.699415,155.157,0.0281771,89.6202,0.0469406,0.329936,2.52273,1.06374,229.594,50,10,-1048576,-7050,0.0045955,19.5546,0.732587,-0.014471,0.00955659,-0.0409702,124.381,0.0563749,24.0453,1.31938,83.4773,0.479621,0.0266435,0.0988943,0.1691,2.85533,18.2732,0.516514
sweep_gain,200210,1.0766,34.9154,0.124194,5.59595,0.896907,0.026818,0.2369,4.15961,35.9667,0.100515,32.5216,0.156396,0.133599,2.22929,1.33945,232.425,50,10,-1048576,-7050,0.0047965,144.287,0.64916,-0.00410533,0.00571136,-0.0399815,55.4746,0.0795918,22.3603,1.21344,581.648,0.240511,0.0583831,0.0511717,0.126144,5.50873,15.2923,0.188978
sweep_gain,200211,0.860403,24.0508,0.269552,4.42555,0.979671,0.160337,0.176814,4.53625,144.083,0.165093,20.2009,0.0434872,0.66232,1.92252,0.508163,324.359,50,10,-1048576,-7050,0.00338743,268.652,0.711893,0.00100339,0.000779736,-0.0211179,115.069,0.0731242,38.2271,0.142716,586.0,0.249188,0.0733513,0.39627,0.294517,15.7362,11.4345,0.178075
sweep_gain,200212,1.05763,28.6627,0.552326,3.21587,1.31811,0.490941,0.200973,1.20943,201.768,0.0477377,59.2261,0.159356,0.457691,1.71818,1.15083,223.626,50,10,-1048576,-7050,0.00311999,64.3127,0.508941,0.0105352,0.00621983,-0.0319073,5.3402,0.0415585,32.0517,0.126382,891.583,0.42932,0.0643925,0.0885956,0.0934658,21.628,23.8449,0.0677073
sweep_gain,200213,1.18877,38.8939,0.289917,1.69868,0.748628,0.0924493,0.145983,2.36681,79.0814,0.0754316,46.9816,0.140565,0.0581319,1.87884,0.599543,322.082,50,10,-1048576,-7050,0.00142272,89.4248,0.680565,-0.0197292,0.00952126,0.0264308,184.522,0.0386729,34.8664,1.53431,61.9385,0.421451,0.0348281,0.517563,0.0892982,17.5225,29.4217,0.262735
sweep_gain,200214,1.08426,36.5046,0.0450469,5.78563,1.45748,0.0365624,0.173723,2.36753,297.837,0.0677034,63.9698,0.025249,0.617077,1.11304,0.826021,437.26,50,10,-1048576,-7050,0.000867543,183.037,0.656082,0.00566583,0.00637423,0.0481083,52.942,0.0782755,5.66082,0.707139,453.206,0.383139,0.019247,0.424859,0.263141,12.6187,22.4851,0.365754
sweep_gain,200215,1.23826,22.4379,0.863026,1.60784,1.39081,0.106385,0.145448,1.19789,277.715,0.134402,96.0711,0.134584,0.341298,2.1943,0.897642,238.816,50,10,-1048576,-7050,0.00499701,258.157,0.375734,0.0116685,0.00114634,-0.0274851,110.786,0.0928783,27.4243,2.09654,16.5697,0.287778,0.0936275,0.230751,0.174852,27.2248,8.76434,0.268944
sweep_gain,200216,1.24278,31.5321,0.24108,2.42086,0.134627,0.448514,0.254506,4.81524,104.834,0.126256,29.7883,0.0154497,0.164312,1.29978,1.01615,102.764,50,10,-1048576,-7050,0.00491903,267.284,0.942108,-0.0189592,0.0035584,0.0270253,81.1325,0.072765,54.1928,1.80321,443.795,0.214499,0.0538363,0.327712,0.0720459,23.3304,12.4272,0.595397
sweep_gain,200217,0.835261,27.0541,0.254302,2.62794,1.14522,0.421852,0.140772,0.546979,287.136,0.121852,21.6016,0.108476,0.5662,2.85933,0.833916,452.9,50,10,-1048576,-7050,0.00459728,85.7961,0.7883,0.00639799,0.000760583,-0.000397658,122.961,0.0869457,71.7137,0.811102,320.434,0.330371,0.0132016,0.447421,0.253022,28.1022,6.40705,0.0552306
sweep_gain,200218,0.880476,25.0864,0.253598,1.63106,0.752171,0.459715,0.199814,4.50641,166.391,0.145821,39.9978,0.163946,0.892409,2.82138,1.28695,239.009,50,10,-1048576,-7050,0.00364873,177.0,0.112584,0.00606535,0.00443895,-0.0489376,45.6275,0.0369399,8.2413,2.34066,752.499,0.59938,0.0295691,0.505688,0.0783068,20.6874,5.83251,0.320871
sweep_gain,200219,1.11609,28.5196,0.556081,5.19157,0.791135,0.123875,0.161803,3.92516,115.115,0.111139,10.904,0.160816,0.842302,2.27892,1.30395,495.76,50,10,-1048576,-7050,0.00322709,19.7693,0.356302,-0.00643277,0.0037044,-0.0472426,169.487,0.0553288,16.8497,1.85452,1019.73,0.45347,0.0489862,0.46119,0.0389765,8.56972,28.9291,0.233229
sweep_gain,200220,0.876981,25.6656,0.686145,4.41237,0.69407,0.0933961,0.299431,2.06572,284.601,0.159138,67.7724,0.190875,0.153818,1.03148,0.619541,423.716,50,10,-1048576,-7050,0.00265743,286.51,0.100232,-0.0144929,0.0074783,0.0173571,60.5818,0.0637787,26.7554,0.0616214,170.891,0.107551,0.040367,0.405664,0.0849395,9.2746,28.6566,0.305369
sweep_gain,200221,1.17385,32.1943,0.251604,3.72848,1.34896,0.270636,0.222195,4.03098,216.288,0.0486536,72.9332,0.163457,0.488482,2.03279,0.576446,115.707,50,10,-1048576,-7050,0.00492836,139.964,0.45199,0.0144451,0.00872804,0.0456879,67.4834,0.088245,17.7793,0.0704674,562.316,0.109874,0.0981537,0.359033,0.178333,18.3478,9.20752,0.345438
sweep_gain,200222,0.753072,21.9016,0.77865,1.19878,0.714356,0.204043,0.0134353,0.374684,229.145,0.177818,54.0319,0.120068,0.133924,2.38306,0.976094,363.387,50,10,-1048576,-7050,0.000223947,30.8714,0.404243,-0.00808871,0.00378233,-0.00303029,184.37,0.0263251,30.2849,2.28885,195.167,0.288653,0.0760421,0.166046,0.1912,3.49794,9.89109,0.428722
sweep_gain,200223,1.27425,23.7383,0.75608,1.07284,0.917325,0.304024,0.187586,2.67019,252.668,0.0302924,87.0932,0.160417,0.779381,2.64864,0.761022,535.242,50,10,-1048576,-7050,0.000786315,92.9231,0.447171,-0.0063905,0.00852,-0.0478465,65.4776,0.017147,31.9242,2.72628,867.84,0.565986,0.0869596,0.221563,0.24864,27.7094,21.6254,0.157566
sweep_gain,200224,0.758255,34.0313,0.206449,3.79365,0.75087,0.384506,0.261155,3.18214,132.735,0.0575763,53.7926,0.18501,0.977701,1.41607,1.29878,478.856,50,10,-1048576,-7050,0.00411249,204.475,0.119364,0.0113811,0.00557387,0.0309019,159.389,0.0537503,39.5062,0.688242,1159.42,0.218002,0.0743279,0.263135,0.296298,25.1918,11.2293,0.333846
sweep_gain,200225,0.785368,33.1015,0.588128,3.90305,0.933451,0.0449976,0.179177,1.60803,281.818,0.0321777,97.3408,0.109476,0.541005,1.27939,1.42945,104.524,50,10,-1048576,-7050,0.000830843,182.11,0.603995,-0.00484901,0.00527003,-0.0136603,45.7019,0.0938532,8.94756,1.58791,289.302,0.251772,0.0466533,0.431075,0.104678,3.70494,25.1239,0.472154
sweep_gain,200226,1.12686,39.7027,0.602917,3.07616,0.324462,0.234007,0.0412415,2.07559,31.192,0.0217566,20.4276,0.0528339,0.969284,2.15452,1.33556,380.01,50,10,-1048576,-7050,0.000188212,112.814,0.328413,0.0111326,0.00650875,-0.033694,109.287,0.0733445,75.3553,2.4976,131.545,0.328745,0.0473445,0.464285,0.29889,8.9555,7.33902,0.593825
sweep_gain,200227,1.16642,39.2313,0.962599,4.81486,1.23311,0.209007,0.0697165,3.5677,243.755,0.0666253,20.1776,0.0507822,0.975121,2.96374,0.653324,483.625,50,10,-1048576,-7050,0.000612391,127.32,0.697441,-0.0102261,0.00752837,-0.0233099,97.4896,0.0371369,7.31671,1.90947,1002.04,0.12554,0.030929,0.440458,0.187244,26.5964,9.89219,0.406846
sweep_gain,200228,0.872965,37.9028,0.664406,2.65812,0.470703,0.267811,0.0872271,4.36002,90.4082,0.11145,72.2919,0.183052,0.764209,2.74517,1.40095,134.023,50,10,-1048576,-7050,0.0020462,173.114,0.631502,-0.00787566,0.00750822,-0.0286699,105.509,0.0518547,7.53346,2.62079,538.158,0.268572,0.0834612,0.275263,0.151764,12.2873,29.1103,0.187556
sweep_gain,200229,0.862001,39.0596,0.0389578,4.50529,0.602362,0.113108,0.25323,1.08048,66.6374,0.0770206,15.7584,0.0971585,0.823971,1.50096,0.841399,503.952,50,10,-1048576,-7050,0.00277065,216.122,0.33116,0.0095962,0.00276129,0.0208588,143.573,0.0933261,46.0068,2.48547,438.187,0.506148,0.017604,0.196029,0.251163,5.63301,5.45794,0.0548243
sweep_gain,200230,0.704571,31.4493,0.896226,2.29792,1.2598,0.323342,0.13664,0.621791,202.913,0.0992,73.126,0.162604,0.428231,1.47768,0.625692,539.815,50,10,-1048576,-7050,0.00395759,176.454,0.317761,0.00418698,0.00398839,0.0406536,73.7834,0.0706005,73.488,0.829237,506.814,0.21124,0.0618591,0.111851,0.269692,26.9942,20.7948,0.555988
sweep_gain,200231,1.22676,29.3221,0.960082,1.10025,0.677177,0.0249477,0.02387,3.71666,195.412,0.0494317,24.8708,0.0781625,0.601931,2.4432,1.49464,260.093,50,10,-1048576,-7050,0.000949352,251.787,0.801774,0.0146501,0.00607543,-0.0394964,72.1764,0.0198118,51.7001,0.334657,124.061,0.196224,0.0269565,0.241881,0.277447,10.9103,25.727,0.506783
sweep_gain,200232,0.963126,37.6043,0.447434,2.7979,0.32616,0.351238,0.11459,3.08872,62.494,0.0478711,36.7502,0.112942,0.18719,2.55517,1.38709,476.471,50,10,-1048576,-7050,0.00280253,109.763,0.342514,-0.018547,0.00243316,0.00222135,133.951,0.0935907,30.7305,1.59284,862.681,0.190196,0.0409948,0.290073,0.203674,13.8392,16.7882,0.279967
sweep_gain,200233,0.840684,31.2651,0.827932,4.28318,1.11455,0.294896,0.00478871,3.53031,208.583,0.0568308,21.4297,0.0624717,0.663195,2.81732,0.524239,371.234,50,10,-1048576,-7050,0.00468745,228.909,0.445701,-0.0184733,0.00851872,0.0173362,69.2311,0.0995304,36.4508,2.0302,1066.05,0.471717,0.0513939,0.525405,0.196516,29.8435,16.0409,0.535924
sweep_gain,200234,0.909335,37.1527,0.811498,3.43272,0.858863,0.364374,0.157521,0.245559,272.325,0.101643,89.7375,0.117237,0.53695,2.75414,0.647872,578.462,50,10,-1048576,-7050,0.000536959,92.0588,0.184343,0.0189254,0.00764745,-0.0251916,120.234,0.0894364,70.8399,0.606383,223.234,0.186873,0.0972217,0.467702,0.094914,19.7557,23.4368,0.360811
sweep_gain,200235,1.16093,23.1249,0.897737,2.18362,0.839243,0.0669501,0.0550817,2.7957,35.6987,0.0887614,68.5833,0.181901,0.271425,2.01541,1.12212,174.342,50,10,-1048576,-7050,0.000171522,19.7373,0.438299,0.00807862,0.000501981,-0.00605563,109.741,0.0459242,50.755,2.60347,963.295,0.442348,0.0267715,0.189408,0.215041,13.2504,18.0147,0.278201
sweep_gain,200236,1.06094,36.4579,0.453605,1.59433,0.928751,0.321404,0.15891,1.59319,166.136,0.0855935,6.22255,0.0533267,0.597672,1.71797,0.957719,358.663,50,10,-1048576,-7050,0.00423326,242.294,0.35327,0.016847,0.00462042,-0.0392406,139.945,0.0124653,35.9221,0.625931,198.015,0.390634,0.0886715,0.137825,0.249106,12.4566,22.5191,0.520348
sweep_gain,200237,1.10186,22.7786,0.62275,1.23323,0.029798,0.468297,0.086144,4.14382,133.545,0.0559876,54.5936,0.0244304,0.848721,1.29753,0.505114,180.313,50,10,-1048576,-7050,0.00486287,16.5596,0.20457,0.0178052,0.00698029,-0.0287402,75.2704,0.0223891,63.699,1.86283,245.484,0.567699,0.0963194,0.323186,0.22666,18.4482,9.44787,0.560045
sweep_gain,200238,1.15094,30.0549,0.725454,5.30346,0.120346,0.037128,0.120701,3.63423,79.2276,0.0598037,96.2799,0.0419199,0.844774,1.47151,1.27671,328.971,50,10,-1048576,-7050,0.00495946,105.863,0.812921,0.00128562,0.00907943,-0.00574345,118.009,0.0625053,46.7078,0.401198,128.69,0.453465,0.0429941,0.339106,0.0659588,23.8947,11.3889,0.229868
sweep_gain,200239,1.18909,32.715,0.593532,4.62184,0.170248,0.0587368,0.043677,4.57458,197.68,0.106086,90.0211,0.111984,0.414241,1.88518,1.3142,598.37,50,10,-1048576,-7050,0.00425739,25.754,0.422552,0.00301308,0.00362719,0.0134874,38.049,0.029097,78.6106,0.334031,908.099,0.121547,0.0639975,0.4169,0.16588,3.9004,24.9737,0.391955
sweep_gain,200240,0.719711,39.9241,0.411852,5.16383,1.15246,0.409337,0.00972908,4.56902,150.297,0.0909955,79.1954,0.0741991,0.866899,2.09739,1.23239,553.294,50,10,-1048576,-7050,0.00400815,199.391,0.525314,0.0120868,0.00618419,-0.0103794,52.6806,0.0507803,51.9794,2.65534,892.616,0.149355,0.0457394,0.242998,0.161387,28.6472,2.38372,0.529693
sweep_gain,200241,1.10062,35.0061,0.672333,2.45566,1.42284,0.28968,0.0517315,1.87518,100.077,0.0367176,36.08,0.154326,0.903952,1.30965,0.990158,255.669,50,10,-1048576,-7050,0.00439108,280.182,0.135585,0.0133552,5.33302e-05,0.0110255,33.768,0.0835725,8.87879,1.31475,669.98,0.132876,0.0803324,0.364997,0.17578,16.5036,11.3184,0.0849057
sweep_gain,200242,1.21894,22.4226,0.872748,4.30962,1.08739,0.21638,0.158691,4.22489,245.866,0.0846745,46.0326,0.182089,0.728698,2.81476,0.533847,187.949,50,10,-1048576,-7050,0.000822271,118.773,0.527581,-0.0017979,0.0070367,-0.0266729,169.124,0.0439604,9.42855,1.12395,40.6424,0.536764,0.0378197,0.290696,0.280699,19.3111,7.5516,0.529833
sweep_gain,200243,1.20792,22.0997,0.926449,3.36652,0.0718098,0.174594,0.142952,2.21375,222.196,0.0799387,26.2397,0.104289,0.552264,2.8737,1.37815,553.008,50,10,-1048576,-7050,0.00208955,156.968,0.946852,0.00944509,0.000123203,-0.0173079,143.49,0.0270383,28.3574,2.84055,783.655,0.199469,0.0391161,0.425571,0.0899864,27.7973,13.7269,0.0944129
sweep_gain,200244,0.866338,33.2301,0.610767,1.79761,0.204133,0.317722,0.123508,0.806401,94.0961,0.024285,5.68078,0.169866,0.146793,2.89601,0.68238,342.073,50,10,-1048576,-7050,0.00217711,216.06,0.792711,0.00975143,0.00626728,0.00311427,143.355,0.0978645,44.7616,2.57163,438.112,0.482148,0.0132119,0.232887,0.0667317,15.5435,28.9395,0.504853
sweep_gain,200245,1.25686,34.1332,0.626246,2.97083,1.27659,0.260858,0.0318315,3.59286,181.357,0.0342562,6.27919,0.0258259,0.898448,1.36003,0.9721,389.91,50,10,-1048576,-7050,0.00354591,52.04,0.929703,-0.0114011,0.00107498,0.0147822,53.4011,0.0493076,79.8294,1.04103,694.994,0.510803,0.0913202,0.377658,0.0878804,8.48588,24.3239,0.481575
sweep_gain,200246,0.860866,30.9496,0.397823,2.53133,1.4635,0.368707,0.2519,0.33767,257.293,0.145257,31.2795,0.110771,0.947164,1.25161,0.763658,351.981,50,10,-1048576,-7050,0.00469826,192.035,0.184526,-0.00284609,0.00552753,-0.038095,199.419,0.0931625,75.5826,2.89358,995.634,0.468564,0.0986128,0.365408,0.29663,19.2911,11.4943,0.589656
sweep_gain,200247,0.812076,36.8681,0.806345,2.46121,0.228278,0.130989,0.221574,1.48322,131.406,0.0988372,43.9202,0.119365,0.467434,2.39924,1.1697,595.845,50,10,-1048576,-7050,0.00367296,166.343,0.131401,-0.00614022,0.00991276,0.0104954,117.256,0.00830509,17.0363,0.843193,653.987,0.335791,0.0891833,0.532479,0.193805,9.56293,22.3308,0.384876
sweep_gain,200248,0.862823,18.7017,0.617442,4.71204,1.4163,0.487472,0.213709,1.50721,24.5849,0.18349,94.9582,0.0975482,0.817649,2.04729,0.890676,100.827,50,10,-1048576,-7050,0.000188285,149.748,0.176482,0.012027,0.00259321,0.0367014,183.379,0.00830885,45.8566,0.884041,817.98,0.475632,0.0700601,0.237555,0.150858,10.0218,28.5375,0.0785233
sweep_gain,200249,0.734605,34.5336,0.311344,1.44361,1.278,0.379872,0.24435,1.23978,245.191,0.0512157,17.5089,0.164019,0.0605071,1.33395,1.19073,302.804,50,10,-1048576,-7050,0.00320811,209.374,0.878072,0.00512484,0.00941442,-0.0226618,114.657,0.0247883,43.8384,1.43152,855.28,0.475429,0.0454395,0.321023,0.0738056,24.8173,10.5259,0.496515
sweep_gain,200250,1.22548,25.5224,0.299013,3.32789,1.29487,0.36422,0.130344,4.33291,229.704,0.0301678,96.1034,0.0355666,0.467576,2.58387,0.551194,383.918,50,10,-1048576,-7050,0.0045912,40.8451,0.315464,-0.00335881,0.0075162,0.0340584,170.566,0.023283,27.7418,0.453402,706.169,0.318004,0.0876012,0.435298,0.287627,26.2827,26.4357,0.147394
sweep_gain,200251,1.17312,25.0772,0.0876055,1.48033,0.663785,0.455873,0.0832039,1.11204,134.915,0.0607721,76.7251,0.111685,0.0281086,2.80721,0.77126,552.905,50,10,-1048576,-7050,0.00393474,206.367,0.482713,0.00414218,0.00612205,-0.0359847,96.9378,0.0798637,11.3348,2.29428,138.507,0.569536,0.0232827,0.438352,0.161483,23.0164,18.666,0.0541061
sweep_gain,200252,0.944554,33.5613,0.534945,4.31559,0.768989,0.144722,0.103709,0.818909,69.2972,0.101909,86.0515,0.0357062,0.778169,2.79176,1.16898,149.643,50,10,-1048576,-7050,0.00284726,299.039,0.109295,-0.0141947,0.00332785,0.0020465,139.004,0.0889283,56.6057,2.17291,60.2514,0.225238,0.0874921,0.570168,0.168728,21.2975,9.02506,0.551908
sweep_gain,200253,1.05335,18.5761,0.173712,5.94705,0.886064,0.357797,0.121248,0.983058,29.2556,0.174819,58.6271,0.184143,0.752318,2.63633,1.26207,551.468,50,10,-1048576,-7050,0.00415555,115.064,0.628449,-0.0032656,0.00527516,-0.0121887,4.6057,0.0367565,42.5068,0.174596,1157.74,0.171177,0.0596308,0.461188,0.284613,5.95632,23.6617,0.205841
sweep_gain,200254,0.855198,19.4238,0.544302,4.59189,0.822166,0.395588,0.17394,3.81881,203.948,0.127617,65.0654,0.165271,0.601452,1.02237,1.14768,433.983,50,10,-1048576,-7050,0.00137221,68.0974,0.346287,-0.00488166,0.00385412,-0.0228822,25.9767,0.099654,10.0175,0.634872,692.714,0.561754,0.0628637,0.442927,0.0934601,13.3096,12.9755,0.510885
sweep_gain,200255,0.727118,39.3127,0.965446,4.94436,1.46436,0.366454,0.27766,2.24656,95.4598,0.0374599,10.009,0.100376,0.460152,1.25214,1.10316,545.731,50,10,-1048576,-7050,0.00263617,95.9413,0.760236,-0.0161976,0.0062846,0.0176241,80.6674,0.0733791,58.0166,0.0513175,62.8688,0.553248,0.00813912,0.590701,0.277862,21.1207,23.6775,0.236614
sweep_gain,200256,1.07957,22.5555,0.352919,1.50737,0.290203,0.340288,0.159638,2.95211,171.791,0.167747,40.5174,0.0593415,0.417064,1.85524,1.00681,591.781,50,10,-1048576,-7050,0.00294167,214.951,0.708614,0.00349332,0.00136978,-0.035575,35.3184,0.0437851,48.7502,1.35722,1080.5,0.186748,0.018693,0.483023,0.0809658,14.4921,12.8971,0.150978
sweep_gain,200257,0.915124,28.8306,0.225226,4.39487,0.51001,0.199611,0.220296,2.16305,97.6503,0.166789,33.061,0.0655279,0.795874,1.6124,1.2112,418.753,50,10,-1048576,-7050,0.00428548,290.586,0.675598,0.000478445,0.00668794,-0.0237489,54.5339,0.00607132,38.7747,1.73231,158.839,0.184533,0.0232181,0.241205,0.172269,12.6719,26.4825,0.482819
sweep_gain,200258,0.917907,26.1372,0.254081,3.56874,1.14483,0.474641,0.262795,4.91966,276.282,0.106743,37.7036,0.0153029,0.851398,2.98737,0.630411,206.837,50,10,-1048576,-7050,0.00310316,32.8011,0.188306,0.00509531,0.00583797,-0.0368988,198.582,0.078731,19.0618,2.75566,478.758,0.131251,0.00936516,0.133194,0.0626748,5.25218,2.57606,0.125947
sweep_gain,200259,1.21352,37.1406,0.695238,5.4246,0.141178,0.113071,0.219751,3.67138,179.796,0.0492006,5.4278,0.139508,0.775009,1.23634,0.639509,461.511,50,10,-1048576,-7050,0.00199868,199.757,0.91244,9.94154e-06,0.00728411,0.0230386,12.3793,0.0310552,67.9994,2.91643,823.416,0.135542,0.0645907,0.126653,0.168885,24.3559,22.0433,0.449752
sweep_gain,200260,1.11877,28.7608,0.469911,5.36868,1.17684,0.105533,0.293901,4.47393,49.2801,0.19189,28.203,0.105101,0.033605,2.33945,1.35649,294.71,50,10,-1048576,-7050,0.00309661,12.3546,0.616561,-0.0153916,0.0092555,0.0186755,33.0815,0.076699,21.7014,2.46332,414.617,0.395676,0.0288301,0.0769723,0.0623069,16.2465,15.1083,0.538377
sweep_gain,200261,0.953551,31.1744,0.471009,2.84866,0.868087,0.164099,0.246827,4.03309,47.2006,0.0863888,29.5899,0.103862,0.543065,1.75963,0.530404,351.428,50,10,-1048576,-7050,0.000733485,57.4565,0.165863,-0.00117741,0.00475156,0.0175913,52.8189,0.0709576,37.6207,0.530735,378.991,0.229277,0.00955015,0.153625,0.135386,21.86,17.7761,0.13884
sweep_gain,200262,0.987682,27.6846,0.408287,1.57202,0.247003,0.472485,0.279354,4.44921,278.915,0.172393,48.2153,0.0128317,0.461857,1.26139,1.49195,389.588,50,10,-1048576,-7050,0.00123879,185.299,0.607193,0.0175602,0.00459,0.041166,194.937,0.0418591,55.6941,1.37728,1102.71,0.420934,0.0387671,0.476788,0.114021,14.0508,16.3536,0.0605913
sweep_gain,200263,0.945896,33.9782,0.197801,1.34184,1.26079,0.495201,0.071108,3.93358,30.406,0.0930534,19.2215,0.13508,0.0830058,2.75848,0.985421,400.404,50,10,-1048576,-7050,0.001861,243.7,0.58905,0.010825,0.000188334,0.00305665,88.1538,0.00516462,66.5559,0.531555,173.547,0.255799,0.099553,0.363915,0.18108,7.02074,9.27063,0.230536
sweep_gain,200264,0.992405,29.4652,0.357277,5.4476,0.988891,0.229672,0.107464,2.25029,288.755,0.163717,34.0289,0.163958,0.762227,2.51885,0.586291,290.457,50,10,-1048576,-7050,0.00222844,203.282,0.39668,0.0137176,0.00633968,-0.0322268,93.8775,0.0331834,76.1396,0.971117,408.183,0.564715,0.0501589,0.152119,0.0908393,26.5277,26.5304,0.246165
sweep_gain,200265,0.77126,37.9814,0.550394,1.39922,0.00793169,0.130919,0.152823,2.89259,150.223,0.193468,64.6354,0.0856294,0.523743,2.74258,1.214,350.51,50,10,-1048576,-7050,0.00197989,9.29427,0.704459,-0.0111038,0.00837978,-0.0130004,29.2119,0.0377881,19.4383,2.30516,240.204,0.474275,0.00944542,0.112394,0.288906,5.68735,19.9836,0.424429
sweep_gain,200266,0.709798,30.3076,0.607375,3.94211,1.07292,0.2122,0.164315,0.901114,44.6189,0.113755,15.439,0.0465966,0.216546,2.03503,0.886467,101.889,50,10,-1048576,-7050,0.00218947,273.616,0.558287,0.0138263,0.00666541,0.00881903,148.836,0.0387716,49.6692,1.94576,379.124,0.285512,0.00579656,0.287607,0.238118,3.91782,8.06616,0.0913087
sweep_gain,200267,1.05991,35.5924,0.943566,4.90037,1.11834,0.227209,0.0716757,1.19908,103.494,0.0751882,80.8184,0.110057,0.599133,2.9779,1.30049,440.567,50,10,-1048576,-7050,0.000152143,91.2124,0.0906527,-0.0175232,0.0047842,0.0349815,17.2027,0.0567382,17.3039,2.40819,83.4558,0.578846,0.02374,0.35262,0.173176,5.44302,27.2549,0.204671
sweep_gain,200268,0.899549,27.6298,0.790958,5.79484,0.85543,0.102423,0.0525989,1.2874,144.958,0.187106,51.7668,0.0776972,0.18776,1.93874,1.19597,433.802,50,10,-1048576,-7050,0.000958969,294.001,0.610131,0.0160716,0.00719258,0.035666,39.4359,0.0488153,67.1404,1.03433,59.6564,0.192172,0.0426481,0.322454,0.0392646,27.0661,20.239,0.0890679
sweep_gain,200269,0.949629,26.5513,0.885481,3.03462,1.37734,0.0360455,0.264619,0.361567,185.874,0.130041,53.9213,0.171097,0.112223,2.29763,0.955194,491.555,50,10,-1048576,-7050,0.00175182,129.45,0.944737,0.0138124,0.00738281,-0.0384789,129.072,0.0720993,57.4655,1.37925,374.985,0.103304,0.00573667,0.484791,0.226381,15.3917,2.69119,0.0565593
sweep_gain,200270,1.17394,24.0708,0.37931,3.55255,0.801929,0.0917556,0.228441,3.56891,146.414,0.0904217,77.2555,0.162571,0.823622,1.77263,1.14927,290.139,50,10,-1048576,-7050,0.00389133,162.138,0.937708,0.0157141,0.00349752,0.0439559,79.4966,0.0353375,33.9391,1.70745,487.129,0.439773,0.0421756,0.251325,0.215547,8.17092,4.88286,0.328023
sweep_gain,200271,1.25842,33.0396,0.771639,3.63466,0.995331,0.0610758,0.135415,4.55738,228.278,0.143164,75.1262,0.188305,0.603769,2.61592,1.26537,332.948,50,10,-1048576,-7050,0.00379119,137.774,0.0921055,-0.000415917,0.00353369,0.0219046,115.253,0.097125,55.1706,1.31814,1043.31,0.27435,0.098339,0.317282,0.244055,13.5729,5.1206,0.218495
sweep_gain,200272,0.822498,39.4235,0.349665,4.62076,0.144804,0.189968,0.159785,2.60035,126.456,0.134008,31.5886,0.00667793,0.453572,2.64112,0.826002,494.436,50,10,-1048576,-7050,0.00204483,263.098,0.488437,0.0184485,0.00109036,-0.0218398,47.7202,0.0412579,67.3366,1.38541,633.401,0.56922,0.0379415,0.203181,0.0385133,23.6422,9.15492,0.157106
sweep_gain,200273,1.29217,35.8697,0.480402,1.37639,0.958473,0.253393,0.219744,1.05437,47.5712,0.02581,26.2922,0.00997213,0.980015,2.20763,0.808297,584.245,50,10,-1048576,-7050,0.00454473,91.6818,0.433718,0.00673512,0.00989573,0.018785,84.7153,0.0722908,45.7907,1.9537,899.376,0.578924,0.0703371,0.0792376,0.0584801,29.8678,17.6467,0.0749857
sweep_gain,200274,0.703018,32.7344,0.528734,4.91212,0.965715,0.0760177,0.252942,0.897084,287.057,0.10015,37.5253,0.00522998,0.846012,2.23021,0.949405,379.414,50,10,-1048576,-7050,0.00381269,71.5669,0.915326,-0.0178475,0.00507078,0.00105419,198.863,0.0505632,9.01485,1.92472,281.115,0.301384,0.0199928,0.455662,0.13975,14.3019,3.66653,0.180593
sweep_gain,200275,0.925179,26.6231,0.922262,2.33741,0.320548,0.427288,0.0900104,3.0564,227.546,0.173297,9.18766,0.0110236,0.889699,1.84937,0.94539,388.651,50,10,-1048576,-7050,0.00239032,109.397,0.672897,-0.00663791,0.00674741,-0.0341236,101.421,0.00601918,15.243,0.511702,280.588,0.599709,0.0839762,0.495632,0.224149,19.4547,12.5672,0.377008
sweep_gain,200276,0.76221,37.4541,0.900858,1.80945,0.574003,0.21929,0.0363977,3.6177,80.9931,0.0271291,72.9038,0.0577986,0.950488,2.82593,1.14002,176.48,50,10,-1048576,-7050,0.00110775,38.6899,0.48335,0.00759938,0.0070083,-0.0453487,188.671,0.083772,69.6186,2.10692,343.462,0.553655,0.0730622,0.434612,0.0717245,8.36365,27.1487,0.424452
sweep_gain,200277,1.18432,27.5225,0.178616,5.00162,0.0836859,0.23743,0.285207,2.74249,258.541,0.130162,89.5135,0.0973926,0.083972,1.26955,1.39201,210.138,50,10,-1048576,-7050,0.00180944,281.684,0.162767,-0.00757354,0.00224921,-0.0199937,195.667,0.0434316,7.35426,1.3678,644.654,0.438171,0.0210955,0.281178,0.185132,13.1273,29.4678,0.240385
sweep_gain,200278,1.20367,30.1333,0.643285,4.64687,1.22685,0.113755,0.0369308,1.62699,53.6213,0.0714315,73.901,0.0656034,0.151131,1.7246,0.900558,590.899,50,10,-1048576,-7050,0.00256427,274.972,0.496589,-0.0150388,0.00403585,-0.0227624,129.597,0.0593422,66.31,1.4922,923.56,0.287663,0.081004,0.381673,0.132856,10.4004,15.7378,0.525812
sweep_gain,200279,1.0227,19.173,0.935567,5.58927,1.12443,0.265245,0.13062,4.05345,135.857,0.115324,53.3766,0.0347321,0.412186,1.47372,1.47942,438.832,50,10,-1048576,-7050,0.000186449,76.9757,0.345802,-0.012531,0.00790638,0.000749768,10.4341,0.0153805,11.4846,1.11002,712.663,0.451168,0.0586351,0.233491,0.135018,29.88,19.3115,0.0878161
sweep_gain,200280,1.21369,30.4307,0.217351,2.32895,0.324578,0.350601,0.218192,2.3969,169.944,0.154996,98.4446,0.140093,0.24449,2.97922,1.02504,294.552,50,10,-1048576,-7050,0.00377864,32.743,0.63235,-0.0194342,0.00241822,0.0216932,159.055,0.0422048,40.0688,0.739158,328.74,0.323449,0.0913631,0.340676,0.191145,11.4909,27.8318,0.277628
sweep_gain,200281,1.13504,23.6251,0.447674,5.88073,0.0788279,0.360769,0.229766,0.858228,228.864,0.0651394,32.5548,0.0569488,0.951499,1.31448,1.06976,358.129,50,10,-1048576,-7050,0.00368636,49.4401,0.862176,-0.0139282,0.00620058,0.00861173,115.967,0.0415425,64.7663,2.22028,240.492,0.306916,0.0247162,0.189307,0.198092,21.8936,11.6365,0.0727995
sweep_gain,200282,0.701455,32.3269,0.00657557,1.66442,0.401483,0.356327,0.0711932,1.76881,212.252,0.0672722,47.9015,0.115284,0.853895,2.45179,1.31348,254.945,50,10,-1048576,-7050,0.00425619,236.159,0.14675,0.00610312,0.00595305,-0.000759984,101.312,0.0220837,66.4337,1.50591,857.897,0.384513,0.0424788,0.199203,0.226558,9.90086,17.0116,0.437721
sweep_gain,200283,1.01215,32.7232,0.36034,3.62238,0.670179,0.170038,0.289504,2.94436,272.936,0.0796868,96.3603,0.00862848,0.774858,2.21812,0.856591,588.181,50,10,-1048576,-7050,0.000909004,232.464,0.839249,-0.0153699,0.00329959,-0.021077,3.06657,0.0244022,14.9312,2.78823,889.165,0.400782,0.0236731,0.448276,0.0803615,11.4042,5.03756,0.547087
sweep_gain,200284,0.852922,20.8183,0.797166,1.706,1.24677,0.415174,0.253441,0.206509,283.325,0.166383,59.6562,0.0126557,0.741952,2.24035,0.714311,167.508,50,10,-1048576,-7050,0.000343389,257.56,0.320116,-0.0115937,0.00448227,0.0247632,48.5204,0.0490338,62.8781,2.07899,827.325,0.447707,0.0848108,0.264197,0.122145,2.6327,27.664,0.5165
sweep_gain,200285,0.895275,25.0858,0.980427,3.51977,1.29293,0.109154,0.221557,0.636513,269.154,0.0429169,19.0801,0.0402314,0.538777,2.10984,0.520316,578.314,50,10,-1048576,-7050,0.00258046,231.642,0.709084,-0.0121801,0.00227299,0.0397979,79.4481,0.0640512,73.7181,0.450275,542.047,0.224431,0.075687,0.308129,0.274475,8.10714,26.8276,0.422759
sweep_gain,200286,1.02373,29.0641,0.786731,1.78587,0.127896,0.253954,0.207414,2.77887,61.5653,0.118212,52.2492,0.138916,0.645661,1.5837,1.00256,584.551,50,10,-1048576,-7050,0.00194584,276.125,0.0937468,-0.00373393,0.00540072,0.016088,31.804,0.00944911,62.9963,2.45414,577.43,0.204394,0.0740487,0.199149,0.214918,10.2842,16.9628,0.418648
sweep_gain,200287,1.22236,38.0167,0.309406,4.87116,0.829517,0.277507,0.0851315,0.714972,218.539,0.0460441,57.0417,0.181993,0.902349,1.22367,0.513133,237.679,50,10,-1048576,-7050,0.00278763,278.1,0.344259,0.00621672,0.00734317,-0.0301796,199.508,0.0630548,33.3217,0.335873,674.977,0.335157,0.0622794,0.397726,0.212869,27.7999,10.4467,0.575354
sweep_gain,200288,1.1658,27.5847,0.895263,3.1719,1.39267,0.292404,0.259662,3.81802,40.5017,0.155182,66.9913,0.029109,0.839283,2.55078,0.894772,190.992,50,10,-1048576,-7050,0.000109932,151.596,0.644383,-0.0119297,0.00353194,-0.04164,171.909,0.06789,77.5401,0.112595,749.621,0.514193,0.0784775,0.191721,0.165399,24.0183,17.1133,0.114083
sweep_gain,200289,1.07035,20.4236,0.235936,1.71894,1.47856,0.41708,0.0529418,2.94979,159.914,0.0939269,27.9542,0.108681,0.026284,1.26436,1.15589,220.139,50,10,-1048576,-7050,0.00240558,71.4522,0.593869,0.0178475,0.00673632,-0.0313176,138.0,0.090792,19.6477,2.61705,556.687,0.419638,0.0195887,0.320807,0.072685,24.6692,14.3171,0.196942
sweep_gain,200290,1.27979,22.2502,0.683037,1.75773,0.683168,0.0496872,0.111359,1.88071,108.786,0.0886637,40.7928,0.179581,0.194492,1.72805,0.6682,514.725,50,10,-1048576,-7050,0.00216114,180.554,0.758436,-0.00265398,0.00828522,-0.0488529,34.1268,0.0428395,16.5792,2.35677,617.102,0.175074,0.0878532,0.483213,0.151276,27.4449,10.8052,0.305928
sweep_gain,200291,1.28128,33.6942,0.325338,5.99686,0.48724,0.216928,0.208366,1.65092,135.776,0.090824,55.3915,0.100906,0.64067,2.25771,1.27803,597.419,50,10,-1048576,-7050,0.000631056,9.54434,0.6124,-0.00935475,0.00670248,0.0152009,93.1738,0.0336418,33.4006,2.59785,214.295,0.378496,0.0170976,0.229148,0.252975,22.5225,3.80615,0.284609
sweep_gain,200292,0.941775,27.6973,0.684668,1.17275,0.355681,0.170417,0.134681,0.168288,275.677,0.0538847,63.445,0.0683051,0.309478,2.70527,0.947947,191.479,50,10,-1048576,-7050,0.00261939,241.052,0.19979,0.0144991,0.00411777,-0.00464791,40.0066,0.0760472,23.9374,0.320147,1070.39,0.4099,0.00994861,0.536667,0.17741,6.09664,22.5451,0.114514
sweep_gain,200293,1.1328,24.1811,0.43837,3.6621,0.10358,0.180332,0.290946,3.5257,280.325,0.196941,51.2204,0.099729,0.742915,1.83446,0.830036,175.164,50,10,-1048576,-7050,0.000808617,138.408,0.754374,-0.00552299,0.0013231,0.0122383,12.7326,0.0724583,70.7835,2.68096,574.756,0.246524,0.0560384,0.468458,0.106952,3.10732,14.6293,0.566745
sweep_gain,200294,1.20942,27.3901,0.116805,5.90644,0.978917,0.049268,0.14064,4.16187,215.122,0.125757,55.1722,0.051231,0.249613,1.35976,1.01776,307.049,50,10,-1048576,-7050,0.00175973,291.352,0.759025,-0.00765554,0.00274215,0.0469882,103.773,0.0929195,72.7994,2.90688,496.518,0.136526,0.0989527,0.203675,0.237516,12.2349,15.8318,0.596455
sweep_gain,200295,0.855867,24.4157,0.0735169,2.81506,1.46514,0.473227,0.25183,0.145363,31.3394,0.0840108,89.9514,0.112623,0.10039,1.18672,0.859387,563.759,50,10,-1048576,-7050,0.00293486,115.24,0.861857,0.016834,0.00708788,-0.0118131,186.096,0.0683347,32.0456,1.13826,810.392,0.214557,0.058015,0.441737,0.173894,27.3206,15.6148,0.168788
sweep_gain,200296,0.988606,30.6263,0.540279,3.3099,0.633791,0.282978,0.14405,0.00878089,250.653,0.0666893,44.3232,0.125325,0.078243,2.61171,1.01589,366.053,50,10,-1048576,-7050,0.00341769,38.5838,0.47401,-0.0104621,0.00932467,-0.0236601,99.9117,0.0423207,10.2488,0.485112,610.374,0.133478,0.02465,0.309279,0.0778157,10.0962,29.4723,0.342966
sweep_gain,200297,1.1111,39.9151,0.657366,4.97994,0.463489,0.122239,0.0542464,0.0730947,71.9883,0.197402,91.495,0.173634,0.928684,2.54808,1.02851,197.86,50,10,-1048576,-7050,0.000450551,161.541,0.297172,0.00843697,0.00486338,0.0151679,81.5294,0.0247004,11.7107,0.752605,597.05,0.394608,0.0884973,0.0742058,0.0357912,26.652,28.3699,0.499507
sweep_gain,200298,1.1762,35.931,0.45227,2.42171,0.069017,0.0883271,0.0362994,4.51052,35.6816,0.198493,70.734,0.0878626,0.50034,1.53019,0.760085,262.354,50,10,-1048576,-7050,0.00277607,14.8745,0.118196,0.014398,0.00982248,-0.0495788,190.373,0.0249536,48.5651,1.95207,742.878,0.481456,0.00685082,0.442903,0.222802,27.6015,16.3871,0.313629
sweep_gain,200299,1.0178,31.0823,0.142261,2.57367,0.0234384,0.145138,0.0843281,3.51299,42.8651,0.12978,15.136,0.0393107,0.451898,1.76161,1.26693,164.309,50,10,-1048576,-7050,0.00430794,139.856,0.17978,0.0166522,0.00238525,-0.0305046,35.1482,0.044254,38.6446,1.09012,806.715,0.440744,0.00882043,0.245639,0.172215,25.0563,3.06853,0.453459
